"cntry","node1","node2","item1","item2","delta_R10_minus_R9","abs_delta","p_edge_raw","p_edge_holm_within_country","p_edge_holm_all_4200"
"BE","V10","V13","ipcrtiv","ipgdtim",0.0360622659675025,0.0360622659675025,0.002997002997003,0.629370629370629,1
"BE","V14","V15","iphlppl","iplylfr",-0.116086513051287,0.116086513051287,0.00599400599400599,1,1
"BE","V3","V21","impfree","ipudrst",-0.0962329428097402,0.0962329428097402,0.013986013986014,1,1
"BE","V2","V14","impenv","iphlppl",-0.101481143555929,0.101481143555929,0.034965034965035,1,1
"BE","V5","V11","imprich","ipeqopt",0.0605487066083003,0.0605487066083003,0.035964035964036,1,1
"BE","V13","V21","ipgdtim","ipudrst",0.0733229090136914,0.0733229090136914,0.04995004995005,1,1
"BE","V8","V10","ipadvnt","ipcrtiv",-0.0956439061858088,0.0956439061858088,0.050949050949051,1,1
"BE","V10","V18","ipcrtiv","ipshabt",-0.0824972590685355,0.0824972590685355,0.051948051948052,1,1
"BE","V3","V20","impfree","ipsuces",-0.0480656947336806,0.0480656947336806,0.0549450549450549,1,1
"BE","V17","V19","iprspot","ipstrgv",-0.0366885223167749,0.0366885223167749,0.0579420579420579,1,1
"BE","V8","V17","ipadvnt","iprspot",-0.0939567169859603,0.0939567169859603,0.0719280719280719,1,1
"BE","V7","V11","imptrad","ipeqopt",0.0220000029204048,0.0220000029204048,0.0739260739260739,1,1
"BE","V1","V13","impdiff","ipgdtim",-0.0711913214269025,0.0711913214269025,0.0739260739260739,1,1
"BE","V4","V8","impfun","ipadvnt",-0.0673506591740847,0.0673506591740847,0.0749250749250749,1,1
"BE","V2","V21","impenv","ipudrst",-0.074149602448833,0.074149602448833,0.0859140859140859,1,1
"BE","V1","V8","impdiff","ipadvnt",0.0586304366518984,0.0586304366518984,0.0929070929070929,1,1
"BE","V7","V16","imptrad","ipmodst",0.0430088715982691,0.0430088715982691,0.0999000999000999,1,1
"BE","V1","V21","impdiff","ipudrst",0.0545635202200536,0.0545635202200536,0.101898101898102,1,1
"BE","V14","V19","iphlppl","ipstrgv",0.0666982290756607,0.0666982290756607,0.113886113886114,1,1
"BE","V4","V13","impfun","ipgdtim",0.0613730585991994,0.0613730585991994,0.115884115884116,1,1
"BE","V17","V18","iprspot","ipshabt",0.0741796444525677,0.0741796444525677,0.116883116883117,1,1
"BE","V11","V14","ipeqopt","iphlppl",0.0686671487096478,0.0686671487096478,0.117882117882118,1,1
"BE","V5","V14","imprich","iphlppl",0.125653510007151,0.125653510007151,0.12987012987013,1,1
"BE","V13","V20","ipgdtim","ipsuces",0.0680286906200417,0.0680286906200417,0.133866133866134,1,1
"BE","V16","V17","ipmodst","iprspot",0.0445710257699703,0.0445710257699703,0.145854145854146,1,1
"BE","V3","V7","impfree","imptrad",0.0506778355155013,0.0506778355155013,0.150849150849151,1,1
"BE","V14","V21","iphlppl","ipudrst",0.061964968390659,0.061964968390659,0.154845154845155,1,1
"BE","V8","V9","ipadvnt","ipbhprp",0.0682651545624923,0.0682651545624923,0.158841158841159,1,1
"BE","V7","V8","imptrad","ipadvnt",0.0414267984325283,0.0414267984325283,0.167832167832168,1,1
"BE","V12","V16","ipfrule","ipmodst",-0.0164299038515645,0.0164299038515645,0.16983016983017,1,1
"BE","V5","V18","imprich","ipshabt",0.0487235097830291,0.0487235097830291,0.182817182817183,1,1
"BE","V9","V16","ipbhprp","ipmodst",-0.0534284770490988,0.0534284770490988,0.216783216783217,1,1
"BE","V12","V19","ipfrule","ipstrgv",-0.0490870532987722,0.0490870532987722,0.217782217782218,1,1
"BE","V11","V17","ipeqopt","iprspot",0.0384709912581273,0.0384709912581273,0.21978021978022,1,1
"BE","V1","V4","impdiff","impfun",0.0502466893619816,0.0502466893619816,0.236763236763237,1,1
"BE","V7","V14","imptrad","iphlppl",-0.024293888412567,0.024293888412567,0.241758241758242,1,1
"BE","V12","V17","ipfrule","iprspot",0.0447665553105388,0.0447665553105388,0.246753246753247,1,1
"BE","V6","V12","impsafe","ipfrule",-0.0463165993222006,0.0463165993222006,0.251748251748252,1,1
"BE","V4","V20","impfun","ipsuces",0.0447363748312986,0.0447363748312986,0.280719280719281,1,1
"BE","V7","V9","imptrad","ipbhprp",-0.0461409040792006,0.0461409040792006,0.290709290709291,1,1
"BE","V4","V15","impfun","iplylfr",0.040403543387304,0.040403543387304,0.290709290709291,1,1
"BE","V6","V14","impsafe","iphlppl",-0.0270692004053464,0.0270692004053464,0.311688311688312,1,1
"BE","V5","V17","imprich","iprspot",-0.0384695862614029,0.0384695862614029,0.317682317682318,1,1
"BE","V9","V19","ipbhprp","ipstrgv",0.0416411073176693,0.0416411073176693,0.324675324675325,1,1
"BE","V3","V11","impfree","ipeqopt",-0.0520523837208279,0.0520523837208279,0.326673326673327,1,1
"BE","V17","V20","iprspot","ipsuces",-0.0413014866503042,0.0413014866503042,0.327672327672328,1,1
"BE","V15","V21","iplylfr","ipudrst",0.0397282020500878,0.0397282020500878,0.328671328671329,1,1
"BE","V1","V14","impdiff","iphlppl",-0.0363999090862627,0.0363999090862627,0.333666333666334,1,1
"BE","V7","V19","imptrad","ipstrgv",-0.0417152051108921,0.0417152051108921,0.335664335664336,1,1
"BE","V5","V12","imprich","ipfrule",-0.0475198437541495,0.0475198437541495,0.355644355644356,1,1
"BE","V1","V10","impdiff","ipcrtiv",-0.0362019630494631,0.0362019630494631,0.364635364635365,1,1
"BE","V1","V3","impdiff","impfree",0.0387373061177977,0.0387373061177977,0.366633366633367,1,1
"BE","V9","V12","ipbhprp","ipfrule",-0.0389286502576824,0.0389286502576824,0.377622377622378,1,1
"BE","V10","V11","ipcrtiv","ipeqopt",-0.053794477975396,0.053794477975396,0.404595404595405,1,1
"BE","V16","V19","ipmodst","ipstrgv",-0.0401591902314607,0.0401591902314607,0.426573426573427,1,1
"BE","V11","V15","ipeqopt","iplylfr",-0.0358766434396713,0.0358766434396713,0.42957042957043,1,1
"BE","V8","V20","ipadvnt","ipsuces",-0.0307448512048662,0.0307448512048662,0.430569430569431,1,1
"BE","V3","V12","impfree","ipfrule",0.0474240484435846,0.0474240484435846,0.443556443556444,1,1
"BE","V10","V21","ipcrtiv","ipudrst",-0.0303796847887107,0.0303796847887107,0.448551448551449,1,1
"BE","V5","V10","imprich","ipcrtiv",-0.0520128410833139,0.0520128410833139,0.45954045954046,1,1
"BE","V14","V20","iphlppl","ipsuces",0.0447742675359802,0.0447742675359802,0.495504495504495,1,1
"BE","V6","V18","impsafe","ipshabt",0.0457379318448173,0.0457379318448173,0.4995004995005,1,1
"BE","V7","V15","imptrad","iplylfr",0.0421822973203042,0.0421822973203042,0.503496503496504,1,1
"BE","V5","V8","imprich","ipadvnt",0.0231338761808728,0.0231338761808728,0.546453546453546,1,1
"BE","V1","V20","impdiff","ipsuces",-0.0314825217029531,0.0314825217029531,0.557442557442557,1,1
"BE","V2","V15","impenv","iplylfr",0.0277092460254192,0.0277092460254192,0.568431568431568,1,1
"BE","V4","V7","impfun","imptrad",-0.0252315726732767,0.0252315726732767,0.598401598401598,1,1
"BE","V11","V16","ipeqopt","ipmodst",-0.0347076170503782,0.0347076170503782,0.611388611388611,1,1
"BE","V2","V11","impenv","ipeqopt",0.0226671237682496,0.0226671237682496,0.615384615384615,1,1
"BE","V18","V20","ipshabt","ipsuces",0.0182213156478472,0.0182213156478472,0.615384615384615,1,1
"BE","V3","V14","impfree","iphlppl",0.0315185657480154,0.0315185657480154,0.641358641358641,1,1
"BE","V9","V17","ipbhprp","iprspot",0.0189557048516547,0.0189557048516547,0.651348651348651,1,1
"BE","V4","V18","impfun","ipshabt",-0.0159365855878869,0.0159365855878869,0.671328671328671,1,1
"BE","V5","V16","imprich","ipmodst",0.0316340057337228,0.0316340057337228,0.684315684315684,1,1
"BE","V5","V20","imprich","ipsuces",-0.0161366296536434,0.0161366296536434,0.702297702297702,1,1
"BE","V19","V21","ipstrgv","ipudrst",-0.0288601584492571,0.0288601584492571,0.722277722277722,1,1
"BE","V6","V8","impsafe","ipadvnt",0.0128558116459382,0.0128558116459382,0.757242757242757,1,1
"BE","V16","V21","ipmodst","ipudrst",0.0109795731711389,0.0109795731711389,0.794205794205794,1,1
"BE","V7","V12","imptrad","ipfrule",0.00871234073164236,0.00871234073164236,0.823176823176823,1,1
"BE","V11","V21","ipeqopt","ipudrst",-0.00926656248430688,0.00926656248430688,0.83016983016983,1,1
"BE","V7","V17","imptrad","iprspot",0.0164028164388622,0.0164028164388622,0.832167832167832,1,1
"BE","V3","V13","impfree","ipgdtim",-0.00783453983376892,0.00783453983376892,0.845154845154845,1,1
"BE","V3","V10","impfree","ipcrtiv",0.00756848713779451,0.00756848713779451,0.858141858141858,1,1
"BE","V6","V17","impsafe","iprspot",0.00712808178249028,0.00712808178249028,0.862137862137862,1,1
"BE","V6","V7","impsafe","imptrad",-0.00752490110241782,0.00752490110241782,0.863136863136863,1,1
"BE","V6","V9","impsafe","ipbhprp",0.00781475839189716,0.00781475839189716,0.867132867132867,1,1
"BE","V19","V20","ipstrgv","ipsuces",-0.00608001659089974,0.00608001659089974,0.874125874125874,1,1
"BE","V8","V18","ipadvnt","ipshabt",0.00655332390894212,0.00655332390894212,0.882117882117882,1,1
"BE","V3","V15","impfree","iplylfr",0.00451104548530461,0.00451104548530461,0.922077922077922,1,1
"BE","V6","V16","impsafe","ipmodst",-0.0035888595350278,0.0035888595350278,0.929070929070929,1,1
"BE","V4","V14","impfun","iphlppl",0.00067560713801329,0.00067560713801329,0.934065934065934,1,1
"BE","V14","V16","iphlppl","ipmodst",0.00349899811254667,0.00349899811254667,0.959040959040959,1,1
"BE","V6","V19","impsafe","ipstrgv",0.000974722667896555,0.000974722667896555,0.984015984015984,1,1
"BE","V1","V2","impdiff","impenv",0,0,1,1,1
"BE","V2","V3","impenv","impfree",0,0,1,1,1
"BE","V2","V4","impenv","impfun",0,0,1,1,1
"BE","V3","V4","impfree","impfun",0,0,1,1,1
"BE","V1","V5","impdiff","imprich",0,0,1,1,1
"BE","V2","V5","impenv","imprich",0,0,1,1,1
"BE","V3","V5","impfree","imprich",0,0,1,1,1
"BE","V4","V5","impfun","imprich",0,0,1,1,1
"BE","V1","V6","impdiff","impsafe",0,0,1,1,1
"BE","V2","V6","impenv","impsafe",0,0,1,1,1
"BE","V3","V6","impfree","impsafe",0,0,1,1,1
"BE","V4","V6","impfun","impsafe",0,0,1,1,1
"BE","V5","V6","imprich","impsafe",0,0,1,1,1
"BE","V1","V7","impdiff","imptrad",0,0,1,1,1
"BE","V2","V7","impenv","imptrad",0,0,1,1,1
"BE","V5","V7","imprich","imptrad",0,0,1,1,1
"BE","V2","V8","impenv","ipadvnt",0,0,1,1,1
"BE","V3","V8","impfree","ipadvnt",0,0,1,1,1
"BE","V1","V9","impdiff","ipbhprp",0,0,1,1,1
"BE","V2","V9","impenv","ipbhprp",0,0,1,1,1
"BE","V3","V9","impfree","ipbhprp",0,0,1,1,1
"BE","V4","V9","impfun","ipbhprp",0,0,1,1,1
"BE","V5","V9","imprich","ipbhprp",0,0,1,1,1
"BE","V2","V10","impenv","ipcrtiv",0,0,1,1,1
"BE","V4","V10","impfun","ipcrtiv",0,0,1,1,1
"BE","V6","V10","impsafe","ipcrtiv",0,0,1,1,1
"BE","V7","V10","imptrad","ipcrtiv",0,0,1,1,1
"BE","V9","V10","ipbhprp","ipcrtiv",0,0,1,1,1
"BE","V1","V11","impdiff","ipeqopt",0,0,1,1,1
"BE","V4","V11","impfun","ipeqopt",0,0,1,1,1
"BE","V6","V11","impsafe","ipeqopt",0,0,1,1,1
"BE","V8","V11","ipadvnt","ipeqopt",0,0,1,1,1
"BE","V9","V11","ipbhprp","ipeqopt",0,0,1,1,1
"BE","V1","V12","impdiff","ipfrule",0,0,1,1,1
"BE","V2","V12","impenv","ipfrule",0,0,1,1,1
"BE","V4","V12","impfun","ipfrule",0,0,1,1,1
"BE","V8","V12","ipadvnt","ipfrule",0,0,1,1,1
"BE","V10","V12","ipcrtiv","ipfrule",0,0,1,1,1
"BE","V11","V12","ipeqopt","ipfrule",0,0,1,1,1
"BE","V2","V13","impenv","ipgdtim",0,0,1,1,1
"BE","V5","V13","imprich","ipgdtim",0,0,1,1,1
"BE","V6","V13","impsafe","ipgdtim",0,0,1,1,1
"BE","V7","V13","imptrad","ipgdtim",0,0,1,1,1
"BE","V8","V13","ipadvnt","ipgdtim",0,0,1,1,1
"BE","V9","V13","ipbhprp","ipgdtim",0,0,1,1,1
"BE","V11","V13","ipeqopt","ipgdtim",0,0,1,1,1
"BE","V12","V13","ipfrule","ipgdtim",0,0,1,1,1
"BE","V8","V14","ipadvnt","iphlppl",0,0,1,1,1
"BE","V9","V14","ipbhprp","iphlppl",0,0,1,1,1
"BE","V10","V14","ipcrtiv","iphlppl",0,0,1,1,1
"BE","V12","V14","ipfrule","iphlppl",0,0,1,1,1
"BE","V13","V14","ipgdtim","iphlppl",0,0,1,1,1
"BE","V1","V15","impdiff","iplylfr",0,0,1,1,1
"BE","V5","V15","imprich","iplylfr",0,0,1,1,1
"BE","V6","V15","impsafe","iplylfr",0,0,1,1,1
"BE","V8","V15","ipadvnt","iplylfr",0,0,1,1,1
"BE","V9","V15","ipbhprp","iplylfr",0,0,1,1,1
"BE","V10","V15","ipcrtiv","iplylfr",0,0,1,1,1
"BE","V12","V15","ipfrule","iplylfr",0,0,1,1,1
"BE","V13","V15","ipgdtim","iplylfr",0,0,1,1,1
"BE","V1","V16","impdiff","ipmodst",0,0,1,1,1
"BE","V2","V16","impenv","ipmodst",0,0,1,1,1
"BE","V3","V16","impfree","ipmodst",0,0,1,1,1
"BE","V4","V16","impfun","ipmodst",0,0,1,1,1
"BE","V8","V16","ipadvnt","ipmodst",0,0,1,1,1
"BE","V10","V16","ipcrtiv","ipmodst",0,0,1,1,1
"BE","V13","V16","ipgdtim","ipmodst",0,0,1,1,1
"BE","V15","V16","iplylfr","ipmodst",0,0,1,1,1
"BE","V1","V17","impdiff","iprspot",0,0,1,1,1
"BE","V2","V17","impenv","iprspot",0,0,1,1,1
"BE","V3","V17","impfree","iprspot",0,0,1,1,1
"BE","V4","V17","impfun","iprspot",0,0,1,1,1
"BE","V10","V17","ipcrtiv","iprspot",0,0,1,1,1
"BE","V13","V17","ipgdtim","iprspot",0,0,1,1,1
"BE","V14","V17","iphlppl","iprspot",0,0,1,1,1
"BE","V15","V17","iplylfr","iprspot",0,0,1,1,1
"BE","V1","V18","impdiff","ipshabt",0,0,1,1,1
"BE","V2","V18","impenv","ipshabt",0,0,1,1,1
"BE","V3","V18","impfree","ipshabt",0,0,1,1,1
"BE","V7","V18","imptrad","ipshabt",0,0,1,1,1
"BE","V9","V18","ipbhprp","ipshabt",0,0,1,1,1
"BE","V11","V18","ipeqopt","ipshabt",0,0,1,1,1
"BE","V12","V18","ipfrule","ipshabt",0,0,1,1,1
"BE","V13","V18","ipgdtim","ipshabt",0,0,1,1,1
"BE","V14","V18","iphlppl","ipshabt",0,0,1,1,1
"BE","V15","V18","iplylfr","ipshabt",0,0,1,1,1
"BE","V16","V18","ipmodst","ipshabt",0,0,1,1,1
"BE","V1","V19","impdiff","ipstrgv",0,0,1,1,1
"BE","V2","V19","impenv","ipstrgv",0,0,1,1,1
"BE","V3","V19","impfree","ipstrgv",0,0,1,1,1
"BE","V4","V19","impfun","ipstrgv",0,0,1,1,1
"BE","V5","V19","imprich","ipstrgv",0,0,1,1,1
"BE","V8","V19","ipadvnt","ipstrgv",0,0,1,1,1
"BE","V10","V19","ipcrtiv","ipstrgv",0,0,1,1,1
"BE","V11","V19","ipeqopt","ipstrgv",0,0,1,1,1
"BE","V13","V19","ipgdtim","ipstrgv",0,0,1,1,1
"BE","V15","V19","iplylfr","ipstrgv",0,0,1,1,1
"BE","V18","V19","ipshabt","ipstrgv",0,0,1,1,1
"BE","V2","V20","impenv","ipsuces",0,0,1,1,1
"BE","V6","V20","impsafe","ipsuces",0,0,1,1,1
"BE","V7","V20","imptrad","ipsuces",0,0,1,1,1
"BE","V9","V20","ipbhprp","ipsuces",0,0,1,1,1
"BE","V10","V20","ipcrtiv","ipsuces",0,0,1,1,1
"BE","V11","V20","ipeqopt","ipsuces",0,0,1,1,1
"BE","V12","V20","ipfrule","ipsuces",0,0,1,1,1
"BE","V15","V20","iplylfr","ipsuces",0,0,1,1,1
"BE","V16","V20","ipmodst","ipsuces",0,0,1,1,1
"BE","V4","V21","impfun","ipudrst",0,0,1,1,1
"BE","V5","V21","imprich","ipudrst",0,0,1,1,1
"BE","V6","V21","impsafe","ipudrst",0,0,1,1,1
"BE","V7","V21","imptrad","ipudrst",0,0,1,1,1
"BE","V8","V21","ipadvnt","ipudrst",0,0,1,1,1
"BE","V9","V21","ipbhprp","ipudrst",0,0,1,1,1
"BE","V12","V21","ipfrule","ipudrst",0,0,1,1,1
"BE","V17","V21","iprspot","ipudrst",0,0,1,1,1
"BE","V18","V21","ipshabt","ipudrst",0,0,1,1,1
"BE","V20","V21","ipsuces","ipudrst",0,0,1,1,1
"BG","V4","V13","impfun","ipgdtim",0.151221144769199,0.151221144769199,0.000999000999000999,0.20979020979021,1
"BG","V12","V13","ipfrule","ipgdtim",-0.0762632304887779,0.0762632304887779,0.000999000999000999,0.20979020979021,1
"BG","V2","V15","impenv","iplylfr",-0.155507123350282,0.155507123350282,0.000999000999000999,0.20979020979021,1
"BG","V3","V15","impfree","iplylfr",0.112880837352471,0.112880837352471,0.000999000999000999,0.20979020979021,1
"BG","V11","V18","ipeqopt","ipshabt",-0.139503031892858,0.139503031892858,0.000999000999000999,0.20979020979021,1
"BG","V12","V21","ipfrule","ipudrst",-0.172990858642528,0.172990858642528,0.000999000999000999,0.20979020979021,1
"BG","V14","V21","iphlppl","ipudrst",0.144027888358145,0.144027888358145,0.000999000999000999,0.20979020979021,1
"BG","V3","V12","impfree","ipfrule",-0.0402717651718115,0.0402717651718115,0.002997002997003,0.608391608391608,1
"BG","V11","V21","ipeqopt","ipudrst",0.123770292286134,0.123770292286134,0.002997002997003,0.608391608391608,1
"BG","V2","V9","impenv","ipbhprp",0.11331852051591,0.11331852051591,0.003996003996004,0.803196803196803,1
"BG","V1","V12","impdiff","ipfrule",-0.0510907992075169,0.0510907992075169,0.003996003996004,0.803196803196803,1
"BG","V12","V17","ipfrule","iprspot",0.0508742161651825,0.0508742161651825,0.003996003996004,0.803196803196803,1
"BG","V16","V21","ipmodst","ipudrst",-0.121665899908948,0.121665899908948,0.003996003996004,0.803196803196803,1
"BG","V6","V11","impsafe","ipeqopt",0.0959674939180508,0.0959674939180508,0.00699300699300699,1,1
"BG","V8","V17","ipadvnt","iprspot",-0.0669334843013566,0.0669334843013566,0.00799200799200799,1,1
"BG","V2","V11","impenv","ipeqopt",0.0182865322497802,0.0182865322497802,0.00899100899100899,1,1
"BG","V2","V10","impenv","ipcrtiv",0.0913224903040305,0.0913224903040305,0.00999000999000999,1,1
"BG","V5","V17","imprich","iprspot",0.132190924267999,0.132190924267999,0.00999000999000999,1,1
"BG","V6","V7","impsafe","imptrad",-0.0791914047982207,0.0791914047982207,0.010989010989011,1,1
"BG","V11","V15","ipeqopt","iplylfr",0.0951875853080761,0.0951875853080761,0.011988011988012,1,1
"BG","V4","V5","impfun","imprich",0.0990621545594136,0.0990621545594136,0.012987012987013,1,1
"BG","V5","V16","imprich","ipmodst",-0.0584365899469271,0.0584365899469271,0.017982017982018,1,1
"BG","V12","V16","ipfrule","ipmodst",0.0925586174558448,0.0925586174558448,0.021978021978022,1,1
"BG","V14","V15","iphlppl","iplylfr",0.0981872152332489,0.0981872152332489,0.022977022977023,1,1
"BG","V9","V17","ipbhprp","iprspot",-0.0819016055055071,0.0819016055055071,0.024975024975025,1,1
"BG","V13","V18","ipgdtim","ipshabt",-0.0307568318413271,0.0307568318413271,0.026973026973027,1,1
"BG","V2","V5","impenv","imprich",-0.0901196655469259,0.0901196655469259,0.038961038961039,1,1
"BG","V2","V7","impenv","imptrad",-0.0818798141846221,0.0818798141846221,0.04995004995005,1,1
"BG","V9","V12","ipbhprp","ipfrule",0.0694517583631483,0.0694517583631483,0.04995004995005,1,1
"BG","V9","V15","ipbhprp","iplylfr",-0.0719493187107389,0.0719493187107389,0.04995004995005,1,1
"BG","V6","V16","impsafe","ipmodst",-0.0672541974489756,0.0672541974489756,0.0579420579420579,1,1
"BG","V1","V4","impdiff","impfun",-0.0712309289155981,0.0712309289155981,0.0609390609390609,1,1
"BG","V3","V14","impfree","iphlppl",-0.0694813747489448,0.0694813747489448,0.0619380619380619,1,1
"BG","V1","V2","impdiff","impenv",-0.0400507779409092,0.0400507779409092,0.0649350649350649,1,1
"BG","V3","V8","impfree","ipadvnt",-0.0675729557951035,0.0675729557951035,0.0649350649350649,1,1
"BG","V5","V15","imprich","iplylfr",-0.0408042512725847,0.0408042512725847,0.0729270729270729,1,1
"BG","V7","V12","imptrad","ipfrule",0.0176659796106272,0.0176659796106272,0.0779220779220779,1,1
"BG","V15","V21","iplylfr","ipudrst",0.0678256072959692,0.0678256072959692,0.0819180819180819,1,1
"BG","V7","V9","imptrad","ipbhprp",0.066011044905839,0.066011044905839,0.0829170829170829,1,1
"BG","V3","V13","impfree","ipgdtim",-0.0600863469364068,0.0600863469364068,0.0839160839160839,1,1
"BG","V8","V10","ipadvnt","ipcrtiv",0.0606221767433238,0.0606221767433238,0.0919080919080919,1,1
"BG","V19","V20","ipstrgv","ipsuces",0.0567633993500382,0.0567633993500382,0.0939060939060939,1,1
"BG","V5","V21","imprich","ipudrst",-0.0769317567969412,0.0769317567969412,0.0969030969030969,1,1
"BG","V7","V15","imptrad","iplylfr",-0.0604872678809408,0.0604872678809408,0.131868131868132,1,1
"BG","V6","V18","impsafe","ipshabt",-0.0690135981983898,0.0690135981983898,0.131868131868132,1,1
"BG","V7","V16","imptrad","ipmodst",0.0655064895013548,0.0655064895013548,0.13986013986014,1,1
"BG","V14","V20","iphlppl","ipsuces",-0.0592823816939558,0.0592823816939558,0.143856143856144,1,1
"BG","V14","V19","iphlppl","ipstrgv",-0.0549972792265025,0.0549972792265025,0.162837162837163,1,1
"BG","V11","V19","ipeqopt","ipstrgv",-0.0550709824667742,0.0550709824667742,0.163836163836164,1,1
"BG","V8","V16","ipadvnt","ipmodst",-0.0451633876776708,0.0451633876776708,0.166833166833167,1,1
"BG","V3","V18","impfree","ipshabt",0.0539969550014155,0.0539969550014155,0.188811188811189,1,1
"BG","V17","V20","iprspot","ipsuces",0.048285243058576,0.048285243058576,0.190809190809191,1,1
"BG","V5","V13","imprich","ipgdtim",-0.0455290857592388,0.0455290857592388,0.225774225774226,1,1
"BG","V1","V18","impdiff","ipshabt",0.0453193838776388,0.0453193838776388,0.244755244755245,1,1
"BG","V15","V19","iplylfr","ipstrgv",-0.0475945400349004,0.0475945400349004,0.244755244755245,1,1
"BG","V15","V20","iplylfr","ipsuces",0.0497306169438518,0.0497306169438518,0.267732267732268,1,1
"BG","V5","V20","imprich","ipsuces",0.0478276924797957,0.0478276924797957,0.281718281718282,1,1
"BG","V11","V20","ipeqopt","ipsuces",-0.0615690422169994,0.0615690422169994,0.288711288711289,1,1
"BG","V1","V5","impdiff","imprich",-0.0283136896979096,0.0283136896979096,0.28971028971029,1,1
"BG","V3","V11","impfree","ipeqopt",0.0528678527031646,0.0528678527031646,0.293706293706294,1,1
"BG","V7","V19","imptrad","ipstrgv",-0.0276161958069256,0.0276161958069256,0.294705294705295,1,1
"BG","V4","V20","impfun","ipsuces",0.055147418866501,0.055147418866501,0.306693306693307,1,1
"BG","V6","V8","impsafe","ipadvnt",-0.0438341218089609,0.0438341218089609,0.314685314685315,1,1
"BG","V10","V11","ipcrtiv","ipeqopt",0.0471142970605681,0.0471142970605681,0.31968031968032,1,1
"BG","V1","V13","impdiff","ipgdtim",-0.0383648973629134,0.0383648973629134,0.323676323676324,1,1
"BG","V9","V21","ipbhprp","ipudrst",0.0346544130603438,0.0346544130603438,0.328671328671329,1,1
"BG","V1","V21","impdiff","ipudrst",0.0320503411196329,0.0320503411196329,0.340659340659341,1,1
"BG","V7","V14","imptrad","iphlppl",0.0497282562684828,0.0497282562684828,0.346653346653347,1,1
"BG","V13","V20","ipgdtim","ipsuces",0.0380476433679238,0.0380476433679238,0.370629370629371,1,1
"BG","V3","V20","impfree","ipsuces",-0.0339622649137892,0.0339622649137892,0.375624375624376,1,1
"BG","V8","V13","ipadvnt","ipgdtim",-0.0315118969993781,0.0315118969993781,0.396603396603397,1,1
"BG","V1","V20","impdiff","ipsuces",0.0366725059508673,0.0366725059508673,0.413586413586414,1,1
"BG","V12","V19","ipfrule","ipstrgv",-0.0336952378860793,0.0336952378860793,0.431568431568432,1,1
"BG","V5","V10","imprich","ipcrtiv",-0.0282648097823716,0.0282648097823716,0.470529470529471,1,1
"BG","V18","V20","ipshabt","ipsuces",0.0283480452963677,0.0283480452963677,0.472527472527473,1,1
"BG","V10","V21","ipcrtiv","ipudrst",0.0370598931401704,0.0370598931401704,0.478521478521479,1,1
"BG","V1","V8","impdiff","ipadvnt",-0.027846684506687,0.027846684506687,0.493506493506494,1,1
"BG","V6","V19","impsafe","ipstrgv",0.0277400657996436,0.0277400657996436,0.4995004995005,1,1
"BG","V1","V14","impdiff","iphlppl",0.0324603203940861,0.0324603203940861,0.507492507492508,1,1
"BG","V2","V14","impenv","iphlppl",-0.0247462272022713,0.0247462272022713,0.524475524475524,1,1
"BG","V6","V9","impsafe","ipbhprp",0.0238308262625671,0.0238308262625671,0.53946053946054,1,1
"BG","V4","V10","impfun","ipcrtiv",0.0337128143422317,0.0337128143422317,0.593406593406593,1,1
"BG","V2","V20","impenv","ipsuces",-0.0164170852705209,0.0164170852705209,0.647352647352647,1,1
"BG","V9","V16","ipbhprp","ipmodst",0.016166122551189,0.016166122551189,0.667332667332667,1,1
"BG","V3","V10","impfree","ipcrtiv",0.0128923927087403,0.0128923927087403,0.691308691308691,1,1
"BG","V15","V18","iplylfr","ipshabt",0.0120816918389866,0.0120816918389866,0.736263736263736,1,1
"BG","V5","V8","imprich","ipadvnt",0.0124086604879197,0.0124086604879197,0.756243756243756,1,1
"BG","V2","V21","impenv","ipudrst",0.0109951399636607,0.0109951399636607,0.756243756243756,1,1
"BG","V2","V19","impenv","ipstrgv",-0.0115329070203431,0.0115329070203431,0.763236763236763,1,1
"BG","V10","V20","ipcrtiv","ipsuces",-0.0108960395880467,0.0108960395880467,0.775224775224775,1,1
"BG","V6","V12","impsafe","ipfrule",0.0102520419070475,0.0102520419070475,0.784215784215784,1,1
"BG","V10","V18","ipcrtiv","ipshabt",-0.00935947305336671,0.00935947305336671,0.784215784215784,1,1
"BG","V3","V17","impfree","iprspot",0.00902947160639835,0.00902947160639835,0.808191808191808,1,1
"BG","V6","V21","impsafe","ipudrst",0.00899881474745684,0.00899881474745684,0.819180819180819,1,1
"BG","V8","V20","ipadvnt","ipsuces",0.00682597930618686,0.00682597930618686,0.843156843156843,1,1
"BG","V9","V14","ipbhprp","iphlppl",0.00443954357361728,0.00443954357361728,0.877122877122877,1,1
"BG","V9","V19","ipbhprp","ipstrgv",0.00290457680193672,0.00290457680193672,0.938061938061938,1,1
"BG","V11","V14","ipeqopt","iphlppl",0.00251153104141595,0.00251153104141595,0.939060939060939,1,1
"BG","V15","V17","iplylfr","iprspot",-0.00230114807530861,0.00230114807530861,0.941058941058941,1,1
"BG","V4","V8","impfun","ipadvnt",-0.00154144934728637,0.00154144934728637,0.97002997002997,1,1
"BG","V1","V10","impdiff","ipcrtiv",-0.000408316705707901,0.000408316705707901,0.992007992007992,1,1
"BG","V1","V3","impdiff","impfree",0,0,1,1,1
"BG","V2","V3","impenv","impfree",0,0,1,1,1
"BG","V2","V4","impenv","impfun",0,0,1,1,1
"BG","V3","V4","impfree","impfun",0,0,1,1,1
"BG","V3","V5","impfree","imprich",0,0,1,1,1
"BG","V1","V6","impdiff","impsafe",0,0,1,1,1
"BG","V2","V6","impenv","impsafe",0,0,1,1,1
"BG","V3","V6","impfree","impsafe",0,0,1,1,1
"BG","V4","V6","impfun","impsafe",0,0,1,1,1
"BG","V5","V6","imprich","impsafe",0,0,1,1,1
"BG","V1","V7","impdiff","imptrad",0,0,1,1,1
"BG","V3","V7","impfree","imptrad",0,0,1,1,1
"BG","V4","V7","impfun","imptrad",0,0,1,1,1
"BG","V5","V7","imprich","imptrad",0,0,1,1,1
"BG","V2","V8","impenv","ipadvnt",0,0,1,1,1
"BG","V7","V8","imptrad","ipadvnt",0,0,1,1,1
"BG","V1","V9","impdiff","ipbhprp",0,0,1,1,1
"BG","V3","V9","impfree","ipbhprp",0,0,1,1,1
"BG","V4","V9","impfun","ipbhprp",0,0,1,1,1
"BG","V5","V9","imprich","ipbhprp",0,0,1,1,1
"BG","V8","V9","ipadvnt","ipbhprp",0,0,1,1,1
"BG","V6","V10","impsafe","ipcrtiv",0,0,1,1,1
"BG","V7","V10","imptrad","ipcrtiv",0,0,1,1,1
"BG","V9","V10","ipbhprp","ipcrtiv",0,0,1,1,1
"BG","V1","V11","impdiff","ipeqopt",0,0,1,1,1
"BG","V4","V11","impfun","ipeqopt",0,0,1,1,1
"BG","V5","V11","imprich","ipeqopt",0,0,1,1,1
"BG","V7","V11","imptrad","ipeqopt",0,0,1,1,1
"BG","V8","V11","ipadvnt","ipeqopt",0,0,1,1,1
"BG","V9","V11","ipbhprp","ipeqopt",0,0,1,1,1
"BG","V2","V12","impenv","ipfrule",0,0,1,1,1
"BG","V4","V12","impfun","ipfrule",0,0,1,1,1
"BG","V5","V12","imprich","ipfrule",0,0,1,1,1
"BG","V8","V12","ipadvnt","ipfrule",0,0,1,1,1
"BG","V10","V12","ipcrtiv","ipfrule",0,0,1,1,1
"BG","V11","V12","ipeqopt","ipfrule",0,0,1,1,1
"BG","V2","V13","impenv","ipgdtim",0,0,1,1,1
"BG","V6","V13","impsafe","ipgdtim",0,0,1,1,1
"BG","V7","V13","imptrad","ipgdtim",0,0,1,1,1
"BG","V9","V13","ipbhprp","ipgdtim",0,0,1,1,1
"BG","V10","V13","ipcrtiv","ipgdtim",0,0,1,1,1
"BG","V11","V13","ipeqopt","ipgdtim",0,0,1,1,1
"BG","V4","V14","impfun","iphlppl",0,0,1,1,1
"BG","V5","V14","imprich","iphlppl",0,0,1,1,1
"BG","V6","V14","impsafe","iphlppl",0,0,1,1,1
"BG","V8","V14","ipadvnt","iphlppl",0,0,1,1,1
"BG","V10","V14","ipcrtiv","iphlppl",0,0,1,1,1
"BG","V12","V14","ipfrule","iphlppl",0,0,1,1,1
"BG","V13","V14","ipgdtim","iphlppl",0,0,1,1,1
"BG","V1","V15","impdiff","iplylfr",0,0,1,1,1
"BG","V4","V15","impfun","iplylfr",0,0,1,1,1
"BG","V6","V15","impsafe","iplylfr",0,0,1,1,1
"BG","V8","V15","ipadvnt","iplylfr",0,0,1,1,1
"BG","V10","V15","ipcrtiv","iplylfr",0,0,1,1,1
"BG","V12","V15","ipfrule","iplylfr",0,0,1,1,1
"BG","V13","V15","ipgdtim","iplylfr",0,0,1,1,1
"BG","V1","V16","impdiff","ipmodst",0,0,1,1,1
"BG","V2","V16","impenv","ipmodst",0,0,1,1,1
"BG","V3","V16","impfree","ipmodst",0,0,1,1,1
"BG","V4","V16","impfun","ipmodst",0,0,1,1,1
"BG","V10","V16","ipcrtiv","ipmodst",0,0,1,1,1
"BG","V11","V16","ipeqopt","ipmodst",0,0,1,1,1
"BG","V13","V16","ipgdtim","ipmodst",0,0,1,1,1
"BG","V14","V16","iphlppl","ipmodst",0,0,1,1,1
"BG","V15","V16","iplylfr","ipmodst",0,0,1,1,1
"BG","V1","V17","impdiff","iprspot",0,0,1,1,1
"BG","V2","V17","impenv","iprspot",0,0,1,1,1
"BG","V4","V17","impfun","iprspot",0,0,1,1,1
"BG","V6","V17","impsafe","iprspot",0,0,1,1,1
"BG","V7","V17","imptrad","iprspot",0,0,1,1,1
"BG","V10","V17","ipcrtiv","iprspot",0,0,1,1,1
"BG","V11","V17","ipeqopt","iprspot",0,0,1,1,1
"BG","V13","V17","ipgdtim","iprspot",0,0,1,1,1
"BG","V14","V17","iphlppl","iprspot",0,0,1,1,1
"BG","V16","V17","ipmodst","iprspot",0,0,1,1,1
"BG","V2","V18","impenv","ipshabt",0,0,1,1,1
"BG","V4","V18","impfun","ipshabt",0,0,1,1,1
"BG","V5","V18","imprich","ipshabt",0,0,1,1,1
"BG","V7","V18","imptrad","ipshabt",0,0,1,1,1
"BG","V8","V18","ipadvnt","ipshabt",0,0,1,1,1
"BG","V9","V18","ipbhprp","ipshabt",0,0,1,1,1
"BG","V12","V18","ipfrule","ipshabt",0,0,1,1,1
"BG","V14","V18","iphlppl","ipshabt",0,0,1,1,1
"BG","V16","V18","ipmodst","ipshabt",0,0,1,1,1
"BG","V17","V18","iprspot","ipshabt",0,0,1,1,1
"BG","V1","V19","impdiff","ipstrgv",0,0,1,1,1
"BG","V3","V19","impfree","ipstrgv",0,0,1,1,1
"BG","V4","V19","impfun","ipstrgv",0,0,1,1,1
"BG","V5","V19","imprich","ipstrgv",0,0,1,1,1
"BG","V8","V19","ipadvnt","ipstrgv",0,0,1,1,1
"BG","V10","V19","ipcrtiv","ipstrgv",0,0,1,1,1
"BG","V13","V19","ipgdtim","ipstrgv",0,0,1,1,1
"BG","V16","V19","ipmodst","ipstrgv",0,0,1,1,1
"BG","V17","V19","iprspot","ipstrgv",0,0,1,1,1
"BG","V18","V19","ipshabt","ipstrgv",0,0,1,1,1
"BG","V6","V20","impsafe","ipsuces",0,0,1,1,1
"BG","V7","V20","imptrad","ipsuces",0,0,1,1,1
"BG","V9","V20","ipbhprp","ipsuces",0,0,1,1,1
"BG","V12","V20","ipfrule","ipsuces",0,0,1,1,1
"BG","V16","V20","ipmodst","ipsuces",0,0,1,1,1
"BG","V3","V21","impfree","ipudrst",0,0,1,1,1
"BG","V4","V21","impfun","ipudrst",0,0,1,1,1
"BG","V7","V21","imptrad","ipudrst",0,0,1,1,1
"BG","V8","V21","ipadvnt","ipudrst",0,0,1,1,1
"BG","V13","V21","ipgdtim","ipudrst",0,0,1,1,1
"BG","V17","V21","iprspot","ipudrst",0,0,1,1,1
"BG","V18","V21","ipshabt","ipudrst",0,0,1,1,1
"BG","V19","V21","ipstrgv","ipudrst",0,0,1,1,1
"BG","V20","V21","ipsuces","ipudrst",0,0,1,1,1
"CH","V10","V16","ipcrtiv","ipmodst",-0.0429181180155957,0.0429181180155957,0.003996003996004,0.839160839160839,1
"CH","V12","V17","ipfrule","iprspot",0.104264253616019,0.104264253616019,0.012987012987013,1,1
"CH","V10","V13","ipcrtiv","ipgdtim",-0.0238995306067888,0.0238995306067888,0.01998001998002,1,1
"CH","V10","V21","ipcrtiv","ipudrst",0.0981092938966799,0.0981092938966799,0.030969030969031,1,1
"CH","V13","V20","ipgdtim","ipsuces",-0.0583117373082645,0.0583117373082645,0.031968031968032,1,1
"CH","V2","V14","impenv","iphlppl",-0.0779449304752287,0.0779449304752287,0.0559440559440559,1,1
"CH","V8","V18","ipadvnt","ipshabt",0.087349697112134,0.087349697112134,0.0629370629370629,1,1
"CH","V12","V19","ipfrule","ipstrgv",-0.0696717659798925,0.0696717659798925,0.0679320679320679,1,1
"CH","V5","V18","imprich","ipshabt",0.0659681340304968,0.0659681340304968,0.0719280719280719,1,1
"CH","V8","V16","ipadvnt","ipmodst",-0.0188423005637094,0.0188423005637094,0.0769230769230769,1,1
"CH","V13","V21","ipgdtim","ipudrst",-0.0425723232872679,0.0425723232872679,0.0829170829170829,1,1
"CH","V17","V20","iprspot","ipsuces",0.0645793887060857,0.0645793887060857,0.0929070929070929,1,1
"CH","V2","V10","impenv","ipcrtiv",0.0707203582587118,0.0707203582587118,0.106893106893107,1,1
"CH","V7","V9","imptrad","ipbhprp",0.0670690522809339,0.0670690522809339,0.110889110889111,1,1
"CH","V16","V21","ipmodst","ipudrst",-0.060938799694816,0.060938799694816,0.127872127872128,1,1
"CH","V2","V3","impenv","impfree",-0.0710968663934957,0.0710968663934957,0.138861138861139,1,1
"CH","V14","V19","iphlppl","ipstrgv",-0.0734084278040649,0.0734084278040649,0.145854145854146,1,1
"CH","V9","V16","ipbhprp","ipmodst",-0.0579281291126771,0.0579281291126771,0.163836163836164,1,1
"CH","V17","V18","iprspot","ipshabt",0.0533876372395245,0.0533876372395245,0.165834165834166,1,1
"CH","V9","V18","ipbhprp","ipshabt",0.0503307677530988,0.0503307677530988,0.180819180819181,1,1
"CH","V7","V14","imptrad","iphlppl",0.054094176466252,0.054094176466252,0.1998001998002,1,1
"CH","V2","V16","impenv","ipmodst",0.0351580833203664,0.0351580833203664,0.214785214785215,1,1
"CH","V9","V12","ipbhprp","ipfrule",-0.0460393963901274,0.0460393963901274,0.246753246753247,1,1
"CH","V3","V21","impfree","ipudrst",-0.0507989140448465,0.0507989140448465,0.247752247752248,1,1
"CH","V3","V11","impfree","ipeqopt",0.0360085462519004,0.0360085462519004,0.268731268731269,1,1
"CH","V4","V13","impfun","ipgdtim",0.0389571695704438,0.0389571695704438,0.282717282717283,1,1
"CH","V6","V18","impsafe","ipshabt",0.0374039692537528,0.0374039692537528,0.303696303696304,1,1
"CH","V14","V16","iphlppl","ipmodst",0.0533784658524154,0.0533784658524154,0.305694305694306,1,1
"CH","V4","V7","impfun","imptrad",0.0384668863256488,0.0384668863256488,0.317682317682318,1,1
"CH","V13","V15","ipgdtim","iplylfr",-0.0520495643436561,0.0520495643436561,0.323676323676324,1,1
"CH","V1","V20","impdiff","ipsuces",0.0363889785877442,0.0363889785877442,0.332667332667333,1,1
"CH","V9","V14","ipbhprp","iphlppl",0.0231612955878249,0.0231612955878249,0.337662337662338,1,1
"CH","V6","V12","impsafe","ipfrule",0.0370510557271041,0.0370510557271041,0.350649350649351,1,1
"CH","V7","V17","imptrad","iprspot",0.0369976814887867,0.0369976814887867,0.376623376623377,1,1
"CH","V11","V14","ipeqopt","iphlppl",0.036298880803394,0.036298880803394,0.380619380619381,1,1
"CH","V2","V15","impenv","iplylfr",-0.0403496528598328,0.0403496528598328,0.381618381618382,1,1
"CH","V1","V8","impdiff","ipadvnt",0.0314422192797476,0.0314422192797476,0.390609390609391,1,1
"CH","V4","V19","impfun","ipstrgv",0.036309825311312,0.036309825311312,0.394605394605395,1,1
"CH","V7","V11","imptrad","ipeqopt",-0.0561919447232126,0.0561919447232126,0.401598401598402,1,1
"CH","V2","V11","impenv","ipeqopt",0.0335450688705052,0.0335450688705052,0.418581418581419,1,1
"CH","V17","V19","iprspot","ipstrgv",-0.0235568732681607,0.0235568732681607,0.418581418581419,1,1
"CH","V1","V10","impdiff","ipcrtiv",-0.0333103044586714,0.0333103044586714,0.421578421578422,1,1
"CH","V19","V20","ipstrgv","ipsuces",0.029906496644153,0.029906496644153,0.431568431568432,1,1
"CH","V4","V20","impfun","ipsuces",0.0361662873794094,0.0361662873794094,0.436563436563437,1,1
"CH","V9","V19","ipbhprp","ipstrgv",0.0314137762710238,0.0314137762710238,0.454545454545455,1,1
"CH","V1","V13","impdiff","ipgdtim",-0.030855372464983,0.030855372464983,0.457542457542458,1,1
"CH","V5","V16","imprich","ipmodst",-0.0371909875961074,0.0371909875961074,0.45954045954046,1,1
"CH","V15","V21","iplylfr","ipudrst",0.0308134206659775,0.0308134206659775,0.462537462537463,1,1
"CH","V3","V6","impfree","impsafe",0.0475028554860429,0.0475028554860429,0.474525474525474,1,1
"CH","V5","V6","imprich","impsafe",0.0484228864866932,0.0484228864866932,0.481518481518482,1,1
"CH","V6","V17","impsafe","iprspot",-0.0287719928682318,0.0287719928682318,0.486513486513487,1,1
"CH","V5","V8","imprich","ipadvnt",0.0272088222938689,0.0272088222938689,0.491508491508492,1,1
"CH","V2","V17","impenv","iprspot",-0.0342268622409042,0.0342268622409042,0.493506493506494,1,1
"CH","V1","V14","impdiff","iphlppl",0.0341112105169908,0.0341112105169908,0.500499500499501,1,1
"CH","V18","V20","ipshabt","ipsuces",-0.0236001642271539,0.0236001642271539,0.526473526473527,1,1
"CH","V16","V20","ipmodst","ipsuces",-0.0370894758495503,0.0370894758495503,0.54045954045954,1,1
"CH","V14","V21","iphlppl","ipudrst",-0.026431963315437,0.026431963315437,0.544455544455544,1,1
"CH","V5","V20","imprich","ipsuces",0.0219475206491844,0.0219475206491844,0.576423576423576,1,1
"CH","V10","V15","ipcrtiv","iplylfr",0.0247159564698392,0.0247159564698392,0.583416583416583,1,1
"CH","V3","V8","impfree","ipadvnt",-0.0389036549392966,0.0389036549392966,0.597402597402597,1,1
"CH","V6","V8","impsafe","ipadvnt",-0.0215431215391085,0.0215431215391085,0.603396603396603,1,1
"CH","V7","V12","imptrad","ipfrule",0.0194726594451905,0.0194726594451905,0.624375624375624,1,1
"CH","V7","V16","imptrad","ipmodst",0.0205712229062826,0.0205712229062826,0.632367632367632,1,1
"CH","V3","V19","impfree","ipstrgv",0.0147606933726472,0.0147606933726472,0.642357642357642,1,1
"CH","V6","V19","impsafe","ipstrgv",-0.0177823097023968,0.0177823097023968,0.643356643356643,1,1
"CH","V1","V4","impdiff","impfun",-0.0182407319293021,0.0182407319293021,0.649350649350649,1,1
"CH","V2","V21","impenv","ipudrst",-0.0167051110493849,0.0167051110493849,0.671328671328671,1,1
"CH","V11","V18","ipeqopt","ipshabt",0.0370556563347693,0.0370556563347693,0.675324675324675,1,1
"CH","V9","V17","ipbhprp","iprspot",0.0150081348295376,0.0150081348295376,0.712287712287712,1,1
"CH","V6","V9","impsafe","ipbhprp",-0.0129199044243488,0.0129199044243488,0.78021978021978,1,1
"CH","V14","V15","iphlppl","iplylfr",-0.0119102655738458,0.0119102655738458,0.791208791208791,1,1
"CH","V3","V13","impfree","ipgdtim",0.0109850287673627,0.0109850287673627,0.795204795204795,1,1
"CH","V3","V10","impfree","ipcrtiv",-0.00971003481611285,0.00971003481611285,0.817182817182817,1,1
"CH","V1","V21","impdiff","ipudrst",-0.00859858480446682,0.00859858480446682,0.827172827172827,1,1
"CH","V3","V14","impfree","iphlppl",0.0109000148967408,0.0109000148967408,0.835164835164835,1,1
"CH","V11","V21","ipeqopt","ipudrst",0.00849467228956949,0.00849467228956949,0.841158841158841,1,1
"CH","V11","V15","ipeqopt","iplylfr",0.00815633680815786,0.00815633680815786,0.843156843156843,1,1
"CH","V5","V17","imprich","iprspot",0.00802587021198026,0.00802587021198026,0.858141858141858,1,1
"CH","V3","V15","impfree","iplylfr",0.00633711515147939,0.00633711515147939,0.866133866133866,1,1
"CH","V4","V8","impfun","ipadvnt",0.00351614794393521,0.00351614794393521,0.914085914085914,1,1
"CH","V6","V7","impsafe","imptrad",0.0036046655917106,0.0036046655917106,0.936063936063936,1,1
"CH","V5","V21","imprich","ipudrst",-0.0024388621140102,0.0024388621140102,0.937062937062937,1,1
"CH","V8","V20","ipadvnt","ipsuces",-0.00229598607454591,0.00229598607454591,0.954045954045954,1,1
"CH","V15","V17","iplylfr","iprspot",-0.00206161872012963,0.00206161872012963,0.959040959040959,1,1
"CH","V7","V19","imptrad","ipstrgv",-0.00137791483947504,0.00137791483947504,0.973026973026973,1,1
"CH","V8","V10","ipadvnt","ipcrtiv",0.000467807987407906,0.000467807987407906,0.987012987012987,1,1
"CH","V6","V16","impsafe","ipmodst",0.000127103915477655,0.000127103915477655,0.997002997002997,1,1
"CH","V1","V2","impdiff","impenv",0,0,1,1,1
"CH","V1","V3","impdiff","impfree",0,0,1,1,1
"CH","V2","V4","impenv","impfun",0,0,1,1,1
"CH","V3","V4","impfree","impfun",0,0,1,1,1
"CH","V1","V5","impdiff","imprich",0,0,1,1,1
"CH","V2","V5","impenv","imprich",0,0,1,1,1
"CH","V3","V5","impfree","imprich",0,0,1,1,1
"CH","V4","V5","impfun","imprich",0,0,1,1,1
"CH","V1","V6","impdiff","impsafe",0,0,1,1,1
"CH","V2","V6","impenv","impsafe",0,0,1,1,1
"CH","V4","V6","impfun","impsafe",0,0,1,1,1
"CH","V1","V7","impdiff","imptrad",0,0,1,1,1
"CH","V2","V7","impenv","imptrad",0,0,1,1,1
"CH","V3","V7","impfree","imptrad",0,0,1,1,1
"CH","V5","V7","imprich","imptrad",0,0,1,1,1
"CH","V2","V8","impenv","ipadvnt",0,0,1,1,1
"CH","V7","V8","imptrad","ipadvnt",0,0,1,1,1
"CH","V1","V9","impdiff","ipbhprp",0,0,1,1,1
"CH","V2","V9","impenv","ipbhprp",0,0,1,1,1
"CH","V3","V9","impfree","ipbhprp",0,0,1,1,1
"CH","V4","V9","impfun","ipbhprp",0,0,1,1,1
"CH","V5","V9","imprich","ipbhprp",0,0,1,1,1
"CH","V8","V9","ipadvnt","ipbhprp",0,0,1,1,1
"CH","V4","V10","impfun","ipcrtiv",0,0,1,1,1
"CH","V5","V10","imprich","ipcrtiv",0,0,1,1,1
"CH","V6","V10","impsafe","ipcrtiv",0,0,1,1,1
"CH","V7","V10","imptrad","ipcrtiv",0,0,1,1,1
"CH","V9","V10","ipbhprp","ipcrtiv",0,0,1,1,1
"CH","V1","V11","impdiff","ipeqopt",0,0,1,1,1
"CH","V4","V11","impfun","ipeqopt",0,0,1,1,1
"CH","V5","V11","imprich","ipeqopt",0,0,1,1,1
"CH","V6","V11","impsafe","ipeqopt",0,0,1,1,1
"CH","V8","V11","ipadvnt","ipeqopt",0,0,1,1,1
"CH","V9","V11","ipbhprp","ipeqopt",0,0,1,1,1
"CH","V10","V11","ipcrtiv","ipeqopt",0,0,1,1,1
"CH","V1","V12","impdiff","ipfrule",0,0,1,1,1
"CH","V2","V12","impenv","ipfrule",0,0,1,1,1
"CH","V3","V12","impfree","ipfrule",0,0,1,1,1
"CH","V4","V12","impfun","ipfrule",0,0,1,1,1
"CH","V5","V12","imprich","ipfrule",0,0,1,1,1
"CH","V8","V12","ipadvnt","ipfrule",0,0,1,1,1
"CH","V10","V12","ipcrtiv","ipfrule",0,0,1,1,1
"CH","V11","V12","ipeqopt","ipfrule",0,0,1,1,1
"CH","V2","V13","impenv","ipgdtim",0,0,1,1,1
"CH","V5","V13","imprich","ipgdtim",0,0,1,1,1
"CH","V6","V13","impsafe","ipgdtim",0,0,1,1,1
"CH","V7","V13","imptrad","ipgdtim",0,0,1,1,1
"CH","V8","V13","ipadvnt","ipgdtim",0,0,1,1,1
"CH","V9","V13","ipbhprp","ipgdtim",0,0,1,1,1
"CH","V11","V13","ipeqopt","ipgdtim",0,0,1,1,1
"CH","V12","V13","ipfrule","ipgdtim",0,0,1,1,1
"CH","V4","V14","impfun","iphlppl",0,0,1,1,1
"CH","V5","V14","imprich","iphlppl",0,0,1,1,1
"CH","V6","V14","impsafe","iphlppl",0,0,1,1,1
"CH","V8","V14","ipadvnt","iphlppl",0,0,1,1,1
"CH","V10","V14","ipcrtiv","iphlppl",0,0,1,1,1
"CH","V12","V14","ipfrule","iphlppl",0,0,1,1,1
"CH","V13","V14","ipgdtim","iphlppl",0,0,1,1,1
"CH","V1","V15","impdiff","iplylfr",0,0,1,1,1
"CH","V4","V15","impfun","iplylfr",0,0,1,1,1
"CH","V5","V15","imprich","iplylfr",0,0,1,1,1
"CH","V6","V15","impsafe","iplylfr",0,0,1,1,1
"CH","V7","V15","imptrad","iplylfr",0,0,1,1,1
"CH","V8","V15","ipadvnt","iplylfr",0,0,1,1,1
"CH","V9","V15","ipbhprp","iplylfr",0,0,1,1,1
"CH","V12","V15","ipfrule","iplylfr",0,0,1,1,1
"CH","V1","V16","impdiff","ipmodst",0,0,1,1,1
"CH","V3","V16","impfree","ipmodst",0,0,1,1,1
"CH","V4","V16","impfun","ipmodst",0,0,1,1,1
"CH","V11","V16","ipeqopt","ipmodst",0,0,1,1,1
"CH","V12","V16","ipfrule","ipmodst",0,0,1,1,1
"CH","V13","V16","ipgdtim","ipmodst",0,0,1,1,1
"CH","V15","V16","iplylfr","ipmodst",0,0,1,1,1
"CH","V1","V17","impdiff","iprspot",0,0,1,1,1
"CH","V3","V17","impfree","iprspot",0,0,1,1,1
"CH","V4","V17","impfun","iprspot",0,0,1,1,1
"CH","V8","V17","ipadvnt","iprspot",0,0,1,1,1
"CH","V10","V17","ipcrtiv","iprspot",0,0,1,1,1
"CH","V11","V17","ipeqopt","iprspot",0,0,1,1,1
"CH","V13","V17","ipgdtim","iprspot",0,0,1,1,1
"CH","V14","V17","iphlppl","iprspot",0,0,1,1,1
"CH","V16","V17","ipmodst","iprspot",0,0,1,1,1
"CH","V1","V18","impdiff","ipshabt",0,0,1,1,1
"CH","V2","V18","impenv","ipshabt",0,0,1,1,1
"CH","V3","V18","impfree","ipshabt",0,0,1,1,1
"CH","V4","V18","impfun","ipshabt",0,0,1,1,1
"CH","V7","V18","imptrad","ipshabt",0,0,1,1,1
"CH","V10","V18","ipcrtiv","ipshabt",0,0,1,1,1
"CH","V12","V18","ipfrule","ipshabt",0,0,1,1,1
"CH","V13","V18","ipgdtim","ipshabt",0,0,1,1,1
"CH","V14","V18","iphlppl","ipshabt",0,0,1,1,1
"CH","V15","V18","iplylfr","ipshabt",0,0,1,1,1
"CH","V16","V18","ipmodst","ipshabt",0,0,1,1,1
"CH","V1","V19","impdiff","ipstrgv",0,0,1,1,1
"CH","V2","V19","impenv","ipstrgv",0,0,1,1,1
"CH","V5","V19","imprich","ipstrgv",0,0,1,1,1
"CH","V8","V19","ipadvnt","ipstrgv",0,0,1,1,1
"CH","V10","V19","ipcrtiv","ipstrgv",0,0,1,1,1
"CH","V11","V19","ipeqopt","ipstrgv",0,0,1,1,1
"CH","V13","V19","ipgdtim","ipstrgv",0,0,1,1,1
"CH","V15","V19","iplylfr","ipstrgv",0,0,1,1,1
"CH","V16","V19","ipmodst","ipstrgv",0,0,1,1,1
"CH","V18","V19","ipshabt","ipstrgv",0,0,1,1,1
"CH","V2","V20","impenv","ipsuces",0,0,1,1,1
"CH","V3","V20","impfree","ipsuces",0,0,1,1,1
"CH","V6","V20","impsafe","ipsuces",0,0,1,1,1
"CH","V7","V20","imptrad","ipsuces",0,0,1,1,1
"CH","V9","V20","ipbhprp","ipsuces",0,0,1,1,1
"CH","V10","V20","ipcrtiv","ipsuces",0,0,1,1,1
"CH","V11","V20","ipeqopt","ipsuces",0,0,1,1,1
"CH","V12","V20","ipfrule","ipsuces",0,0,1,1,1
"CH","V14","V20","iphlppl","ipsuces",0,0,1,1,1
"CH","V15","V20","iplylfr","ipsuces",0,0,1,1,1
"CH","V4","V21","impfun","ipudrst",0,0,1,1,1
"CH","V6","V21","impsafe","ipudrst",0,0,1,1,1
"CH","V7","V21","imptrad","ipudrst",0,0,1,1,1
"CH","V8","V21","ipadvnt","ipudrst",0,0,1,1,1
"CH","V9","V21","ipbhprp","ipudrst",0,0,1,1,1
"CH","V12","V21","ipfrule","ipudrst",0,0,1,1,1
"CH","V17","V21","iprspot","ipudrst",0,0,1,1,1
"CH","V18","V21","ipshabt","ipudrst",0,0,1,1,1
"CH","V19","V21","ipstrgv","ipudrst",0,0,1,1,1
"CH","V20","V21","ipsuces","ipudrst",0,0,1,1,1
"CZ","V17","V19","iprspot","ipstrgv",0.133234238206137,0.133234238206137,0.000999000999000999,0.20979020979021,1
"CZ","V5","V10","imprich","ipcrtiv",0.118653870734322,0.118653870734322,0.001998001998002,0.417582417582418,1
"CZ","V9","V11","ipbhprp","ipeqopt",-0.0613653561288733,0.0613653561288733,0.002997002997003,0.623376623376623,1
"CZ","V1","V20","impdiff","ipsuces",-0.10778275286348,0.10778275286348,0.002997002997003,0.623376623376623,1
"CZ","V2","V5","impenv","imprich",0.0691780603319884,0.0691780603319884,0.003996003996004,0.823176823176823,1
"CZ","V2","V21","impenv","ipudrst",0.0650277588663367,0.0650277588663367,0.004995004995005,1,1
"CZ","V5","V14","imprich","iphlppl",-0.0948332031589357,0.0948332031589357,0.015984015984016,1,1
"CZ","V17","V18","iprspot","ipshabt",-0.0780554326505996,0.0780554326505996,0.017982017982018,1,1
"CZ","V9","V13","ipbhprp","ipgdtim",0.0285252594844484,0.0285252594844484,0.01998001998002,1,1
"CZ","V1","V21","impdiff","ipudrst",-0.0747100964516952,0.0747100964516952,0.023976023976024,1,1
"CZ","V1","V13","impdiff","ipgdtim",0.0796953924308151,0.0796953924308151,0.026973026973027,1,1
"CZ","V1","V18","impdiff","ipshabt",0.0874443997069475,0.0874443997069475,0.027972027972028,1,1
"CZ","V6","V11","impsafe","ipeqopt",0.0747778901555755,0.0747778901555755,0.02997002997003,1,1
"CZ","V3","V15","impfree","iplylfr",0.0724710140408948,0.0724710140408948,0.033966033966034,1,1
"CZ","V10","V20","ipcrtiv","ipsuces",-0.077089632269646,0.077089632269646,0.033966033966034,1,1
"CZ","V1","V17","impdiff","iprspot",0.0424726291077828,0.0424726291077828,0.034965034965035,1,1
"CZ","V16","V21","ipmodst","ipudrst",-0.0738018472194075,0.0738018472194075,0.034965034965035,1,1
"CZ","V10","V11","ipcrtiv","ipeqopt",0.0715659434397722,0.0715659434397722,0.035964035964036,1,1
"CZ","V6","V16","impsafe","ipmodst",0.0280216348018355,0.0280216348018355,0.035964035964036,1,1
"CZ","V15","V21","iplylfr","ipudrst",-0.0666785076920808,0.0666785076920808,0.0529470529470529,1,1
"CZ","V5","V17","imprich","iprspot",-0.0676928826540357,0.0676928826540357,0.0559440559440559,1,1
"CZ","V9","V16","ipbhprp","ipmodst",0.0611021494538436,0.0611021494538436,0.0649350649350649,1,1
"CZ","V13","V18","ipgdtim","ipshabt",-0.0655812460690392,0.0655812460690392,0.0699300699300699,1,1
"CZ","V6","V10","impsafe","ipcrtiv",-0.0336810728030111,0.0336810728030111,0.0809190809190809,1,1
"CZ","V6","V12","impsafe","ipfrule",0.0552428497531478,0.0552428497531478,0.0859140859140859,1,1
"CZ","V17","V20","iprspot","ipsuces",-0.060545967975062,0.060545967975062,0.0889110889110889,1,1
"CZ","V2","V15","impenv","iplylfr",-0.0572441435493378,0.0572441435493378,0.0919080919080919,1,1
"CZ","V12","V21","ipfrule","ipudrst",-0.0544684003168089,0.0544684003168089,0.0939060939060939,1,1
"CZ","V1","V12","impdiff","ipfrule",-0.0510250521461684,0.0510250521461684,0.124875124875125,1,1
"CZ","V3","V14","impfree","iphlppl",0.0497632977710995,0.0497632977710995,0.131868131868132,1,1
"CZ","V11","V19","ipeqopt","ipstrgv",-0.0532705158094318,0.0532705158094318,0.132867132867133,1,1
"CZ","V14","V21","iphlppl","ipudrst",-0.0516986585568265,0.0516986585568265,0.135864135864136,1,1
"CZ","V13","V20","ipgdtim","ipsuces",0.0516100239264695,0.0516100239264695,0.140859140859141,1,1
"CZ","V6","V15","impsafe","iplylfr",0.0620444573255623,0.0620444573255623,0.145854145854146,1,1
"CZ","V4","V5","impfun","imprich",-0.0263189365083624,0.0263189365083624,0.148851148851149,1,1
"CZ","V5","V18","imprich","ipshabt",-0.0471214630823601,0.0471214630823601,0.148851148851149,1,1
"CZ","V12","V16","ipfrule","ipmodst",0.0486528809740688,0.0486528809740688,0.175824175824176,1,1
"CZ","V6","V14","impsafe","iphlppl",0.0247209182400269,0.0247209182400269,0.185814185814186,1,1
"CZ","V8","V20","ipadvnt","ipsuces",0.0451356627978056,0.0451356627978056,0.185814185814186,1,1
"CZ","V1","V16","impdiff","ipmodst",0.0380282022600361,0.0380282022600361,0.194805194805195,1,1
"CZ","V5","V16","imprich","ipmodst",0.031648191600109,0.031648191600109,0.210789210789211,1,1
"CZ","V5","V8","imprich","ipadvnt",0.0423263783303938,0.0423263783303938,0.217782217782218,1,1
"CZ","V4","V18","impfun","ipshabt",0.0381440118958041,0.0381440118958041,0.217782217782218,1,1
"CZ","V11","V12","ipeqopt","ipfrule",0.0170113793559068,0.0170113793559068,0.235764235764236,1,1
"CZ","V11","V21","ipeqopt","ipudrst",0.0387881348705044,0.0387881348705044,0.247752247752248,1,1
"CZ","V4","V20","impfun","ipsuces",0.0382581336337956,0.0382581336337956,0.260739260739261,1,1
"CZ","V4","V13","impfun","ipgdtim",0.037146061944615,0.037146061944615,0.275724275724276,1,1
"CZ","V5","V21","imprich","ipudrst",0.0339141710918675,0.0339141710918675,0.280719280719281,1,1
"CZ","V7","V17","imptrad","iprspot",0.0493969982587604,0.0493969982587604,0.281718281718282,1,1
"CZ","V1","V9","impdiff","ipbhprp",0.0391857086446344,0.0391857086446344,0.287712287712288,1,1
"CZ","V7","V19","imptrad","ipstrgv",-0.0372165907373073,0.0372165907373073,0.290709290709291,1,1
"CZ","V18","V20","ipshabt","ipsuces",0.0384279645003086,0.0384279645003086,0.2997002997003,1,1
"CZ","V3","V17","impfree","iprspot",0.0302862063608868,0.0302862063608868,0.300699300699301,1,1
"CZ","V2","V6","impenv","impsafe",-0.034989938446368,0.034989938446368,0.302697302697303,1,1
"CZ","V6","V21","impsafe","ipudrst",0.0274361242326152,0.0274361242326152,0.303696303696304,1,1
"CZ","V10","V14","ipcrtiv","iphlppl",0.037271238382485,0.037271238382485,0.324675324675325,1,1
"CZ","V9","V21","ipbhprp","ipudrst",0.0192046474754458,0.0192046474754458,0.346653346653347,1,1
"CZ","V2","V10","impenv","ipcrtiv",-0.0560912764865275,0.0560912764865275,0.37962037962038,1,1
"CZ","V1","V14","impdiff","iphlppl",0.0281100792595218,0.0281100792595218,0.406593406593407,1,1
"CZ","V10","V18","ipcrtiv","ipshabt",0.0272268067628215,0.0272268067628215,0.415584415584416,1,1
"CZ","V11","V16","ipeqopt","ipmodst",0.041287216929619,0.041287216929619,0.417582417582418,1,1
"CZ","V3","V11","impfree","ipeqopt",-0.0298763338380154,0.0298763338380154,0.421578421578422,1,1
"CZ","V5","V13","imprich","ipgdtim",-0.0274707561035065,0.0274707561035065,0.421578421578422,1,1
"CZ","V9","V17","ipbhprp","iprspot",0.0288544586496907,0.0288544586496907,0.432567432567433,1,1
"CZ","V3","V10","impfree","ipcrtiv",0.0242671531575431,0.0242671531575431,0.463536463536464,1,1
"CZ","V1","V8","impdiff","ipadvnt",-0.0267620291456918,0.0267620291456918,0.467532467532468,1,1
"CZ","V14","V15","iphlppl","iplylfr",0.0234999496469014,0.0234999496469014,0.477522477522478,1,1
"CZ","V8","V17","ipadvnt","iprspot",-0.0245453256013868,0.0245453256013868,0.483516483516484,1,1
"CZ","V14","V20","iphlppl","ipsuces",0.0210655783786317,0.0210655783786317,0.529470529470529,1,1
"CZ","V12","V14","ipfrule","iphlppl",-0.0224737306348429,0.0224737306348429,0.53046953046953,1,1
"CZ","V9","V12","ipbhprp","ipfrule",-0.0228338345777046,0.0228338345777046,0.536463536463537,1,1
"CZ","V3","V20","impfree","ipsuces",-0.0248557053241986,0.0248557053241986,0.554445554445554,1,1
"CZ","V3","V13","impfree","ipgdtim",-0.0179486072963912,0.0179486072963912,0.58041958041958,1,1
"CZ","V10","V21","ipcrtiv","ipudrst",-0.0178295155265761,0.0178295155265761,0.583416583416583,1,1
"CZ","V12","V17","ipfrule","iprspot",0.0238079423216891,0.0238079423216891,0.588411588411588,1,1
"CZ","V14","V16","iphlppl","ipmodst",-0.0184183801292887,0.0184183801292887,0.59040959040959,1,1
"CZ","V7","V16","imptrad","ipmodst",0.0294659631756244,0.0294659631756244,0.596403596403596,1,1
"CZ","V6","V19","impsafe","ipstrgv",0.016222353220384,0.016222353220384,0.61038961038961,1,1
"CZ","V11","V15","ipeqopt","iplylfr",0.0186119148392468,0.0186119148392468,0.613386613386613,1,1
"CZ","V8","V13","ipadvnt","ipgdtim",0.0156023945175524,0.0156023945175524,0.639360639360639,1,1
"CZ","V1","V10","impdiff","ipcrtiv",-0.0126973476338874,0.0126973476338874,0.688311688311688,1,1
"CZ","V13","V17","ipgdtim","iprspot",-0.0315594196064585,0.0315594196064585,0.692307692307692,1,1
"CZ","V7","V15","imptrad","iplylfr",0.011973337588588,0.011973337588588,0.698301698301698,1,1
"CZ","V2","V9","impenv","ipbhprp",-0.033626772218903,0.033626772218903,0.717282717282717,1,1
"CZ","V4","V7","impfun","imptrad",0.0327281635421125,0.0327281635421125,0.719280719280719,1,1
"CZ","V2","V14","impenv","iphlppl",0.011471288875253,0.011471288875253,0.734265734265734,1,1
"CZ","V9","V14","ipbhprp","iphlppl",0.0125580307079238,0.0125580307079238,0.741258741258741,1,1
"CZ","V1","V4","impdiff","impfun",-0.0116056446473321,0.0116056446473321,0.745254745254745,1,1
"CZ","V8","V18","ipadvnt","ipshabt",-0.0102486554813284,0.0102486554813284,0.745254745254745,1,1
"CZ","V6","V7","impsafe","imptrad",0.0100716707141047,0.0100716707141047,0.773226773226773,1,1
"CZ","V4","V8","impfun","ipadvnt",-0.0094377329575982,0.0094377329575982,0.775224775224775,1,1
"CZ","V3","V4","impfree","impfun",0.00889996755126927,0.00889996755126927,0.8001998001998,1,1
"CZ","V7","V12","imptrad","ipfrule",-0.00781238188433372,0.00781238188433372,0.815184815184815,1,1
"CZ","V5","V20","imprich","ipsuces",0.00815974093178029,0.00815974093178029,0.824175824175824,1,1
"CZ","V7","V9","imptrad","ipbhprp",0.00730663716649506,0.00730663716649506,0.826173826173826,1,1
"CZ","V7","V14","imptrad","iphlppl",-0.00837908338600078,0.00837908338600078,0.829170829170829,1,1
"CZ","V3","V6","impfree","impsafe",-0.00641222590837465,0.00641222590837465,0.831168831168831,1,1
"CZ","V11","V14","ipeqopt","iphlppl",0.00698012697274564,0.00698012697274564,0.851148851148851,1,1
"CZ","V9","V19","ipbhprp","ipstrgv",-0.00580691972047823,0.00580691972047823,0.86013986013986,1,1
"CZ","V1","V5","impdiff","imprich",0.00681168214178247,0.00681168214178247,0.868131868131868,1,1
"CZ","V15","V19","iplylfr","ipstrgv",0.00499322377792455,0.00499322377792455,0.887112887112887,1,1
"CZ","V2","V19","impenv","ipstrgv",0.00486482372882216,0.00486482372882216,0.895104895104895,1,1
"CZ","V2","V3","impenv","impfree",0.0030440209102174,0.0030440209102174,0.925074925074925,1,1
"CZ","V1","V3","impdiff","impfree",-0.0033163496039614,0.0033163496039614,0.938061938061938,1,1
"CZ","V2","V7","impenv","imptrad",0.00225173177032509,0.00225173177032509,0.959040959040959,1,1
"CZ","V6","V8","impsafe","ipadvnt",0.00118058299584506,0.00118058299584506,0.97002997002997,1,1
"CZ","V15","V17","iplylfr","iprspot",0.00119679933955087,0.00119679933955087,0.971028971028971,1,1
"CZ","V3","V19","impfree","ipstrgv",0.000424897300928519,0.000424897300928519,0.987012987012987,1,1
"CZ","V9","V15","ipbhprp","iplylfr",-0.000427355381432452,0.000427355381432452,0.995004995004995,1,1
"CZ","V6","V9","impsafe","ipbhprp",0.000144733849514828,0.000144733849514828,0.997002997002997,1,1
"CZ","V1","V2","impdiff","impenv",0,0,1,1,1
"CZ","V2","V4","impenv","impfun",0,0,1,1,1
"CZ","V3","V5","impfree","imprich",0,0,1,1,1
"CZ","V1","V6","impdiff","impsafe",0,0,1,1,1
"CZ","V4","V6","impfun","impsafe",0,0,1,1,1
"CZ","V5","V6","imprich","impsafe",0,0,1,1,1
"CZ","V1","V7","impdiff","imptrad",0,0,1,1,1
"CZ","V3","V7","impfree","imptrad",0,0,1,1,1
"CZ","V5","V7","imprich","imptrad",0,0,1,1,1
"CZ","V2","V8","impenv","ipadvnt",0,0,1,1,1
"CZ","V3","V8","impfree","ipadvnt",0,0,1,1,1
"CZ","V7","V8","imptrad","ipadvnt",0,0,1,1,1
"CZ","V3","V9","impfree","ipbhprp",0,0,1,1,1
"CZ","V4","V9","impfun","ipbhprp",0,0,1,1,1
"CZ","V5","V9","imprich","ipbhprp",0,0,1,1,1
"CZ","V8","V9","ipadvnt","ipbhprp",0,0,1,1,1
"CZ","V4","V10","impfun","ipcrtiv",0,0,1,1,1
"CZ","V7","V10","imptrad","ipcrtiv",0,0,1,1,1
"CZ","V8","V10","ipadvnt","ipcrtiv",0,0,1,1,1
"CZ","V9","V10","ipbhprp","ipcrtiv",0,0,1,1,1
"CZ","V1","V11","impdiff","ipeqopt",0,0,1,1,1
"CZ","V2","V11","impenv","ipeqopt",0,0,1,1,1
"CZ","V4","V11","impfun","ipeqopt",0,0,1,1,1
"CZ","V5","V11","imprich","ipeqopt",0,0,1,1,1
"CZ","V7","V11","imptrad","ipeqopt",0,0,1,1,1
"CZ","V8","V11","ipadvnt","ipeqopt",0,0,1,1,1
"CZ","V2","V12","impenv","ipfrule",0,0,1,1,1
"CZ","V3","V12","impfree","ipfrule",0,0,1,1,1
"CZ","V4","V12","impfun","ipfrule",0,0,1,1,1
"CZ","V5","V12","imprich","ipfrule",0,0,1,1,1
"CZ","V8","V12","ipadvnt","ipfrule",0,0,1,1,1
"CZ","V10","V12","ipcrtiv","ipfrule",0,0,1,1,1
"CZ","V2","V13","impenv","ipgdtim",0,0,1,1,1
"CZ","V6","V13","impsafe","ipgdtim",0,0,1,1,1
"CZ","V7","V13","imptrad","ipgdtim",0,0,1,1,1
"CZ","V10","V13","ipcrtiv","ipgdtim",0,0,1,1,1
"CZ","V11","V13","ipeqopt","ipgdtim",0,0,1,1,1
"CZ","V12","V13","ipfrule","ipgdtim",0,0,1,1,1
"CZ","V4","V14","impfun","iphlppl",0,0,1,1,1
"CZ","V8","V14","ipadvnt","iphlppl",0,0,1,1,1
"CZ","V13","V14","ipgdtim","iphlppl",0,0,1,1,1
"CZ","V1","V15","impdiff","iplylfr",0,0,1,1,1
"CZ","V4","V15","impfun","iplylfr",0,0,1,1,1
"CZ","V5","V15","imprich","iplylfr",0,0,1,1,1
"CZ","V8","V15","ipadvnt","iplylfr",0,0,1,1,1
"CZ","V10","V15","ipcrtiv","iplylfr",0,0,1,1,1
"CZ","V12","V15","ipfrule","iplylfr",0,0,1,1,1
"CZ","V13","V15","ipgdtim","iplylfr",0,0,1,1,1
"CZ","V2","V16","impenv","ipmodst",0,0,1,1,1
"CZ","V3","V16","impfree","ipmodst",0,0,1,1,1
"CZ","V4","V16","impfun","ipmodst",0,0,1,1,1
"CZ","V8","V16","ipadvnt","ipmodst",0,0,1,1,1
"CZ","V10","V16","ipcrtiv","ipmodst",0,0,1,1,1
"CZ","V13","V16","ipgdtim","ipmodst",0,0,1,1,1
"CZ","V15","V16","iplylfr","ipmodst",0,0,1,1,1
"CZ","V2","V17","impenv","iprspot",0,0,1,1,1
"CZ","V4","V17","impfun","iprspot",0,0,1,1,1
"CZ","V6","V17","impsafe","iprspot",0,0,1,1,1
"CZ","V10","V17","ipcrtiv","iprspot",0,0,1,1,1
"CZ","V11","V17","ipeqopt","iprspot",0,0,1,1,1
"CZ","V14","V17","iphlppl","iprspot",0,0,1,1,1
"CZ","V16","V17","ipmodst","iprspot",0,0,1,1,1
"CZ","V2","V18","impenv","ipshabt",0,0,1,1,1
"CZ","V3","V18","impfree","ipshabt",0,0,1,1,1
"CZ","V6","V18","impsafe","ipshabt",0,0,1,1,1
"CZ","V7","V18","imptrad","ipshabt",0,0,1,1,1
"CZ","V9","V18","ipbhprp","ipshabt",0,0,1,1,1
"CZ","V11","V18","ipeqopt","ipshabt",0,0,1,1,1
"CZ","V12","V18","ipfrule","ipshabt",0,0,1,1,1
"CZ","V14","V18","iphlppl","ipshabt",0,0,1,1,1
"CZ","V15","V18","iplylfr","ipshabt",0,0,1,1,1
"CZ","V16","V18","ipmodst","ipshabt",0,0,1,1,1
"CZ","V1","V19","impdiff","ipstrgv",0,0,1,1,1
"CZ","V4","V19","impfun","ipstrgv",0,0,1,1,1
"CZ","V5","V19","imprich","ipstrgv",0,0,1,1,1
"CZ","V8","V19","ipadvnt","ipstrgv",0,0,1,1,1
"CZ","V10","V19","ipcrtiv","ipstrgv",0,0,1,1,1
"CZ","V12","V19","ipfrule","ipstrgv",0,0,1,1,1
"CZ","V13","V19","ipgdtim","ipstrgv",0,0,1,1,1
"CZ","V14","V19","iphlppl","ipstrgv",0,0,1,1,1
"CZ","V16","V19","ipmodst","ipstrgv",0,0,1,1,1
"CZ","V18","V19","ipshabt","ipstrgv",0,0,1,1,1
"CZ","V2","V20","impenv","ipsuces",0,0,1,1,1
"CZ","V6","V20","impsafe","ipsuces",0,0,1,1,1
"CZ","V7","V20","imptrad","ipsuces",0,0,1,1,1
"CZ","V9","V20","ipbhprp","ipsuces",0,0,1,1,1
"CZ","V11","V20","ipeqopt","ipsuces",0,0,1,1,1
"CZ","V12","V20","ipfrule","ipsuces",0,0,1,1,1
"CZ","V15","V20","iplylfr","ipsuces",0,0,1,1,1
"CZ","V16","V20","ipmodst","ipsuces",0,0,1,1,1
"CZ","V19","V20","ipstrgv","ipsuces",0,0,1,1,1
"CZ","V3","V21","impfree","ipudrst",0,0,1,1,1
"CZ","V4","V21","impfun","ipudrst",0,0,1,1,1
"CZ","V7","V21","imptrad","ipudrst",0,0,1,1,1
"CZ","V8","V21","ipadvnt","ipudrst",0,0,1,1,1
"CZ","V13","V21","ipgdtim","ipudrst",0,0,1,1,1
"CZ","V17","V21","iprspot","ipudrst",0,0,1,1,1
"CZ","V18","V21","ipshabt","ipudrst",0,0,1,1,1
"CZ","V19","V21","ipstrgv","ipudrst",0,0,1,1,1
"CZ","V20","V21","ipsuces","ipudrst",0,0,1,1,1
"EE","V17","V18","iprspot","ipshabt",-0.163848850735921,0.163848850735921,0.000999000999000999,0.20979020979021,1
"EE","V12","V14","ipfrule","iphlppl",0.0202040546307052,0.0202040546307052,0.002997002997003,0.626373626373626,1
"EE","V5","V20","imprich","ipsuces",-0.102699462711632,0.102699462711632,0.003996003996004,0.831168831168831,1
"EE","V12","V16","ipfrule","ipmodst",-0.110434883376869,0.110434883376869,0.00899100899100899,1,1
"EE","V17","V20","iprspot","ipsuces",0.100556025837208,0.100556025837208,0.00999000999000999,1,1
"EE","V12","V19","ipfrule","ipstrgv",-0.0893385751454716,0.0893385751454716,0.014985014985015,1,1
"EE","V9","V12","ipbhprp","ipfrule",0.0844946280046097,0.0844946280046097,0.023976023976024,1,1
"EE","V5","V10","imprich","ipcrtiv",-0.100448968607677,0.100448968607677,0.028971028971029,1,1
"EE","V1","V14","impdiff","iphlppl",0.0716858908884078,0.0716858908884078,0.033966033966034,1,1
"EE","V13","V16","ipgdtim","ipmodst",-0.0340045083060543,0.0340045083060543,0.0549450549450549,1,1
"EE","V18","V20","ipshabt","ipsuces",0.0622440318313274,0.0622440318313274,0.0879120879120879,1,1
"EE","V3","V21","impfree","ipudrst",-0.0467990750177387,0.0467990750177387,0.0919080919080919,1,1
"EE","V1","V18","impdiff","ipshabt",0.0325248159030766,0.0325248159030766,0.10989010989011,1,1
"EE","V3","V11","impfree","ipeqopt",0.0130845691170982,0.0130845691170982,0.110889110889111,1,1
"EE","V9","V21","ipbhprp","ipudrst",-0.0758018138700431,0.0758018138700431,0.116883116883117,1,1
"EE","V5","V8","imprich","ipadvnt",-0.0320325589488984,0.0320325589488984,0.12987012987013,1,1
"EE","V4","V5","impfun","imprich",0.0560686873613031,0.0560686873613031,0.133866133866134,1,1
"EE","V1","V15","impdiff","iplylfr",-0.0513261797534542,0.0513261797534542,0.136863136863137,1,1
"EE","V16","V21","ipmodst","ipudrst",-0.0623397991185851,0.0623397991185851,0.141858141858142,1,1
"EE","V10","V20","ipcrtiv","ipsuces",-0.0512074410078675,0.0512074410078675,0.144855144855145,1,1
"EE","V4","V13","impfun","ipgdtim",0.0513672772423521,0.0513672772423521,0.148851148851149,1,1
"EE","V2","V15","impenv","iplylfr",0.0545794033222055,0.0545794033222055,0.162837162837163,1,1
"EE","V4","V20","impfun","ipsuces",-0.0510732472261866,0.0510732472261866,0.174825174825175,1,1
"EE","V5","V17","imprich","iprspot",0.0516089344599085,0.0516089344599085,0.180819180819181,1,1
"EE","V2","V9","impenv","ipbhprp",-0.0396570686254276,0.0396570686254276,0.188811188811189,1,1
"EE","V9","V15","ipbhprp","iplylfr",-0.05426700108326,0.05426700108326,0.20979020979021,1,1
"EE","V5","V16","imprich","ipmodst",0.062750975817144,0.062750975817144,0.214785214785215,1,1
"EE","V1","V10","impdiff","ipcrtiv",-0.0419860639051119,0.0419860639051119,0.248751248751249,1,1
"EE","V13","V15","ipgdtim","iplylfr",-0.0396046976037906,0.0396046976037906,0.254745254745255,1,1
"EE","V19","V20","ipstrgv","ipsuces",0.036679775532069,0.036679775532069,0.260739260739261,1,1
"EE","V12","V13","ipfrule","ipgdtim",-0.0275477715218519,0.0275477715218519,0.268731268731269,1,1
"EE","V3","V10","impfree","ipcrtiv",-0.0403212959178964,0.0403212959178964,0.278721278721279,1,1
"EE","V7","V17","imptrad","iprspot",0.04535243901434,0.04535243901434,0.286713286713287,1,1
"EE","V11","V19","ipeqopt","ipstrgv",0.0412836647276077,0.0412836647276077,0.288711288711289,1,1
"EE","V3","V8","impfree","ipadvnt",-0.0355546074237222,0.0355546074237222,0.302697302697303,1,1
"EE","V6","V17","impsafe","iprspot",-0.0422712755417796,0.0422712755417796,0.33966033966034,1,1
"EE","V1","V13","impdiff","ipgdtim",-0.0346351000621352,0.0346351000621352,0.364635364635365,1,1
"EE","V5","V18","imprich","ipshabt",0.0343311586652978,0.0343311586652978,0.36963036963037,1,1
"EE","V11","V21","ipeqopt","ipudrst",-0.0350122471302662,0.0350122471302662,0.375624375624376,1,1
"EE","V10","V18","ipcrtiv","ipshabt",0.034355158309996,0.034355158309996,0.377622377622378,1,1
"EE","V2","V10","impenv","ipcrtiv",-0.0197011274850566,0.0197011274850566,0.398601398601399,1,1
"EE","V2","V19","impenv","ipstrgv",0.029630422107682,0.029630422107682,0.398601398601399,1,1
"EE","V3","V20","impfree","ipsuces",-0.0279021384135915,0.0279021384135915,0.405594405594406,1,1
"EE","V1","V3","impdiff","impfree",0.027320517537004,0.027320517537004,0.406593406593407,1,1
"EE","V6","V8","impsafe","ipadvnt",0.0301650076852154,0.0301650076852154,0.422577422577423,1,1
"EE","V9","V17","ipbhprp","iprspot",0.0411702322498423,0.0411702322498423,0.427572427572428,1,1
"EE","V9","V14","ipbhprp","iphlppl",-0.0296891864894829,0.0296891864894829,0.42957042957043,1,1
"EE","V16","V18","ipmodst","ipshabt",-0.0316456512658608,0.0316456512658608,0.435564435564436,1,1
"EE","V1","V8","impdiff","ipadvnt",-0.0255637556875846,0.0255637556875846,0.454545454545455,1,1
"EE","V10","V16","ipcrtiv","ipmodst",0.0280111024932136,0.0280111024932136,0.45954045954046,1,1
"EE","V1","V20","impdiff","ipsuces",-0.0267523833710448,0.0267523833710448,0.463536463536464,1,1
"EE","V11","V16","ipeqopt","ipmodst",-0.0455246935860523,0.0455246935860523,0.471528471528472,1,1
"EE","V8","V18","ipadvnt","ipshabt",-0.0263976112185136,0.0263976112185136,0.484515484515485,1,1
"EE","V4","V18","impfun","ipshabt",0.0339322331876083,0.0339322331876083,0.502497502497502,1,1
"EE","V2","V6","impenv","impsafe",0.0246321679725003,0.0246321679725003,0.513486513486514,1,1
"EE","V2","V7","impenv","imptrad",-0.023373792179111,0.023373792179111,0.53046953046953,1,1
"EE","V2","V21","impenv","ipudrst",0.0258105602707613,0.0258105602707613,0.544455544455544,1,1
"EE","V4","V8","impfun","ipadvnt",-0.0203276318378265,0.0203276318378265,0.568431568431568,1,1
"EE","V14","V15","iphlppl","iplylfr",0.0208109269448324,0.0208109269448324,0.572427572427572,1,1
"EE","V8","V10","ipadvnt","ipcrtiv",0.0207762617308188,0.0207762617308188,0.574425574425574,1,1
"EE","V6","V7","impsafe","imptrad",0.0217591900917928,0.0217591900917928,0.575424575424575,1,1
"EE","V2","V3","impenv","impfree",-0.0255693914314704,0.0255693914314704,0.578421578421578,1,1
"EE","V9","V19","ipbhprp","ipstrgv",0.0201228619174866,0.0201228619174866,0.578421578421578,1,1
"EE","V3","V13","impfree","ipgdtim",-0.020377600406901,0.020377600406901,0.603396603396603,1,1
"EE","V14","V16","iphlppl","ipmodst",0.0267388804580689,0.0267388804580689,0.608391608391608,1,1
"EE","V8","V9","ipadvnt","ipbhprp",-0.0193163811928662,0.0193163811928662,0.621378621378621,1,1
"EE","V10","V11","ipcrtiv","ipeqopt",-0.0188527306897736,0.0188527306897736,0.626373626373626,1,1
"EE","V19","V21","ipstrgv","ipudrst",-0.0203998521967692,0.0203998521967692,0.65034965034965,1,1
"EE","V12","V17","ipfrule","iprspot",-0.0161362421951268,0.0161362421951268,0.681318681318681,1,1
"EE","V8","V16","ipadvnt","ipmodst",-0.0129572857117939,0.0129572857117939,0.723276723276723,1,1
"EE","V11","V18","ipeqopt","ipshabt",0.0111749337233722,0.0111749337233722,0.732267732267732,1,1
"EE","V10","V21","ipcrtiv","ipudrst",-0.0234135500517694,0.0234135500517694,0.74025974025974,1,1
"EE","V1","V4","impdiff","impfun",-0.02381527540541,0.02381527540541,0.743256743256743,1,1
"EE","V6","V19","impsafe","ipstrgv",-0.0125581519823397,0.0125581519823397,0.756243756243756,1,1
"EE","V2","V16","impenv","ipmodst",0.0102431073140229,0.0102431073140229,0.779220779220779,1,1
"EE","V2","V11","impenv","ipeqopt",0.00947494512753029,0.00947494512753029,0.784215784215784,1,1
"EE","V3","V15","impfree","iplylfr",0.0112862925376814,0.0112862925376814,0.791208791208791,1,1
"EE","V7","V9","imptrad","ipbhprp",0.0103047764503348,0.0103047764503348,0.802197802197802,1,1
"EE","V1","V21","impdiff","ipudrst",0.0178850470339395,0.0178850470339395,0.802197802197802,1,1
"EE","V6","V16","impsafe","ipmodst",-0.00897324407500336,0.00897324407500336,0.813186813186813,1,1
"EE","V8","V20","ipadvnt","ipsuces",0.00784988403128536,0.00784988403128536,0.845154845154845,1,1
"EE","V5","V13","imprich","ipgdtim",-0.00689932273258785,0.00689932273258785,0.855144855144855,1,1
"EE","V6","V9","impsafe","ipbhprp",-0.0076541001747833,0.0076541001747833,0.857142857142857,1,1
"EE","V15","V21","iplylfr","ipudrst",-0.00697308088780857,0.00697308088780857,0.874125874125874,1,1
"EE","V16","V20","ipmodst","ipsuces",-0.00558893234625782,0.00558893234625782,0.875124875124875,1,1
"EE","V11","V14","ipeqopt","iphlppl",0.00598215725894582,0.00598215725894582,0.882117882117882,1,1
"EE","V7","V15","imptrad","iplylfr",0.00607861732819748,0.00607861732819748,0.883116883116883,1,1
"EE","V2","V14","impenv","iphlppl",-0.00568482955127472,0.00568482955127472,0.889110889110889,1,1
"EE","V14","V21","iphlppl","ipudrst",0.00399445154494685,0.00399445154494685,0.892107892107892,1,1
"EE","V7","V14","imptrad","iphlppl",-0.00431841389191178,0.00431841389191178,0.922077922077922,1,1
"EE","V8","V12","ipadvnt","ipfrule",0.00299498755460554,0.00299498755460554,0.939060939060939,1,1
"EE","V14","V20","iphlppl","ipsuces",-0.00188956413323825,0.00188956413323825,0.964035964035964,1,1
"EE","V9","V16","ipbhprp","ipmodst",0.00172730970185708,0.00172730970185708,0.965034965034965,1,1
"EE","V6","V13","impsafe","ipgdtim",-0.00160301307068023,0.00160301307068023,0.967032967032967,1,1
"EE","V13","V20","ipgdtim","ipsuces",0.00147335649840458,0.00147335649840458,0.969030969030969,1,1
"EE","V8","V13","ipadvnt","ipgdtim",0.000384906037077332,0.000384906037077332,0.985014985014985,1,1
"EE","V6","V18","impsafe","ipshabt",-0.00064835506842309,0.00064835506842309,0.991008991008991,1,1
"EE","V1","V2","impdiff","impenv",0,0,1,1,1
"EE","V2","V4","impenv","impfun",0,0,1,1,1
"EE","V3","V4","impfree","impfun",0,0,1,1,1
"EE","V1","V5","impdiff","imprich",0,0,1,1,1
"EE","V2","V5","impenv","imprich",0,0,1,1,1
"EE","V3","V5","impfree","imprich",0,0,1,1,1
"EE","V1","V6","impdiff","impsafe",0,0,1,1,1
"EE","V3","V6","impfree","impsafe",0,0,1,1,1
"EE","V4","V6","impfun","impsafe",0,0,1,1,1
"EE","V5","V6","imprich","impsafe",0,0,1,1,1
"EE","V1","V7","impdiff","imptrad",0,0,1,1,1
"EE","V3","V7","impfree","imptrad",0,0,1,1,1
"EE","V4","V7","impfun","imptrad",0,0,1,1,1
"EE","V5","V7","imprich","imptrad",0,0,1,1,1
"EE","V2","V8","impenv","ipadvnt",0,0,1,1,1
"EE","V7","V8","imptrad","ipadvnt",0,0,1,1,1
"EE","V1","V9","impdiff","ipbhprp",0,0,1,1,1
"EE","V3","V9","impfree","ipbhprp",0,0,1,1,1
"EE","V4","V9","impfun","ipbhprp",0,0,1,1,1
"EE","V5","V9","imprich","ipbhprp",0,0,1,1,1
"EE","V4","V10","impfun","ipcrtiv",0,0,1,1,1
"EE","V6","V10","impsafe","ipcrtiv",0,0,1,1,1
"EE","V7","V10","imptrad","ipcrtiv",0,0,1,1,1
"EE","V9","V10","ipbhprp","ipcrtiv",0,0,1,1,1
"EE","V1","V11","impdiff","ipeqopt",0,0,1,1,1
"EE","V4","V11","impfun","ipeqopt",0,0,1,1,1
"EE","V5","V11","imprich","ipeqopt",0,0,1,1,1
"EE","V6","V11","impsafe","ipeqopt",0,0,1,1,1
"EE","V7","V11","imptrad","ipeqopt",0,0,1,1,1
"EE","V8","V11","ipadvnt","ipeqopt",0,0,1,1,1
"EE","V9","V11","ipbhprp","ipeqopt",0,0,1,1,1
"EE","V1","V12","impdiff","ipfrule",0,0,1,1,1
"EE","V2","V12","impenv","ipfrule",0,0,1,1,1
"EE","V3","V12","impfree","ipfrule",0,0,1,1,1
"EE","V4","V12","impfun","ipfrule",0,0,1,1,1
"EE","V5","V12","imprich","ipfrule",0,0,1,1,1
"EE","V6","V12","impsafe","ipfrule",0,0,1,1,1
"EE","V7","V12","imptrad","ipfrule",0,0,1,1,1
"EE","V10","V12","ipcrtiv","ipfrule",0,0,1,1,1
"EE","V11","V12","ipeqopt","ipfrule",0,0,1,1,1
"EE","V2","V13","impenv","ipgdtim",0,0,1,1,1
"EE","V7","V13","imptrad","ipgdtim",0,0,1,1,1
"EE","V9","V13","ipbhprp","ipgdtim",0,0,1,1,1
"EE","V10","V13","ipcrtiv","ipgdtim",0,0,1,1,1
"EE","V11","V13","ipeqopt","ipgdtim",0,0,1,1,1
"EE","V3","V14","impfree","iphlppl",0,0,1,1,1
"EE","V4","V14","impfun","iphlppl",0,0,1,1,1
"EE","V5","V14","imprich","iphlppl",0,0,1,1,1
"EE","V6","V14","impsafe","iphlppl",0,0,1,1,1
"EE","V8","V14","ipadvnt","iphlppl",0,0,1,1,1
"EE","V10","V14","ipcrtiv","iphlppl",0,0,1,1,1
"EE","V13","V14","ipgdtim","iphlppl",0,0,1,1,1
"EE","V4","V15","impfun","iplylfr",0,0,1,1,1
"EE","V5","V15","imprich","iplylfr",0,0,1,1,1
"EE","V6","V15","impsafe","iplylfr",0,0,1,1,1
"EE","V8","V15","ipadvnt","iplylfr",0,0,1,1,1
"EE","V10","V15","ipcrtiv","iplylfr",0,0,1,1,1
"EE","V11","V15","ipeqopt","iplylfr",0,0,1,1,1
"EE","V12","V15","ipfrule","iplylfr",0,0,1,1,1
"EE","V1","V16","impdiff","ipmodst",0,0,1,1,1
"EE","V3","V16","impfree","ipmodst",0,0,1,1,1
"EE","V4","V16","impfun","ipmodst",0,0,1,1,1
"EE","V7","V16","imptrad","ipmodst",0,0,1,1,1
"EE","V15","V16","iplylfr","ipmodst",0,0,1,1,1
"EE","V1","V17","impdiff","iprspot",0,0,1,1,1
"EE","V2","V17","impenv","iprspot",0,0,1,1,1
"EE","V3","V17","impfree","iprspot",0,0,1,1,1
"EE","V4","V17","impfun","iprspot",0,0,1,1,1
"EE","V8","V17","ipadvnt","iprspot",0,0,1,1,1
"EE","V10","V17","ipcrtiv","iprspot",0,0,1,1,1
"EE","V11","V17","ipeqopt","iprspot",0,0,1,1,1
"EE","V13","V17","ipgdtim","iprspot",0,0,1,1,1
"EE","V14","V17","iphlppl","iprspot",0,0,1,1,1
"EE","V15","V17","iplylfr","iprspot",0,0,1,1,1
"EE","V16","V17","ipmodst","iprspot",0,0,1,1,1
"EE","V2","V18","impenv","ipshabt",0,0,1,1,1
"EE","V3","V18","impfree","ipshabt",0,0,1,1,1
"EE","V7","V18","imptrad","ipshabt",0,0,1,1,1
"EE","V9","V18","ipbhprp","ipshabt",0,0,1,1,1
"EE","V12","V18","ipfrule","ipshabt",0,0,1,1,1
"EE","V13","V18","ipgdtim","ipshabt",0,0,1,1,1
"EE","V14","V18","iphlppl","ipshabt",0,0,1,1,1
"EE","V15","V18","iplylfr","ipshabt",0,0,1,1,1
"EE","V1","V19","impdiff","ipstrgv",0,0,1,1,1
"EE","V3","V19","impfree","ipstrgv",0,0,1,1,1
"EE","V4","V19","impfun","ipstrgv",0,0,1,1,1
"EE","V5","V19","imprich","ipstrgv",0,0,1,1,1
"EE","V7","V19","imptrad","ipstrgv",0,0,1,1,1
"EE","V8","V19","ipadvnt","ipstrgv",0,0,1,1,1
"EE","V10","V19","ipcrtiv","ipstrgv",0,0,1,1,1
"EE","V13","V19","ipgdtim","ipstrgv",0,0,1,1,1
"EE","V14","V19","iphlppl","ipstrgv",0,0,1,1,1
"EE","V15","V19","iplylfr","ipstrgv",0,0,1,1,1
"EE","V16","V19","ipmodst","ipstrgv",0,0,1,1,1
"EE","V17","V19","iprspot","ipstrgv",0,0,1,1,1
"EE","V18","V19","ipshabt","ipstrgv",0,0,1,1,1
"EE","V2","V20","impenv","ipsuces",0,0,1,1,1
"EE","V6","V20","impsafe","ipsuces",0,0,1,1,1
"EE","V7","V20","imptrad","ipsuces",0,0,1,1,1
"EE","V9","V20","ipbhprp","ipsuces",0,0,1,1,1
"EE","V11","V20","ipeqopt","ipsuces",0,0,1,1,1
"EE","V12","V20","ipfrule","ipsuces",0,0,1,1,1
"EE","V15","V20","iplylfr","ipsuces",0,0,1,1,1
"EE","V4","V21","impfun","ipudrst",0,0,1,1,1
"EE","V5","V21","imprich","ipudrst",0,0,1,1,1
"EE","V6","V21","impsafe","ipudrst",0,0,1,1,1
"EE","V7","V21","imptrad","ipudrst",0,0,1,1,1
"EE","V8","V21","ipadvnt","ipudrst",0,0,1,1,1
"EE","V12","V21","ipfrule","ipudrst",0,0,1,1,1
"EE","V13","V21","ipgdtim","ipudrst",0,0,1,1,1
"EE","V17","V21","iprspot","ipudrst",0,0,1,1,1
"EE","V18","V21","ipshabt","ipudrst",0,0,1,1,1
"EE","V20","V21","ipsuces","ipudrst",0,0,1,1,1
"FI","V5","V16","imprich","ipmodst",0.0190680332626799,0.0190680332626799,0.000999000999000999,0.20979020979021,1
"FI","V17","V19","iprspot","ipstrgv",0.0210932582513116,0.0210932582513116,0.001998001998002,0.417582417582418,1
"FI","V5","V10","imprich","ipcrtiv",-0.0433377255221741,0.0433377255221741,0.002997002997003,0.623376623376623,1
"FI","V13","V18","ipgdtim","ipshabt",0.071204770876249,0.071204770876249,0.004995004995005,1,1
"FI","V5","V14","imprich","iphlppl",0.0688255632400233,0.0688255632400233,0.00899100899100899,1,1
"FI","V1","V9","impdiff","ipbhprp",-0.0554639858589483,0.0554639858589483,0.014985014985015,1,1
"FI","V10","V12","ipcrtiv","ipfrule",-0.0565645915267274,0.0565645915267274,0.01998001998002,1,1
"FI","V2","V3","impenv","impfree",0.061667067013933,0.061667067013933,0.026973026973027,1,1
"FI","V2","V15","impenv","iplylfr",-0.0912069231761952,0.0912069231761952,0.026973026973027,1,1
"FI","V8","V10","ipadvnt","ipcrtiv",0.07399932683705,0.07399932683705,0.043956043956044,1,1
"FI","V15","V16","iplylfr","ipmodst",-0.0333473828292762,0.0333473828292762,0.046953046953047,1,1
"FI","V5","V7","imprich","imptrad",0.024517063021077,0.024517063021077,0.051948051948052,1,1
"FI","V9","V15","ipbhprp","iplylfr",0.0815620537289206,0.0815620537289206,0.0659340659340659,1,1
"FI","V15","V21","iplylfr","ipudrst",-0.0732302143076312,0.0732302143076312,0.0819180819180819,1,1
"FI","V14","V15","iphlppl","iplylfr",0.0723431948439669,0.0723431948439669,0.0829170829170829,1,1
"FI","V3","V13","impfree","ipgdtim",-0.0937475430906781,0.0937475430906781,0.103896103896104,1,1
"FI","V11","V14","ipeqopt","iphlppl",-0.065102018531426,0.065102018531426,0.131868131868132,1,1
"FI","V10","V14","ipcrtiv","iphlppl",-0.0487324749618042,0.0487324749618042,0.146853146853147,1,1
"FI","V11","V21","ipeqopt","ipudrst",-0.0595278988713886,0.0595278988713886,0.152847152847153,1,1
"FI","V3","V12","impfree","ipfrule",0.0504627410931243,0.0504627410931243,0.173826173826174,1,1
"FI","V2","V11","impenv","ipeqopt",0.0555115531330267,0.0555115531330267,0.176823176823177,1,1
"FI","V7","V15","imptrad","iplylfr",-0.056046031360532,0.056046031360532,0.177822177822178,1,1
"FI","V7","V12","imptrad","ipfrule",-0.0535171516563249,0.0535171516563249,0.184815184815185,1,1
"FI","V19","V20","ipstrgv","ipsuces",-0.0665798558214759,0.0665798558214759,0.187812187812188,1,1
"FI","V4","V14","impfun","iphlppl",-0.0256501676871046,0.0256501676871046,0.203796203796204,1,1
"FI","V9","V10","ipbhprp","ipcrtiv",0.0432083420994596,0.0432083420994596,0.207792207792208,1,1
"FI","V1","V14","impdiff","iphlppl",0.0440443066586814,0.0440443066586814,0.222777222777223,1,1
"FI","V6","V15","impsafe","iplylfr",-0.0570635726500947,0.0570635726500947,0.235764235764236,1,1
"FI","V3","V6","impfree","impsafe",0.0321906745760516,0.0321906745760516,0.252747252747253,1,1
"FI","V5","V18","imprich","ipshabt",0.0433034894047593,0.0433034894047593,0.265734265734266,1,1
"FI","V6","V8","impsafe","ipadvnt",-0.0512924625419809,0.0512924625419809,0.274725274725275,1,1
"FI","V4","V13","impfun","ipgdtim",0.0370602823482722,0.0370602823482722,0.27972027972028,1,1
"FI","V1","V10","impdiff","ipcrtiv",-0.0392844503705865,0.0392844503705865,0.280719280719281,1,1
"FI","V1","V13","impdiff","ipgdtim",0.0409262677735212,0.0409262677735212,0.292707292707293,1,1
"FI","V14","V16","iphlppl","ipmodst",-0.0395025464722109,0.0395025464722109,0.294705294705295,1,1
"FI","V9","V14","ipbhprp","iphlppl",0.0268017101176079,0.0268017101176079,0.310689310689311,1,1
"FI","V3","V19","impfree","ipstrgv",0.0435460264863409,0.0435460264863409,0.310689310689311,1,1
"FI","V4","V15","impfun","iplylfr",0.0343986623352681,0.0343986623352681,0.32967032967033,1,1
"FI","V3","V20","impfree","ipsuces",-0.0407737950223303,0.0407737950223303,0.361638361638362,1,1
"FI","V14","V19","iphlppl","ipstrgv",0.0418240709731444,0.0418240709731444,0.363636363636364,1,1
"FI","V17","V18","iprspot","ipshabt",-0.0322615099685167,0.0322615099685167,0.393606393606394,1,1
"FI","V6","V19","impsafe","ipstrgv",-0.0337712734765392,0.0337712734765392,0.40959040959041,1,1
"FI","V14","V21","iphlppl","ipudrst",0.0327643682381775,0.0327643682381775,0.41958041958042,1,1
"FI","V9","V12","ipbhprp","ipfrule",-0.0303162792663966,0.0303162792663966,0.42957042957043,1,1
"FI","V2","V7","impenv","imptrad",-0.0312867523061229,0.0312867523061229,0.444555444555445,1,1
"FI","V5","V20","imprich","ipsuces",-0.0276310114360459,0.0276310114360459,0.455544455544456,1,1
"FI","V18","V20","ipshabt","ipsuces",-0.0261277218144463,0.0261277218144463,0.457542457542458,1,1
"FI","V3","V21","impfree","ipudrst",0.0362142923071639,0.0362142923071639,0.457542457542458,1,1
"FI","V9","V19","ipbhprp","ipstrgv",-0.0264017373309058,0.0264017373309058,0.501498501498502,1,1
"FI","V13","V20","ipgdtim","ipsuces",0.0433460967013135,0.0433460967013135,0.503496503496504,1,1
"FI","V8","V17","ipadvnt","iprspot",0.0452558888232913,0.0452558888232913,0.515484515484515,1,1
"FI","V2","V10","impenv","ipcrtiv",-0.0238237296683611,0.0238237296683611,0.531468531468531,1,1
"FI","V4","V20","impfun","ipsuces",-0.0232480431079488,0.0232480431079488,0.555444555444555,1,1
"FI","V15","V19","iplylfr","ipstrgv",0.0225153901146742,0.0225153901146742,0.562437562437562,1,1
"FI","V17","V20","iprspot","ipsuces",0.0227508183837923,0.0227508183837923,0.57042957042957,1,1
"FI","V1","V21","impdiff","ipudrst",-0.0186343815088593,0.0186343815088593,0.57042957042957,1,1
"FI","V6","V13","impsafe","ipgdtim",0.0427222986071364,0.0427222986071364,0.594405594405594,1,1
"FI","V5","V13","imprich","ipgdtim",0.0201613670955703,0.0201613670955703,0.606393606393606,1,1
"FI","V3","V8","impfree","ipadvnt",-0.0396208603457971,0.0396208603457971,0.625374625374625,1,1
"FI","V1","V4","impdiff","impfun",0.019434349267263,0.019434349267263,0.631368631368631,1,1
"FI","V4","V8","impfun","ipadvnt",-0.0192235373038704,0.0192235373038704,0.632367632367632,1,1
"FI","V9","V16","ipbhprp","ipmodst",-0.0161171896882506,0.0161171896882506,0.668331668331668,1,1
"FI","V1","V8","impdiff","ipadvnt",-0.0131521423700995,0.0131521423700995,0.685314685314685,1,1
"FI","V6","V7","impsafe","imptrad",-0.0142468480075114,0.0142468480075114,0.723276723276723,1,1
"FI","V10","V18","ipcrtiv","ipshabt",-0.0121582063397451,0.0121582063397451,0.726273726273726,1,1
"FI","V6","V9","impsafe","ipbhprp",0.0131786534599444,0.0131786534599444,0.735264735264735,1,1
"FI","V9","V17","ipbhprp","iprspot",-0.0125551719238958,0.0125551719238958,0.736263736263736,1,1
"FI","V6","V16","impsafe","ipmodst",-0.0121011936247067,0.0121011936247067,0.756243756243756,1,1
"FI","V7","V14","imptrad","iphlppl",0.0262077874988865,0.0262077874988865,0.759240759240759,1,1
"FI","V13","V14","ipgdtim","iphlppl",0.0223645003863427,0.0223645003863427,0.764235764235764,1,1
"FI","V5","V8","imprich","ipadvnt",-0.0104910627436053,0.0104910627436053,0.766233766233766,1,1
"FI","V2","V14","impenv","iphlppl",-0.0115618458511167,0.0115618458511167,0.771228771228771,1,1
"FI","V7","V9","imptrad","ipbhprp",0.0111515635617309,0.0111515635617309,0.78021978021978,1,1
"FI","V16","V21","ipmodst","ipudrst",0.0112817989271733,0.0112817989271733,0.791208791208791,1,1
"FI","V12","V17","ipfrule","iprspot",-0.0115961308695307,0.0115961308695307,0.792207792207792,1,1
"FI","V8","V20","ipadvnt","ipsuces",-0.00707433008561592,0.00707433008561592,0.832167832167832,1,1
"FI","V8","V13","ipadvnt","ipgdtim",-0.00899945377257268,0.00899945377257268,0.837162837162837,1,1
"FI","V8","V12","ipadvnt","ipfrule",0.0101320789682816,0.0101320789682816,0.847152847152847,1,1
"FI","V12","V16","ipfrule","ipmodst",-0.00756562918349135,0.00756562918349135,0.852147852147852,1,1
"FI","V2","V21","impenv","ipudrst",0.00644288499757116,0.00644288499757116,0.861138861138861,1,1
"FI","V12","V19","ipfrule","ipstrgv",-0.00728185943859366,0.00728185943859366,0.87012987012987,1,1
"FI","V5","V17","imprich","iprspot",-0.00533854579255508,0.00533854579255508,0.88011988011988,1,1
"FI","V2","V19","impenv","ipstrgv",-0.0051160417047023,0.0051160417047023,0.897102897102897,1,1
"FI","V2","V5","impenv","imprich",-0.00343723508237312,0.00343723508237312,0.914085914085914,1,1
"FI","V6","V12","impsafe","ipfrule",0.00393042978309306,0.00393042978309306,0.922077922077922,1,1
"FI","V11","V15","ipeqopt","iplylfr",0.00378754402768119,0.00378754402768119,0.924075924075924,1,1
"FI","V3","V10","impfree","ipcrtiv",0.000654119308546322,0.000654119308546322,0.99000999000999,1,1
"FI","V1","V2","impdiff","impenv",0,0,1,1,1
"FI","V1","V3","impdiff","impfree",0,0,1,1,1
"FI","V2","V4","impenv","impfun",0,0,1,1,1
"FI","V3","V4","impfree","impfun",0,0,1,1,1
"FI","V1","V5","impdiff","imprich",0,0,1,1,1
"FI","V3","V5","impfree","imprich",0,0,1,1,1
"FI","V4","V5","impfun","imprich",0,0,1,1,1
"FI","V1","V6","impdiff","impsafe",0,0,1,1,1
"FI","V2","V6","impenv","impsafe",0,0,1,1,1
"FI","V4","V6","impfun","impsafe",0,0,1,1,1
"FI","V5","V6","imprich","impsafe",0,0,1,1,1
"FI","V1","V7","impdiff","imptrad",0,0,1,1,1
"FI","V3","V7","impfree","imptrad",0,0,1,1,1
"FI","V4","V7","impfun","imptrad",0,0,1,1,1
"FI","V2","V8","impenv","ipadvnt",0,0,1,1,1
"FI","V7","V8","imptrad","ipadvnt",0,0,1,1,1
"FI","V2","V9","impenv","ipbhprp",0,0,1,1,1
"FI","V3","V9","impfree","ipbhprp",0,0,1,1,1
"FI","V4","V9","impfun","ipbhprp",0,0,1,1,1
"FI","V5","V9","imprich","ipbhprp",0,0,1,1,1
"FI","V8","V9","ipadvnt","ipbhprp",0,0,1,1,1
"FI","V4","V10","impfun","ipcrtiv",0,0,1,1,1
"FI","V6","V10","impsafe","ipcrtiv",0,0,1,1,1
"FI","V7","V10","imptrad","ipcrtiv",0,0,1,1,1
"FI","V1","V11","impdiff","ipeqopt",0,0,1,1,1
"FI","V3","V11","impfree","ipeqopt",0,0,1,1,1
"FI","V4","V11","impfun","ipeqopt",0,0,1,1,1
"FI","V5","V11","imprich","ipeqopt",0,0,1,1,1
"FI","V6","V11","impsafe","ipeqopt",0,0,1,1,1
"FI","V7","V11","imptrad","ipeqopt",0,0,1,1,1
"FI","V8","V11","ipadvnt","ipeqopt",0,0,1,1,1
"FI","V9","V11","ipbhprp","ipeqopt",0,0,1,1,1
"FI","V10","V11","ipcrtiv","ipeqopt",0,0,1,1,1
"FI","V1","V12","impdiff","ipfrule",0,0,1,1,1
"FI","V2","V12","impenv","ipfrule",0,0,1,1,1
"FI","V4","V12","impfun","ipfrule",0,0,1,1,1
"FI","V5","V12","imprich","ipfrule",0,0,1,1,1
"FI","V11","V12","ipeqopt","ipfrule",0,0,1,1,1
"FI","V2","V13","impenv","ipgdtim",0,0,1,1,1
"FI","V7","V13","imptrad","ipgdtim",0,0,1,1,1
"FI","V9","V13","ipbhprp","ipgdtim",0,0,1,1,1
"FI","V10","V13","ipcrtiv","ipgdtim",0,0,1,1,1
"FI","V11","V13","ipeqopt","ipgdtim",0,0,1,1,1
"FI","V12","V13","ipfrule","ipgdtim",0,0,1,1,1
"FI","V3","V14","impfree","iphlppl",0,0,1,1,1
"FI","V6","V14","impsafe","iphlppl",0,0,1,1,1
"FI","V8","V14","ipadvnt","iphlppl",0,0,1,1,1
"FI","V12","V14","ipfrule","iphlppl",0,0,1,1,1
"FI","V1","V15","impdiff","iplylfr",0,0,1,1,1
"FI","V3","V15","impfree","iplylfr",0,0,1,1,1
"FI","V5","V15","imprich","iplylfr",0,0,1,1,1
"FI","V8","V15","ipadvnt","iplylfr",0,0,1,1,1
"FI","V10","V15","ipcrtiv","iplylfr",0,0,1,1,1
"FI","V12","V15","ipfrule","iplylfr",0,0,1,1,1
"FI","V13","V15","ipgdtim","iplylfr",0,0,1,1,1
"FI","V1","V16","impdiff","ipmodst",0,0,1,1,1
"FI","V2","V16","impenv","ipmodst",0,0,1,1,1
"FI","V3","V16","impfree","ipmodst",0,0,1,1,1
"FI","V4","V16","impfun","ipmodst",0,0,1,1,1
"FI","V7","V16","imptrad","ipmodst",0,0,1,1,1
"FI","V8","V16","ipadvnt","ipmodst",0,0,1,1,1
"FI","V10","V16","ipcrtiv","ipmodst",0,0,1,1,1
"FI","V11","V16","ipeqopt","ipmodst",0,0,1,1,1
"FI","V13","V16","ipgdtim","ipmodst",0,0,1,1,1
"FI","V1","V17","impdiff","iprspot",0,0,1,1,1
"FI","V2","V17","impenv","iprspot",0,0,1,1,1
"FI","V3","V17","impfree","iprspot",0,0,1,1,1
"FI","V4","V17","impfun","iprspot",0,0,1,1,1
"FI","V6","V17","impsafe","iprspot",0,0,1,1,1
"FI","V7","V17","imptrad","iprspot",0,0,1,1,1
"FI","V10","V17","ipcrtiv","iprspot",0,0,1,1,1
"FI","V11","V17","ipeqopt","iprspot",0,0,1,1,1
"FI","V13","V17","ipgdtim","iprspot",0,0,1,1,1
"FI","V14","V17","iphlppl","iprspot",0,0,1,1,1
"FI","V15","V17","iplylfr","iprspot",0,0,1,1,1
"FI","V16","V17","ipmodst","iprspot",0,0,1,1,1
"FI","V1","V18","impdiff","ipshabt",0,0,1,1,1
"FI","V2","V18","impenv","ipshabt",0,0,1,1,1
"FI","V3","V18","impfree","ipshabt",0,0,1,1,1
"FI","V4","V18","impfun","ipshabt",0,0,1,1,1
"FI","V6","V18","impsafe","ipshabt",0,0,1,1,1
"FI","V7","V18","imptrad","ipshabt",0,0,1,1,1
"FI","V8","V18","ipadvnt","ipshabt",0,0,1,1,1
"FI","V9","V18","ipbhprp","ipshabt",0,0,1,1,1
"FI","V11","V18","ipeqopt","ipshabt",0,0,1,1,1
"FI","V12","V18","ipfrule","ipshabt",0,0,1,1,1
"FI","V14","V18","iphlppl","ipshabt",0,0,1,1,1
"FI","V15","V18","iplylfr","ipshabt",0,0,1,1,1
"FI","V16","V18","ipmodst","ipshabt",0,0,1,1,1
"FI","V1","V19","impdiff","ipstrgv",0,0,1,1,1
"FI","V4","V19","impfun","ipstrgv",0,0,1,1,1
"FI","V5","V19","imprich","ipstrgv",0,0,1,1,1
"FI","V7","V19","imptrad","ipstrgv",0,0,1,1,1
"FI","V8","V19","ipadvnt","ipstrgv",0,0,1,1,1
"FI","V10","V19","ipcrtiv","ipstrgv",0,0,1,1,1
"FI","V11","V19","ipeqopt","ipstrgv",0,0,1,1,1
"FI","V13","V19","ipgdtim","ipstrgv",0,0,1,1,1
"FI","V16","V19","ipmodst","ipstrgv",0,0,1,1,1
"FI","V18","V19","ipshabt","ipstrgv",0,0,1,1,1
"FI","V1","V20","impdiff","ipsuces",0,0,1,1,1
"FI","V2","V20","impenv","ipsuces",0,0,1,1,1
"FI","V6","V20","impsafe","ipsuces",0,0,1,1,1
"FI","V7","V20","imptrad","ipsuces",0,0,1,1,1
"FI","V9","V20","ipbhprp","ipsuces",0,0,1,1,1
"FI","V10","V20","ipcrtiv","ipsuces",0,0,1,1,1
"FI","V11","V20","ipeqopt","ipsuces",0,0,1,1,1
"FI","V12","V20","ipfrule","ipsuces",0,0,1,1,1
"FI","V14","V20","iphlppl","ipsuces",0,0,1,1,1
"FI","V15","V20","iplylfr","ipsuces",0,0,1,1,1
"FI","V16","V20","ipmodst","ipsuces",0,0,1,1,1
"FI","V4","V21","impfun","ipudrst",0,0,1,1,1
"FI","V5","V21","imprich","ipudrst",0,0,1,1,1
"FI","V6","V21","impsafe","ipudrst",0,0,1,1,1
"FI","V7","V21","imptrad","ipudrst",0,0,1,1,1
"FI","V8","V21","ipadvnt","ipudrst",0,0,1,1,1
"FI","V9","V21","ipbhprp","ipudrst",0,0,1,1,1
"FI","V10","V21","ipcrtiv","ipudrst",0,0,1,1,1
"FI","V12","V21","ipfrule","ipudrst",0,0,1,1,1
"FI","V13","V21","ipgdtim","ipudrst",0,0,1,1,1
"FI","V17","V21","iprspot","ipudrst",0,0,1,1,1
"FI","V18","V21","ipshabt","ipudrst",0,0,1,1,1
"FI","V19","V21","ipstrgv","ipudrst",0,0,1,1,1
"FI","V20","V21","ipsuces","ipudrst",0,0,1,1,1
"FR","V1","V15","impdiff","iplylfr",-0.0384695866713413,0.0384695866713413,0.010989010989011,1,1
"FR","V2","V19","impenv","ipstrgv",0.0924058788789312,0.0924058788789312,0.023976023976024,1,1
"FR","V1","V2","impdiff","impenv",0.055376426245282,0.055376426245282,0.044955044955045,1,1
"FR","V3","V16","impfree","ipmodst",-0.0394554885572303,0.0394554885572303,0.044955044955045,1,1
"FR","V6","V14","impsafe","iphlppl",-0.0375107756160239,0.0375107756160239,0.045954045954046,1,1
"FR","V4","V18","impfun","ipshabt",-0.023260430134073,0.023260430134073,0.046953046953047,1,1
"FR","V7","V14","imptrad","iphlppl",-0.0755063911653922,0.0755063911653922,0.047952047952048,1,1
"FR","V10","V15","ipcrtiv","iplylfr",-0.01776868011481,0.01776868011481,0.051948051948052,1,1
"FR","V3","V8","impfree","ipadvnt",0.0672936648670142,0.0672936648670142,0.0529470529470529,1,1
"FR","V3","V11","impfree","ipeqopt",-0.0163596282422117,0.0163596282422117,0.0709290709290709,1,1
"FR","V3","V17","impfree","iprspot",0.0457922147007574,0.0457922147007574,0.0749250749250749,1,1
"FR","V6","V9","impsafe","ipbhprp",-0.0671748090422975,0.0671748090422975,0.0799200799200799,1,1
"FR","V17","V18","iprspot","ipshabt",0.0578999978503351,0.0578999978503351,0.0889110889110889,1,1
"FR","V7","V16","imptrad","ipmodst",-0.059199246132723,0.059199246132723,0.0999000999000999,1,1
"FR","V8","V20","ipadvnt","ipsuces",0.0580139793148168,0.0580139793148168,0.115884115884116,1,1
"FR","V15","V19","iplylfr","ipstrgv",0.0498245856069261,0.0498245856069261,0.152847152847153,1,1
"FR","V6","V19","impsafe","ipstrgv",0.0490721818679317,0.0490721818679317,0.161838161838162,1,1
"FR","V10","V21","ipcrtiv","ipudrst",-0.0649607878596924,0.0649607878596924,0.162837162837163,1,1
"FR","V5","V20","imprich","ipsuces",0.0502818097150445,0.0502818097150445,0.168831168831169,1,1
"FR","V5","V14","imprich","iphlppl",0.0691545459726527,0.0691545459726527,0.171828171828172,1,1
"FR","V2","V15","impenv","iplylfr",-0.0516828352857616,0.0516828352857616,0.174825174825175,1,1
"FR","V12","V19","ipfrule","ipstrgv",0.0531790439973592,0.0531790439973592,0.17982017982018,1,1
"FR","V6","V13","impsafe","ipgdtim",0.0298672208214287,0.0298672208214287,0.195804195804196,1,1
"FR","V11","V18","ipeqopt","ipshabt",0.0437453340045785,0.0437453340045785,0.208791208791209,1,1
"FR","V3","V19","impfree","ipstrgv",0.0181596088665124,0.0181596088665124,0.208791208791209,1,1
"FR","V1","V14","impdiff","iphlppl",0.0410651131559187,0.0410651131559187,0.211788211788212,1,1
"FR","V6","V15","impsafe","iplylfr",-0.0338716476826035,0.0338716476826035,0.216783216783217,1,1
"FR","V19","V21","ipstrgv","ipudrst",-0.0421199670875731,0.0421199670875731,0.218781218781219,1,1
"FR","V6","V8","impsafe","ipadvnt",-0.0530405526614443,0.0530405526614443,0.222777222777223,1,1
"FR","V2","V11","impenv","ipeqopt",0.0439192038307921,0.0439192038307921,0.227772227772228,1,1
"FR","V14","V19","iphlppl","ipstrgv",0.0497219878563285,0.0497219878563285,0.230769230769231,1,1
"FR","V12","V17","ipfrule","iprspot",0.0459962550002688,0.0459962550002688,0.236763236763237,1,1
"FR","V1","V3","impdiff","impfree",-0.0401701524183555,0.0401701524183555,0.243756243756244,1,1
"FR","V1","V10","impdiff","ipcrtiv",0.0420447996402142,0.0420447996402142,0.247752247752248,1,1
"FR","V2","V5","impenv","imprich",-0.0452975581772148,0.0452975581772148,0.250749250749251,1,1
"FR","V15","V17","iplylfr","iprspot",-0.0474946391928814,0.0474946391928814,0.266733266733267,1,1
"FR","V4","V15","impfun","iplylfr",0.0321023932937313,0.0321023932937313,0.290709290709291,1,1
"FR","V11","V13","ipeqopt","ipgdtim",0.0466832725108444,0.0466832725108444,0.298701298701299,1,1
"FR","V6","V16","impsafe","ipmodst",0.0394194595994082,0.0394194595994082,0.301698301698302,1,1
"FR","V7","V9","imptrad","ipbhprp",0.0342947603367154,0.0342947603367154,0.308691308691309,1,1
"FR","V3","V10","impfree","ipcrtiv",0.0354134131226209,0.0354134131226209,0.327672327672328,1,1
"FR","V3","V13","impfree","ipgdtim",0.0353325989807399,0.0353325989807399,0.330669330669331,1,1
"FR","V14","V16","iphlppl","ipmodst",0.0357387063897891,0.0357387063897891,0.331668331668332,1,1
"FR","V4","V13","impfun","ipgdtim",0.0301523683563152,0.0301523683563152,0.333666333666334,1,1
"FR","V2","V7","impenv","imptrad",-0.0463016889394727,0.0463016889394727,0.337662337662338,1,1
"FR","V8","V10","ipadvnt","ipcrtiv",0.0311528488193995,0.0311528488193995,0.363636363636364,1,1
"FR","V16","V18","ipmodst","ipshabt",-0.0349133300280889,0.0349133300280889,0.365634365634366,1,1
"FR","V4","V7","impfun","imptrad",0.0249656104467313,0.0249656104467313,0.370629370629371,1,1
"FR","V11","V19","ipeqopt","ipstrgv",-0.0315951542899311,0.0315951542899311,0.37962037962038,1,1
"FR","V9","V19","ipbhprp","ipstrgv",-0.0320896218081747,0.0320896218081747,0.383616383616384,1,1
"FR","V1","V21","impdiff","ipudrst",-0.0268795582620484,0.0268795582620484,0.420579420579421,1,1
"FR","V1","V6","impdiff","impsafe",0.0263177008299291,0.0263177008299291,0.425574425574426,1,1
"FR","V5","V12","imprich","ipfrule",-0.0411147349986751,0.0411147349986751,0.444555444555445,1,1
"FR","V8","V18","ipadvnt","ipshabt",-0.0261877228353572,0.0261877228353572,0.454545454545455,1,1
"FR","V6","V12","impsafe","ipfrule",-0.0352904252286051,0.0352904252286051,0.467532467532468,1,1
"FR","V5","V8","imprich","ipadvnt",-0.025913056327597,0.025913056327597,0.475524475524476,1,1
"FR","V5","V16","imprich","ipmodst",0.0410719723926485,0.0410719723926485,0.481518481518482,1,1
"FR","V7","V19","imptrad","ipstrgv",-0.0247012143393053,0.0247012143393053,0.496503496503497,1,1
"FR","V16","V21","ipmodst","ipudrst",0.0246209404221639,0.0246209404221639,0.508491508491508,1,1
"FR","V1","V18","impdiff","ipshabt",0.0218656940944824,0.0218656940944824,0.509490509490509,1,1
"FR","V5","V18","imprich","ipshabt",0.0204618128285981,0.0204618128285981,0.526473526473527,1,1
"FR","V2","V13","impenv","ipgdtim",-0.0258999020167793,0.0258999020167793,0.543456543456543,1,1
"FR","V6","V18","impsafe","ipshabt",0.0208520255999848,0.0208520255999848,0.543456543456543,1,1
"FR","V9","V15","ipbhprp","iplylfr",0.0221619509328364,0.0221619509328364,0.544455544455544,1,1
"FR","V6","V7","impsafe","imptrad",0.0215273297782353,0.0215273297782353,0.556443556443556,1,1
"FR","V11","V14","ipeqopt","iphlppl",0.0205586400189002,0.0205586400189002,0.561438561438561,1,1
"FR","V2","V21","impenv","ipudrst",-0.0224115380929923,0.0224115380929923,0.586413586413586,1,1
"FR","V16","V20","ipmodst","ipsuces",-0.0603487282639788,0.0603487282639788,0.615384615384615,1,1
"FR","V16","V19","ipmodst","ipstrgv",0.0293841292955208,0.0293841292955208,0.631368631368631,1,1
"FR","V2","V14","impenv","iphlppl",0.0219884269640634,0.0219884269640634,0.643356643356643,1,1
"FR","V5","V13","imprich","ipgdtim",0.0312429591454183,0.0312429591454183,0.65034965034965,1,1
"FR","V5","V6","imprich","impsafe",-0.031356620011638,0.031356620011638,0.666333666333666,1,1
"FR","V2","V16","impenv","ipmodst",-0.0154501222023493,0.0154501222023493,0.674325674325674,1,1
"FR","V1","V4","impdiff","impfun",-0.0149729498273647,0.0149729498273647,0.675324675324675,1,1
"FR","V13","V16","ipgdtim","ipmodst",0.0281523980479048,0.0281523980479048,0.68031968031968,1,1
"FR","V9","V16","ipbhprp","ipmodst",-0.0136804183189544,0.0136804183189544,0.685314685314685,1,1
"FR","V18","V20","ipshabt","ipsuces",-0.0141062310598246,0.0141062310598246,0.691308691308691,1,1
"FR","V14","V15","iphlppl","iplylfr",0.0139541632973062,0.0139541632973062,0.694305694305694,1,1
"FR","V6","V17","impsafe","iprspot",-0.0275373851880536,0.0275373851880536,0.697302697302697,1,1
"FR","V2","V9","impenv","ipbhprp",-0.0256517606501042,0.0256517606501042,0.708291708291708,1,1
"FR","V7","V15","imptrad","iplylfr",-0.0128808435248788,0.0128808435248788,0.725274725274725,1,1
"FR","V5","V10","imprich","ipcrtiv",-0.0227169888898662,0.0227169888898662,0.741258741258741,1,1
"FR","V4","V20","impfun","ipsuces",0.00960515878800425,0.00960515878800425,0.754245754245754,1,1
"FR","V10","V14","ipcrtiv","iphlppl",-0.00979260503882377,0.00979260503882377,0.755244755244755,1,1
"FR","V17","V20","iprspot","ipsuces",0.00977644056926924,0.00977644056926924,0.763236763236763,1,1
"FR","V1","V13","impdiff","ipgdtim",0.00890365840693747,0.00890365840693747,0.785214785214785,1,1
"FR","V9","V17","ipbhprp","iprspot",0.0102664740635215,0.0102664740635215,0.788211788211788,1,1
"FR","V2","V10","impenv","ipcrtiv",0.00866444072839197,0.00866444072839197,0.795204795204795,1,1
"FR","V11","V15","ipeqopt","iplylfr",-0.00973974944074565,0.00973974944074565,0.8001998001998,1,1
"FR","V1","V8","impdiff","ipadvnt",0.00738867073700411,0.00738867073700411,0.813186813186813,1,1
"FR","V7","V12","imptrad","ipfrule",-0.00810419265278542,0.00810419265278542,0.835164835164835,1,1
"FR","V7","V17","imptrad","iprspot",0.00647879337324622,0.00647879337324622,0.848151848151848,1,1
"FR","V15","V21","iplylfr","ipudrst",-0.00692660568590233,0.00692660568590233,0.865134865134865,1,1
"FR","V10","V18","ipcrtiv","ipshabt",-0.0043834533698412,0.0043834533698412,0.893106893106893,1,1
"FR","V4","V8","impfun","ipadvnt",0.00328137985619964,0.00328137985619964,0.912087912087912,1,1
"FR","V11","V16","ipeqopt","ipmodst",0.00348313693385518,0.00348313693385518,0.926073926073926,1,1
"FR","V5","V17","imprich","iprspot",0.00277181458630752,0.00277181458630752,0.939060939060939,1,1
"FR","V9","V12","ipbhprp","ipfrule",-0.0014235146670562,0.0014235146670562,0.955044955044955,1,1
"FR","V12","V20","ipfrule","ipsuces",0.00155525067006217,0.00155525067006217,0.969030969030969,1,1
"FR","V15","V16","iplylfr","ipmodst",-0.00122838497494863,0.00122838497494863,0.973026973026973,1,1
"FR","V11","V21","ipeqopt","ipudrst",0.000396416969845631,0.000396416969845631,0.985014985014985,1,1
"FR","V3","V14","impfree","iphlppl",-0.000369717232467204,0.000369717232467204,0.989010989010989,1,1
"FR","V13","V21","ipgdtim","ipudrst",-0.000214999419680253,0.000214999419680253,0.992007992007992,1,1
"FR","V14","V21","iphlppl","ipudrst",0.000362323722269825,0.000362323722269825,0.997002997002997,1,1
"FR","V2","V3","impenv","impfree",0,0,1,1,1
"FR","V2","V4","impenv","impfun",0,0,1,1,1
"FR","V3","V4","impfree","impfun",0,0,1,1,1
"FR","V1","V5","impdiff","imprich",0,0,1,1,1
"FR","V3","V5","impfree","imprich",0,0,1,1,1
"FR","V4","V5","impfun","imprich",0,0,1,1,1
"FR","V2","V6","impenv","impsafe",0,0,1,1,1
"FR","V3","V6","impfree","impsafe",0,0,1,1,1
"FR","V4","V6","impfun","impsafe",0,0,1,1,1
"FR","V1","V7","impdiff","imptrad",0,0,1,1,1
"FR","V3","V7","impfree","imptrad",0,0,1,1,1
"FR","V5","V7","imprich","imptrad",0,0,1,1,1
"FR","V2","V8","impenv","ipadvnt",0,0,1,1,1
"FR","V7","V8","imptrad","ipadvnt",0,0,1,1,1
"FR","V1","V9","impdiff","ipbhprp",0,0,1,1,1
"FR","V3","V9","impfree","ipbhprp",0,0,1,1,1
"FR","V4","V9","impfun","ipbhprp",0,0,1,1,1
"FR","V5","V9","imprich","ipbhprp",0,0,1,1,1
"FR","V8","V9","ipadvnt","ipbhprp",0,0,1,1,1
"FR","V4","V10","impfun","ipcrtiv",0,0,1,1,1
"FR","V6","V10","impsafe","ipcrtiv",0,0,1,1,1
"FR","V7","V10","imptrad","ipcrtiv",0,0,1,1,1
"FR","V9","V10","ipbhprp","ipcrtiv",0,0,1,1,1
"FR","V1","V11","impdiff","ipeqopt",0,0,1,1,1
"FR","V4","V11","impfun","ipeqopt",0,0,1,1,1
"FR","V5","V11","imprich","ipeqopt",0,0,1,1,1
"FR","V6","V11","impsafe","ipeqopt",0,0,1,1,1
"FR","V7","V11","imptrad","ipeqopt",0,0,1,1,1
"FR","V8","V11","ipadvnt","ipeqopt",0,0,1,1,1
"FR","V9","V11","ipbhprp","ipeqopt",0,0,1,1,1
"FR","V10","V11","ipcrtiv","ipeqopt",0,0,1,1,1
"FR","V1","V12","impdiff","ipfrule",0,0,1,1,1
"FR","V2","V12","impenv","ipfrule",0,0,1,1,1
"FR","V3","V12","impfree","ipfrule",0,0,1,1,1
"FR","V4","V12","impfun","ipfrule",0,0,1,1,1
"FR","V8","V12","ipadvnt","ipfrule",0,0,1,1,1
"FR","V10","V12","ipcrtiv","ipfrule",0,0,1,1,1
"FR","V11","V12","ipeqopt","ipfrule",0,0,1,1,1
"FR","V7","V13","imptrad","ipgdtim",0,0,1,1,1
"FR","V8","V13","ipadvnt","ipgdtim",0,0,1,1,1
"FR","V9","V13","ipbhprp","ipgdtim",0,0,1,1,1
"FR","V10","V13","ipcrtiv","ipgdtim",0,0,1,1,1
"FR","V12","V13","ipfrule","ipgdtim",0,0,1,1,1
"FR","V4","V14","impfun","iphlppl",0,0,1,1,1
"FR","V8","V14","ipadvnt","iphlppl",0,0,1,1,1
"FR","V9","V14","ipbhprp","iphlppl",0,0,1,1,1
"FR","V12","V14","ipfrule","iphlppl",0,0,1,1,1
"FR","V13","V14","ipgdtim","iphlppl",0,0,1,1,1
"FR","V3","V15","impfree","iplylfr",0,0,1,1,1
"FR","V5","V15","imprich","iplylfr",0,0,1,1,1
"FR","V8","V15","ipadvnt","iplylfr",0,0,1,1,1
"FR","V12","V15","ipfrule","iplylfr",0,0,1,1,1
"FR","V13","V15","ipgdtim","iplylfr",0,0,1,1,1
"FR","V1","V16","impdiff","ipmodst",0,0,1,1,1
"FR","V4","V16","impfun","ipmodst",0,0,1,1,1
"FR","V8","V16","ipadvnt","ipmodst",0,0,1,1,1
"FR","V10","V16","ipcrtiv","ipmodst",0,0,1,1,1
"FR","V12","V16","ipfrule","ipmodst",0,0,1,1,1
"FR","V1","V17","impdiff","iprspot",0,0,1,1,1
"FR","V2","V17","impenv","iprspot",0,0,1,1,1
"FR","V4","V17","impfun","iprspot",0,0,1,1,1
"FR","V8","V17","ipadvnt","iprspot",0,0,1,1,1
"FR","V10","V17","ipcrtiv","iprspot",0,0,1,1,1
"FR","V11","V17","ipeqopt","iprspot",0,0,1,1,1
"FR","V13","V17","ipgdtim","iprspot",0,0,1,1,1
"FR","V14","V17","iphlppl","iprspot",0,0,1,1,1
"FR","V16","V17","ipmodst","iprspot",0,0,1,1,1
"FR","V2","V18","impenv","ipshabt",0,0,1,1,1
"FR","V3","V18","impfree","ipshabt",0,0,1,1,1
"FR","V7","V18","imptrad","ipshabt",0,0,1,1,1
"FR","V9","V18","ipbhprp","ipshabt",0,0,1,1,1
"FR","V12","V18","ipfrule","ipshabt",0,0,1,1,1
"FR","V13","V18","ipgdtim","ipshabt",0,0,1,1,1
"FR","V14","V18","iphlppl","ipshabt",0,0,1,1,1
"FR","V15","V18","iplylfr","ipshabt",0,0,1,1,1
"FR","V1","V19","impdiff","ipstrgv",0,0,1,1,1
"FR","V4","V19","impfun","ipstrgv",0,0,1,1,1
"FR","V5","V19","imprich","ipstrgv",0,0,1,1,1
"FR","V8","V19","ipadvnt","ipstrgv",0,0,1,1,1
"FR","V10","V19","ipcrtiv","ipstrgv",0,0,1,1,1
"FR","V13","V19","ipgdtim","ipstrgv",0,0,1,1,1
"FR","V17","V19","iprspot","ipstrgv",0,0,1,1,1
"FR","V18","V19","ipshabt","ipstrgv",0,0,1,1,1
"FR","V1","V20","impdiff","ipsuces",0,0,1,1,1
"FR","V2","V20","impenv","ipsuces",0,0,1,1,1
"FR","V3","V20","impfree","ipsuces",0,0,1,1,1
"FR","V6","V20","impsafe","ipsuces",0,0,1,1,1
"FR","V7","V20","imptrad","ipsuces",0,0,1,1,1
"FR","V9","V20","ipbhprp","ipsuces",0,0,1,1,1
"FR","V10","V20","ipcrtiv","ipsuces",0,0,1,1,1
"FR","V11","V20","ipeqopt","ipsuces",0,0,1,1,1
"FR","V13","V20","ipgdtim","ipsuces",0,0,1,1,1
"FR","V14","V20","iphlppl","ipsuces",0,0,1,1,1
"FR","V15","V20","iplylfr","ipsuces",0,0,1,1,1
"FR","V19","V20","ipstrgv","ipsuces",0,0,1,1,1
"FR","V3","V21","impfree","ipudrst",0,0,1,1,1
"FR","V4","V21","impfun","ipudrst",0,0,1,1,1
"FR","V5","V21","imprich","ipudrst",0,0,1,1,1
"FR","V6","V21","impsafe","ipudrst",0,0,1,1,1
"FR","V7","V21","imptrad","ipudrst",0,0,1,1,1
"FR","V8","V21","ipadvnt","ipudrst",0,0,1,1,1
"FR","V9","V21","ipbhprp","ipudrst",0,0,1,1,1
"FR","V12","V21","ipfrule","ipudrst",0,0,1,1,1
"FR","V17","V21","iprspot","ipudrst",0,0,1,1,1
"FR","V18","V21","ipshabt","ipudrst",0,0,1,1,1
"FR","V20","V21","ipsuces","ipudrst",0,0,1,1,1
"GB","V8","V17","ipadvnt","iprspot",0.0358468410806479,0.0358468410806479,0.000999000999000999,0.20979020979021,1
"GB","V7","V11","imptrad","ipeqopt",-0.0968424774231784,0.0968424774231784,0.001998001998002,0.417582417582418,1
"GB","V2","V12","impenv","ipfrule",-0.038528325283605,0.038528325283605,0.003996003996004,0.831168831168831,1
"GB","V2","V3","impenv","impfree",0.0735415248660795,0.0735415248660795,0.010989010989011,1,1
"GB","V1","V14","impdiff","iphlppl",-0.0344191386529987,0.0344191386529987,0.010989010989011,1,1
"GB","V2","V20","impenv","ipsuces",0.0225393747814405,0.0225393747814405,0.015984015984016,1,1
"GB","V5","V14","imprich","iphlppl",0.0843839847578424,0.0843839847578424,0.028971028971029,1,1
"GB","V6","V9","impsafe","ipbhprp",-0.0857202875329381,0.0857202875329381,0.02997002997003,1,1
"GB","V5","V17","imprich","iprspot",-0.0661380853444695,0.0661380853444695,0.042957042957043,1,1
"GB","V1","V6","impdiff","impsafe",-0.0377553769436173,0.0377553769436173,0.048951048951049,1,1
"GB","V11","V18","ipeqopt","ipshabt",0.0554648998431207,0.0554648998431207,0.0549450549450549,1,1
"GB","V9","V11","ipbhprp","ipeqopt",0.0445214069348124,0.0445214069348124,0.0559440559440559,1,1
"GB","V14","V20","iphlppl","ipsuces",-0.0600352434072302,0.0600352434072302,0.0669330669330669,1,1
"GB","V4","V13","impfun","ipgdtim",-0.0616057165375145,0.0616057165375145,0.0849150849150849,1,1
"GB","V3","V20","impfree","ipsuces",-0.0174610116045014,0.0174610116045014,0.103896103896104,1,1
"GB","V2","V11","impenv","ipeqopt",0.0769405397405379,0.0769405397405379,0.105894105894106,1,1
"GB","V10","V13","ipcrtiv","ipgdtim",0.0580925543579048,0.0580925543579048,0.105894105894106,1,1
"GB","V3","V10","impfree","ipcrtiv",-0.0697627056493585,0.0697627056493585,0.110889110889111,1,1
"GB","V3","V11","impfree","ipeqopt",0.0496616612564656,0.0496616612564656,0.112887112887113,1,1
"GB","V10","V21","ipcrtiv","ipudrst",-0.0656687274772022,0.0656687274772022,0.123876123876124,1,1
"GB","V17","V19","iprspot","ipstrgv",0.0277660538344198,0.0277660538344198,0.137862137862138,1,1
"GB","V19","V20","ipstrgv","ipsuces",-0.0552203288893687,0.0552203288893687,0.142857142857143,1,1
"GB","V6","V12","impsafe","ipfrule",0.0533879227973908,0.0533879227973908,0.156843156843157,1,1
"GB","V6","V18","impsafe","ipshabt",-0.0566317553894853,0.0566317553894853,0.158841158841159,1,1
"GB","V10","V20","ipcrtiv","ipsuces",-0.0445300114077413,0.0445300114077413,0.15984015984016,1,1
"GB","V11","V15","ipeqopt","iplylfr",0.0257420646767738,0.0257420646767738,0.161838161838162,1,1
"GB","V10","V11","ipcrtiv","ipeqopt",-0.0340580065919292,0.0340580065919292,0.175824175824176,1,1
"GB","V9","V19","ipbhprp","ipstrgv",0.057245131747987,0.057245131747987,0.175824175824176,1,1
"GB","V13","V18","ipgdtim","ipshabt",0.049997733803975,0.049997733803975,0.198801198801199,1,1
"GB","V17","V18","iprspot","ipshabt",0.0513695414049077,0.0513695414049077,0.21978021978022,1,1
"GB","V5","V10","imprich","ipcrtiv",-0.0415514641140146,0.0415514641140146,0.22977022977023,1,1
"GB","V2","V5","impenv","imprich",-0.0361751011874923,0.0361751011874923,0.23976023976024,1,1
"GB","V8","V10","ipadvnt","ipcrtiv",-0.04526139972165,0.04526139972165,0.258741258741259,1,1
"GB","V1","V11","impdiff","ipeqopt",-0.0372439605596659,0.0372439605596659,0.267732267732268,1,1
"GB","V14","V16","iphlppl","ipmodst",-0.0628901229060523,0.0628901229060523,0.26973026973027,1,1
"GB","V1","V4","impdiff","impfun",-0.0435289233972826,0.0435289233972826,0.272727272727273,1,1
"GB","V9","V17","ipbhprp","iprspot",-0.0440312379691259,0.0440312379691259,0.276723276723277,1,1
"GB","V9","V12","ipbhprp","ipfrule",0.039614466283799,0.039614466283799,0.291708291708292,1,1
"GB","V14","V15","iphlppl","iplylfr",-0.0471789497030886,0.0471789497030886,0.296703296703297,1,1
"GB","V8","V20","ipadvnt","ipsuces",-0.04006707751459,0.04006707751459,0.306693306693307,1,1
"GB","V1","V21","impdiff","ipudrst",-0.0376323279450012,0.0376323279450012,0.318681318681319,1,1
"GB","V8","V9","ipadvnt","ipbhprp",0.0463681825352877,0.0463681825352877,0.323676323676324,1,1
"GB","V1","V18","impdiff","ipshabt",-0.0498709199131608,0.0498709199131608,0.335664335664336,1,1
"GB","V6","V8","impsafe","ipadvnt",0.0538544327284205,0.0538544327284205,0.3996003996004,1,1
"GB","V10","V18","ipcrtiv","ipshabt",-0.0402229126944518,0.0402229126944518,0.413586413586414,1,1
"GB","V7","V12","imptrad","ipfrule",-0.0290435997827578,0.0290435997827578,0.422577422577423,1,1
"GB","V15","V17","iplylfr","iprspot",-0.0313475271902154,0.0313475271902154,0.423576423576424,1,1
"GB","V11","V21","ipeqopt","ipudrst",-0.0329020510743114,0.0329020510743114,0.424575424575425,1,1
"GB","V18","V20","ipshabt","ipsuces",0.0309167430183383,0.0309167430183383,0.428571428571429,1,1
"GB","V1","V2","impdiff","impenv",-0.0161042058412524,0.0161042058412524,0.430569430569431,1,1
"GB","V14","V21","iphlppl","ipudrst",0.0337153118362852,0.0337153118362852,0.433566433566434,1,1
"GB","V7","V19","imptrad","ipstrgv",-0.0281201602673316,0.0281201602673316,0.45954045954046,1,1
"GB","V2","V15","impenv","iplylfr",0.0314299519789916,0.0314299519789916,0.478521478521479,1,1
"GB","V9","V16","ipbhprp","ipmodst",-0.0278844327433062,0.0278844327433062,0.502497502497502,1,1
"GB","V8","V13","ipadvnt","ipgdtim",-0.0282950512169694,0.0282950512169694,0.514485514485514,1,1
"GB","V4","V15","impfun","iplylfr",-0.0241153894221679,0.0241153894221679,0.527472527472527,1,1
"GB","V2","V19","impenv","ipstrgv",-0.0306267186300999,0.0306267186300999,0.532467532467532,1,1
"GB","V17","V20","iprspot","ipsuces",-0.0246804255107777,0.0246804255107777,0.545454545454545,1,1
"GB","V6","V19","impsafe","ipstrgv",-0.0239384854924258,0.0239384854924258,0.55044955044955,1,1
"GB","V7","V17","imptrad","iprspot",0.0257917302108792,0.0257917302108792,0.552447552447552,1,1
"GB","V5","V20","imprich","ipsuces",-0.0251290924712401,0.0251290924712401,0.552447552447552,1,1
"GB","V2","V21","impenv","ipudrst",0.0276779476832493,0.0276779476832493,0.559440559440559,1,1
"GB","V7","V9","imptrad","ipbhprp",0.0207050651198694,0.0207050651198694,0.602397602397602,1,1
"GB","V5","V13","imprich","ipgdtim",-0.0207055561812943,0.0207055561812943,0.607392607392607,1,1
"GB","V5","V8","imprich","ipadvnt",-0.0218816009335895,0.0218816009335895,0.614385614385614,1,1
"GB","V12","V19","ipfrule","ipstrgv",0.0271076077514259,0.0271076077514259,0.629370629370629,1,1
"GB","V4","V7","impfun","imptrad",-0.0187196324956102,0.0187196324956102,0.667332667332667,1,1
"GB","V10","V14","ipcrtiv","iphlppl",-0.0158011951435608,0.0158011951435608,0.683316683316683,1,1
"GB","V2","V10","impenv","ipcrtiv",-0.0144485091981583,0.0144485091981583,0.708291708291708,1,1
"GB","V15","V21","iplylfr","ipudrst",0.0157703229112579,0.0157703229112579,0.712287712287712,1,1
"GB","V16","V21","ipmodst","ipudrst",-0.0137107622323335,0.0137107622323335,0.739260739260739,1,1
"GB","V5","V18","imprich","ipshabt",0.0129381389724177,0.0129381389724177,0.743256743256743,1,1
"GB","V4","V19","impfun","ipstrgv",0.016192448066478,0.016192448066478,0.749250749250749,1,1
"GB","V9","V15","ipbhprp","iplylfr",0.013142859533553,0.013142859533553,0.762237762237762,1,1
"GB","V2","V14","impenv","iphlppl",0.0139113601400487,0.0139113601400487,0.783216783216783,1,1
"GB","V6","V15","impsafe","iplylfr",-0.021384108924827,0.021384108924827,0.787212787212787,1,1
"GB","V13","V20","ipgdtim","ipsuces",-0.00957430031838423,0.00957430031838423,0.803196803196803,1,1
"GB","V11","V14","ipeqopt","iphlppl",-0.0105528891506961,0.0105528891506961,0.812187812187812,1,1
"GB","V9","V14","ipbhprp","iphlppl",-0.0131694279537031,0.0131694279537031,0.825174825174825,1,1
"GB","V15","V16","iplylfr","ipmodst",0.00765915225131988,0.00765915225131988,0.838161838161838,1,1
"GB","V4","V8","impfun","ipadvnt",0.00831023236412926,0.00831023236412926,0.846153846153846,1,1
"GB","V12","V17","ipfrule","iprspot",-0.00733723836915276,0.00733723836915276,0.857142857142857,1,1
"GB","V1","V8","impdiff","ipadvnt",0.00588182061016423,0.00588182061016423,0.862137862137862,1,1
"GB","V3","V13","impfree","ipgdtim",0.0118915058181746,0.0118915058181746,0.864135864135864,1,1
"GB","V3","V19","impfree","ipstrgv",0.00886456956225778,0.00886456956225778,0.87012987012987,1,1
"GB","V6","V16","impsafe","ipmodst",-0.00556531064379887,0.00556531064379887,0.878121878121878,1,1
"GB","V15","V19","iplylfr","ipstrgv",0.00570176097870356,0.00570176097870356,0.884115884115884,1,1
"GB","V11","V16","ipeqopt","ipmodst",0.00914142526118707,0.00914142526118707,0.893106893106893,1,1
"GB","V6","V14","impsafe","iphlppl",-0.00880242177568435,0.00880242177568435,0.902097902097902,1,1
"GB","V2","V7","impenv","imptrad",-0.00551272515338325,0.00551272515338325,0.907092907092907,1,1
"GB","V3","V8","impfree","ipadvnt",0.00323234156452763,0.00323234156452763,0.933066933066933,1,1
"GB","V1","V10","impdiff","ipcrtiv",-0.00291504743479318,0.00291504743479318,0.936063936063936,1,1
"GB","V3","V14","impfree","iphlppl",-0.00311816339420912,0.00311816339420912,0.937062937062937,1,1
"GB","V13","V17","ipgdtim","iprspot",0.00458833499815749,0.00458833499815749,0.958041958041958,1,1
"GB","V7","V15","imptrad","iplylfr",-0.00186389889185516,0.00186389889185516,0.965034965034965,1,1
"GB","V1","V13","impdiff","ipgdtim",-0.00100007825095567,0.00100007825095567,0.991008991008991,1,1
"GB","V1","V3","impdiff","impfree",0,0,1,1,1
"GB","V2","V4","impenv","impfun",0,0,1,1,1
"GB","V3","V4","impfree","impfun",0,0,1,1,1
"GB","V1","V5","impdiff","imprich",0,0,1,1,1
"GB","V3","V5","impfree","imprich",0,0,1,1,1
"GB","V4","V5","impfun","imprich",0,0,1,1,1
"GB","V2","V6","impenv","impsafe",0,0,1,1,1
"GB","V3","V6","impfree","impsafe",0,0,1,1,1
"GB","V4","V6","impfun","impsafe",0,0,1,1,1
"GB","V5","V6","imprich","impsafe",0,0,1,1,1
"GB","V1","V7","impdiff","imptrad",0,0,1,1,1
"GB","V3","V7","impfree","imptrad",0,0,1,1,1
"GB","V5","V7","imprich","imptrad",0,0,1,1,1
"GB","V6","V7","impsafe","imptrad",0,0,1,1,1
"GB","V2","V8","impenv","ipadvnt",0,0,1,1,1
"GB","V7","V8","imptrad","ipadvnt",0,0,1,1,1
"GB","V1","V9","impdiff","ipbhprp",0,0,1,1,1
"GB","V2","V9","impenv","ipbhprp",0,0,1,1,1
"GB","V3","V9","impfree","ipbhprp",0,0,1,1,1
"GB","V4","V9","impfun","ipbhprp",0,0,1,1,1
"GB","V5","V9","imprich","ipbhprp",0,0,1,1,1
"GB","V4","V10","impfun","ipcrtiv",0,0,1,1,1
"GB","V6","V10","impsafe","ipcrtiv",0,0,1,1,1
"GB","V7","V10","imptrad","ipcrtiv",0,0,1,1,1
"GB","V9","V10","ipbhprp","ipcrtiv",0,0,1,1,1
"GB","V4","V11","impfun","ipeqopt",0,0,1,1,1
"GB","V5","V11","imprich","ipeqopt",0,0,1,1,1
"GB","V6","V11","impsafe","ipeqopt",0,0,1,1,1
"GB","V8","V11","ipadvnt","ipeqopt",0,0,1,1,1
"GB","V1","V12","impdiff","ipfrule",0,0,1,1,1
"GB","V3","V12","impfree","ipfrule",0,0,1,1,1
"GB","V4","V12","impfun","ipfrule",0,0,1,1,1
"GB","V5","V12","imprich","ipfrule",0,0,1,1,1
"GB","V8","V12","ipadvnt","ipfrule",0,0,1,1,1
"GB","V10","V12","ipcrtiv","ipfrule",0,0,1,1,1
"GB","V11","V12","ipeqopt","ipfrule",0,0,1,1,1
"GB","V2","V13","impenv","ipgdtim",0,0,1,1,1
"GB","V6","V13","impsafe","ipgdtim",0,0,1,1,1
"GB","V7","V13","imptrad","ipgdtim",0,0,1,1,1
"GB","V9","V13","ipbhprp","ipgdtim",0,0,1,1,1
"GB","V11","V13","ipeqopt","ipgdtim",0,0,1,1,1
"GB","V12","V13","ipfrule","ipgdtim",0,0,1,1,1
"GB","V4","V14","impfun","iphlppl",0,0,1,1,1
"GB","V7","V14","imptrad","iphlppl",0,0,1,1,1
"GB","V8","V14","ipadvnt","iphlppl",0,0,1,1,1
"GB","V12","V14","ipfrule","iphlppl",0,0,1,1,1
"GB","V13","V14","ipgdtim","iphlppl",0,0,1,1,1
"GB","V1","V15","impdiff","iplylfr",0,0,1,1,1
"GB","V3","V15","impfree","iplylfr",0,0,1,1,1
"GB","V5","V15","imprich","iplylfr",0,0,1,1,1
"GB","V8","V15","ipadvnt","iplylfr",0,0,1,1,1
"GB","V10","V15","ipcrtiv","iplylfr",0,0,1,1,1
"GB","V12","V15","ipfrule","iplylfr",0,0,1,1,1
"GB","V13","V15","ipgdtim","iplylfr",0,0,1,1,1
"GB","V1","V16","impdiff","ipmodst",0,0,1,1,1
"GB","V2","V16","impenv","ipmodst",0,0,1,1,1
"GB","V3","V16","impfree","ipmodst",0,0,1,1,1
"GB","V4","V16","impfun","ipmodst",0,0,1,1,1
"GB","V5","V16","imprich","ipmodst",0,0,1,1,1
"GB","V7","V16","imptrad","ipmodst",0,0,1,1,1
"GB","V8","V16","ipadvnt","ipmodst",0,0,1,1,1
"GB","V10","V16","ipcrtiv","ipmodst",0,0,1,1,1
"GB","V12","V16","ipfrule","ipmodst",0,0,1,1,1
"GB","V13","V16","ipgdtim","ipmodst",0,0,1,1,1
"GB","V1","V17","impdiff","iprspot",0,0,1,1,1
"GB","V2","V17","impenv","iprspot",0,0,1,1,1
"GB","V3","V17","impfree","iprspot",0,0,1,1,1
"GB","V4","V17","impfun","iprspot",0,0,1,1,1
"GB","V6","V17","impsafe","iprspot",0,0,1,1,1
"GB","V10","V17","ipcrtiv","iprspot",0,0,1,1,1
"GB","V11","V17","ipeqopt","iprspot",0,0,1,1,1
"GB","V14","V17","iphlppl","iprspot",0,0,1,1,1
"GB","V16","V17","ipmodst","iprspot",0,0,1,1,1
"GB","V2","V18","impenv","ipshabt",0,0,1,1,1
"GB","V3","V18","impfree","ipshabt",0,0,1,1,1
"GB","V4","V18","impfun","ipshabt",0,0,1,1,1
"GB","V7","V18","imptrad","ipshabt",0,0,1,1,1
"GB","V8","V18","ipadvnt","ipshabt",0,0,1,1,1
"GB","V9","V18","ipbhprp","ipshabt",0,0,1,1,1
"GB","V12","V18","ipfrule","ipshabt",0,0,1,1,1
"GB","V14","V18","iphlppl","ipshabt",0,0,1,1,1
"GB","V15","V18","iplylfr","ipshabt",0,0,1,1,1
"GB","V16","V18","ipmodst","ipshabt",0,0,1,1,1
"GB","V1","V19","impdiff","ipstrgv",0,0,1,1,1
"GB","V5","V19","imprich","ipstrgv",0,0,1,1,1
"GB","V8","V19","ipadvnt","ipstrgv",0,0,1,1,1
"GB","V10","V19","ipcrtiv","ipstrgv",0,0,1,1,1
"GB","V11","V19","ipeqopt","ipstrgv",0,0,1,1,1
"GB","V13","V19","ipgdtim","ipstrgv",0,0,1,1,1
"GB","V14","V19","iphlppl","ipstrgv",0,0,1,1,1
"GB","V16","V19","ipmodst","ipstrgv",0,0,1,1,1
"GB","V18","V19","ipshabt","ipstrgv",0,0,1,1,1
"GB","V1","V20","impdiff","ipsuces",0,0,1,1,1
"GB","V4","V20","impfun","ipsuces",0,0,1,1,1
"GB","V6","V20","impsafe","ipsuces",0,0,1,1,1
"GB","V7","V20","imptrad","ipsuces",0,0,1,1,1
"GB","V9","V20","ipbhprp","ipsuces",0,0,1,1,1
"GB","V11","V20","ipeqopt","ipsuces",0,0,1,1,1
"GB","V12","V20","ipfrule","ipsuces",0,0,1,1,1
"GB","V15","V20","iplylfr","ipsuces",0,0,1,1,1
"GB","V16","V20","ipmodst","ipsuces",0,0,1,1,1
"GB","V3","V21","impfree","ipudrst",0,0,1,1,1
"GB","V4","V21","impfun","ipudrst",0,0,1,1,1
"GB","V5","V21","imprich","ipudrst",0,0,1,1,1
"GB","V6","V21","impsafe","ipudrst",0,0,1,1,1
"GB","V7","V21","imptrad","ipudrst",0,0,1,1,1
"GB","V8","V21","ipadvnt","ipudrst",0,0,1,1,1
"GB","V9","V21","ipbhprp","ipudrst",0,0,1,1,1
"GB","V12","V21","ipfrule","ipudrst",0,0,1,1,1
"GB","V13","V21","ipgdtim","ipudrst",0,0,1,1,1
"GB","V17","V21","iprspot","ipudrst",0,0,1,1,1
"GB","V18","V21","ipshabt","ipudrst",0,0,1,1,1
"GB","V19","V21","ipstrgv","ipudrst",0,0,1,1,1
"GB","V20","V21","ipsuces","ipudrst",0,0,1,1,1
"HR","V13","V15","ipgdtim","iplylfr",0.0766949074841235,0.0766949074841235,0.000999000999000999,0.20979020979021,1
"HR","V7","V14","imptrad","iphlppl",0.0568036357282567,0.0568036357282567,0.00899100899100899,1,1
"HR","V2","V15","impenv","iplylfr",-0.124147311871672,0.124147311871672,0.012987012987013,1,1
"HR","V17","V18","iprspot","ipshabt",-0.0868841238658956,0.0868841238658956,0.016983016983017,1,1
"HR","V19","V21","ipstrgv","ipudrst",-0.108018197251693,0.108018197251693,0.020979020979021,1,1
"HR","V5","V8","imprich","ipadvnt",-0.0875770798012162,0.0875770798012162,0.022977022977023,1,1
"HR","V6","V7","impsafe","imptrad",0.0632243203218601,0.0632243203218601,0.026973026973027,1,1
"HR","V18","V20","ipshabt","ipsuces",0.0792455107812107,0.0792455107812107,0.03996003996004,1,1
"HR","V2","V9","impenv","ipbhprp",0.0896619501560454,0.0896619501560454,0.0549450549450549,1,1
"HR","V3","V14","impfree","iphlppl",-0.0801615486697327,0.0801615486697327,0.0549450549450549,1,1
"HR","V13","V18","ipgdtim","ipshabt",-0.0875711529175229,0.0875711529175229,0.0559440559440559,1,1
"HR","V6","V12","impsafe","ipfrule",-0.0510961401601105,0.0510961401601105,0.0589410589410589,1,1
"HR","V3","V10","impfree","ipcrtiv",-0.0878058130396577,0.0878058130396577,0.0629370629370629,1,1
"HR","V8","V16","ipadvnt","ipmodst",-0.0414236052384877,0.0414236052384877,0.0649350649350649,1,1
"HR","V9","V17","ipbhprp","iprspot",-0.0715133926058137,0.0715133926058137,0.0739260739260739,1,1
"HR","V10","V13","ipcrtiv","ipgdtim",0.0560559879802943,0.0560559879802943,0.0799200799200799,1,1
"HR","V6","V19","impsafe","ipstrgv",0.0784615494482227,0.0784615494482227,0.0799200799200799,1,1
"HR","V9","V14","ipbhprp","iphlppl",0.0518264905434456,0.0518264905434456,0.0839160839160839,1,1
"HR","V4","V12","impfun","ipfrule",-0.0326626875735214,0.0326626875735214,0.0869130869130869,1,1
"HR","V13","V14","ipgdtim","iphlppl",0.0289084753709824,0.0289084753709824,0.0999000999000999,1,1
"HR","V11","V21","ipeqopt","ipudrst",0.0741706681621303,0.0741706681621303,0.114885114885115,1,1
"HR","V6","V13","impsafe","ipgdtim",-0.0311284737020655,0.0311284737020655,0.125874125874126,1,1
"HR","V6","V18","impsafe","ipshabt",-0.0498794801837883,0.0498794801837883,0.133866133866134,1,1
"HR","V14","V20","iphlppl","ipsuces",-0.0550873992310172,0.0550873992310172,0.137862137862138,1,1
"HR","V5","V18","imprich","ipshabt",0.0504977281800322,0.0504977281800322,0.145854145854146,1,1
"HR","V3","V15","impfree","iplylfr",0.0598518086315956,0.0598518086315956,0.162837162837163,1,1
"HR","V12","V17","ipfrule","iprspot",0.0515475910723071,0.0515475910723071,0.167832167832168,1,1
"HR","V12","V19","ipfrule","ipstrgv",-0.0718545551010498,0.0718545551010498,0.175824175824176,1,1
"HR","V6","V17","impsafe","iprspot",-0.065395409977161,0.065395409977161,0.181818181818182,1,1
"HR","V4","V8","impfun","ipadvnt",0.0501925545660331,0.0501925545660331,0.182817182817183,1,1
"HR","V2","V21","impenv","ipudrst",0.0589291311155386,0.0589291311155386,0.184815184815185,1,1
"HR","V7","V19","imptrad","ipstrgv",-0.0580352948020947,0.0580352948020947,0.188811188811189,1,1
"HR","V4","V13","impfun","ipgdtim",-0.05329685053481,0.05329685053481,0.191808191808192,1,1
"HR","V3","V6","impfree","impsafe",-0.0535840220710768,0.0535840220710768,0.1998001998002,1,1
"HR","V4","V7","impfun","imptrad",-0.078854059420426,0.078854059420426,0.216783216783217,1,1
"HR","V6","V8","impsafe","ipadvnt",0.0664153943224018,0.0664153943224018,0.216783216783217,1,1
"HR","V1","V4","impdiff","impfun",-0.0484256894845422,0.0484256894845422,0.223776223776224,1,1
"HR","V15","V21","iplylfr","ipudrst",0.052447713354631,0.052447713354631,0.223776223776224,1,1
"HR","V5","V13","imprich","ipgdtim",-0.0591901517060889,0.0591901517060889,0.237762237762238,1,1
"HR","V9","V16","ipbhprp","ipmodst",-0.0500765722023207,0.0500765722023207,0.247752247752248,1,1
"HR","V5","V16","imprich","ipmodst",0.0446185739881151,0.0446185739881151,0.250749250749251,1,1
"HR","V6","V14","impsafe","iphlppl",-0.0651537465298258,0.0651537465298258,0.266733266733267,1,1
"HR","V14","V15","iphlppl","iplylfr",-0.0548589156210298,0.0548589156210298,0.270729270729271,1,1
"HR","V3","V21","impfree","ipudrst",0.045567176235817,0.045567176235817,0.275724275724276,1,1
"HR","V7","V9","imptrad","ipbhprp",-0.0478686595047295,0.0478686595047295,0.281718281718282,1,1
"HR","V13","V19","ipgdtim","ipstrgv",-0.0405758501886107,0.0405758501886107,0.313686313686314,1,1
"HR","V13","V21","ipgdtim","ipudrst",-0.03576000462948,0.03576000462948,0.345654345654346,1,1
"HR","V4","V20","impfun","ipsuces",0.036970128814755,0.036970128814755,0.354645354645355,1,1
"HR","V14","V21","iphlppl","ipudrst",0.0436519841779845,0.0436519841779845,0.365634365634366,1,1
"HR","V8","V10","ipadvnt","ipcrtiv",-0.0310889221978097,0.0310889221978097,0.395604395604396,1,1
"HR","V16","V19","ipmodst","ipstrgv",0.0240405711814846,0.0240405711814846,0.395604395604396,1,1
"HR","V2","V6","impenv","impsafe",-0.0417243941364937,0.0417243941364937,0.40959040959041,1,1
"HR","V3","V20","impfree","ipsuces",-0.0328342992702651,0.0328342992702651,0.411588411588412,1,1
"HR","V7","V8","imptrad","ipadvnt",-0.0530907028636411,0.0530907028636411,0.418581418581419,1,1
"HR","V5","V17","imprich","iprspot",-0.0521132689897775,0.0521132689897775,0.41958041958042,1,1
"HR","V7","V16","imptrad","ipmodst",0.0312167318127447,0.0312167318127447,0.432567432567433,1,1
"HR","V5","V14","imprich","iphlppl",-0.0405181233165078,0.0405181233165078,0.461538461538462,1,1
"HR","V2","V11","impenv","ipeqopt",0.0343915979359508,0.0343915979359508,0.485514485514486,1,1
"HR","V9","V19","ipbhprp","ipstrgv",0.0303346398855714,0.0303346398855714,0.491508491508492,1,1
"HR","V5","V11","imprich","ipeqopt",-0.0542383588342795,0.0542383588342795,0.500499500499501,1,1
"HR","V1","V12","impdiff","ipfrule",0.0284855578658056,0.0284855578658056,0.501498501498502,1,1
"HR","V7","V17","imptrad","iprspot",0.0237703255919961,0.0237703255919961,0.549450549450549,1,1
"HR","V2","V14","impenv","iphlppl",0.027296251620378,0.027296251620378,0.559440559440559,1,1
"HR","V2","V7","impenv","imptrad",0.0248188579337988,0.0248188579337988,0.568431568431568,1,1
"HR","V15","V19","iplylfr","ipstrgv",0.0281154099742217,0.0281154099742217,0.571428571428571,1,1
"HR","V1","V20","impdiff","ipsuces",-0.0205117960226996,0.0205117960226996,0.589410589410589,1,1
"HR","V16","V21","ipmodst","ipudrst",0.020583883585218,0.020583883585218,0.597402597402597,1,1
"HR","V11","V19","ipeqopt","ipstrgv",-0.0232707779078765,0.0232707779078765,0.608391608391608,1,1
"HR","V2","V3","impenv","impfree",-0.029198045754834,0.029198045754834,0.619380619380619,1,1
"HR","V1","V8","impdiff","ipadvnt",0.0145452889545334,0.0145452889545334,0.693306693306693,1,1
"HR","V14","V16","iphlppl","ipmodst",-0.0138495673632386,0.0138495673632386,0.701298701298701,1,1
"HR","V10","V14","ipcrtiv","iphlppl",0.0163396714073977,0.0163396714073977,0.704295704295704,1,1
"HR","V12","V16","ipfrule","ipmodst",-0.0158803121658096,0.0158803121658096,0.705294705294705,1,1
"HR","V6","V9","impsafe","ipbhprp",0.0155090791734419,0.0155090791734419,0.737262737262737,1,1
"HR","V1","V10","impdiff","ipcrtiv",0.0123521091766245,0.0123521091766245,0.749250749250749,1,1
"HR","V10","V21","ipcrtiv","ipudrst",0.0128869639390094,0.0128869639390094,0.763236763236763,1,1
"HR","V4","V10","impfun","ipcrtiv",0.0141998765002853,0.0141998765002853,0.768231768231768,1,1
"HR","V3","V13","impfree","ipgdtim",0.010061050088546,0.010061050088546,0.797202797202797,1,1
"HR","V1","V18","impdiff","ipshabt",0.00921031797797621,0.00921031797797621,0.807192807192807,1,1
"HR","V14","V19","iphlppl","ipstrgv",0.0100131253784174,0.0100131253784174,0.826173826173826,1,1
"HR","V2","V19","impenv","ipstrgv",-0.00965965435134696,0.00965965435134696,0.848151848151848,1,1
"HR","V17","V20","iprspot","ipsuces",0.00686294937288645,0.00686294937288645,0.862137862137862,1,1
"HR","V3","V19","impfree","ipstrgv",0.00711959592683819,0.00711959592683819,0.865134865134865,1,1
"HR","V9","V15","ipbhprp","iplylfr",-0.00774886041815137,0.00774886041815137,0.87012987012987,1,1
"HR","V13","V17","ipgdtim","iprspot",0.00901142005173364,0.00901142005173364,0.872127872127872,1,1
"HR","V10","V20","ipcrtiv","ipsuces",-0.00602878446590606,0.00602878446590606,0.872127872127872,1,1
"HR","V1","V13","impdiff","ipgdtim",0.00501288169214723,0.00501288169214723,0.897102897102897,1,1
"HR","V7","V12","imptrad","ipfrule",0.00412410906082956,0.00412410906082956,0.901098901098901,1,1
"HR","V11","V14","ipeqopt","iphlppl",0.00572769919803426,0.00572769919803426,0.903096903096903,1,1
"HR","V19","V20","ipstrgv","ipsuces",-0.00381935296055807,0.00381935296055807,0.907092907092907,1,1
"HR","V6","V15","impsafe","iplylfr",-0.00561144788970645,0.00561144788970645,0.909090909090909,1,1
"HR","V6","V11","impsafe","ipeqopt",0.00389125357127923,0.00389125357127923,0.939060939060939,1,1
"HR","V11","V15","ipeqopt","iplylfr",0.00331678708936647,0.00331678708936647,0.948051948051948,1,1
"HR","V8","V20","ipadvnt","ipsuces",-0.00212281939711437,0.00212281939711437,0.962037962037962,1,1
"HR","V3","V11","impfree","ipeqopt",0.00159192346632457,0.00159192346632457,0.974025974025974,1,1
"HR","V5","V20","imprich","ipsuces",0.000462365534643891,0.000462365534643891,0.984015984015984,1,1
"HR","V13","V20","ipgdtim","ipsuces",0.000453296927911379,0.000453296927911379,0.991008991008991,1,1
"HR","V1","V2","impdiff","impenv",0,0,1,1,1
"HR","V1","V3","impdiff","impfree",0,0,1,1,1
"HR","V2","V4","impenv","impfun",0,0,1,1,1
"HR","V3","V4","impfree","impfun",0,0,1,1,1
"HR","V1","V5","impdiff","imprich",0,0,1,1,1
"HR","V2","V5","impenv","imprich",0,0,1,1,1
"HR","V3","V5","impfree","imprich",0,0,1,1,1
"HR","V4","V5","impfun","imprich",0,0,1,1,1
"HR","V1","V6","impdiff","impsafe",0,0,1,1,1
"HR","V4","V6","impfun","impsafe",0,0,1,1,1
"HR","V5","V6","imprich","impsafe",0,0,1,1,1
"HR","V1","V7","impdiff","imptrad",0,0,1,1,1
"HR","V3","V7","impfree","imptrad",0,0,1,1,1
"HR","V5","V7","imprich","imptrad",0,0,1,1,1
"HR","V2","V8","impenv","ipadvnt",0,0,1,1,1
"HR","V3","V8","impfree","ipadvnt",0,0,1,1,1
"HR","V1","V9","impdiff","ipbhprp",0,0,1,1,1
"HR","V3","V9","impfree","ipbhprp",0,0,1,1,1
"HR","V4","V9","impfun","ipbhprp",0,0,1,1,1
"HR","V5","V9","imprich","ipbhprp",0,0,1,1,1
"HR","V8","V9","ipadvnt","ipbhprp",0,0,1,1,1
"HR","V2","V10","impenv","ipcrtiv",0,0,1,1,1
"HR","V5","V10","imprich","ipcrtiv",0,0,1,1,1
"HR","V6","V10","impsafe","ipcrtiv",0,0,1,1,1
"HR","V7","V10","imptrad","ipcrtiv",0,0,1,1,1
"HR","V9","V10","ipbhprp","ipcrtiv",0,0,1,1,1
"HR","V1","V11","impdiff","ipeqopt",0,0,1,1,1
"HR","V4","V11","impfun","ipeqopt",0,0,1,1,1
"HR","V7","V11","imptrad","ipeqopt",0,0,1,1,1
"HR","V8","V11","ipadvnt","ipeqopt",0,0,1,1,1
"HR","V9","V11","ipbhprp","ipeqopt",0,0,1,1,1
"HR","V10","V11","ipcrtiv","ipeqopt",0,0,1,1,1
"HR","V2","V12","impenv","ipfrule",0,0,1,1,1
"HR","V3","V12","impfree","ipfrule",0,0,1,1,1
"HR","V5","V12","imprich","ipfrule",0,0,1,1,1
"HR","V8","V12","ipadvnt","ipfrule",0,0,1,1,1
"HR","V9","V12","ipbhprp","ipfrule",0,0,1,1,1
"HR","V10","V12","ipcrtiv","ipfrule",0,0,1,1,1
"HR","V11","V12","ipeqopt","ipfrule",0,0,1,1,1
"HR","V2","V13","impenv","ipgdtim",0,0,1,1,1
"HR","V7","V13","imptrad","ipgdtim",0,0,1,1,1
"HR","V8","V13","ipadvnt","ipgdtim",0,0,1,1,1
"HR","V9","V13","ipbhprp","ipgdtim",0,0,1,1,1
"HR","V11","V13","ipeqopt","ipgdtim",0,0,1,1,1
"HR","V12","V13","ipfrule","ipgdtim",0,0,1,1,1
"HR","V1","V14","impdiff","iphlppl",0,0,1,1,1
"HR","V4","V14","impfun","iphlppl",0,0,1,1,1
"HR","V8","V14","ipadvnt","iphlppl",0,0,1,1,1
"HR","V12","V14","ipfrule","iphlppl",0,0,1,1,1
"HR","V1","V15","impdiff","iplylfr",0,0,1,1,1
"HR","V4","V15","impfun","iplylfr",0,0,1,1,1
"HR","V5","V15","imprich","iplylfr",0,0,1,1,1
"HR","V7","V15","imptrad","iplylfr",0,0,1,1,1
"HR","V8","V15","ipadvnt","iplylfr",0,0,1,1,1
"HR","V10","V15","ipcrtiv","iplylfr",0,0,1,1,1
"HR","V12","V15","ipfrule","iplylfr",0,0,1,1,1
"HR","V1","V16","impdiff","ipmodst",0,0,1,1,1
"HR","V2","V16","impenv","ipmodst",0,0,1,1,1
"HR","V3","V16","impfree","ipmodst",0,0,1,1,1
"HR","V4","V16","impfun","ipmodst",0,0,1,1,1
"HR","V6","V16","impsafe","ipmodst",0,0,1,1,1
"HR","V10","V16","ipcrtiv","ipmodst",0,0,1,1,1
"HR","V11","V16","ipeqopt","ipmodst",0,0,1,1,1
"HR","V13","V16","ipgdtim","ipmodst",0,0,1,1,1
"HR","V15","V16","iplylfr","ipmodst",0,0,1,1,1
"HR","V1","V17","impdiff","iprspot",0,0,1,1,1
"HR","V2","V17","impenv","iprspot",0,0,1,1,1
"HR","V3","V17","impfree","iprspot",0,0,1,1,1
"HR","V4","V17","impfun","iprspot",0,0,1,1,1
"HR","V8","V17","ipadvnt","iprspot",0,0,1,1,1
"HR","V10","V17","ipcrtiv","iprspot",0,0,1,1,1
"HR","V11","V17","ipeqopt","iprspot",0,0,1,1,1
"HR","V14","V17","iphlppl","iprspot",0,0,1,1,1
"HR","V15","V17","iplylfr","iprspot",0,0,1,1,1
"HR","V16","V17","ipmodst","iprspot",0,0,1,1,1
"HR","V2","V18","impenv","ipshabt",0,0,1,1,1
"HR","V3","V18","impfree","ipshabt",0,0,1,1,1
"HR","V4","V18","impfun","ipshabt",0,0,1,1,1
"HR","V7","V18","imptrad","ipshabt",0,0,1,1,1
"HR","V8","V18","ipadvnt","ipshabt",0,0,1,1,1
"HR","V9","V18","ipbhprp","ipshabt",0,0,1,1,1
"HR","V10","V18","ipcrtiv","ipshabt",0,0,1,1,1
"HR","V11","V18","ipeqopt","ipshabt",0,0,1,1,1
"HR","V12","V18","ipfrule","ipshabt",0,0,1,1,1
"HR","V14","V18","iphlppl","ipshabt",0,0,1,1,1
"HR","V15","V18","iplylfr","ipshabt",0,0,1,1,1
"HR","V16","V18","ipmodst","ipshabt",0,0,1,1,1
"HR","V1","V19","impdiff","ipstrgv",0,0,1,1,1
"HR","V4","V19","impfun","ipstrgv",0,0,1,1,1
"HR","V5","V19","imprich","ipstrgv",0,0,1,1,1
"HR","V8","V19","ipadvnt","ipstrgv",0,0,1,1,1
"HR","V10","V19","ipcrtiv","ipstrgv",0,0,1,1,1
"HR","V17","V19","iprspot","ipstrgv",0,0,1,1,1
"HR","V18","V19","ipshabt","ipstrgv",0,0,1,1,1
"HR","V2","V20","impenv","ipsuces",0,0,1,1,1
"HR","V6","V20","impsafe","ipsuces",0,0,1,1,1
"HR","V7","V20","imptrad","ipsuces",0,0,1,1,1
"HR","V9","V20","ipbhprp","ipsuces",0,0,1,1,1
"HR","V11","V20","ipeqopt","ipsuces",0,0,1,1,1
"HR","V12","V20","ipfrule","ipsuces",0,0,1,1,1
"HR","V15","V20","iplylfr","ipsuces",0,0,1,1,1
"HR","V16","V20","ipmodst","ipsuces",0,0,1,1,1
"HR","V1","V21","impdiff","ipudrst",0,0,1,1,1
"HR","V4","V21","impfun","ipudrst",0,0,1,1,1
"HR","V5","V21","imprich","ipudrst",0,0,1,1,1
"HR","V6","V21","impsafe","ipudrst",0,0,1,1,1
"HR","V7","V21","imptrad","ipudrst",0,0,1,1,1
"HR","V8","V21","ipadvnt","ipudrst",0,0,1,1,1
"HR","V9","V21","ipbhprp","ipudrst",0,0,1,1,1
"HR","V12","V21","ipfrule","ipudrst",0,0,1,1,1
"HR","V17","V21","iprspot","ipudrst",0,0,1,1,1
"HR","V18","V21","ipshabt","ipudrst",0,0,1,1,1
"HR","V20","V21","ipsuces","ipudrst",0,0,1,1,1
"HU","V8","V15","ipadvnt","iplylfr",0.0946338868726124,0.0946338868726124,0.000999000999000999,0.20979020979021,1
"HU","V9","V19","ipbhprp","ipstrgv",0.181445914331368,0.181445914331368,0.000999000999000999,0.20979020979021,1
"HU","V13","V21","ipgdtim","ipudrst",0.0474460257280576,0.0474460257280576,0.001998001998002,0.415584415584416,1
"HU","V5","V15","imprich","iplylfr",-0.0485687653605829,0.0485687653605829,0.003996003996004,0.827172827172827,1
"HU","V5","V21","imprich","ipudrst",-0.0309945490247051,0.0309945490247051,0.004995004995005,1,1
"HU","V6","V19","impsafe","ipstrgv",0.10199533691337,0.10199533691337,0.00999000999000999,1,1
"HU","V10","V21","ipcrtiv","ipudrst",0.0864040083256647,0.0864040083256647,0.00999000999000999,1,1
"HU","V7","V19","imptrad","ipstrgv",-0.0805982177375204,0.0805982177375204,0.010989010989011,1,1
"HU","V6","V9","impsafe","ipbhprp",-0.0972754057150785,0.0972754057150785,0.012987012987013,1,1
"HU","V4","V20","impfun","ipsuces",0.101798637245925,0.101798637245925,0.015984015984016,1,1
"HU","V8","V17","ipadvnt","iprspot",0.0741476004216181,0.0741476004216181,0.020979020979021,1,1
"HU","V6","V8","impsafe","ipadvnt",-0.0728978562360357,0.0728978562360357,0.022977022977023,1,1
"HU","V7","V8","imptrad","ipadvnt",-0.0808794183671689,0.0808794183671689,0.023976023976024,1,1
"HU","V11","V21","ipeqopt","ipudrst",0.0853989019483378,0.0853989019483378,0.026973026973027,1,1
"HU","V4","V8","impfun","ipadvnt",0.0727154311145344,0.0727154311145344,0.027972027972028,1,1
"HU","V5","V20","imprich","ipsuces",-0.0776229149294195,0.0776229149294195,0.02997002997003,1,1
"HU","V13","V18","ipgdtim","ipshabt",-0.081928860300383,0.081928860300383,0.044955044955045,1,1
"HU","V19","V21","ipstrgv","ipudrst",-0.081533165483269,0.081533165483269,0.047952047952048,1,1
"HU","V1","V20","impdiff","ipsuces",0.0737833504763612,0.0737833504763612,0.0549450549450549,1,1
"HU","V1","V4","impdiff","impfun",-0.0690905323355624,0.0690905323355624,0.0669330669330669,1,1
"HU","V9","V15","ipbhprp","iplylfr",0.0686264683315703,0.0686264683315703,0.0759240759240759,1,1
"HU","V7","V10","imptrad","ipcrtiv",-0.0324367724454171,0.0324367724454171,0.0839160839160839,1,1
"HU","V7","V14","imptrad","iphlppl",-0.0502407224930348,0.0502407224930348,0.0839160839160839,1,1
"HU","V8","V20","ipadvnt","ipsuces",0.0593937550266256,0.0593937550266256,0.0869130869130869,1,1
"HU","V1","V5","impdiff","imprich",-0.047847113632421,0.047847113632421,0.0889110889110889,1,1
"HU","V2","V13","impenv","ipgdtim",0.035107619422485,0.035107619422485,0.0909090909090909,1,1
"HU","V4","V7","impfun","imptrad",0.0681814071935243,0.0681814071935243,0.0929070929070929,1,1
"HU","V11","V14","ipeqopt","iphlppl",0.0721593852036267,0.0721593852036267,0.0959040959040959,1,1
"HU","V17","V20","iprspot","ipsuces",-0.0662048026127661,0.0662048026127661,0.104895104895105,1,1
"HU","V2","V6","impenv","impsafe",-0.0695472226290756,0.0695472226290756,0.105894105894106,1,1
"HU","V7","V12","imptrad","ipfrule",-0.0627095561025017,0.0627095561025017,0.112887112887113,1,1
"HU","V5","V17","imprich","iprspot",0.0817021622216428,0.0817021622216428,0.114885114885115,1,1
"HU","V7","V16","imptrad","ipmodst",0.0584274885468592,0.0584274885468592,0.115884115884116,1,1
"HU","V18","V21","ipshabt","ipudrst",-0.0255137317302503,0.0255137317302503,0.117882117882118,1,1
"HU","V5","V8","imprich","ipadvnt",-0.053854618854477,0.053854618854477,0.133866133866134,1,1
"HU","V3","V12","impfree","ipfrule",0.104895281674411,0.104895281674411,0.133866133866134,1,1
"HU","V11","V19","ipeqopt","ipstrgv",-0.0590237891718268,0.0590237891718268,0.143856143856144,1,1
"HU","V11","V18","ipeqopt","ipshabt",0.0537995989677532,0.0537995989677532,0.15984015984016,1,1
"HU","V11","V16","ipeqopt","ipmodst",-0.064456844407337,0.064456844407337,0.163836163836164,1,1
"HU","V2","V4","impenv","impfun",0.052967848386796,0.052967848386796,0.16983016983017,1,1
"HU","V2","V11","impenv","ipeqopt",0.0607972341324502,0.0607972341324502,0.172827172827173,1,1
"HU","V7","V21","imptrad","ipudrst",-0.0151765756939108,0.0151765756939108,0.174825174825175,1,1
"HU","V8","V12","ipadvnt","ipfrule",0.0874395860667217,0.0874395860667217,0.178821178821179,1,1
"HU","V2","V3","impenv","impfree",-0.051967460141347,0.051967460141347,0.182817182817183,1,1
"HU","V13","V15","ipgdtim","iplylfr",0.0293245369305645,0.0293245369305645,0.183816183816184,1,1
"HU","V3","V19","impfree","ipstrgv",-0.0631840787840942,0.0631840787840942,0.194805194805195,1,1
"HU","V13","V20","ipgdtim","ipsuces",-0.0541570865176207,0.0541570865176207,0.194805194805195,1,1
"HU","V4","V13","impfun","ipgdtim",0.0516318008795554,0.0516318008795554,0.206793206793207,1,1
"HU","V13","V17","ipgdtim","iprspot",-0.0523014390765131,0.0523014390765131,0.206793206793207,1,1
"HU","V9","V11","ipbhprp","ipeqopt",-0.0536524075645107,0.0536524075645107,0.217782217782218,1,1
"HU","V12","V16","ipfrule","ipmodst",0.0532437249928402,0.0532437249928402,0.217782217782218,1,1
"HU","V5","V10","imprich","ipcrtiv",0.056948826741941,0.056948826741941,0.236763236763237,1,1
"HU","V10","V18","ipcrtiv","ipshabt",-0.0459050065010722,0.0459050065010722,0.251748251748252,1,1
"HU","V11","V15","ipeqopt","iplylfr",-0.0467060636133905,0.0467060636133905,0.264735264735265,1,1
"HU","V3","V6","impfree","impsafe",-0.042944208811479,0.042944208811479,0.280719280719281,1,1
"HU","V4","V10","impfun","ipcrtiv",-0.0393565413002298,0.0393565413002298,0.288711288711289,1,1
"HU","V2","V19","impenv","ipstrgv",0.0466164571106043,0.0466164571106043,0.290709290709291,1,1
"HU","V9","V16","ipbhprp","ipmodst",0.0415107492824089,0.0415107492824089,0.296703296703297,1,1
"HU","V1","V10","impdiff","ipcrtiv",0.0409834085729233,0.0409834085729233,0.298701298701299,1,1
"HU","V6","V11","impsafe","ipeqopt",0.0433521020892991,0.0433521020892991,0.298701298701299,1,1
"HU","V3","V14","impfree","iphlppl",0.0464000824726567,0.0464000824726567,0.316683316683317,1,1
"HU","V14","V19","iphlppl","ipstrgv",-0.0421740825525595,0.0421740825525595,0.327672327672328,1,1
"HU","V8","V13","ipadvnt","ipgdtim",0.0376318801315298,0.0376318801315298,0.332667332667333,1,1
"HU","V3","V21","impfree","ipudrst",0.047884130529728,0.047884130529728,0.334665334665335,1,1
"HU","V17","V18","iprspot","ipshabt",0.034784237039029,0.034784237039029,0.335664335664336,1,1
"HU","V3","V4","impfree","impfun",-0.035289548258174,0.035289548258174,0.365634365634366,1,1
"HU","V2","V16","impenv","ipmodst",0.0427948256109129,0.0427948256109129,0.376623376623377,1,1
"HU","V1","V8","impdiff","ipadvnt",-0.0298078570937894,0.0298078570937894,0.383616383616384,1,1
"HU","V1","V13","impdiff","ipgdtim",-0.0337571368899095,0.0337571368899095,0.383616383616384,1,1
"HU","V8","V10","ipadvnt","ipcrtiv",-0.0425572633755084,0.0425572633755084,0.388611388611389,1,1
"HU","V15","V17","iplylfr","iprspot",0.0441177828825869,0.0441177828825869,0.391608391608392,1,1
"HU","V6","V21","impsafe","ipudrst",0.0218222990922468,0.0218222990922468,0.398601398601399,1,1
"HU","V9","V14","ipbhprp","iphlppl",-0.0330151182060858,0.0330151182060858,0.3996003996004,1,1
"HU","V10","V20","ipcrtiv","ipsuces",-0.0311645714872176,0.0311645714872176,0.400599400599401,1,1
"HU","V9","V21","ipbhprp","ipudrst",-0.0311332048078626,0.0311332048078626,0.446553446553447,1,1
"HU","V14","V16","iphlppl","ipmodst",-0.0302987204141526,0.0302987204141526,0.458541458541459,1,1
"HU","V5","V18","imprich","ipshabt",0.028536198581171,0.028536198581171,0.461538461538462,1,1
"HU","V7","V17","imptrad","iprspot",0.0288175685079824,0.0288175685079824,0.468531468531469,1,1
"HU","V3","V10","impfree","ipcrtiv",0.0290706831659002,0.0290706831659002,0.472527472527473,1,1
"HU","V3","V18","impfree","ipshabt",-0.0347825707350121,0.0347825707350121,0.483516483516484,1,1
"HU","V3","V11","impfree","ipeqopt",0.0320079936197214,0.0320079936197214,0.487512487512487,1,1
"HU","V14","V20","iphlppl","ipsuces",-0.0239237026632228,0.0239237026632228,0.497502497502497,1,1
"HU","V4","V15","impfun","iplylfr",0.0252058507569159,0.0252058507569159,0.509490509490509,1,1
"HU","V12","V19","ipfrule","ipstrgv",-0.0405364821449873,0.0405364821449873,0.511488511488511,1,1
"HU","V10","V14","ipcrtiv","iphlppl",0.0372967487144906,0.0372967487144906,0.520479520479521,1,1
"HU","V14","V21","iphlppl","ipudrst",0.0250793668269181,0.0250793668269181,0.523476523476524,1,1
"HU","V6","V15","impsafe","iplylfr",-0.0268810003177834,0.0268810003177834,0.537462537462537,1,1
"HU","V1","V18","impdiff","ipshabt",0.0225864210683137,0.0225864210683137,0.53946053946054,1,1
"HU","V4","V18","impfun","ipshabt",-0.0229695974718422,0.0229695974718422,0.53946053946054,1,1
"HU","V8","V16","ipadvnt","ipmodst",0.036292143261225,0.036292143261225,0.549450549450549,1,1
"HU","V16","V21","ipmodst","ipudrst",-0.026457129879846,0.026457129879846,0.557442557442557,1,1
"HU","V12","V21","ipfrule","ipudrst",0.0213382354124394,0.0213382354124394,0.572427572427572,1,1
"HU","V2","V15","impenv","iplylfr",-0.0214867012150343,0.0214867012150343,0.58041958041958,1,1
"HU","V1","V21","impdiff","ipudrst",-0.0390807969738271,0.0390807969738271,0.59040959040959,1,1
"HU","V15","V21","iplylfr","ipudrst",0.0314742971267431,0.0314742971267431,0.595404595404595,1,1
"HU","V9","V12","ipbhprp","ipfrule",-0.0174556297047864,0.0174556297047864,0.624375624375624,1,1
"HU","V3","V13","impfree","ipgdtim",0.0193272822808098,0.0193272822808098,0.639360639360639,1,1
"HU","V5","V12","imprich","ipfrule",0.0325317860133038,0.0325317860133038,0.672327672327672,1,1
"HU","V2","V10","impenv","ipcrtiv",0.0266480687217697,0.0266480687217697,0.724275724275724,1,1
"HU","V9","V17","ipbhprp","iprspot",-0.0134653045703834,0.0134653045703834,0.746253746253746,1,1
"HU","V5","V13","imprich","ipgdtim",0.0187505027097902,0.0187505027097902,0.781218781218781,1,1
"HU","V2","V7","impenv","imptrad",-0.00952821269459583,0.00952821269459583,0.785214785214785,1,1
"HU","V6","V7","impsafe","imptrad",-0.0148023682107312,0.0148023682107312,0.787212787212787,1,1
"HU","V6","V16","impsafe","ipmodst",0.0109500296445667,0.0109500296445667,0.828171828171828,1,1
"HU","V7","V9","imptrad","ipbhprp",-0.00910219209879752,0.00910219209879752,0.831168831168831,1,1
"HU","V3","V15","impfree","iplylfr",0.00834319078358038,0.00834319078358038,0.84015984015984,1,1
"HU","V2","V21","impenv","ipudrst",-0.00862876689539857,0.00862876689539857,0.842157842157842,1,1
"HU","V2","V9","impenv","ipbhprp",-0.00777427982011527,0.00777427982011527,0.846153846153846,1,1
"HU","V2","V14","impenv","iphlppl",0.00360169455382206,0.00360169455382206,0.93006993006993,1,1
"HU","V15","V19","iplylfr","ipstrgv",-0.00242905832959156,0.00242905832959156,0.952047952047952,1,1
"HU","V4","V19","impfun","ipstrgv",-0.00282019384307787,0.00282019384307787,0.953046953046953,1,1
"HU","V18","V20","ipshabt","ipsuces",-0.000862496962381609,0.000862496962381609,0.985014985014985,1,1
"HU","V1","V2","impdiff","impenv",0,0,1,1,1
"HU","V1","V3","impdiff","impfree",0,0,1,1,1
"HU","V2","V5","impenv","imprich",0,0,1,1,1
"HU","V3","V5","impfree","imprich",0,0,1,1,1
"HU","V4","V5","impfun","imprich",0,0,1,1,1
"HU","V1","V6","impdiff","impsafe",0,0,1,1,1
"HU","V4","V6","impfun","impsafe",0,0,1,1,1
"HU","V5","V6","imprich","impsafe",0,0,1,1,1
"HU","V1","V7","impdiff","imptrad",0,0,1,1,1
"HU","V3","V7","impfree","imptrad",0,0,1,1,1
"HU","V5","V7","imprich","imptrad",0,0,1,1,1
"HU","V2","V8","impenv","ipadvnt",0,0,1,1,1
"HU","V3","V8","impfree","ipadvnt",0,0,1,1,1
"HU","V1","V9","impdiff","ipbhprp",0,0,1,1,1
"HU","V3","V9","impfree","ipbhprp",0,0,1,1,1
"HU","V4","V9","impfun","ipbhprp",0,0,1,1,1
"HU","V5","V9","imprich","ipbhprp",0,0,1,1,1
"HU","V8","V9","ipadvnt","ipbhprp",0,0,1,1,1
"HU","V6","V10","impsafe","ipcrtiv",0,0,1,1,1
"HU","V9","V10","ipbhprp","ipcrtiv",0,0,1,1,1
"HU","V1","V11","impdiff","ipeqopt",0,0,1,1,1
"HU","V4","V11","impfun","ipeqopt",0,0,1,1,1
"HU","V5","V11","imprich","ipeqopt",0,0,1,1,1
"HU","V7","V11","imptrad","ipeqopt",0,0,1,1,1
"HU","V8","V11","ipadvnt","ipeqopt",0,0,1,1,1
"HU","V10","V11","ipcrtiv","ipeqopt",0,0,1,1,1
"HU","V1","V12","impdiff","ipfrule",0,0,1,1,1
"HU","V2","V12","impenv","ipfrule",0,0,1,1,1
"HU","V4","V12","impfun","ipfrule",0,0,1,1,1
"HU","V6","V12","impsafe","ipfrule",0,0,1,1,1
"HU","V10","V12","ipcrtiv","ipfrule",0,0,1,1,1
"HU","V11","V12","ipeqopt","ipfrule",0,0,1,1,1
"HU","V6","V13","impsafe","ipgdtim",0,0,1,1,1
"HU","V7","V13","imptrad","ipgdtim",0,0,1,1,1
"HU","V9","V13","ipbhprp","ipgdtim",0,0,1,1,1
"HU","V10","V13","ipcrtiv","ipgdtim",0,0,1,1,1
"HU","V11","V13","ipeqopt","ipgdtim",0,0,1,1,1
"HU","V12","V13","ipfrule","ipgdtim",0,0,1,1,1
"HU","V1","V14","impdiff","iphlppl",0,0,1,1,1
"HU","V4","V14","impfun","iphlppl",0,0,1,1,1
"HU","V5","V14","imprich","iphlppl",0,0,1,1,1
"HU","V6","V14","impsafe","iphlppl",0,0,1,1,1
"HU","V8","V14","ipadvnt","iphlppl",0,0,1,1,1
"HU","V12","V14","ipfrule","iphlppl",0,0,1,1,1
"HU","V13","V14","ipgdtim","iphlppl",0,0,1,1,1
"HU","V1","V15","impdiff","iplylfr",0,0,1,1,1
"HU","V7","V15","imptrad","iplylfr",0,0,1,1,1
"HU","V10","V15","ipcrtiv","iplylfr",0,0,1,1,1
"HU","V12","V15","ipfrule","iplylfr",0,0,1,1,1
"HU","V14","V15","iphlppl","iplylfr",-9.14664655342901e-05,9.14664655342901e-05,1,1,1
"HU","V1","V16","impdiff","ipmodst",0,0,1,1,1
"HU","V3","V16","impfree","ipmodst",0,0,1,1,1
"HU","V4","V16","impfun","ipmodst",0,0,1,1,1
"HU","V5","V16","imprich","ipmodst",0,0,1,1,1
"HU","V10","V16","ipcrtiv","ipmodst",0,0,1,1,1
"HU","V13","V16","ipgdtim","ipmodst",0,0,1,1,1
"HU","V15","V16","iplylfr","ipmodst",0,0,1,1,1
"HU","V1","V17","impdiff","iprspot",0,0,1,1,1
"HU","V2","V17","impenv","iprspot",0,0,1,1,1
"HU","V3","V17","impfree","iprspot",0,0,1,1,1
"HU","V4","V17","impfun","iprspot",0,0,1,1,1
"HU","V6","V17","impsafe","iprspot",0,0,1,1,1
"HU","V10","V17","ipcrtiv","iprspot",0,0,1,1,1
"HU","V11","V17","ipeqopt","iprspot",0,0,1,1,1
"HU","V12","V17","ipfrule","iprspot",0,0,1,1,1
"HU","V14","V17","iphlppl","iprspot",0,0,1,1,1
"HU","V16","V17","ipmodst","iprspot",0,0,1,1,1
"HU","V2","V18","impenv","ipshabt",0,0,1,1,1
"HU","V6","V18","impsafe","ipshabt",0,0,1,1,1
"HU","V7","V18","imptrad","ipshabt",0,0,1,1,1
"HU","V8","V18","ipadvnt","ipshabt",0,0,1,1,1
"HU","V9","V18","ipbhprp","ipshabt",0,0,1,1,1
"HU","V12","V18","ipfrule","ipshabt",0,0,1,1,1
"HU","V14","V18","iphlppl","ipshabt",0,0,1,1,1
"HU","V15","V18","iplylfr","ipshabt",0,0,1,1,1
"HU","V16","V18","ipmodst","ipshabt",0,0,1,1,1
"HU","V1","V19","impdiff","ipstrgv",0,0,1,1,1
"HU","V5","V19","imprich","ipstrgv",0,0,1,1,1
"HU","V8","V19","ipadvnt","ipstrgv",0,0,1,1,1
"HU","V10","V19","ipcrtiv","ipstrgv",0,0,1,1,1
"HU","V13","V19","ipgdtim","ipstrgv",0,0,1,1,1
"HU","V16","V19","ipmodst","ipstrgv",0,0,1,1,1
"HU","V17","V19","iprspot","ipstrgv",0,0,1,1,1
"HU","V18","V19","ipshabt","ipstrgv",0,0,1,1,1
"HU","V2","V20","impenv","ipsuces",0,0,1,1,1
"HU","V3","V20","impfree","ipsuces",0,0,1,1,1
"HU","V6","V20","impsafe","ipsuces",0,0,1,1,1
"HU","V7","V20","imptrad","ipsuces",0,0,1,1,1
"HU","V9","V20","ipbhprp","ipsuces",0,0,1,1,1
"HU","V11","V20","ipeqopt","ipsuces",0,0,1,1,1
"HU","V12","V20","ipfrule","ipsuces",0,0,1,1,1
"HU","V15","V20","iplylfr","ipsuces",0,0,1,1,1
"HU","V16","V20","ipmodst","ipsuces",0,0,1,1,1
"HU","V19","V20","ipstrgv","ipsuces",0,0,1,1,1
"HU","V4","V21","impfun","ipudrst",0,0,1,1,1
"HU","V8","V21","ipadvnt","ipudrst",0,0,1,1,1
"HU","V17","V21","iprspot","ipudrst",0,0,1,1,1
"HU","V20","V21","ipsuces","ipudrst",0,0,1,1,1
"IE","V3","V6","impfree","impsafe",0.148863731587861,0.148863731587861,0.000999000999000999,0.20979020979021,1
"IE","V19","V20","ipstrgv","ipsuces",-0.0540772256903786,0.0540772256903786,0.000999000999000999,0.20979020979021,1
"IE","V10","V18","ipcrtiv","ipshabt",0.113552638567278,0.113552638567278,0.001998001998002,0.415584415584416,1
"IE","V4","V14","impfun","iphlppl",0.0818362623701531,0.0818362623701531,0.003996003996004,0.827172827172827,1
"IE","V6","V16","impsafe","ipmodst",-0.0675708039103148,0.0675708039103148,0.004995004995005,1,1
"IE","V4","V10","impfun","ipcrtiv",0.0648473239952928,0.0648473239952928,0.012987012987013,1,1
"IE","V14","V20","iphlppl","ipsuces",-0.0413424646525151,0.0413424646525151,0.018981018981019,1,1
"IE","V15","V21","iplylfr","ipudrst",0.0810889061787767,0.0810889061787767,0.01998001998002,1,1
"IE","V8","V13","ipadvnt","ipgdtim",0.081218941942276,0.081218941942276,0.022977022977023,1,1
"IE","V6","V8","impsafe","ipadvnt",0.104014316568865,0.104014316568865,0.032967032967033,1,1
"IE","V3","V10","impfree","ipcrtiv",-0.0710246569596157,0.0710246569596157,0.043956043956044,1,1
"IE","V12","V21","ipfrule","ipudrst",-0.0353098787601622,0.0353098787601622,0.046953046953047,1,1
"IE","V13","V18","ipgdtim","ipshabt",0.0741009446690687,0.0741009446690687,0.050949050949051,1,1
"IE","V7","V14","imptrad","iphlppl",-0.0488778891181915,0.0488778891181915,0.0619380619380619,1,1
"IE","V14","V15","iphlppl","iplylfr",-0.07378650267166,0.07378650267166,0.0629370629370629,1,1
"IE","V9","V19","ipbhprp","ipstrgv",-0.0812543845657838,0.0812543845657838,0.0639360639360639,1,1
"IE","V4","V20","impfun","ipsuces",0.0661741523149549,0.0661741523149549,0.0649350649350649,1,1
"IE","V6","V11","impsafe","ipeqopt",0.0656598696809338,0.0656598696809338,0.0799200799200799,1,1
"IE","V17","V20","iprspot","ipsuces",-0.0618356661588958,0.0618356661588958,0.0809190809190809,1,1
"IE","V17","V19","iprspot","ipstrgv",-0.0604401530718891,0.0604401530718891,0.0869130869130869,1,1
"IE","V6","V21","impsafe","ipudrst",0.0383998842540541,0.0383998842540541,0.0999000999000999,1,1
"IE","V2","V11","impenv","ipeqopt",0.0581152583812189,0.0581152583812189,0.10989010989011,1,1
"IE","V1","V21","impdiff","ipudrst",-0.058243191014556,0.058243191014556,0.130869130869131,1,1
"IE","V7","V17","imptrad","iprspot",0.056036608554688,0.056036608554688,0.145854145854146,1,1
"IE","V10","V14","ipcrtiv","iphlppl",0.0508073828175685,0.0508073828175685,0.146853146853147,1,1
"IE","V3","V15","impfree","iplylfr",0.0514916659630352,0.0514916659630352,0.158841158841159,1,1
"IE","V2","V3","impenv","impfree",0.0502971933574372,0.0502971933574372,0.161838161838162,1,1
"IE","V5","V11","imprich","ipeqopt",-0.0428775168404621,0.0428775168404621,0.168831168831169,1,1
"IE","V14","V21","iphlppl","ipudrst",-0.0554423988761481,0.0554423988761481,0.174825174825175,1,1
"IE","V2","V10","impenv","ipcrtiv",-0.062983501644752,0.062983501644752,0.182817182817183,1,1
"IE","V12","V17","ipfrule","iprspot",0.0474884248699598,0.0474884248699598,0.193806193806194,1,1
"IE","V1","V8","impdiff","ipadvnt",-0.0449007201823043,0.0449007201823043,0.1998001998002,1,1
"IE","V10","V20","ipcrtiv","ipsuces",-0.0312607298937034,0.0312607298937034,0.1998001998002,1,1
"IE","V1","V13","impdiff","ipgdtim",-0.0480967158213704,0.0480967158213704,0.200799200799201,1,1
"IE","V2","V14","impenv","iphlppl",0.0506598028935418,0.0506598028935418,0.200799200799201,1,1
"IE","V3","V19","impfree","ipstrgv",0.023860829918368,0.023860829918368,0.204795204795205,1,1
"IE","V7","V9","imptrad","ipbhprp",-0.0471263992510514,0.0471263992510514,0.206793206793207,1,1
"IE","V5","V8","imprich","ipadvnt",0.0461664867408336,0.0461664867408336,0.210789210789211,1,1
"IE","V4","V15","impfun","iplylfr",-0.0375168259006005,0.0375168259006005,0.21978021978022,1,1
"IE","V6","V19","impsafe","ipstrgv",-0.0454771942418976,0.0454771942418976,0.235764235764236,1,1
"IE","V6","V12","impsafe","ipfrule",-0.0231022420354882,0.0231022420354882,0.262737262737263,1,1
"IE","V5","V13","imprich","ipgdtim",-0.0362950120351524,0.0362950120351524,0.272727272727273,1,1
"IE","V10","V21","ipcrtiv","ipudrst",0.0431759431713847,0.0431759431713847,0.284715284715285,1,1
"IE","V4","V8","impfun","ipadvnt",-0.0370612789847511,0.0370612789847511,0.291708291708292,1,1
"IE","V4","V7","impfun","imptrad",0.0485612166865296,0.0485612166865296,0.295704295704296,1,1
"IE","V3","V13","impfree","ipgdtim",0.0350128280484635,0.0350128280484635,0.304695304695305,1,1
"IE","V5","V20","imprich","ipsuces",-0.0369276441919815,0.0369276441919815,0.306693306693307,1,1
"IE","V5","V12","imprich","ipfrule",0.0440111059638434,0.0440111059638434,0.317682317682318,1,1
"IE","V18","V20","ipshabt","ipsuces",-0.0359832730932794,0.0359832730932794,0.320679320679321,1,1
"IE","V9","V15","ipbhprp","iplylfr",-0.0309936659011959,0.0309936659011959,0.337662337662338,1,1
"IE","V11","V21","ipeqopt","ipudrst",-0.0367747618447169,0.0367747618447169,0.338661338661339,1,1
"IE","V1","V2","impdiff","impenv",-0.021754905795202,0.021754905795202,0.345654345654346,1,1
"IE","V16","V21","ipmodst","ipudrst",-0.0373908016710309,0.0373908016710309,0.35964035964036,1,1
"IE","V9","V16","ipbhprp","ipmodst",-0.0333074170425682,0.0333074170425682,0.381618381618382,1,1
"IE","V3","V14","impfree","iphlppl",-0.0310182413823726,0.0310182413823726,0.413586413586414,1,1
"IE","V4","V13","impfun","ipgdtim",-0.0300487137638033,0.0300487137638033,0.426573426573427,1,1
"IE","V11","V15","ipeqopt","iplylfr",0.0334423133277509,0.0334423133277509,0.427572427572428,1,1
"IE","V16","V19","ipmodst","ipstrgv",0.035292782872815,0.035292782872815,0.441558441558442,1,1
"IE","V9","V17","ipbhprp","iprspot",-0.0256181439141168,0.0256181439141168,0.456543456543457,1,1
"IE","V2","V5","impenv","imprich",0.0492390525272608,0.0492390525272608,0.45954045954046,1,1
"IE","V7","V16","imptrad","ipmodst",-0.0379645341952812,0.0379645341952812,0.481518481518482,1,1
"IE","V11","V17","ipeqopt","iprspot",0.034831769040187,0.034831769040187,0.495504495504495,1,1
"IE","V12","V16","ipfrule","ipmodst",0.0222684081235015,0.0222684081235015,0.518481518481518,1,1
"IE","V6","V15","impsafe","iplylfr",-0.0335791017726687,0.0335791017726687,0.527472527472527,1,1
"IE","V2","V7","impenv","imptrad",-0.0212052337550981,0.0212052337550981,0.546453546453546,1,1
"IE","V12","V20","ipfrule","ipsuces",0.0280096767011661,0.0280096767011661,0.551448551448551,1,1
"IE","V2","V21","impenv","ipudrst",-0.0221395523213782,0.0221395523213782,0.56043956043956,1,1
"IE","V5","V18","imprich","ipshabt",-0.0201856440992522,0.0201856440992522,0.567432567432567,1,1
"IE","V5","V17","imprich","iprspot",-0.0345124572176308,0.0345124572176308,0.576423576423576,1,1
"IE","V11","V16","ipeqopt","ipmodst",0.0236581407857615,0.0236581407857615,0.607392607392607,1,1
"IE","V2","V9","impenv","ipbhprp",0.0187930395051875,0.0187930395051875,0.611388611388611,1,1
"IE","V9","V12","ipbhprp","ipfrule",0.0181445045766919,0.0181445045766919,0.627372627372627,1,1
"IE","V1","V4","impdiff","impfun",0.016959891912659,0.016959891912659,0.63036963036963,1,1
"IE","V5","V16","imprich","ipmodst",0.0280310784497338,0.0280310784497338,0.638361638361638,1,1
"IE","V11","V14","ipeqopt","iphlppl",0.0167532970915235,0.0167532970915235,0.653346653346653,1,1
"IE","V3","V4","impfree","impfun",-0.015818679822595,0.015818679822595,0.663336663336663,1,1
"IE","V3","V16","impfree","ipmodst",0.0328405030975219,0.0328405030975219,0.667332667332667,1,1
"IE","V15","V19","iplylfr","ipstrgv",-0.0174273237571254,0.0174273237571254,0.676323676323676,1,1
"IE","V19","V21","ipstrgv","ipudrst",0.016302651465035,0.016302651465035,0.676323676323676,1,1
"IE","V1","V10","impdiff","ipcrtiv",-0.0137156321480065,0.0137156321480065,0.696303696303696,1,1
"IE","V17","V18","iprspot","ipshabt",0.013116165759808,0.013116165759808,0.712287712287712,1,1
"IE","V7","V13","imptrad","ipgdtim",-0.0313467628222507,0.0313467628222507,0.722277722277722,1,1
"IE","V9","V14","ipbhprp","iphlppl",0.0118330839213728,0.0118330839213728,0.762237762237762,1,1
"IE","V7","V12","imptrad","ipfrule",-0.0107259144510934,0.0107259144510934,0.767232767232767,1,1
"IE","V8","V20","ipadvnt","ipsuces",0.0111182690819146,0.0111182690819146,0.767232767232767,1,1
"IE","V14","V19","iphlppl","ipstrgv",0.0102011462781747,0.0102011462781747,0.776223776223776,1,1
"IE","V6","V9","impsafe","ipbhprp",0.0084821118547215,0.0084821118547215,0.785214785214785,1,1
"IE","V15","V17","iplylfr","iprspot",0.0166458672776959,0.0166458672776959,0.805194805194805,1,1
"IE","V6","V18","impsafe","ipshabt",0.00788181833197385,0.00788181833197385,0.829170829170829,1,1
"IE","V2","V15","impenv","iplylfr",-0.00533680640117348,0.00533680640117348,0.883116883116883,1,1
"IE","V14","V16","iphlppl","ipmodst",-0.00486733014215317,0.00486733014215317,0.888111888111888,1,1
"IE","V13","V17","ipgdtim","iprspot",0.00393589545804816,0.00393589545804816,0.903096903096903,1,1
"IE","V7","V19","imptrad","ipstrgv",0.00290425276563089,0.00290425276563089,0.929070929070929,1,1
"IE","V2","V19","impenv","ipstrgv",0.00306361860994971,0.00306361860994971,0.936063936063936,1,1
"IE","V10","V11","ipcrtiv","ipeqopt",0.00276408561302996,0.00276408561302996,0.944055944055944,1,1
"IE","V3","V21","impfree","ipudrst",-0.00271460474686286,0.00271460474686286,0.945054945054945,1,1
"IE","V1","V20","impdiff","ipsuces",0.00249917603469323,0.00249917603469323,0.947052947052947,1,1
"IE","V13","V20","ipgdtim","ipsuces",-0.00172983655488922,0.00172983655488922,0.956043956043956,1,1
"IE","V3","V11","impfree","ipeqopt",-0.00206959736115912,0.00206959736115912,0.959040959040959,1,1
"IE","V1","V3","impdiff","impfree",0,0,1,1,1
"IE","V2","V4","impenv","impfun",0,0,1,1,1
"IE","V1","V5","impdiff","imprich",0,0,1,1,1
"IE","V3","V5","impfree","imprich",0,0,1,1,1
"IE","V4","V5","impfun","imprich",0,0,1,1,1
"IE","V1","V6","impdiff","impsafe",0,0,1,1,1
"IE","V2","V6","impenv","impsafe",0,0,1,1,1
"IE","V4","V6","impfun","impsafe",0,0,1,1,1
"IE","V5","V6","imprich","impsafe",0,0,1,1,1
"IE","V1","V7","impdiff","imptrad",0,0,1,1,1
"IE","V3","V7","impfree","imptrad",0,0,1,1,1
"IE","V5","V7","imprich","imptrad",0,0,1,1,1
"IE","V6","V7","impsafe","imptrad",0,0,1,1,1
"IE","V2","V8","impenv","ipadvnt",0,0,1,1,1
"IE","V3","V8","impfree","ipadvnt",0,0,1,1,1
"IE","V7","V8","imptrad","ipadvnt",0,0,1,1,1
"IE","V1","V9","impdiff","ipbhprp",0,0,1,1,1
"IE","V3","V9","impfree","ipbhprp",0,0,1,1,1
"IE","V4","V9","impfun","ipbhprp",0,0,1,1,1
"IE","V5","V9","imprich","ipbhprp",0,0,1,1,1
"IE","V8","V9","ipadvnt","ipbhprp",0,0,1,1,1
"IE","V5","V10","imprich","ipcrtiv",0,0,1,1,1
"IE","V6","V10","impsafe","ipcrtiv",0,0,1,1,1
"IE","V7","V10","imptrad","ipcrtiv",0,0,1,1,1
"IE","V8","V10","ipadvnt","ipcrtiv",0,0,1,1,1
"IE","V9","V10","ipbhprp","ipcrtiv",0,0,1,1,1
"IE","V1","V11","impdiff","ipeqopt",0,0,1,1,1
"IE","V4","V11","impfun","ipeqopt",0,0,1,1,1
"IE","V7","V11","imptrad","ipeqopt",0,0,1,1,1
"IE","V8","V11","ipadvnt","ipeqopt",0,0,1,1,1
"IE","V9","V11","ipbhprp","ipeqopt",0,0,1,1,1
"IE","V1","V12","impdiff","ipfrule",0,0,1,1,1
"IE","V2","V12","impenv","ipfrule",0,0,1,1,1
"IE","V3","V12","impfree","ipfrule",0,0,1,1,1
"IE","V4","V12","impfun","ipfrule",0,0,1,1,1
"IE","V8","V12","ipadvnt","ipfrule",0,0,1,1,1
"IE","V10","V12","ipcrtiv","ipfrule",0,0,1,1,1
"IE","V11","V12","ipeqopt","ipfrule",0,0,1,1,1
"IE","V2","V13","impenv","ipgdtim",0,0,1,1,1
"IE","V6","V13","impsafe","ipgdtim",0,0,1,1,1
"IE","V9","V13","ipbhprp","ipgdtim",0,0,1,1,1
"IE","V10","V13","ipcrtiv","ipgdtim",0,0,1,1,1
"IE","V11","V13","ipeqopt","ipgdtim",0,0,1,1,1
"IE","V12","V13","ipfrule","ipgdtim",0,0,1,1,1
"IE","V1","V14","impdiff","iphlppl",0,0,1,1,1
"IE","V5","V14","imprich","iphlppl",0,0,1,1,1
"IE","V6","V14","impsafe","iphlppl",0,0,1,1,1
"IE","V8","V14","ipadvnt","iphlppl",0,0,1,1,1
"IE","V12","V14","ipfrule","iphlppl",0,0,1,1,1
"IE","V13","V14","ipgdtim","iphlppl",0,0,1,1,1
"IE","V1","V15","impdiff","iplylfr",0,0,1,1,1
"IE","V5","V15","imprich","iplylfr",0,0,1,1,1
"IE","V7","V15","imptrad","iplylfr",0,0,1,1,1
"IE","V8","V15","ipadvnt","iplylfr",0,0,1,1,1
"IE","V10","V15","ipcrtiv","iplylfr",0,0,1,1,1
"IE","V12","V15","ipfrule","iplylfr",0,0,1,1,1
"IE","V13","V15","ipgdtim","iplylfr",0,0,1,1,1
"IE","V1","V16","impdiff","ipmodst",0,0,1,1,1
"IE","V2","V16","impenv","ipmodst",0,0,1,1,1
"IE","V4","V16","impfun","ipmodst",0,0,1,1,1
"IE","V8","V16","ipadvnt","ipmodst",0,0,1,1,1
"IE","V10","V16","ipcrtiv","ipmodst",0,0,1,1,1
"IE","V13","V16","ipgdtim","ipmodst",0,0,1,1,1
"IE","V15","V16","iplylfr","ipmodst",0,0,1,1,1
"IE","V1","V17","impdiff","iprspot",0,0,1,1,1
"IE","V2","V17","impenv","iprspot",0,0,1,1,1
"IE","V3","V17","impfree","iprspot",0,0,1,1,1
"IE","V4","V17","impfun","iprspot",0,0,1,1,1
"IE","V6","V17","impsafe","iprspot",0,0,1,1,1
"IE","V8","V17","ipadvnt","iprspot",0,0,1,1,1
"IE","V10","V17","ipcrtiv","iprspot",0,0,1,1,1
"IE","V14","V17","iphlppl","iprspot",0,0,1,1,1
"IE","V16","V17","ipmodst","iprspot",0,0,1,1,1
"IE","V1","V18","impdiff","ipshabt",0,0,1,1,1
"IE","V2","V18","impenv","ipshabt",0,0,1,1,1
"IE","V3","V18","impfree","ipshabt",0,0,1,1,1
"IE","V4","V18","impfun","ipshabt",0,0,1,1,1
"IE","V7","V18","imptrad","ipshabt",0,0,1,1,1
"IE","V8","V18","ipadvnt","ipshabt",0,0,1,1,1
"IE","V9","V18","ipbhprp","ipshabt",0,0,1,1,1
"IE","V11","V18","ipeqopt","ipshabt",0,0,1,1,1
"IE","V12","V18","ipfrule","ipshabt",0,0,1,1,1
"IE","V14","V18","iphlppl","ipshabt",0,0,1,1,1
"IE","V15","V18","iplylfr","ipshabt",0,0,1,1,1
"IE","V16","V18","ipmodst","ipshabt",0,0,1,1,1
"IE","V1","V19","impdiff","ipstrgv",0,0,1,1,1
"IE","V4","V19","impfun","ipstrgv",0,0,1,1,1
"IE","V5","V19","imprich","ipstrgv",0,0,1,1,1
"IE","V8","V19","ipadvnt","ipstrgv",0,0,1,1,1
"IE","V10","V19","ipcrtiv","ipstrgv",0,0,1,1,1
"IE","V11","V19","ipeqopt","ipstrgv",0,0,1,1,1
"IE","V12","V19","ipfrule","ipstrgv",0,0,1,1,1
"IE","V13","V19","ipgdtim","ipstrgv",0,0,1,1,1
"IE","V18","V19","ipshabt","ipstrgv",0,0,1,1,1
"IE","V2","V20","impenv","ipsuces",0,0,1,1,1
"IE","V3","V20","impfree","ipsuces",0,0,1,1,1
"IE","V6","V20","impsafe","ipsuces",0,0,1,1,1
"IE","V7","V20","imptrad","ipsuces",0,0,1,1,1
"IE","V9","V20","ipbhprp","ipsuces",0,0,1,1,1
"IE","V11","V20","ipeqopt","ipsuces",0,0,1,1,1
"IE","V15","V20","iplylfr","ipsuces",0,0,1,1,1
"IE","V16","V20","ipmodst","ipsuces",0,0,1,1,1
"IE","V4","V21","impfun","ipudrst",0,0,1,1,1
"IE","V5","V21","imprich","ipudrst",0,0,1,1,1
"IE","V7","V21","imptrad","ipudrst",0,0,1,1,1
"IE","V8","V21","ipadvnt","ipudrst",0,0,1,1,1
"IE","V9","V21","ipbhprp","ipudrst",0,0,1,1,1
"IE","V13","V21","ipgdtim","ipudrst",0,0,1,1,1
"IE","V17","V21","iprspot","ipudrst",0,0,1,1,1
"IE","V18","V21","ipshabt","ipudrst",0,0,1,1,1
"IE","V20","V21","ipsuces","ipudrst",0,0,1,1,1
"IS","V4","V20","impfun","ipsuces",-0.174344168039397,0.174344168039397,0.001998001998002,0.41958041958042,1
"IS","V4","V13","impfun","ipgdtim",0.142689161879595,0.142689161879595,0.00599400599400599,1,1
"IS","V2","V8","impenv","ipadvnt",-0.0717150323675523,0.0717150323675523,0.020979020979021,1,1
"IS","V13","V20","ipgdtim","ipsuces",0.0569578271833397,0.0569578271833397,0.023976023976024,1,1
"IS","V4","V14","impfun","iphlppl",-0.030639250802792,0.030639250802792,0.045954045954046,1,1
"IS","V1","V10","impdiff","ipcrtiv",-0.0957466653238059,0.0957466653238059,0.048951048951049,1,1
"IS","V7","V19","imptrad","ipstrgv",0.113279844855944,0.113279844855944,0.0549450549450549,1,1
"IS","V3","V10","impfree","ipcrtiv",0.0905304485168838,0.0905304485168838,0.0679320679320679,1,1
"IS","V4","V5","impfun","imprich",0.0840333096320917,0.0840333096320917,0.0899100899100899,1,1
"IS","V12","V17","ipfrule","iprspot",0.0885077185780463,0.0885077185780463,0.0969030969030969,1,1
"IS","V14","V16","iphlppl","ipmodst",-0.0264009800864349,0.0264009800864349,0.105894105894106,1,1
"IS","V1","V13","impdiff","ipgdtim",-0.0869649490966669,0.0869649490966669,0.107892107892108,1,1
"IS","V6","V7","impsafe","imptrad",0.100733207581239,0.100733207581239,0.114885114885115,1,1
"IS","V10","V14","ipcrtiv","iphlppl",-0.0407579610236682,0.0407579610236682,0.118881118881119,1,1
"IS","V9","V19","ipbhprp","ipstrgv",-0.066693537647767,0.066693537647767,0.125874125874126,1,1
"IS","V5","V8","imprich","ipadvnt",0.0631472867234257,0.0631472867234257,0.148851148851149,1,1
"IS","V6","V12","impsafe","ipfrule",-0.0830371601256362,0.0830371601256362,0.174825174825175,1,1
"IS","V4","V18","impfun","ipshabt",0.059928924769592,0.059928924769592,0.175824175824176,1,1
"IS","V1","V8","impdiff","ipadvnt",0.0634180639498826,0.0634180639498826,0.177822177822178,1,1
"IS","V12","V19","ipfrule","ipstrgv",0.0922123468150154,0.0922123468150154,0.187812187812188,1,1
"IS","V9","V12","ipbhprp","ipfrule",0.0669654163378453,0.0669654163378453,0.195804195804196,1,1
"IS","V4","V8","impfun","ipadvnt",-0.0694306966811762,0.0694306966811762,0.196803196803197,1,1
"IS","V14","V21","iphlppl","ipudrst",0.0684748377553713,0.0684748377553713,0.206793206793207,1,1
"IS","V2","V14","impenv","iphlppl",0.0661287149175023,0.0661287149175023,0.20979020979021,1,1
"IS","V15","V19","iplylfr","ipstrgv",-0.0330256899513596,0.0330256899513596,0.212787212787213,1,1
"IS","V5","V17","imprich","iprspot",0.0304767036019263,0.0304767036019263,0.21978021978022,1,1
"IS","V9","V17","ipbhprp","iprspot",-0.0611325636812396,0.0611325636812396,0.234765234765235,1,1
"IS","V3","V17","impfree","iprspot",0.0431291793861795,0.0431291793861795,0.241758241758242,1,1
"IS","V5","V20","imprich","ipsuces",0.0620856302454042,0.0620856302454042,0.244755244755245,1,1
"IS","V17","V20","iprspot","ipsuces",-0.0583290259749909,0.0583290259749909,0.260739260739261,1,1
"IS","V7","V9","imptrad","ipbhprp",-0.0590865973779966,0.0590865973779966,0.270729270729271,1,1
"IS","V1","V2","impdiff","impenv",0.057712897841486,0.057712897841486,0.280719280719281,1,1
"IS","V16","V21","ipmodst","ipudrst",-0.0667074781210082,0.0667074781210082,0.300699300699301,1,1
"IS","V2","V5","impenv","imprich",-0.0829857387852744,0.0829857387852744,0.306693306693307,1,1
"IS","V2","V21","impenv","ipudrst",-0.0388797427351244,0.0388797427351244,0.331668331668332,1,1
"IS","V11","V21","ipeqopt","ipudrst",-0.0532216732256612,0.0532216732256612,0.34965034965035,1,1
"IS","V11","V19","ipeqopt","ipstrgv",0.0501978918219614,0.0501978918219614,0.354645354645355,1,1
"IS","V18","V20","ipshabt","ipsuces",-0.039548168420077,0.039548168420077,0.355644355644356,1,1
"IS","V15","V21","iplylfr","ipudrst",-0.0515210480037223,0.0515210480037223,0.360639360639361,1,1
"IS","V15","V17","iplylfr","iprspot",-0.0288588713709186,0.0288588713709186,0.363636363636364,1,1
"IS","V16","V19","ipmodst","ipstrgv",0.054567190594658,0.054567190594658,0.367632367632368,1,1
"IS","V3","V13","impfree","ipgdtim",0.042694341077775,0.042694341077775,0.405594405594406,1,1
"IS","V2","V10","impenv","ipcrtiv",-0.0496625132282305,0.0496625132282305,0.407592407592408,1,1
"IS","V13","V21","ipgdtim","ipudrst",0.04162931732678,0.04162931732678,0.415584415584416,1,1
"IS","V14","V15","iphlppl","iplylfr",0.0508976493779852,0.0508976493779852,0.420579420579421,1,1
"IS","V13","V15","ipgdtim","iplylfr",0.0450824864230792,0.0450824864230792,0.443556443556444,1,1
"IS","V11","V15","ipeqopt","iplylfr",0.0488010034237826,0.0488010034237826,0.452547452547453,1,1
"IS","V11","V14","ipeqopt","iphlppl",-0.0415101779841006,0.0415101779841006,0.467532467532468,1,1
"IS","V2","V19","impenv","ipstrgv",0.0403163050710474,0.0403163050710474,0.510489510489511,1,1
"IS","V3","V14","impfree","iphlppl",-0.0308200358878339,0.0308200358878339,0.520479520479521,1,1
"IS","V17","V18","iprspot","ipshabt",-0.0333168626678444,0.0333168626678444,0.55044955044955,1,1
"IS","V6","V16","impsafe","ipmodst",0.0454297199854647,0.0454297199854647,0.559440559440559,1,1
"IS","V8","V20","ipadvnt","ipsuces",0.0256974082194356,0.0256974082194356,0.591408591408591,1,1
"IS","V5","V18","imprich","ipshabt",0.0535721524119145,0.0535721524119145,0.656343656343656,1,1
"IS","V6","V9","impsafe","ipbhprp",-0.0223257230221794,0.0223257230221794,0.661338661338661,1,1
"IS","V3","V8","impfree","ipadvnt",-0.0185347245459946,0.0185347245459946,0.719280719280719,1,1
"IS","V12","V16","ipfrule","ipmodst",0.0311667196822473,0.0311667196822473,0.726273726273726,1,1
"IS","V9","V16","ipbhprp","ipmodst",0.0174778492353836,0.0174778492353836,0.728271728271728,1,1
"IS","V6","V8","impsafe","ipadvnt",0.0120835693368185,0.0120835693368185,0.837162837162837,1,1
"IS","V1","V4","impdiff","impfun",0.0110292980744379,0.0110292980744379,0.838161838161838,1,1
"IS","V8","V10","ipadvnt","ipcrtiv",0.0101733273555702,0.0101733273555702,0.848151848151848,1,1
"IS","V2","V11","impenv","ipeqopt",0.0107308855766136,0.0107308855766136,0.848151848151848,1,1
"IS","V10","V11","ipcrtiv","ipeqopt",-0.00592186973916245,0.00592186973916245,0.903096903096903,1,1
"IS","V8","V13","ipadvnt","ipgdtim",-0.00477794085458264,0.00477794085458264,0.938061938061938,1,1
"IS","V13","V14","ipgdtim","iphlppl",0.00329844608530944,0.00329844608530944,0.953046953046953,1,1
"IS","V7","V12","imptrad","ipfrule",-0.00174201263880033,0.00174201263880033,0.972027972027972,1,1
"IS","V6","V19","impsafe","ipstrgv",-0.000160001582843627,0.000160001582843627,0.997002997002997,1,1
"IS","V1","V3","impdiff","impfree",0,0,1,1,1
"IS","V2","V3","impenv","impfree",0,0,1,1,1
"IS","V2","V4","impenv","impfun",0,0,1,1,1
"IS","V3","V4","impfree","impfun",0,0,1,1,1
"IS","V1","V5","impdiff","imprich",0,0,1,1,1
"IS","V3","V5","impfree","imprich",0,0,1,1,1
"IS","V1","V6","impdiff","impsafe",0,0,1,1,1
"IS","V2","V6","impenv","impsafe",0,0,1,1,1
"IS","V3","V6","impfree","impsafe",0,0,1,1,1
"IS","V4","V6","impfun","impsafe",0,0,1,1,1
"IS","V5","V6","imprich","impsafe",0,0,1,1,1
"IS","V1","V7","impdiff","imptrad",0,0,1,1,1
"IS","V2","V7","impenv","imptrad",0,0,1,1,1
"IS","V3","V7","impfree","imptrad",0,0,1,1,1
"IS","V4","V7","impfun","imptrad",0,0,1,1,1
"IS","V5","V7","imprich","imptrad",0,0,1,1,1
"IS","V7","V8","imptrad","ipadvnt",0,0,1,1,1
"IS","V1","V9","impdiff","ipbhprp",0,0,1,1,1
"IS","V2","V9","impenv","ipbhprp",0,0,1,1,1
"IS","V3","V9","impfree","ipbhprp",0,0,1,1,1
"IS","V4","V9","impfun","ipbhprp",0,0,1,1,1
"IS","V5","V9","imprich","ipbhprp",0,0,1,1,1
"IS","V8","V9","ipadvnt","ipbhprp",0,0,1,1,1
"IS","V4","V10","impfun","ipcrtiv",0,0,1,1,1
"IS","V5","V10","imprich","ipcrtiv",0,0,1,1,1
"IS","V6","V10","impsafe","ipcrtiv",0,0,1,1,1
"IS","V7","V10","imptrad","ipcrtiv",0,0,1,1,1
"IS","V9","V10","ipbhprp","ipcrtiv",0,0,1,1,1
"IS","V1","V11","impdiff","ipeqopt",0,0,1,1,1
"IS","V3","V11","impfree","ipeqopt",0,0,1,1,1
"IS","V4","V11","impfun","ipeqopt",0,0,1,1,1
"IS","V5","V11","imprich","ipeqopt",0,0,1,1,1
"IS","V6","V11","impsafe","ipeqopt",0,0,1,1,1
"IS","V7","V11","imptrad","ipeqopt",0,0,1,1,1
"IS","V8","V11","ipadvnt","ipeqopt",0,0,1,1,1
"IS","V9","V11","ipbhprp","ipeqopt",0,0,1,1,1
"IS","V1","V12","impdiff","ipfrule",0,0,1,1,1
"IS","V2","V12","impenv","ipfrule",0,0,1,1,1
"IS","V3","V12","impfree","ipfrule",0,0,1,1,1
"IS","V4","V12","impfun","ipfrule",0,0,1,1,1
"IS","V5","V12","imprich","ipfrule",0,0,1,1,1
"IS","V8","V12","ipadvnt","ipfrule",0,0,1,1,1
"IS","V10","V12","ipcrtiv","ipfrule",0,0,1,1,1
"IS","V11","V12","ipeqopt","ipfrule",0,0,1,1,1
"IS","V2","V13","impenv","ipgdtim",0,0,1,1,1
"IS","V5","V13","imprich","ipgdtim",0,0,1,1,1
"IS","V6","V13","impsafe","ipgdtim",0,0,1,1,1
"IS","V7","V13","imptrad","ipgdtim",0,0,1,1,1
"IS","V9","V13","ipbhprp","ipgdtim",0,0,1,1,1
"IS","V10","V13","ipcrtiv","ipgdtim",0,0,1,1,1
"IS","V11","V13","ipeqopt","ipgdtim",0,0,1,1,1
"IS","V12","V13","ipfrule","ipgdtim",0,0,1,1,1
"IS","V1","V14","impdiff","iphlppl",0,0,1,1,1
"IS","V5","V14","imprich","iphlppl",0,0,1,1,1
"IS","V6","V14","impsafe","iphlppl",0,0,1,1,1
"IS","V7","V14","imptrad","iphlppl",0,0,1,1,1
"IS","V8","V14","ipadvnt","iphlppl",0,0,1,1,1
"IS","V9","V14","ipbhprp","iphlppl",0,0,1,1,1
"IS","V12","V14","ipfrule","iphlppl",0,0,1,1,1
"IS","V1","V15","impdiff","iplylfr",0,0,1,1,1
"IS","V2","V15","impenv","iplylfr",0,0,1,1,1
"IS","V3","V15","impfree","iplylfr",0,0,1,1,1
"IS","V4","V15","impfun","iplylfr",0,0,1,1,1
"IS","V5","V15","imprich","iplylfr",0,0,1,1,1
"IS","V6","V15","impsafe","iplylfr",0,0,1,1,1
"IS","V7","V15","imptrad","iplylfr",0,0,1,1,1
"IS","V8","V15","ipadvnt","iplylfr",0,0,1,1,1
"IS","V9","V15","ipbhprp","iplylfr",0,0,1,1,1
"IS","V10","V15","ipcrtiv","iplylfr",0,0,1,1,1
"IS","V12","V15","ipfrule","iplylfr",0,0,1,1,1
"IS","V1","V16","impdiff","ipmodst",0,0,1,1,1
"IS","V2","V16","impenv","ipmodst",0,0,1,1,1
"IS","V3","V16","impfree","ipmodst",0,0,1,1,1
"IS","V4","V16","impfun","ipmodst",0,0,1,1,1
"IS","V5","V16","imprich","ipmodst",0,0,1,1,1
"IS","V7","V16","imptrad","ipmodst",0,0,1,1,1
"IS","V8","V16","ipadvnt","ipmodst",0,0,1,1,1
"IS","V10","V16","ipcrtiv","ipmodst",0,0,1,1,1
"IS","V11","V16","ipeqopt","ipmodst",0,0,1,1,1
"IS","V13","V16","ipgdtim","ipmodst",0,0,1,1,1
"IS","V15","V16","iplylfr","ipmodst",0,0,1,1,1
"IS","V1","V17","impdiff","iprspot",0,0,1,1,1
"IS","V2","V17","impenv","iprspot",0,0,1,1,1
"IS","V4","V17","impfun","iprspot",0,0,1,1,1
"IS","V6","V17","impsafe","iprspot",0,0,1,1,1
"IS","V7","V17","imptrad","iprspot",0,0,1,1,1
"IS","V8","V17","ipadvnt","iprspot",0,0,1,1,1
"IS","V10","V17","ipcrtiv","iprspot",0,0,1,1,1
"IS","V11","V17","ipeqopt","iprspot",0,0,1,1,1
"IS","V13","V17","ipgdtim","iprspot",0,0,1,1,1
"IS","V14","V17","iphlppl","iprspot",0,0,1,1,1
"IS","V16","V17","ipmodst","iprspot",0,0,1,1,1
"IS","V1","V18","impdiff","ipshabt",0,0,1,1,1
"IS","V2","V18","impenv","ipshabt",0,0,1,1,1
"IS","V3","V18","impfree","ipshabt",0,0,1,1,1
"IS","V6","V18","impsafe","ipshabt",0,0,1,1,1
"IS","V7","V18","imptrad","ipshabt",0,0,1,1,1
"IS","V8","V18","ipadvnt","ipshabt",0,0,1,1,1
"IS","V9","V18","ipbhprp","ipshabt",0,0,1,1,1
"IS","V10","V18","ipcrtiv","ipshabt",0,0,1,1,1
"IS","V11","V18","ipeqopt","ipshabt",0,0,1,1,1
"IS","V12","V18","ipfrule","ipshabt",0,0,1,1,1
"IS","V13","V18","ipgdtim","ipshabt",0,0,1,1,1
"IS","V14","V18","iphlppl","ipshabt",0,0,1,1,1
"IS","V15","V18","iplylfr","ipshabt",0,0,1,1,1
"IS","V16","V18","ipmodst","ipshabt",0,0,1,1,1
"IS","V1","V19","impdiff","ipstrgv",0,0,1,1,1
"IS","V3","V19","impfree","ipstrgv",0,0,1,1,1
"IS","V4","V19","impfun","ipstrgv",0,0,1,1,1
"IS","V5","V19","imprich","ipstrgv",0,0,1,1,1
"IS","V8","V19","ipadvnt","ipstrgv",0,0,1,1,1
"IS","V10","V19","ipcrtiv","ipstrgv",0,0,1,1,1
"IS","V13","V19","ipgdtim","ipstrgv",0,0,1,1,1
"IS","V14","V19","iphlppl","ipstrgv",0,0,1,1,1
"IS","V17","V19","iprspot","ipstrgv",0,0,1,1,1
"IS","V18","V19","ipshabt","ipstrgv",0,0,1,1,1
"IS","V1","V20","impdiff","ipsuces",0,0,1,1,1
"IS","V2","V20","impenv","ipsuces",0,0,1,1,1
"IS","V3","V20","impfree","ipsuces",0,0,1,1,1
"IS","V6","V20","impsafe","ipsuces",0,0,1,1,1
"IS","V7","V20","imptrad","ipsuces",0,0,1,1,1
"IS","V9","V20","ipbhprp","ipsuces",0,0,1,1,1
"IS","V10","V20","ipcrtiv","ipsuces",0,0,1,1,1
"IS","V11","V20","ipeqopt","ipsuces",0,0,1,1,1
"IS","V12","V20","ipfrule","ipsuces",0,0,1,1,1
"IS","V14","V20","iphlppl","ipsuces",0,0,1,1,1
"IS","V15","V20","iplylfr","ipsuces",0,0,1,1,1
"IS","V16","V20","ipmodst","ipsuces",0,0,1,1,1
"IS","V19","V20","ipstrgv","ipsuces",0,0,1,1,1
"IS","V1","V21","impdiff","ipudrst",0,0,1,1,1
"IS","V3","V21","impfree","ipudrst",0,0,1,1,1
"IS","V4","V21","impfun","ipudrst",0,0,1,1,1
"IS","V5","V21","imprich","ipudrst",0,0,1,1,1
"IS","V6","V21","impsafe","ipudrst",0,0,1,1,1
"IS","V7","V21","imptrad","ipudrst",0,0,1,1,1
"IS","V8","V21","ipadvnt","ipudrst",0,0,1,1,1
"IS","V9","V21","ipbhprp","ipudrst",0,0,1,1,1
"IS","V10","V21","ipcrtiv","ipudrst",0,0,1,1,1
"IS","V12","V21","ipfrule","ipudrst",0,0,1,1,1
"IS","V17","V21","iprspot","ipudrst",0,0,1,1,1
"IS","V18","V21","ipshabt","ipudrst",0,0,1,1,1
"IS","V19","V21","ipstrgv","ipudrst",0,0,1,1,1
"IS","V20","V21","ipsuces","ipudrst",0,0,1,1,1
"IT","V4","V17","impfun","iprspot",-0.0499265061317498,0.0499265061317498,0.000999000999000999,0.20979020979021,1
"IT","V5","V15","imprich","iplylfr",0.0277630854361493,0.0277630854361493,0.001998001998002,0.417582417582418,1
"IT","V10","V17","ipcrtiv","iprspot",0.0831784799805321,0.0831784799805321,0.002997002997003,0.623376623376623,1
"IT","V10","V14","ipcrtiv","iphlppl",-0.0350119735641982,0.0350119735641982,0.00599400599400599,1,1
"IT","V9","V17","ipbhprp","iprspot",-0.0879808325330706,0.0879808325330706,0.00699300699300699,1,1
"IT","V4","V21","impfun","ipudrst",0.0356683926987389,0.0356683926987389,0.00699300699300699,1,1
"IT","V11","V17","ipeqopt","iprspot",-0.0892994782034867,0.0892994782034867,0.00899100899100899,1,1
"IT","V5","V8","imprich","ipadvnt",-0.0810825370952957,0.0810825370952957,0.00999000999000999,1,1
"IT","V6","V19","impsafe","ipstrgv",-0.0804611021029201,0.0804611021029201,0.00999000999000999,1,1
"IT","V1","V11","impdiff","ipeqopt",0.0477591296177236,0.0477591296177236,0.012987012987013,1,1
"IT","V1","V21","impdiff","ipudrst",-0.0759424887928113,0.0759424887928113,0.012987012987013,1,1
"IT","V12","V14","ipfrule","iphlppl",-0.0336119996921119,0.0336119996921119,0.013986013986014,1,1
"IT","V5","V21","imprich","ipudrst",0.0562969548580192,0.0562969548580192,0.013986013986014,1,1
"IT","V7","V15","imptrad","iplylfr",-0.0779557733422785,0.0779557733422785,0.014985014985015,1,1
"IT","V2","V11","impenv","ipeqopt",0.0773495422168495,0.0773495422168495,0.015984015984016,1,1
"IT","V2","V19","impenv","ipstrgv",-0.0920393447415431,0.0920393447415431,0.015984015984016,1,1
"IT","V12","V18","ipfrule","ipshabt",0.0143409831629153,0.0143409831629153,0.018981018981019,1,1
"IT","V3","V21","impfree","ipudrst",0.0406255434994689,0.0406255434994689,0.018981018981019,1,1
"IT","V5","V20","imprich","ipsuces",0.0513962422192083,0.0513962422192083,0.01998001998002,1,1
"IT","V11","V12","ipeqopt","ipfrule",-0.0242229381638287,0.0242229381638287,0.021978021978022,1,1
"IT","V11","V20","ipeqopt","ipsuces",-0.0663137664414496,0.0663137664414496,0.024975024975025,1,1
"IT","V7","V17","imptrad","iprspot",0.0734446286000095,0.0734446286000095,0.027972027972028,1,1
"IT","V11","V18","ipeqopt","ipshabt",0.0865542204993053,0.0865542204993053,0.028971028971029,1,1
"IT","V5","V17","imprich","iprspot",-0.0720161724026477,0.0720161724026477,0.031968031968032,1,1
"IT","V4","V5","impfun","imprich",0.0330458717303397,0.0330458717303397,0.032967032967033,1,1
"IT","V3","V20","impfree","ipsuces",-0.0715329778868506,0.0715329778868506,0.032967032967033,1,1
"IT","V2","V7","impenv","imptrad",-0.0670736609867871,0.0670736609867871,0.035964035964036,1,1
"IT","V1","V17","impdiff","iprspot",0.0586311662844095,0.0586311662844095,0.03996003996004,1,1
"IT","V14","V20","iphlppl","ipsuces",0.0625999649587831,0.0625999649587831,0.041958041958042,1,1
"IT","V9","V12","ipbhprp","ipfrule",0.0752452546984243,0.0752452546984243,0.042957042957043,1,1
"IT","V18","V20","ipshabt","ipsuces",-0.0647514435547651,0.0647514435547651,0.045954045954046,1,1
"IT","V1","V6","impdiff","impsafe",0.0595188990110656,0.0595188990110656,0.048951048951049,1,1
"IT","V3","V11","impfree","ipeqopt",0.0610357428287898,0.0610357428287898,0.0599400599400599,1,1
"IT","V3","V13","impfree","ipgdtim",0.0515302299209696,0.0515302299209696,0.0799200799200799,1,1
"IT","V1","V15","impdiff","iplylfr",-0.0577164232047542,0.0577164232047542,0.0799200799200799,1,1
"IT","V7","V13","imptrad","ipgdtim",0.0488582490957661,0.0488582490957661,0.0849150849150849,1,1
"IT","V13","V17","ipgdtim","iprspot",-0.0400319519713803,0.0400319519713803,0.0969030969030969,1,1
"IT","V11","V21","ipeqopt","ipudrst",0.0533369891552797,0.0533369891552797,0.0979020979020979,1,1
"IT","V3","V14","impfree","iphlppl",0.0512239495231579,0.0512239495231579,0.107892107892108,1,1
"IT","V10","V15","ipcrtiv","iplylfr",0.0323373291468221,0.0323373291468221,0.115884115884116,1,1
"IT","V10","V21","ipcrtiv","ipudrst",-0.0484948799904442,0.0484948799904442,0.118881118881119,1,1
"IT","V6","V7","impsafe","imptrad",-0.049136897126057,0.049136897126057,0.125874125874126,1,1
"IT","V1","V13","impdiff","ipgdtim",-0.0460755769177421,0.0460755769177421,0.132867132867133,1,1
"IT","V7","V12","imptrad","ipfrule",0.0494530011047125,0.0494530011047125,0.141858141858142,1,1
"IT","V11","V15","ipeqopt","iplylfr",0.0459270921751687,0.0459270921751687,0.145854145854146,1,1
"IT","V6","V12","impsafe","ipfrule",0.0487404205962076,0.0487404205962076,0.146853146853147,1,1
"IT","V4","V15","impfun","iplylfr",-0.0300214600562554,0.0300214600562554,0.155844155844156,1,1
"IT","V15","V16","iplylfr","ipmodst",-0.0557534756712951,0.0557534756712951,0.161838161838162,1,1
"IT","V6","V8","impsafe","ipadvnt",-0.0436994263662085,0.0436994263662085,0.164835164835165,1,1
"IT","V14","V15","iphlppl","iplylfr",-0.0464419492101236,0.0464419492101236,0.166833166833167,1,1
"IT","V10","V20","ipcrtiv","ipsuces",-0.0448168829232102,0.0448168829232102,0.16983016983017,1,1
"IT","V7","V10","imptrad","ipcrtiv",0.0225164643681144,0.0225164643681144,0.178821178821179,1,1
"IT","V6","V18","impsafe","ipshabt",-0.0384263467979681,0.0384263467979681,0.18981018981019,1,1
"IT","V14","V16","iphlppl","ipmodst",-0.0429212377618819,0.0429212377618819,0.197802197802198,1,1
"IT","V6","V15","impsafe","iplylfr",0.0451786953845023,0.0451786953845023,0.210789210789211,1,1
"IT","V7","V19","imptrad","ipstrgv",-0.0388820978394545,0.0388820978394545,0.214785214785215,1,1
"IT","V16","V18","ipmodst","ipshabt",-0.0583558875778574,0.0583558875778574,0.224775224775225,1,1
"IT","V6","V16","impsafe","ipmodst",0.0340133539151415,0.0340133539151415,0.22977022977023,1,1
"IT","V8","V19","ipadvnt","ipstrgv",0.0299581063369484,0.0299581063369484,0.238761238761239,1,1
"IT","V10","V13","ipcrtiv","ipgdtim",-0.0412558279680823,0.0412558279680823,0.240759240759241,1,1
"IT","V12","V21","ipfrule","ipudrst",0.0362254453441133,0.0362254453441133,0.260739260739261,1,1
"IT","V2","V21","impenv","ipudrst",-0.0343927667747304,0.0343927667747304,0.276723276723277,1,1
"IT","V3","V19","impfree","ipstrgv",-0.033213032433225,0.033213032433225,0.27972027972028,1,1
"IT","V4","V13","impfun","ipgdtim",-0.0318918355847578,0.0318918355847578,0.301698301698302,1,1
"IT","V5","V7","imprich","imptrad",-0.0239501286482923,0.0239501286482923,0.302697302697303,1,1
"IT","V10","V11","ipcrtiv","ipeqopt",0.0261048249811513,0.0261048249811513,0.308691308691309,1,1
"IT","V11","V14","ipeqopt","iphlppl",0.0323485193600792,0.0323485193600792,0.313686313686314,1,1
"IT","V16","V21","ipmodst","ipudrst",0.0312240045271676,0.0312240045271676,0.315684315684316,1,1
"IT","V7","V9","imptrad","ipbhprp",-0.0316488280829974,0.0316488280829974,0.322677322677323,1,1
"IT","V2","V5","impenv","imprich",0.0455074789881586,0.0455074789881586,0.331668331668332,1,1
"IT","V3","V4","impfree","impfun",0.0413824492704027,0.0413824492704027,0.332667332667333,1,1
"IT","V2","V14","impenv","iphlppl",0.0334624685699124,0.0334624685699124,0.342657342657343,1,1
"IT","V2","V15","impenv","iplylfr",-0.0295419434979953,0.0295419434979953,0.351648351648352,1,1
"IT","V17","V18","iprspot","ipshabt",0.0306485454259123,0.0306485454259123,0.354645354645355,1,1
"IT","V14","V21","iphlppl","ipudrst",0.0302748714912066,0.0302748714912066,0.363636363636364,1,1
"IT","V6","V9","impsafe","ipbhprp",-0.0310157323607531,0.0310157323607531,0.373626373626374,1,1
"IT","V13","V20","ipgdtim","ipsuces",0.0271067064156695,0.0271067064156695,0.377622377622378,1,1
"IT","V9","V20","ipbhprp","ipsuces",-0.042146877349965,0.042146877349965,0.380619380619381,1,1
"IT","V8","V13","ipadvnt","ipgdtim",-0.0286018855118928,0.0286018855118928,0.395604395604396,1,1
"IT","V3","V6","impfree","impsafe",0.0293963410601317,0.0293963410601317,0.397602397602398,1,1
"IT","V4","V10","impfun","ipcrtiv",0.0367529725001994,0.0367529725001994,0.400599400599401,1,1
"IT","V5","V13","imprich","ipgdtim",-0.0266696684717722,0.0266696684717722,0.402597402597403,1,1
"IT","V2","V20","impenv","ipsuces",0.0248377379950788,0.0248377379950788,0.417582417582418,1,1
"IT","V8","V16","ipadvnt","ipmodst",-0.0283115026612146,0.0283115026612146,0.435564435564436,1,1
"IT","V1","V20","impdiff","ipsuces",0.0269881233793704,0.0269881233793704,0.435564435564436,1,1
"IT","V15","V21","iplylfr","ipudrst",0.023843917067044,0.023843917067044,0.43956043956044,1,1
"IT","V19","V20","ipstrgv","ipsuces",-0.023443410759261,0.023443410759261,0.44955044955045,1,1
"IT","V2","V6","impenv","impsafe",0.0214694182414568,0.0214694182414568,0.465534465534466,1,1
"IT","V2","V3","impenv","impfree",-0.0226826339163925,0.0226826339163925,0.470529470529471,1,1
"IT","V7","V16","imptrad","ipmodst",-0.0219100007408905,0.0219100007408905,0.491508491508492,1,1
"IT","V16","V19","ipmodst","ipstrgv",0.0199492861286182,0.0199492861286182,0.501498501498502,1,1
"IT","V1","V4","impdiff","impfun",-0.0216667387165167,0.0216667387165167,0.510489510489511,1,1
"IT","V1","V12","impdiff","ipfrule",0.0319561815421875,0.0319561815421875,0.513486513486514,1,1
"IT","V14","V19","iphlppl","ipstrgv",0.0207501287033463,0.0207501287033463,0.516483516483517,1,1
"IT","V5","V10","imprich","ipcrtiv",-0.0232579659763683,0.0232579659763683,0.532467532467532,1,1
"IT","V1","V18","impdiff","ipshabt",0.0191062707153192,0.0191062707153192,0.547452547452547,1,1
"IT","V7","V8","imptrad","ipadvnt",-0.0156130104450338,0.0156130104450338,0.56043956043956,1,1
"IT","V6","V11","impsafe","ipeqopt",-0.0175652141568269,0.0175652141568269,0.567432567432567,1,1
"IT","V10","V18","ipcrtiv","ipshabt",0.017860245213577,0.017860245213577,0.591408591408591,1,1
"IT","V5","V18","imprich","ipshabt",0.01472689249615,0.01472689249615,0.605394605394605,1,1
"IT","V1","V10","impdiff","ipcrtiv",-0.0157472324889311,0.0157472324889311,0.606393606393606,1,1
"IT","V9","V16","ipbhprp","ipmodst",0.0147754110879,0.0147754110879,0.644355644355644,1,1
"IT","V13","V18","ipgdtim","ipshabt",0.0119563648758425,0.0119563648758425,0.691308691308691,1,1
"IT","V1","V8","impdiff","ipadvnt",-0.0122730580916562,0.0122730580916562,0.699300699300699,1,1
"IT","V9","V14","ipbhprp","iphlppl",0.0289480042381172,0.0289480042381172,0.727272727272727,1,1
"IT","V12","V19","ipfrule","ipstrgv",0.0106376303047723,0.0106376303047723,0.744255744255744,1,1
"IT","V11","V19","ipeqopt","ipstrgv",0.0023814820403297,0.0023814820403297,0.753246753246753,1,1
"IT","V3","V10","impfree","ipcrtiv",-0.0093986494002965,0.0093986494002965,0.766233766233766,1,1
"IT","V1","V3","impdiff","impfree",0.00966581551325293,0.00966581551325293,0.769230769230769,1,1
"IT","V4","V8","impfun","ipadvnt",0.00916387425169482,0.00916387425169482,0.783216783216783,1,1
"IT","V2","V10","impenv","ipcrtiv",-0.00902296727977378,0.00902296727977378,0.786213786213786,1,1
"IT","V9","V19","ipbhprp","ipstrgv",0.00869841009165858,0.00869841009165858,0.794205794205794,1,1
"IT","V17","V20","iprspot","ipsuces",0.00802467171353188,0.00802467171353188,0.801198801198801,1,1
"IT","V3","V17","impfree","iprspot",0.0173484987178746,0.0173484987178746,0.803196803196803,1,1
"IT","V15","V19","iplylfr","ipstrgv",0.00700078807998621,0.00700078807998621,0.816183816183816,1,1
"IT","V8","V10","ipadvnt","ipcrtiv",0.00530719738868697,0.00530719738868697,0.857142857142857,1,1
"IT","V12","V16","ipfrule","ipmodst",-0.00529420538305952,0.00529420538305952,0.868131868131868,1,1
"IT","V15","V17","iplylfr","iprspot",0.00534529108813203,0.00534529108813203,0.871128871128871,1,1
"IT","V7","V14","imptrad","iphlppl",0.00454185733530831,0.00454185733530831,0.88011988011988,1,1
"IT","V5","V16","imprich","ipmodst",0.00486912470563666,0.00486912470563666,0.884115884115884,1,1
"IT","V9","V15","ipbhprp","iplylfr",-0.00164497772052503,0.00164497772052503,0.946053946053946,1,1
"IT","V6","V17","impsafe","iprspot",0.00279800335297121,0.00279800335297121,0.954045954045954,1,1
"IT","V11","V16","ipeqopt","ipmodst",-0.00149350144785124,0.00149350144785124,0.955044955044955,1,1
"IT","V4","V20","impfun","ipsuces",-0.00106561100597706,0.00106561100597706,0.974025974025974,1,1
"IT","V1","V2","impdiff","impenv",0,0,1,1,1
"IT","V2","V4","impenv","impfun",0,0,1,1,1
"IT","V1","V5","impdiff","imprich",0,0,1,1,1
"IT","V3","V5","impfree","imprich",0,0,1,1,1
"IT","V4","V6","impfun","impsafe",0,0,1,1,1
"IT","V5","V6","imprich","impsafe",0,0,1,1,1
"IT","V1","V7","impdiff","imptrad",0,0,1,1,1
"IT","V3","V7","impfree","imptrad",0,0,1,1,1
"IT","V4","V7","impfun","imptrad",0,0,1,1,1
"IT","V2","V8","impenv","ipadvnt",0,0,1,1,1
"IT","V3","V8","impfree","ipadvnt",0,0,1,1,1
"IT","V1","V9","impdiff","ipbhprp",0,0,1,1,1
"IT","V2","V9","impenv","ipbhprp",0,0,1,1,1
"IT","V3","V9","impfree","ipbhprp",0,0,1,1,1
"IT","V4","V9","impfun","ipbhprp",0,0,1,1,1
"IT","V5","V9","imprich","ipbhprp",0,0,1,1,1
"IT","V8","V9","ipadvnt","ipbhprp",0,0,1,1,1
"IT","V6","V10","impsafe","ipcrtiv",0,0,1,1,1
"IT","V9","V10","ipbhprp","ipcrtiv",0,0,1,1,1
"IT","V4","V11","impfun","ipeqopt",0,0,1,1,1
"IT","V5","V11","imprich","ipeqopt",0,0,1,1,1
"IT","V7","V11","imptrad","ipeqopt",0,0,1,1,1
"IT","V8","V11","ipadvnt","ipeqopt",0,0,1,1,1
"IT","V9","V11","ipbhprp","ipeqopt",0,0,1,1,1
"IT","V2","V12","impenv","ipfrule",0,0,1,1,1
"IT","V3","V12","impfree","ipfrule",0,0,1,1,1
"IT","V4","V12","impfun","ipfrule",0,0,1,1,1
"IT","V5","V12","imprich","ipfrule",0,0,1,1,1
"IT","V8","V12","ipadvnt","ipfrule",0,0,1,1,1
"IT","V10","V12","ipcrtiv","ipfrule",0,0,1,1,1
"IT","V2","V13","impenv","ipgdtim",0,0,1,1,1
"IT","V6","V13","impsafe","ipgdtim",0,0,1,1,1
"IT","V9","V13","ipbhprp","ipgdtim",0,0,1,1,1
"IT","V11","V13","ipeqopt","ipgdtim",0,0,1,1,1
"IT","V12","V13","ipfrule","ipgdtim",0,0,1,1,1
"IT","V1","V14","impdiff","iphlppl",0,0,1,1,1
"IT","V4","V14","impfun","iphlppl",0,0,1,1,1
"IT","V5","V14","imprich","iphlppl",0,0,1,1,1
"IT","V6","V14","impsafe","iphlppl",0,0,1,1,1
"IT","V8","V14","ipadvnt","iphlppl",0,0,1,1,1
"IT","V13","V14","ipgdtim","iphlppl",0,0,1,1,1
"IT","V3","V15","impfree","iplylfr",0,0,1,1,1
"IT","V8","V15","ipadvnt","iplylfr",0,0,1,1,1
"IT","V12","V15","ipfrule","iplylfr",0,0,1,1,1
"IT","V13","V15","ipgdtim","iplylfr",0,0,1,1,1
"IT","V1","V16","impdiff","ipmodst",0,0,1,1,1
"IT","V2","V16","impenv","ipmodst",0,0,1,1,1
"IT","V3","V16","impfree","ipmodst",0,0,1,1,1
"IT","V4","V16","impfun","ipmodst",0,0,1,1,1
"IT","V10","V16","ipcrtiv","ipmodst",0,0,1,1,1
"IT","V13","V16","ipgdtim","ipmodst",0,0,1,1,1
"IT","V2","V17","impenv","iprspot",0,0,1,1,1
"IT","V8","V17","ipadvnt","iprspot",0,0,1,1,1
"IT","V12","V17","ipfrule","iprspot",0,0,1,1,1
"IT","V14","V17","iphlppl","iprspot",0,0,1,1,1
"IT","V16","V17","ipmodst","iprspot",0,0,1,1,1
"IT","V2","V18","impenv","ipshabt",0,0,1,1,1
"IT","V3","V18","impfree","ipshabt",0,0,1,1,1
"IT","V4","V18","impfun","ipshabt",0,0,1,1,1
"IT","V7","V18","imptrad","ipshabt",0,0,1,1,1
"IT","V8","V18","ipadvnt","ipshabt",0,0,1,1,1
"IT","V9","V18","ipbhprp","ipshabt",0,0,1,1,1
"IT","V14","V18","iphlppl","ipshabt",0,0,1,1,1
"IT","V15","V18","iplylfr","ipshabt",0,0,1,1,1
"IT","V1","V19","impdiff","ipstrgv",0,0,1,1,1
"IT","V4","V19","impfun","ipstrgv",0,0,1,1,1
"IT","V5","V19","imprich","ipstrgv",0,0,1,1,1
"IT","V10","V19","ipcrtiv","ipstrgv",0,0,1,1,1
"IT","V13","V19","ipgdtim","ipstrgv",0,0,1,1,1
"IT","V17","V19","iprspot","ipstrgv",0,0,1,1,1
"IT","V18","V19","ipshabt","ipstrgv",0,0,1,1,1
"IT","V6","V20","impsafe","ipsuces",0,0,1,1,1
"IT","V7","V20","imptrad","ipsuces",0,0,1,1,1
"IT","V8","V20","ipadvnt","ipsuces",0,0,1,1,1
"IT","V12","V20","ipfrule","ipsuces",0,0,1,1,1
"IT","V15","V20","iplylfr","ipsuces",0,0,1,1,1
"IT","V16","V20","ipmodst","ipsuces",0,0,1,1,1
"IT","V6","V21","impsafe","ipudrst",0,0,1,1,1
"IT","V7","V21","imptrad","ipudrst",0,0,1,1,1
"IT","V8","V21","ipadvnt","ipudrst",0,0,1,1,1
"IT","V9","V21","ipbhprp","ipudrst",0,0,1,1,1
"IT","V13","V21","ipgdtim","ipudrst",0,0,1,1,1
"IT","V17","V21","iprspot","ipudrst",0,0,1,1,1
"IT","V18","V21","ipshabt","ipudrst",0,0,1,1,1
"IT","V19","V21","ipstrgv","ipudrst",0,0,1,1,1
"IT","V20","V21","ipsuces","ipudrst",0,0,1,1,1
"LT","V2","V6","impenv","impsafe",-0.146784747273055,0.146784747273055,0.000999000999000999,0.20979020979021,1
"LT","V2","V7","impenv","imptrad",-0.155379576070609,0.155379576070609,0.000999000999000999,0.20979020979021,1
"LT","V17","V21","iprspot","ipudrst",-0.0830383908304299,0.0830383908304299,0.000999000999000999,0.20979020979021,1
"LT","V2","V15","impenv","iplylfr",0.131362683989679,0.131362683989679,0.001998001998002,0.413586413586414,1
"LT","V12","V15","ipfrule","iplylfr",-0.0644094621367101,0.0644094621367101,0.002997002997003,0.617382617382617,1
"LT","V17","V19","iprspot","ipstrgv",0.0604067080226148,0.0604067080226148,0.00599400599400599,1,1
"LT","V18","V21","ipshabt","ipudrst",-0.0482946881395902,0.0482946881395902,0.00899100899100899,1,1
"LT","V8","V9","ipadvnt","ipbhprp",0.0532138009715111,0.0532138009715111,0.010989010989011,1,1
"LT","V9","V12","ipbhprp","ipfrule",0.113072064873549,0.113072064873549,0.011988011988012,1,1
"LT","V13","V19","ipgdtim","ipstrgv",-0.0542812663458021,0.0542812663458021,0.014985014985015,1,1
"LT","V2","V16","impenv","ipmodst",0.0800080635278392,0.0800080635278392,0.017982017982018,1,1
"LT","V9","V16","ipbhprp","ipmodst",-0.0893629475055213,0.0893629475055213,0.017982017982018,1,1
"LT","V1","V21","impdiff","ipudrst",0.108364781388962,0.108364781388962,0.01998001998002,1,1
"LT","V15","V19","iplylfr","ipstrgv",-0.100903051967752,0.100903051967752,0.020979020979021,1,1
"LT","V3","V17","impfree","iprspot",-0.0245974709473771,0.0245974709473771,0.022977022977023,1,1
"LT","V5","V17","imprich","iprspot",0.0996862009641002,0.0996862009641002,0.022977022977023,1,1
"LT","V3","V20","impfree","ipsuces",-0.0864915382741206,0.0864915382741206,0.023976023976024,1,1
"LT","V10","V18","ipcrtiv","ipshabt",-0.0822163032119862,0.0822163032119862,0.038961038961039,1,1
"LT","V9","V20","ipbhprp","ipsuces",-0.0456804928371986,0.0456804928371986,0.038961038961039,1,1
"LT","V10","V11","ipcrtiv","ipeqopt",0.0881703090658617,0.0881703090658617,0.03996003996004,1,1
"LT","V14","V21","iphlppl","ipudrst",0.083592847928715,0.083592847928715,0.03996003996004,1,1
"LT","V6","V8","impsafe","ipadvnt",-0.131862214208477,0.131862214208477,0.041958041958042,1,1
"LT","V7","V19","imptrad","ipstrgv",0.0728206072821104,0.0728206072821104,0.042957042957043,1,1
"LT","V3","V8","impfree","ipadvnt",0.0783997008020919,0.0783997008020919,0.045954045954046,1,1
"LT","V6","V9","impsafe","ipbhprp",-0.0805950419099847,0.0805950419099847,0.0599400599400599,1,1
"LT","V5","V20","imprich","ipsuces",0.0906236152258058,0.0906236152258058,0.0659340659340659,1,1
"LT","V8","V18","ipadvnt","ipshabt",-0.0496420464411003,0.0496420464411003,0.0689310689310689,1,1
"LT","V14","V19","iphlppl","ipstrgv",0.0370749097164389,0.0370749097164389,0.0749250749250749,1,1
"LT","V6","V13","impsafe","ipgdtim",0.0458623770492287,0.0458623770492287,0.106893106893107,1,1
"LT","V1","V10","impdiff","ipcrtiv",-0.0621030671663752,0.0621030671663752,0.10989010989011,1,1
"LT","V17","V20","iprspot","ipsuces",-0.0610296516651008,0.0610296516651008,0.120879120879121,1,1
"LT","V1","V13","impdiff","ipgdtim",0.0630161781435718,0.0630161781435718,0.122877122877123,1,1
"LT","V2","V21","impenv","ipudrst",0.0425311480176686,0.0425311480176686,0.122877122877123,1,1
"LT","V2","V3","impenv","impfree",-0.0600098295254752,0.0600098295254752,0.128871128871129,1,1
"LT","V6","V16","impsafe","ipmodst",0.0733479660158233,0.0733479660158233,0.14985014985015,1,1
"LT","V4","V20","impfun","ipsuces",-0.0271328433603531,0.0271328433603531,0.171828171828172,1,1
"LT","V5","V8","imprich","ipadvnt",0.0508512686310529,0.0508512686310529,0.177822177822178,1,1
"LT","V11","V15","ipeqopt","iplylfr",-0.0611755521482494,0.0611755521482494,0.198801198801199,1,1
"LT","V6","V11","impsafe","ipeqopt",-0.0522634737975677,0.0522634737975677,0.200799200799201,1,1
"LT","V9","V21","ipbhprp","ipudrst",-0.0290592066137409,0.0290592066137409,0.20979020979021,1,1
"LT","V15","V16","iplylfr","ipmodst",0.0596976257752577,0.0596976257752577,0.21978021978022,1,1
"LT","V1","V8","impdiff","ipadvnt",-0.0452135735025712,0.0452135735025712,0.228771228771229,1,1
"LT","V11","V19","ipeqopt","ipstrgv",0.0480106806002023,0.0480106806002023,0.233766233766234,1,1
"LT","V5","V14","imprich","iphlppl",0.060956101946391,0.060956101946391,0.264735264735265,1,1
"LT","V6","V12","impsafe","ipfrule",0.0578610628879784,0.0578610628879784,0.270729270729271,1,1
"LT","V9","V11","ipbhprp","ipeqopt",-0.0190566496614937,0.0190566496614937,0.28971028971029,1,1
"LT","V6","V7","impsafe","imptrad",-0.0428789725643462,0.0428789725643462,0.297702297702298,1,1
"LT","V2","V10","impenv","ipcrtiv",0.0505796371064543,0.0505796371064543,0.297702297702298,1,1
"LT","V3","V10","impfree","ipcrtiv",0.0392962965706329,0.0392962965706329,0.304695304695305,1,1
"LT","V8","V13","ipadvnt","ipgdtim",-0.0398881860096004,0.0398881860096004,0.317682317682318,1,1
"LT","V7","V15","imptrad","iplylfr",0.0587111661770736,0.0587111661770736,0.338661338661339,1,1
"LT","V9","V15","ipbhprp","iplylfr",0.0443330315738842,0.0443330315738842,0.341658341658342,1,1
"LT","V15","V17","iplylfr","iprspot",0.0343285054159587,0.0343285054159587,0.346653346653347,1,1
"LT","V11","V21","ipeqopt","ipudrst",0.0354038806352515,0.0354038806352515,0.360639360639361,1,1
"LT","V16","V20","ipmodst","ipsuces",0.0605111409322727,0.0605111409322727,0.364635364635365,1,1
"LT","V12","V19","ipfrule","ipstrgv",-0.0296018371227608,0.0296018371227608,0.372627372627373,1,1
"LT","V7","V16","imptrad","ipmodst",0.0292311074544821,0.0292311074544821,0.381618381618382,1,1
"LT","V19","V20","ipstrgv","ipsuces",0.049398748946892,0.049398748946892,0.396603396603397,1,1
"LT","V5","V10","imprich","ipcrtiv",-0.0339124526844929,0.0339124526844929,0.398601398601399,1,1
"LT","V1","V4","impdiff","impfun",-0.0377295076167594,0.0377295076167594,0.414585414585415,1,1
"LT","V3","V13","impfree","ipgdtim",-0.0307346933202159,0.0307346933202159,0.414585414585415,1,1
"LT","V10","V20","ipcrtiv","ipsuces",-0.0295276243990709,0.0295276243990709,0.417582417582418,1,1
"LT","V7","V14","imptrad","iphlppl",0.0353915125502918,0.0353915125502918,0.428571428571429,1,1
"LT","V5","V13","imprich","ipgdtim",-0.0294345774721291,0.0294345774721291,0.438561438561439,1,1
"LT","V6","V19","impsafe","ipstrgv",0.0319372622498625,0.0319372622498625,0.447552447552448,1,1
"LT","V4","V8","impfun","ipadvnt",0.0252461899446317,0.0252461899446317,0.473526473526474,1,1
"LT","V14","V15","iphlppl","iplylfr",0.0282376923770136,0.0282376923770136,0.480519480519481,1,1
"LT","V9","V17","ipbhprp","iprspot",0.0279424789805333,0.0279424789805333,0.484515484515485,1,1
"LT","V5","V18","imprich","ipshabt",0.0272331755124199,0.0272331755124199,0.48951048951049,1,1
"LT","V3","V14","impfree","iphlppl",-0.0320377846847816,0.0320377846847816,0.49050949050949,1,1
"LT","V13","V18","ipgdtim","ipshabt",0.0251366741375998,0.0251366741375998,0.49050949050949,1,1
"LT","V7","V8","imptrad","ipadvnt",-0.0407530812052341,0.0407530812052341,0.505494505494505,1,1
"LT","V2","V9","impenv","ipbhprp",0.0264386690157769,0.0264386690157769,0.527472527472527,1,1
"LT","V9","V19","ipbhprp","ipstrgv",0.0230464448106215,0.0230464448106215,0.536463536463537,1,1
"LT","V8","V20","ipadvnt","ipsuces",0.028217844775509,0.028217844775509,0.562437562437562,1,1
"LT","V4","V5","impfun","imprich",-0.0364872162218089,0.0364872162218089,0.574425574425574,1,1
"LT","V12","V16","ipfrule","ipmodst",-0.0391036123261776,0.0391036123261776,0.579420579420579,1,1
"LT","V1","V18","impdiff","ipshabt",0.0212544137205442,0.0212544137205442,0.611388611388611,1,1
"LT","V18","V20","ipshabt","ipsuces",0.0189789395198732,0.0189789395198732,0.629370629370629,1,1
"LT","V15","V20","iplylfr","ipsuces",-0.0317799185551551,0.0317799185551551,0.63036963036963,1,1
"LT","V11","V18","ipeqopt","ipshabt",0.0182791530803357,0.0182791530803357,0.634365634365634,1,1
"LT","V16","V18","ipmodst","ipshabt",0.0184854282006335,0.0184854282006335,0.65034965034965,1,1
"LT","V8","V10","ipadvnt","ipcrtiv",0.0325430576762743,0.0325430576762743,0.651348651348651,1,1
"LT","V9","V14","ipbhprp","iphlppl",-0.038299592105741,0.038299592105741,0.656343656343656,1,1
"LT","V5","V16","imprich","ipmodst",-0.0177632705660442,0.0177632705660442,0.656343656343656,1,1
"LT","V3","V19","impfree","ipstrgv",-0.0171369013992624,0.0171369013992624,0.676323676323676,1,1
"LT","V16","V21","ipmodst","ipudrst",-0.0149611591531986,0.0149611591531986,0.713286713286713,1,1
"LT","V14","V20","iphlppl","ipsuces",0.0139126260953411,0.0139126260953411,0.736263736263736,1,1
"LT","V11","V14","ipeqopt","iphlppl",-0.0138652100959883,0.0138652100959883,0.751248751248751,1,1
"LT","V2","V11","impenv","ipeqopt",0.019535306830376,0.019535306830376,0.756243756243756,1,1
"LT","V3","V11","impfree","ipeqopt",0.0116641361369955,0.0116641361369955,0.774225774225774,1,1
"LT","V1","V20","impdiff","ipsuces",0.00984916049602456,0.00984916049602456,0.788211788211788,1,1
"LT","V2","V19","impenv","ipstrgv",0.0108785952106948,0.0108785952106948,0.789210789210789,1,1
"LT","V4","V15","impfun","iplylfr",-0.0136628599175969,0.0136628599175969,0.81018981018981,1,1
"LT","V7","V9","imptrad","ipbhprp",0.0100858993111274,0.0100858993111274,0.811188811188811,1,1
"LT","V15","V21","iplylfr","ipudrst",0.011324395376953,0.011324395376953,0.815184815184815,1,1
"LT","V2","V14","impenv","iphlppl",-0.0096941054424263,0.0096941054424263,0.816183816183816,1,1
"LT","V17","V18","iprspot","ipshabt",0.00839217893542596,0.00839217893542596,0.822177822177822,1,1
"LT","V13","V20","ipgdtim","ipsuces",0.00730145243669485,0.00730145243669485,0.853146853146853,1,1
"LT","V8","V16","ipadvnt","ipmodst",-0.00651008763267605,0.00651008763267605,0.862137862137862,1,1
"LT","V6","V17","impsafe","iprspot",0.00795382229511621,0.00795382229511621,0.885114885114885,1,1
"LT","V13","V15","ipgdtim","iplylfr",-0.00616804854023189,0.00616804854023189,0.915084915084915,1,1
"LT","V4","V13","impfun","ipgdtim",-0.00447574523240901,0.00447574523240901,0.922077922077922,1,1
"LT","V4","V18","impfun","ipshabt",-0.00441701735948077,0.00441701735948077,0.93006993006993,1,1
"LT","V12","V17","ipfrule","iprspot",-0.00299307903500882,0.00299307903500882,0.946053946053946,1,1
"LT","V14","V16","iphlppl","ipmodst",-0.00283064612523959,0.00283064612523959,0.961038961038961,1,1
"LT","V12","V21","ipfrule","ipudrst",-0.0011786044070302,0.0011786044070302,0.976023976023976,1,1
"LT","V1","V2","impdiff","impenv",0,0,1,1,1
"LT","V1","V3","impdiff","impfree",0,0,1,1,1
"LT","V2","V4","impenv","impfun",0,0,1,1,1
"LT","V3","V4","impfree","impfun",0,0,1,1,1
"LT","V1","V5","impdiff","imprich",0,0,1,1,1
"LT","V2","V5","impenv","imprich",0,0,1,1,1
"LT","V3","V5","impfree","imprich",0,0,1,1,1
"LT","V1","V6","impdiff","impsafe",0,0,1,1,1
"LT","V3","V6","impfree","impsafe",0,0,1,1,1
"LT","V4","V6","impfun","impsafe",0,0,1,1,1
"LT","V5","V6","imprich","impsafe",0,0,1,1,1
"LT","V1","V7","impdiff","imptrad",0,0,1,1,1
"LT","V3","V7","impfree","imptrad",0,0,1,1,1
"LT","V4","V7","impfun","imptrad",0,0,1,1,1
"LT","V5","V7","imprich","imptrad",0,0,1,1,1
"LT","V2","V8","impenv","ipadvnt",0,0,1,1,1
"LT","V1","V9","impdiff","ipbhprp",0,0,1,1,1
"LT","V3","V9","impfree","ipbhprp",0,0,1,1,1
"LT","V4","V9","impfun","ipbhprp",0,0,1,1,1
"LT","V5","V9","imprich","ipbhprp",0,0,1,1,1
"LT","V4","V10","impfun","ipcrtiv",0,0,1,1,1
"LT","V6","V10","impsafe","ipcrtiv",0,0,1,1,1
"LT","V7","V10","imptrad","ipcrtiv",0,0,1,1,1
"LT","V9","V10","ipbhprp","ipcrtiv",0,0,1,1,1
"LT","V1","V11","impdiff","ipeqopt",0,0,1,1,1
"LT","V4","V11","impfun","ipeqopt",0,0,1,1,1
"LT","V5","V11","imprich","ipeqopt",0,0,1,1,1
"LT","V7","V11","imptrad","ipeqopt",0,0,1,1,1
"LT","V8","V11","ipadvnt","ipeqopt",0,0,1,1,1
"LT","V1","V12","impdiff","ipfrule",0,0,1,1,1
"LT","V2","V12","impenv","ipfrule",0,0,1,1,1
"LT","V3","V12","impfree","ipfrule",0,0,1,1,1
"LT","V4","V12","impfun","ipfrule",0,0,1,1,1
"LT","V5","V12","imprich","ipfrule",0,0,1,1,1
"LT","V7","V12","imptrad","ipfrule",0,0,1,1,1
"LT","V8","V12","ipadvnt","ipfrule",0,0,1,1,1
"LT","V10","V12","ipcrtiv","ipfrule",0,0,1,1,1
"LT","V11","V12","ipeqopt","ipfrule",0,0,1,1,1
"LT","V2","V13","impenv","ipgdtim",0,0,1,1,1
"LT","V7","V13","imptrad","ipgdtim",0,0,1,1,1
"LT","V9","V13","ipbhprp","ipgdtim",0,0,1,1,1
"LT","V10","V13","ipcrtiv","ipgdtim",0,0,1,1,1
"LT","V11","V13","ipeqopt","ipgdtim",0,0,1,1,1
"LT","V12","V13","ipfrule","ipgdtim",0,0,1,1,1
"LT","V1","V14","impdiff","iphlppl",0,0,1,1,1
"LT","V4","V14","impfun","iphlppl",0,0,1,1,1
"LT","V6","V14","impsafe","iphlppl",0,0,1,1,1
"LT","V8","V14","ipadvnt","iphlppl",0,0,1,1,1
"LT","V10","V14","ipcrtiv","iphlppl",0,0,1,1,1
"LT","V12","V14","ipfrule","iphlppl",0,0,1,1,1
"LT","V13","V14","ipgdtim","iphlppl",0,0,1,1,1
"LT","V1","V15","impdiff","iplylfr",0,0,1,1,1
"LT","V3","V15","impfree","iplylfr",0,0,1,1,1
"LT","V5","V15","imprich","iplylfr",0,0,1,1,1
"LT","V6","V15","impsafe","iplylfr",0,0,1,1,1
"LT","V8","V15","ipadvnt","iplylfr",0,0,1,1,1
"LT","V10","V15","ipcrtiv","iplylfr",0,0,1,1,1
"LT","V1","V16","impdiff","ipmodst",0,0,1,1,1
"LT","V3","V16","impfree","ipmodst",0,0,1,1,1
"LT","V4","V16","impfun","ipmodst",0,0,1,1,1
"LT","V10","V16","ipcrtiv","ipmodst",0,0,1,1,1
"LT","V11","V16","ipeqopt","ipmodst",0,0,1,1,1
"LT","V13","V16","ipgdtim","ipmodst",0,0,1,1,1
"LT","V1","V17","impdiff","iprspot",0,0,1,1,1
"LT","V2","V17","impenv","iprspot",0,0,1,1,1
"LT","V4","V17","impfun","iprspot",0,0,1,1,1
"LT","V7","V17","imptrad","iprspot",0,0,1,1,1
"LT","V8","V17","ipadvnt","iprspot",0,0,1,1,1
"LT","V10","V17","ipcrtiv","iprspot",0,0,1,1,1
"LT","V11","V17","ipeqopt","iprspot",0,0,1,1,1
"LT","V13","V17","ipgdtim","iprspot",0,0,1,1,1
"LT","V14","V17","iphlppl","iprspot",0,0,1,1,1
"LT","V16","V17","ipmodst","iprspot",0,0,1,1,1
"LT","V2","V18","impenv","ipshabt",0,0,1,1,1
"LT","V3","V18","impfree","ipshabt",0,0,1,1,1
"LT","V6","V18","impsafe","ipshabt",0,0,1,1,1
"LT","V7","V18","imptrad","ipshabt",0,0,1,1,1
"LT","V9","V18","ipbhprp","ipshabt",0,0,1,1,1
"LT","V12","V18","ipfrule","ipshabt",0,0,1,1,1
"LT","V14","V18","iphlppl","ipshabt",0,0,1,1,1
"LT","V15","V18","iplylfr","ipshabt",0,0,1,1,1
"LT","V1","V19","impdiff","ipstrgv",0,0,1,1,1
"LT","V4","V19","impfun","ipstrgv",0,0,1,1,1
"LT","V5","V19","imprich","ipstrgv",0,0,1,1,1
"LT","V8","V19","ipadvnt","ipstrgv",0,0,1,1,1
"LT","V10","V19","ipcrtiv","ipstrgv",0,0,1,1,1
"LT","V16","V19","ipmodst","ipstrgv",0,0,1,1,1
"LT","V18","V19","ipshabt","ipstrgv",0,0,1,1,1
"LT","V2","V20","impenv","ipsuces",0,0,1,1,1
"LT","V6","V20","impsafe","ipsuces",0,0,1,1,1
"LT","V7","V20","imptrad","ipsuces",0,0,1,1,1
"LT","V11","V20","ipeqopt","ipsuces",0,0,1,1,1
"LT","V12","V20","ipfrule","ipsuces",0,0,1,1,1
"LT","V3","V21","impfree","ipudrst",0,0,1,1,1
"LT","V4","V21","impfun","ipudrst",0,0,1,1,1
"LT","V5","V21","imprich","ipudrst",0,0,1,1,1
"LT","V6","V21","impsafe","ipudrst",0,0,1,1,1
"LT","V7","V21","imptrad","ipudrst",0,0,1,1,1
"LT","V8","V21","ipadvnt","ipudrst",0,0,1,1,1
"LT","V10","V21","ipcrtiv","ipudrst",0,0,1,1,1
"LT","V13","V21","ipgdtim","ipudrst",0,0,1,1,1
"LT","V19","V21","ipstrgv","ipudrst",0,0,1,1,1
"LT","V20","V21","ipsuces","ipudrst",0,0,1,1,1
"ME","V7","V15","imptrad","iplylfr",0.167905747306616,0.167905747306616,0.000999000999000999,0.20979020979021,1
"ME","V6","V18","impsafe","ipshabt",-0.0937306712241476,0.0937306712241476,0.000999000999000999,0.20979020979021,1
"ME","V18","V21","ipshabt","ipudrst",0.0862044394974566,0.0862044394974566,0.000999000999000999,0.20979020979021,1
"ME","V9","V20","ipbhprp","ipsuces",0.0314160657257088,0.0314160657257088,0.003996003996004,0.827172827172827,1
"ME","V2","V21","impenv","ipudrst",0.13809408184996,0.13809408184996,0.003996003996004,0.827172827172827,1
"ME","V6","V9","impsafe","ipbhprp",-0.154581853995497,0.154581853995497,0.00599400599400599,1,1
"ME","V2","V17","impenv","iprspot",0.095087769576635,0.095087769576635,0.010989010989011,1,1
"ME","V2","V15","impenv","iplylfr",-0.144120739671392,0.144120739671392,0.012987012987013,1,1
"ME","V12","V16","ipfrule","ipmodst",0.130984094748465,0.130984094748465,0.020979020979021,1,1
"ME","V5","V11","imprich","ipeqopt",0.102118317410515,0.102118317410515,0.024975024975025,1,1
"ME","V2","V20","impenv","ipsuces",-0.0893352792992106,0.0893352792992106,0.024975024975025,1,1
"ME","V6","V16","impsafe","ipmodst",-0.0945314217076078,0.0945314217076078,0.02997002997003,1,1
"ME","V14","V21","iphlppl","ipudrst",0.109074435147478,0.109074435147478,0.033966033966034,1,1
"ME","V14","V19","iphlppl","ipstrgv",0.111247815152808,0.111247815152808,0.034965034965035,1,1
"ME","V5","V18","imprich","ipshabt",0.0876910217227018,0.0876910217227018,0.03996003996004,1,1
"ME","V3","V11","impfree","ipeqopt",0.0756359098407451,0.0756359098407451,0.041958041958042,1,1
"ME","V6","V15","impsafe","iplylfr",0.102942155809928,0.102942155809928,0.042957042957043,1,1
"ME","V9","V17","ipbhprp","iprspot",0.0931280814464068,0.0931280814464068,0.051948051948052,1,1
"ME","V4","V20","impfun","ipsuces",0.118258032344693,0.118258032344693,0.0589410589410589,1,1
"ME","V7","V16","imptrad","ipmodst",-0.104164836434812,0.104164836434812,0.0639360639360639,1,1
"ME","V9","V19","ipbhprp","ipstrgv",0.0998753171281674,0.0998753171281674,0.0669330669330669,1,1
"ME","V10","V11","ipcrtiv","ipeqopt",0.043489719473402,0.043489719473402,0.0719280719280719,1,1
"ME","V15","V18","iplylfr","ipshabt",-0.0272484493135729,0.0272484493135729,0.0779220779220779,1,1
"ME","V6","V11","impsafe","ipeqopt",0.0924888245056306,0.0924888245056306,0.0819180819180819,1,1
"ME","V2","V3","impenv","impfree",0.0259420032484461,0.0259420032484461,0.0999000999000999,1,1
"ME","V5","V21","imprich","ipudrst",0.0681421658114639,0.0681421658114639,0.110889110889111,1,1
"ME","V9","V12","ipbhprp","ipfrule",-0.0680056411157906,0.0680056411157906,0.122877122877123,1,1
"ME","V18","V20","ipshabt","ipsuces",-0.0711109892352473,0.0711109892352473,0.135864135864136,1,1
"ME","V14","V15","iphlppl","iplylfr",-0.0806719168925369,0.0806719168925369,0.136863136863137,1,1
"ME","V9","V11","ipbhprp","ipeqopt",0.0505010921291912,0.0505010921291912,0.157842157842158,1,1
"ME","V7","V14","imptrad","iphlppl",0.0705112656426848,0.0705112656426848,0.158841158841159,1,1
"ME","V19","V21","ipstrgv","ipudrst",-0.0730897352712683,0.0730897352712683,0.160839160839161,1,1
"ME","V5","V16","imprich","ipmodst",0.0616693061713719,0.0616693061713719,0.162837162837163,1,1
"ME","V5","V20","imprich","ipsuces",-0.061496625397637,0.061496625397637,0.168831168831169,1,1
"ME","V6","V21","impsafe","ipudrst",-0.0676787104377462,0.0676787104377462,0.172827172827173,1,1
"ME","V11","V14","ipeqopt","iphlppl",-0.0878809987682515,0.0878809987682515,0.188811188811189,1,1
"ME","V12","V21","ipfrule","ipudrst",-0.0703508409294924,0.0703508409294924,0.196803196803197,1,1
"ME","V2","V9","impenv","ipbhprp",0.0252091756608449,0.0252091756608449,0.215784215784216,1,1
"ME","V6","V7","impsafe","imptrad",0.0475731385442134,0.0475731385442134,0.234765234765235,1,1
"ME","V4","V13","impfun","ipgdtim",0.0564286473888346,0.0564286473888346,0.235764235764236,1,1
"ME","V3","V4","impfree","impfun",0.0899781986175663,0.0899781986175663,0.243756243756244,1,1
"ME","V3","V13","impfree","ipgdtim",-0.0700530884653003,0.0700530884653003,0.253746253746254,1,1
"ME","V9","V15","ipbhprp","iplylfr",0.0616325361442221,0.0616325361442221,0.255744255744256,1,1
"ME","V2","V5","impenv","imprich",0.0338120065400554,0.0338120065400554,0.297702297702298,1,1
"ME","V17","V20","iprspot","ipsuces",-0.0532532276474852,0.0532532276474852,0.308691308691309,1,1
"ME","V10","V18","ipcrtiv","ipshabt",0.0541851678420684,0.0541851678420684,0.314685314685315,1,1
"ME","V2","V10","impenv","ipcrtiv",-0.0587527907355227,0.0587527907355227,0.315684315684316,1,1
"ME","V8","V16","ipadvnt","ipmodst",0.0448271281979006,0.0448271281979006,0.317682317682318,1,1
"ME","V10","V20","ipcrtiv","ipsuces",-0.0495109256784412,0.0495109256784412,0.327672327672328,1,1
"ME","V1","V10","impdiff","ipcrtiv",-0.042850421805122,0.042850421805122,0.361638361638362,1,1
"ME","V4","V10","impfun","ipcrtiv",-0.0387640139491205,0.0387640139491205,0.37962037962038,1,1
"ME","V2","V7","impenv","imptrad",-0.0462993056418409,0.0462993056418409,0.393606393606394,1,1
"ME","V1","V8","impdiff","ipadvnt",0.0343998382372716,0.0343998382372716,0.433566433566434,1,1
"ME","V15","V21","iplylfr","ipudrst",-0.0392311381147433,0.0392311381147433,0.456543456543457,1,1
"ME","V17","V19","iprspot","ipstrgv",0.0434409187594836,0.0434409187594836,0.45954045954046,1,1
"ME","V5","V13","imprich","ipgdtim",-0.0303195958790275,0.0303195958790275,0.460539460539461,1,1
"ME","V11","V19","ipeqopt","ipstrgv",0.0404516141183915,0.0404516141183915,0.484515484515485,1,1
"ME","V3","V14","impfree","iphlppl",0.0313453745181624,0.0313453745181624,0.491508491508492,1,1
"ME","V11","V15","ipeqopt","iplylfr",-0.0324466205976823,0.0324466205976823,0.493506493506494,1,1
"ME","V5","V17","imprich","iprspot",-0.0305934789505347,0.0305934789505347,0.495504495504495,1,1
"ME","V5","V8","imprich","ipadvnt",0.0339722049251149,0.0339722049251149,0.496503496503497,1,1
"ME","V13","V20","ipgdtim","ipsuces",0.0289838693353319,0.0289838693353319,0.497502497502497,1,1
"ME","V3","V20","impfree","ipsuces",0.0320177732692439,0.0320177732692439,0.53046953046953,1,1
"ME","V6","V14","impsafe","iphlppl",0.0313028620863913,0.0313028620863913,0.538461538461538,1,1
"ME","V2","V19","impenv","ipstrgv",-0.0301324822349787,0.0301324822349787,0.566433566433566,1,1
"ME","V2","V14","impenv","iphlppl",-0.0311145825744374,0.0311145825744374,0.574425574425574,1,1
"ME","V9","V14","ipbhprp","iphlppl",0.0248782306274139,0.0248782306274139,0.576423576423576,1,1
"ME","V1","V20","impdiff","ipsuces",-0.0271994486256126,0.0271994486256126,0.583416583416583,1,1
"ME","V6","V19","impsafe","ipstrgv",-0.0285337358657607,0.0285337358657607,0.585414585414585,1,1
"ME","V16","V21","ipmodst","ipudrst",0.0286123365517287,0.0286123365517287,0.605394605394605,1,1
"ME","V1","V18","impdiff","ipshabt",0.0246207418834297,0.0246207418834297,0.613386613386613,1,1
"ME","V4","V8","impfun","ipadvnt",-0.0231158643872814,0.0231158643872814,0.626373626373626,1,1
"ME","V14","V20","iphlppl","ipsuces",-0.0365213890925592,0.0365213890925592,0.63036963036963,1,1
"ME","V3","V21","impfree","ipudrst",0.0380692607289852,0.0380692607289852,0.644355644355644,1,1
"ME","V12","V17","ipfrule","iprspot",0.0245172281857651,0.0245172281857651,0.647352647352647,1,1
"ME","V3","V15","impfree","iplylfr",-0.0172762453292964,0.0172762453292964,0.663336663336663,1,1
"ME","V1","V13","impdiff","ipgdtim",0.0198463813438078,0.0198463813438078,0.686313686313686,1,1
"ME","V11","V16","ipeqopt","ipmodst",-0.0246126285818967,0.0246126285818967,0.686313686313686,1,1
"ME","V14","V16","iphlppl","ipmodst",-0.0214626004077845,0.0214626004077845,0.69030969030969,1,1
"ME","V7","V19","imptrad","ipstrgv",0.0318767800066207,0.0318767800066207,0.699300699300699,1,1
"ME","V1","V4","impdiff","impfun",0.0219542590146467,0.0219542590146467,0.701298701298701,1,1
"ME","V9","V16","ipbhprp","ipmodst",-0.0191294190444282,0.0191294190444282,0.715284715284715,1,1
"ME","V1","V3","impdiff","impfree",-0.0181489676851486,0.0181489676851486,0.723276723276723,1,1
"ME","V9","V21","ipbhprp","ipudrst",-0.0177254543841398,0.0177254543841398,0.799200799200799,1,1
"ME","V2","V16","impenv","ipmodst",-0.0116166670548091,0.0116166670548091,0.834165834165834,1,1
"ME","V15","V19","iplylfr","ipstrgv",-0.010719015146455,0.010719015146455,0.847152847152847,1,1
"ME","V17","V18","iprspot","ipshabt",-0.00862860292810858,0.00862860292810858,0.859140859140859,1,1
"ME","V2","V11","impenv","ipeqopt",-0.00522691608618343,0.00522691608618343,0.915084915084915,1,1
"ME","V11","V21","ipeqopt","ipudrst",0.00461568597481252,0.00461568597481252,0.92007992007992,1,1
"ME","V7","V9","imptrad","ipbhprp",-0.00186752121190588,0.00186752121190588,0.974025974025974,1,1
"ME","V8","V13","ipadvnt","ipgdtim",-0.000506936049832207,0.000506936049832207,0.994005994005994,1,1
"ME","V1","V2","impdiff","impenv",0,0,1,1,1
"ME","V2","V4","impenv","impfun",0,0,1,1,1
"ME","V1","V5","impdiff","imprich",0,0,1,1,1
"ME","V3","V5","impfree","imprich",0,0,1,1,1
"ME","V4","V5","impfun","imprich",0,0,1,1,1
"ME","V1","V6","impdiff","impsafe",0,0,1,1,1
"ME","V2","V6","impenv","impsafe",0,0,1,1,1
"ME","V3","V6","impfree","impsafe",0,0,1,1,1
"ME","V4","V6","impfun","impsafe",0,0,1,1,1
"ME","V5","V6","imprich","impsafe",0,0,1,1,1
"ME","V1","V7","impdiff","imptrad",0,0,1,1,1
"ME","V3","V7","impfree","imptrad",0,0,1,1,1
"ME","V4","V7","impfun","imptrad",0,0,1,1,1
"ME","V5","V7","imprich","imptrad",0,0,1,1,1
"ME","V2","V8","impenv","ipadvnt",0,0,1,1,1
"ME","V3","V8","impfree","ipadvnt",0,0,1,1,1
"ME","V6","V8","impsafe","ipadvnt",0,0,1,1,1
"ME","V7","V8","imptrad","ipadvnt",0,0,1,1,1
"ME","V1","V9","impdiff","ipbhprp",0,0,1,1,1
"ME","V3","V9","impfree","ipbhprp",0,0,1,1,1
"ME","V4","V9","impfun","ipbhprp",0,0,1,1,1
"ME","V5","V9","imprich","ipbhprp",0,0,1,1,1
"ME","V8","V9","ipadvnt","ipbhprp",0,0,1,1,1
"ME","V3","V10","impfree","ipcrtiv",0,0,1,1,1
"ME","V5","V10","imprich","ipcrtiv",0,0,1,1,1
"ME","V6","V10","impsafe","ipcrtiv",0,0,1,1,1
"ME","V7","V10","imptrad","ipcrtiv",0,0,1,1,1
"ME","V8","V10","ipadvnt","ipcrtiv",0,0,1,1,1
"ME","V9","V10","ipbhprp","ipcrtiv",0,0,1,1,1
"ME","V1","V11","impdiff","ipeqopt",0,0,1,1,1
"ME","V4","V11","impfun","ipeqopt",0,0,1,1,1
"ME","V7","V11","imptrad","ipeqopt",0,0,1,1,1
"ME","V8","V11","ipadvnt","ipeqopt",0,0,1,1,1
"ME","V1","V12","impdiff","ipfrule",0,0,1,1,1
"ME","V2","V12","impenv","ipfrule",0,0,1,1,1
"ME","V3","V12","impfree","ipfrule",0,0,1,1,1
"ME","V4","V12","impfun","ipfrule",0,0,1,1,1
"ME","V5","V12","imprich","ipfrule",0,0,1,1,1
"ME","V6","V12","impsafe","ipfrule",0,0,1,1,1
"ME","V7","V12","imptrad","ipfrule",0,0,1,1,1
"ME","V8","V12","ipadvnt","ipfrule",0,0,1,1,1
"ME","V10","V12","ipcrtiv","ipfrule",0,0,1,1,1
"ME","V11","V12","ipeqopt","ipfrule",0,0,1,1,1
"ME","V2","V13","impenv","ipgdtim",0,0,1,1,1
"ME","V6","V13","impsafe","ipgdtim",0,0,1,1,1
"ME","V7","V13","imptrad","ipgdtim",0,0,1,1,1
"ME","V9","V13","ipbhprp","ipgdtim",0,0,1,1,1
"ME","V10","V13","ipcrtiv","ipgdtim",0,0,1,1,1
"ME","V11","V13","ipeqopt","ipgdtim",0,0,1,1,1
"ME","V12","V13","ipfrule","ipgdtim",0,0,1,1,1
"ME","V1","V14","impdiff","iphlppl",0,0,1,1,1
"ME","V4","V14","impfun","iphlppl",0,0,1,1,1
"ME","V5","V14","imprich","iphlppl",0,0,1,1,1
"ME","V8","V14","ipadvnt","iphlppl",0,0,1,1,1
"ME","V10","V14","ipcrtiv","iphlppl",0,0,1,1,1
"ME","V12","V14","ipfrule","iphlppl",0,0,1,1,1
"ME","V13","V14","ipgdtim","iphlppl",0,0,1,1,1
"ME","V1","V15","impdiff","iplylfr",0,0,1,1,1
"ME","V4","V15","impfun","iplylfr",0,0,1,1,1
"ME","V5","V15","imprich","iplylfr",0,0,1,1,1
"ME","V8","V15","ipadvnt","iplylfr",0,0,1,1,1
"ME","V10","V15","ipcrtiv","iplylfr",0,0,1,1,1
"ME","V12","V15","ipfrule","iplylfr",0,0,1,1,1
"ME","V13","V15","ipgdtim","iplylfr",0,0,1,1,1
"ME","V1","V16","impdiff","ipmodst",0,0,1,1,1
"ME","V3","V16","impfree","ipmodst",0,0,1,1,1
"ME","V4","V16","impfun","ipmodst",0,0,1,1,1
"ME","V10","V16","ipcrtiv","ipmodst",0,0,1,1,1
"ME","V13","V16","ipgdtim","ipmodst",0,0,1,1,1
"ME","V15","V16","iplylfr","ipmodst",0,0,1,1,1
"ME","V1","V17","impdiff","iprspot",0,0,1,1,1
"ME","V3","V17","impfree","iprspot",0,0,1,1,1
"ME","V4","V17","impfun","iprspot",0,0,1,1,1
"ME","V6","V17","impsafe","iprspot",0,0,1,1,1
"ME","V7","V17","imptrad","iprspot",0,0,1,1,1
"ME","V8","V17","ipadvnt","iprspot",0,0,1,1,1
"ME","V10","V17","ipcrtiv","iprspot",0,0,1,1,1
"ME","V11","V17","ipeqopt","iprspot",0,0,1,1,1
"ME","V13","V17","ipgdtim","iprspot",0,0,1,1,1
"ME","V14","V17","iphlppl","iprspot",0,0,1,1,1
"ME","V15","V17","iplylfr","iprspot",0,0,1,1,1
"ME","V16","V17","ipmodst","iprspot",0,0,1,1,1
"ME","V2","V18","impenv","ipshabt",0,0,1,1,1
"ME","V3","V18","impfree","ipshabt",0,0,1,1,1
"ME","V4","V18","impfun","ipshabt",0,0,1,1,1
"ME","V7","V18","imptrad","ipshabt",0,0,1,1,1
"ME","V8","V18","ipadvnt","ipshabt",0,0,1,1,1
"ME","V9","V18","ipbhprp","ipshabt",0,0,1,1,1
"ME","V11","V18","ipeqopt","ipshabt",0,0,1,1,1
"ME","V12","V18","ipfrule","ipshabt",0,0,1,1,1
"ME","V13","V18","ipgdtim","ipshabt",0,0,1,1,1
"ME","V14","V18","iphlppl","ipshabt",0,0,1,1,1
"ME","V16","V18","ipmodst","ipshabt",0,0,1,1,1
"ME","V1","V19","impdiff","ipstrgv",0,0,1,1,1
"ME","V3","V19","impfree","ipstrgv",0,0,1,1,1
"ME","V4","V19","impfun","ipstrgv",0,0,1,1,1
"ME","V5","V19","imprich","ipstrgv",0,0,1,1,1
"ME","V8","V19","ipadvnt","ipstrgv",0,0,1,1,1
"ME","V10","V19","ipcrtiv","ipstrgv",0,0,1,1,1
"ME","V12","V19","ipfrule","ipstrgv",0,0,1,1,1
"ME","V13","V19","ipgdtim","ipstrgv",0,0,1,1,1
"ME","V16","V19","ipmodst","ipstrgv",0,0,1,1,1
"ME","V18","V19","ipshabt","ipstrgv",0,0,1,1,1
"ME","V6","V20","impsafe","ipsuces",0,0,1,1,1
"ME","V7","V20","imptrad","ipsuces",0,0,1,1,1
"ME","V8","V20","ipadvnt","ipsuces",0,0,1,1,1
"ME","V11","V20","ipeqopt","ipsuces",0,0,1,1,1
"ME","V12","V20","ipfrule","ipsuces",0,0,1,1,1
"ME","V15","V20","iplylfr","ipsuces",0,0,1,1,1
"ME","V16","V20","ipmodst","ipsuces",0,0,1,1,1
"ME","V19","V20","ipstrgv","ipsuces",0,0,1,1,1
"ME","V1","V21","impdiff","ipudrst",0,0,1,1,1
"ME","V4","V21","impfun","ipudrst",0,0,1,1,1
"ME","V7","V21","imptrad","ipudrst",0,0,1,1,1
"ME","V8","V21","ipadvnt","ipudrst",0,0,1,1,1
"ME","V10","V21","ipcrtiv","ipudrst",0,0,1,1,1
"ME","V13","V21","ipgdtim","ipudrst",0,0,1,1,1
"ME","V17","V21","iprspot","ipudrst",0,0,1,1,1
"ME","V20","V21","ipsuces","ipudrst",0,0,1,1,1
"NL","V14","V18","iphlppl","ipshabt",-0.0315152507681444,0.0315152507681444,0.003996003996004,0.839160839160839,1
"NL","V2","V9","impenv","ipbhprp",-0.0689124581862108,0.0689124581862108,0.00899100899100899,1,1
"NL","V17","V19","iprspot","ipstrgv",0.0681177857230172,0.0681177857230172,0.028971028971029,1,1
"NL","V10","V20","ipcrtiv","ipsuces",-0.0322724904596331,0.0322724904596331,0.033966033966034,1,1
"NL","V11","V14","ipeqopt","iphlppl",-0.0918291442975941,0.0918291442975941,0.03996003996004,1,1
"NL","V4","V19","impfun","ipstrgv",0.0619901840937969,0.0619901840937969,0.048951048951049,1,1
"NL","V1","V14","impdiff","iphlppl",-0.0885164547563452,0.0885164547563452,0.0589410589410589,1,1
"NL","V3","V21","impfree","ipudrst",0.0779182622030195,0.0779182622030195,0.0679320679320679,1,1
"NL","V6","V16","impsafe","ipmodst",-0.0761266666319931,0.0761266666319931,0.0689310689310689,1,1
"NL","V2","V19","impenv","ipstrgv",0.058768629068777,0.058768629068777,0.0799200799200799,1,1
"NL","V5","V14","imprich","iphlppl",0.0976845536511662,0.0976845536511662,0.0839160839160839,1,1
"NL","V5","V16","imprich","ipmodst",0.0290231926707262,0.0290231926707262,0.0849150849150849,1,1
"NL","V13","V18","ipgdtim","ipshabt",-0.056600928506847,0.056600928506847,0.0869130869130869,1,1
"NL","V1","V21","impdiff","ipudrst",-0.0572049239655623,0.0572049239655623,0.0989010989010989,1,1
"NL","V5","V21","imprich","ipudrst",-0.0428483530900069,0.0428483530900069,0.102897102897103,1,1
"NL","V9","V21","ipbhprp","ipudrst",-0.0381687398414703,0.0381687398414703,0.118881118881119,1,1
"NL","V1","V11","impdiff","ipeqopt",-0.0187390807469468,0.0187390807469468,0.127872127872128,1,1
"NL","V14","V21","iphlppl","ipudrst",0.0657324641037702,0.0657324641037702,0.12987012987013,1,1
"NL","V13","V19","ipgdtim","ipstrgv",-0.0232636305688921,0.0232636305688921,0.131868131868132,1,1
"NL","V8","V12","ipadvnt","ipfrule",0.0481742449898628,0.0481742449898628,0.133866133866134,1,1
"NL","V6","V17","impsafe","iprspot",-0.0610244581485084,0.0610244581485084,0.136863136863137,1,1
"NL","V1","V10","impdiff","ipcrtiv",-0.0542048160175304,0.0542048160175304,0.146853146853147,1,1
"NL","V2","V3","impenv","impfree",0.0581063261497393,0.0581063261497393,0.156843156843157,1,1
"NL","V3","V8","impfree","ipadvnt",-0.0750493446046762,0.0750493446046762,0.156843156843157,1,1
"NL","V6","V18","impsafe","ipshabt",-0.0579702440062579,0.0579702440062579,0.181818181818182,1,1
"NL","V2","V10","impenv","ipcrtiv",-0.0722444251258615,0.0722444251258615,0.185814185814186,1,1
"NL","V10","V18","ipcrtiv","ipshabt",-0.0428279768680216,0.0428279768680216,0.194805194805195,1,1
"NL","V12","V17","ipfrule","iprspot",0.0477112637242401,0.0477112637242401,0.206793206793207,1,1
"NL","V2","V14","impenv","iphlppl",0.0584618979976604,0.0584618979976604,0.211788211788212,1,1
"NL","V8","V13","ipadvnt","ipgdtim",0.0493398995758013,0.0493398995758013,0.234765234765235,1,1
"NL","V4","V8","impfun","ipadvnt",-0.047942521620924,0.047942521620924,0.236763236763237,1,1
"NL","V8","V17","ipadvnt","iprspot",-0.0628766827849214,0.0628766827849214,0.241758241758242,1,1
"NL","V13","V17","ipgdtim","iprspot",0.0540785876591756,0.0540785876591756,0.252747252747253,1,1
"NL","V16","V21","ipmodst","ipudrst",0.0463270971302744,0.0463270971302744,0.268731268731269,1,1
"NL","V11","V15","ipeqopt","iplylfr",-0.0590207886896943,0.0590207886896943,0.281718281718282,1,1
"NL","V12","V16","ipfrule","ipmodst",0.0442196199229287,0.0442196199229287,0.281718281718282,1,1
"NL","V9","V12","ipbhprp","ipfrule",0.0393987350604469,0.0393987350604469,0.301698301698302,1,1
"NL","V16","V19","ipmodst","ipstrgv",0.0381801575951562,0.0381801575951562,0.302697302697303,1,1
"NL","V17","V20","iprspot","ipsuces",0.0469983911007361,0.0469983911007361,0.302697302697303,1,1
"NL","V8","V20","ipadvnt","ipsuces",0.0384367302280826,0.0384367302280826,0.313686313686314,1,1
"NL","V9","V16","ipbhprp","ipmodst",0.0371446867511372,0.0371446867511372,0.321678321678322,1,1
"NL","V14","V16","iphlppl","ipmodst",0.0410770985503855,0.0410770985503855,0.32967032967033,1,1
"NL","V13","V15","ipgdtim","iplylfr",0.0451013442668485,0.0451013442668485,0.337662337662338,1,1
"NL","V10","V11","ipcrtiv","ipeqopt",0.0372346537305217,0.0372346537305217,0.356643356643357,1,1
"NL","V19","V20","ipstrgv","ipsuces",0.0519183313917907,0.0519183313917907,0.363636363636364,1,1
"NL","V3","V16","impfree","ipmodst",-0.0390160698120777,0.0390160698120777,0.365634365634366,1,1
"NL","V6","V14","impsafe","iphlppl",-0.0365889523092212,0.0365889523092212,0.36963036963037,1,1
"NL","V12","V19","ipfrule","ipstrgv",-0.0346637808438989,0.0346637808438989,0.377622377622378,1,1
"NL","V8","V10","ipadvnt","ipcrtiv",-0.0372340350515056,0.0372340350515056,0.378621378621379,1,1
"NL","V7","V16","imptrad","ipmodst",-0.0348163339594521,0.0348163339594521,0.388611388611389,1,1
"NL","V1","V3","impdiff","impfree",-0.0368401196994813,0.0368401196994813,0.391608391608392,1,1
"NL","V7","V19","imptrad","ipstrgv",0.0349732604105879,0.0349732604105879,0.396603396603397,1,1
"NL","V4","V17","impfun","iprspot",0.0215224187019244,0.0215224187019244,0.435564435564436,1,1
"NL","V2","V15","impenv","iplylfr",0.0258900938456609,0.0258900938456609,0.437562437562438,1,1
"NL","V5","V8","imprich","ipadvnt",-0.0217298750214629,0.0217298750214629,0.548451548451548,1,1
"NL","V5","V17","imprich","iprspot",-0.0223523093408041,0.0223523093408041,0.558441558441558,1,1
"NL","V9","V17","ipbhprp","iprspot",-0.0222839016744771,0.0222839016744771,0.583416583416583,1,1
"NL","V3","V15","impfree","iplylfr",-0.024608282668104,0.024608282668104,0.584415584415584,1,1
"NL","V11","V21","ipeqopt","ipudrst",-0.0237148275452485,0.0237148275452485,0.585414585414585,1,1
"NL","V11","V19","ipeqopt","ipstrgv",-0.0300777949655633,0.0300777949655633,0.614385614385614,1,1
"NL","V1","V20","impdiff","ipsuces",-0.034030883574219,0.034030883574219,0.633366633366633,1,1
"NL","V1","V4","impdiff","impfun",0.0185331014772746,0.0185331014772746,0.641358641358641,1,1
"NL","V5","V20","imprich","ipsuces",-0.0167454230249022,0.0167454230249022,0.641358641358641,1,1
"NL","V4","V13","impfun","ipgdtim",-0.0201015489140089,0.0201015489140089,0.642357642357642,1,1
"NL","V6","V8","impsafe","ipadvnt",0.0177735885702326,0.0177735885702326,0.656343656343656,1,1
"NL","V15","V19","iplylfr","ipstrgv",0.0251878835737932,0.0251878835737932,0.664335664335664,1,1
"NL","V2","V21","impenv","ipudrst",0.0195217386755066,0.0195217386755066,0.664335664335664,1,1
"NL","V17","V18","iprspot","ipshabt",-0.0183177091050221,0.0183177091050221,0.666333666333666,1,1
"NL","V5","V13","imprich","ipgdtim",-0.0137542354042941,0.0137542354042941,0.683316683316683,1,1
"NL","V7","V12","imptrad","ipfrule",-0.0159077555019765,0.0159077555019765,0.695304695304695,1,1
"NL","V18","V20","ipshabt","ipsuces",-0.0128108719337753,0.0128108719337753,0.699300699300699,1,1
"NL","V6","V7","impsafe","imptrad",-0.0155757530752419,0.0155757530752419,0.7002997002997,1,1
"NL","V15","V21","iplylfr","ipudrst",0.0148991286795548,0.0148991286795548,0.727272727272727,1,1
"NL","V1","V8","impdiff","ipadvnt",0.0132831466520555,0.0132831466520555,0.729270729270729,1,1
"NL","V7","V9","imptrad","ipbhprp",0.0143635672919341,0.0143635672919341,0.73026973026973,1,1
"NL","V6","V13","impsafe","ipgdtim",0.0113706668225324,0.0113706668225324,0.743256743256743,1,1
"NL","V2","V11","impenv","ipeqopt",0.0142184505516411,0.0142184505516411,0.755244755244755,1,1
"NL","V4","V15","impfun","iplylfr",-0.0135939188135199,0.0135939188135199,0.756243756243756,1,1
"NL","V8","V9","ipadvnt","ipbhprp",0.0192152251997686,0.0192152251997686,0.76023976023976,1,1
"NL","V5","V18","imprich","ipshabt",0.0105967187105697,0.0105967187105697,0.782217782217782,1,1
"NL","V6","V9","impsafe","ipbhprp",-0.0101747900730091,0.0101747900730091,0.788211788211788,1,1
"NL","V1","V13","impdiff","ipgdtim",-0.0323602282749437,0.0323602282749437,0.789210789210789,1,1
"NL","V7","V14","imptrad","iphlppl",-0.0127773829214997,0.0127773829214997,0.789210789210789,1,1
"NL","V3","V11","impfree","ipeqopt",-0.0191541444387934,0.0191541444387934,0.801198801198801,1,1
"NL","V3","V13","impfree","ipgdtim",0.00614888725277804,0.00614888725277804,0.858141858141858,1,1
"NL","V3","V10","impfree","ipcrtiv",-0.00730068342571989,0.00730068342571989,0.866133866133866,1,1
"NL","V2","V5","impenv","imprich",0.00550920442803132,0.00550920442803132,0.886113886113886,1,1
"NL","V6","V19","impsafe","ipstrgv",0.00566074761248389,0.00566074761248389,0.892107892107892,1,1
"NL","V10","V21","ipcrtiv","ipudrst",-0.00560510003373421,0.00560510003373421,0.892107892107892,1,1
"NL","V2","V6","impenv","impsafe",-0.00515863965031626,0.00515863965031626,0.909090909090909,1,1
"NL","V14","V15","iphlppl","iplylfr",-0.00146293955992888,0.00146293955992888,0.973026973026973,1,1
"NL","V9","V19","ipbhprp","ipstrgv",0.000878818444965263,0.000878818444965263,0.977022977022977,1,1
"NL","V4","V20","impfun","ipsuces",-0.000592071493806773,0.000592071493806773,0.984015984015984,1,1
"NL","V1","V2","impdiff","impenv",0,0,1,1,1
"NL","V2","V4","impenv","impfun",0,0,1,1,1
"NL","V3","V4","impfree","impfun",0,0,1,1,1
"NL","V1","V5","impdiff","imprich",0,0,1,1,1
"NL","V3","V5","impfree","imprich",0,0,1,1,1
"NL","V4","V5","impfun","imprich",0,0,1,1,1
"NL","V1","V6","impdiff","impsafe",0,0,1,1,1
"NL","V3","V6","impfree","impsafe",0,0,1,1,1
"NL","V4","V6","impfun","impsafe",0,0,1,1,1
"NL","V5","V6","imprich","impsafe",0,0,1,1,1
"NL","V1","V7","impdiff","imptrad",0,0,1,1,1
"NL","V2","V7","impenv","imptrad",0,0,1,1,1
"NL","V3","V7","impfree","imptrad",0,0,1,1,1
"NL","V4","V7","impfun","imptrad",0,0,1,1,1
"NL","V5","V7","imprich","imptrad",0,0,1,1,1
"NL","V2","V8","impenv","ipadvnt",0,0,1,1,1
"NL","V7","V8","imptrad","ipadvnt",0,0,1,1,1
"NL","V1","V9","impdiff","ipbhprp",0,0,1,1,1
"NL","V3","V9","impfree","ipbhprp",0,0,1,1,1
"NL","V4","V9","impfun","ipbhprp",0,0,1,1,1
"NL","V5","V9","imprich","ipbhprp",0,0,1,1,1
"NL","V4","V10","impfun","ipcrtiv",0,0,1,1,1
"NL","V5","V10","imprich","ipcrtiv",0,0,1,1,1
"NL","V6","V10","impsafe","ipcrtiv",0,0,1,1,1
"NL","V7","V10","imptrad","ipcrtiv",0,0,1,1,1
"NL","V9","V10","ipbhprp","ipcrtiv",0,0,1,1,1
"NL","V4","V11","impfun","ipeqopt",0,0,1,1,1
"NL","V5","V11","imprich","ipeqopt",0,0,1,1,1
"NL","V6","V11","impsafe","ipeqopt",0,0,1,1,1
"NL","V7","V11","imptrad","ipeqopt",0,0,1,1,1
"NL","V8","V11","ipadvnt","ipeqopt",0,0,1,1,1
"NL","V9","V11","ipbhprp","ipeqopt",0,0,1,1,1
"NL","V1","V12","impdiff","ipfrule",0,0,1,1,1
"NL","V2","V12","impenv","ipfrule",0,0,1,1,1
"NL","V3","V12","impfree","ipfrule",0,0,1,1,1
"NL","V4","V12","impfun","ipfrule",0,0,1,1,1
"NL","V5","V12","imprich","ipfrule",0,0,1,1,1
"NL","V6","V12","impsafe","ipfrule",0,0,1,1,1
"NL","V10","V12","ipcrtiv","ipfrule",0,0,1,1,1
"NL","V11","V12","ipeqopt","ipfrule",0,0,1,1,1
"NL","V2","V13","impenv","ipgdtim",0,0,1,1,1
"NL","V7","V13","imptrad","ipgdtim",0,0,1,1,1
"NL","V9","V13","ipbhprp","ipgdtim",0,0,1,1,1
"NL","V10","V13","ipcrtiv","ipgdtim",0,0,1,1,1
"NL","V11","V13","ipeqopt","ipgdtim",0,0,1,1,1
"NL","V12","V13","ipfrule","ipgdtim",0,0,1,1,1
"NL","V3","V14","impfree","iphlppl",0,0,1,1,1
"NL","V4","V14","impfun","iphlppl",0,0,1,1,1
"NL","V8","V14","ipadvnt","iphlppl",0,0,1,1,1
"NL","V9","V14","ipbhprp","iphlppl",0,0,1,1,1
"NL","V10","V14","ipcrtiv","iphlppl",0,0,1,1,1
"NL","V12","V14","ipfrule","iphlppl",0,0,1,1,1
"NL","V13","V14","ipgdtim","iphlppl",0,0,1,1,1
"NL","V1","V15","impdiff","iplylfr",0,0,1,1,1
"NL","V5","V15","imprich","iplylfr",0,0,1,1,1
"NL","V6","V15","impsafe","iplylfr",0,0,1,1,1
"NL","V7","V15","imptrad","iplylfr",0,0,1,1,1
"NL","V8","V15","ipadvnt","iplylfr",0,0,1,1,1
"NL","V9","V15","ipbhprp","iplylfr",0,0,1,1,1
"NL","V10","V15","ipcrtiv","iplylfr",0,0,1,1,1
"NL","V12","V15","ipfrule","iplylfr",0,0,1,1,1
"NL","V1","V16","impdiff","ipmodst",0,0,1,1,1
"NL","V2","V16","impenv","ipmodst",0,0,1,1,1
"NL","V4","V16","impfun","ipmodst",0,0,1,1,1
"NL","V8","V16","ipadvnt","ipmodst",0,0,1,1,1
"NL","V10","V16","ipcrtiv","ipmodst",0,0,1,1,1
"NL","V11","V16","ipeqopt","ipmodst",0,0,1,1,1
"NL","V13","V16","ipgdtim","ipmodst",0,0,1,1,1
"NL","V15","V16","iplylfr","ipmodst",0,0,1,1,1
"NL","V1","V17","impdiff","iprspot",0,0,1,1,1
"NL","V2","V17","impenv","iprspot",0,0,1,1,1
"NL","V3","V17","impfree","iprspot",0,0,1,1,1
"NL","V7","V17","imptrad","iprspot",0,0,1,1,1
"NL","V10","V17","ipcrtiv","iprspot",0,0,1,1,1
"NL","V11","V17","ipeqopt","iprspot",0,0,1,1,1
"NL","V14","V17","iphlppl","iprspot",0,0,1,1,1
"NL","V15","V17","iplylfr","iprspot",0,0,1,1,1
"NL","V16","V17","ipmodst","iprspot",0,0,1,1,1
"NL","V1","V18","impdiff","ipshabt",0,0,1,1,1
"NL","V2","V18","impenv","ipshabt",0,0,1,1,1
"NL","V3","V18","impfree","ipshabt",0,0,1,1,1
"NL","V4","V18","impfun","ipshabt",0,0,1,1,1
"NL","V7","V18","imptrad","ipshabt",0,0,1,1,1
"NL","V8","V18","ipadvnt","ipshabt",0,0,1,1,1
"NL","V9","V18","ipbhprp","ipshabt",0,0,1,1,1
"NL","V11","V18","ipeqopt","ipshabt",0,0,1,1,1
"NL","V12","V18","ipfrule","ipshabt",0,0,1,1,1
"NL","V15","V18","iplylfr","ipshabt",0,0,1,1,1
"NL","V16","V18","ipmodst","ipshabt",0,0,1,1,1
"NL","V1","V19","impdiff","ipstrgv",0,0,1,1,1
"NL","V3","V19","impfree","ipstrgv",0,0,1,1,1
"NL","V5","V19","imprich","ipstrgv",0,0,1,1,1
"NL","V8","V19","ipadvnt","ipstrgv",0,0,1,1,1
"NL","V10","V19","ipcrtiv","ipstrgv",0,0,1,1,1
"NL","V14","V19","iphlppl","ipstrgv",0,0,1,1,1
"NL","V18","V19","ipshabt","ipstrgv",0,0,1,1,1
"NL","V2","V20","impenv","ipsuces",0,0,1,1,1
"NL","V3","V20","impfree","ipsuces",0,0,1,1,1
"NL","V6","V20","impsafe","ipsuces",0,0,1,1,1
"NL","V7","V20","imptrad","ipsuces",0,0,1,1,1
"NL","V9","V20","ipbhprp","ipsuces",0,0,1,1,1
"NL","V11","V20","ipeqopt","ipsuces",0,0,1,1,1
"NL","V12","V20","ipfrule","ipsuces",0,0,1,1,1
"NL","V13","V20","ipgdtim","ipsuces",0,0,1,1,1
"NL","V14","V20","iphlppl","ipsuces",0,0,1,1,1
"NL","V15","V20","iplylfr","ipsuces",0,0,1,1,1
"NL","V16","V20","ipmodst","ipsuces",0,0,1,1,1
"NL","V4","V21","impfun","ipudrst",0,0,1,1,1
"NL","V6","V21","impsafe","ipudrst",0,0,1,1,1
"NL","V7","V21","imptrad","ipudrst",0,0,1,1,1
"NL","V8","V21","ipadvnt","ipudrst",0,0,1,1,1
"NL","V12","V21","ipfrule","ipudrst",0,0,1,1,1
"NL","V13","V21","ipgdtim","ipudrst",0,0,1,1,1
"NL","V17","V21","iprspot","ipudrst",0,0,1,1,1
"NL","V18","V21","ipshabt","ipudrst",0,0,1,1,1
"NL","V19","V21","ipstrgv","ipudrst",0,0,1,1,1
"NL","V20","V21","ipsuces","ipudrst",0,0,1,1,1
"NO","V12","V15","ipfrule","iplylfr",0.0405964176605169,0.0405964176605169,0.000999000999000999,0.20979020979021,1
"NO","V12","V19","ipfrule","ipstrgv",0.11081818337285,0.11081818337285,0.002997002997003,0.626373626373626,1
"NO","V17","V20","iprspot","ipsuces",0.108884585557899,0.108884585557899,0.00999000999000999,1,1
"NO","V19","V20","ipstrgv","ipsuces",-0.0922870762681374,0.0922870762681374,0.012987012987013,1,1
"NO","V4","V20","impfun","ipsuces",-0.0580450790994773,0.0580450790994773,0.015984015984016,1,1
"NO","V13","V17","ipgdtim","iprspot",-0.0542288008169286,0.0542288008169286,0.016983016983017,1,1
"NO","V11","V15","ipeqopt","iplylfr",0.074919000880197,0.074919000880197,0.023976023976024,1,1
"NO","V11","V19","ipeqopt","ipstrgv",0.0866838866330338,0.0866838866330338,0.023976023976024,1,1
"NO","V5","V20","imprich","ipsuces",0.0751613115061908,0.0751613115061908,0.02997002997003,1,1
"NO","V3","V11","impfree","ipeqopt",0.0278945732135537,0.0278945732135537,0.033966033966034,1,1
"NO","V1","V15","impdiff","iplylfr",0.0268971595447772,0.0268971595447772,0.036963036963037,1,1
"NO","V3","V13","impfree","ipgdtim",-0.0973520764548518,0.0973520764548518,0.037962037962038,1,1
"NO","V7","V17","imptrad","iprspot",-0.0966848892642246,0.0966848892642246,0.03996003996004,1,1
"NO","V7","V14","imptrad","iphlppl",-0.0752936698476886,0.0752936698476886,0.0599400599400599,1,1
"NO","V10","V18","ipcrtiv","ipshabt",0.0595424119304216,0.0595424119304216,0.0629370629370629,1,1
"NO","V4","V13","impfun","ipgdtim",0.0667061372722547,0.0667061372722547,0.0759240759240759,1,1
"NO","V8","V18","ipadvnt","ipshabt",-0.0857530195605325,0.0857530195605325,0.0809190809190809,1,1
"NO","V1","V20","impdiff","ipsuces",-0.0306321233732954,0.0306321233732954,0.0869130869130869,1,1
"NO","V6","V7","impsafe","imptrad",-0.0713522678405762,0.0713522678405762,0.0879120879120879,1,1
"NO","V15","V21","iplylfr","ipudrst",0.0648647202527065,0.0648647202527065,0.130869130869131,1,1
"NO","V5","V17","imprich","iprspot",-0.0500444332876692,0.0500444332876692,0.145854145854146,1,1
"NO","V7","V15","imptrad","iplylfr",0.0576375084407089,0.0576375084407089,0.175824175824176,1,1
"NO","V2","V7","impenv","imptrad",-0.041893754989693,0.041893754989693,0.212787212787213,1,1
"NO","V6","V17","impsafe","iprspot",-0.0352351652814969,0.0352351652814969,0.212787212787213,1,1
"NO","V3","V20","impfree","ipsuces",-0.0261489648249875,0.0261489648249875,0.214785214785215,1,1
"NO","V16","V19","ipmodst","ipstrgv",0.0148739701197665,0.0148739701197665,0.221778221778222,1,1
"NO","V14","V20","iphlppl","ipsuces",0.0548583475758362,0.0548583475758362,0.242757242757243,1,1
"NO","V11","V14","ipeqopt","iphlppl",-0.0443880346940035,0.0443880346940035,0.253746253746254,1,1
"NO","V8","V20","ipadvnt","ipsuces",0.0619001726703859,0.0619001726703859,0.254745254745255,1,1
"NO","V1","V13","impdiff","ipgdtim",-0.046672966213787,0.046672966213787,0.256743256743257,1,1
"NO","V5","V6","imprich","impsafe",-0.0552418327829596,0.0552418327829596,0.27972027972028,1,1
"NO","V9","V17","ipbhprp","iprspot",-0.0409467747872472,0.0409467747872472,0.281718281718282,1,1
"NO","V8","V10","ipadvnt","ipcrtiv",-0.0476275244632354,0.0476275244632354,0.285714285714286,1,1
"NO","V1","V14","impdiff","iphlppl",-0.038545196086025,0.038545196086025,0.28971028971029,1,1
"NO","V9","V15","ipbhprp","iplylfr",-0.0630494119260553,0.0630494119260553,0.290709290709291,1,1
"NO","V10","V21","ipcrtiv","ipudrst",0.0433714431879691,0.0433714431879691,0.307692307692308,1,1
"NO","V14","V16","iphlppl","ipmodst",-0.0231719774592609,0.0231719774592609,0.333666333666334,1,1
"NO","V6","V9","impsafe","ipbhprp",-0.0390560245131988,0.0390560245131988,0.345654345654346,1,1
"NO","V18","V20","ipshabt","ipsuces",-0.0360816343812461,0.0360816343812461,0.347652347652348,1,1
"NO","V5","V13","imprich","ipgdtim",-0.0363122018395091,0.0363122018395091,0.348651348651349,1,1
"NO","V7","V8","imptrad","ipadvnt",0.0486382619102362,0.0486382619102362,0.35964035964036,1,1
"NO","V5","V10","imprich","ipcrtiv",0.0614270986774416,0.0614270986774416,0.361638361638362,1,1
"NO","V3","V15","impfree","iplylfr",0.0211668577466892,0.0211668577466892,0.394605394605395,1,1
"NO","V7","V9","imptrad","ipbhprp",-0.055044027418008,0.055044027418008,0.423576423576424,1,1
"NO","V16","V18","ipmodst","ipshabt",-0.0470528781124099,0.0470528781124099,0.433566433566434,1,1
"NO","V3","V10","impfree","ipcrtiv",-0.0333677252116227,0.0333677252116227,0.438561438561439,1,1
"NO","V15","V17","iplylfr","iprspot",-0.0497705968755833,0.0497705968755833,0.441558441558442,1,1
"NO","V8","V21","ipadvnt","ipudrst",-0.0363175186270924,0.0363175186270924,0.442557442557443,1,1
"NO","V6","V16","impsafe","ipmodst",-0.0314005246819993,0.0314005246819993,0.454545454545455,1,1
"NO","V1","V10","impdiff","ipcrtiv",0.0287485121094837,0.0287485121094837,0.467532467532468,1,1
"NO","V14","V19","iphlppl","ipstrgv",0.0334202220429651,0.0334202220429651,0.482517482517482,1,1
"NO","V6","V13","impsafe","ipgdtim",-0.0477012194137515,0.0477012194137515,0.49050949050949,1,1
"NO","V12","V21","ipfrule","ipudrst",-0.0456138207926946,0.0456138207926946,0.513486513486514,1,1
"NO","V9","V19","ipbhprp","ipstrgv",-0.0285579160319287,0.0285579160319287,0.514485514485514,1,1
"NO","V9","V12","ipbhprp","ipfrule",-0.0248479380344279,0.0248479380344279,0.531468531468531,1,1
"NO","V13","V15","ipgdtim","iplylfr",-0.0429943322672864,0.0429943322672864,0.53946053946054,1,1
"NO","V17","V18","iprspot","ipshabt",-0.0260429325655927,0.0260429325655927,0.552447552447552,1,1
"NO","V12","V16","ipfrule","ipmodst",-0.0227187105945698,0.0227187105945698,0.555444555444555,1,1
"NO","V11","V21","ipeqopt","ipudrst",-0.024935072149026,0.024935072149026,0.556443556443556,1,1
"NO","V7","V12","imptrad","ipfrule",0.0249238976495885,0.0249238976495885,0.566433566433566,1,1
"NO","V6","V12","impsafe","ipfrule",0.0221827379300587,0.0221827379300587,0.57042957042957,1,1
"NO","V14","V15","iphlppl","iplylfr",0.0224586126389896,0.0224586126389896,0.589410589410589,1,1
"NO","V10","V11","ipcrtiv","ipeqopt",0.0223243320176981,0.0223243320176981,0.596403596403596,1,1
"NO","V3","V6","impfree","impsafe",0.0272610233485621,0.0272610233485621,0.618381618381618,1,1
"NO","V4","V8","impfun","ipadvnt",-0.0190863142350389,0.0190863142350389,0.624375624375624,1,1
"NO","V4","V7","impfun","imptrad",-0.0267508651300656,0.0267508651300656,0.627372627372627,1,1
"NO","V13","V18","ipgdtim","ipshabt",0.0360553907171052,0.0360553907171052,0.632367632367632,1,1
"NO","V6","V18","impsafe","ipshabt",-0.0366010250484879,0.0366010250484879,0.634365634365634,1,1
"NO","V1","V4","impdiff","impfun",-0.0207169909562681,0.0207169909562681,0.638361638361638,1,1
"NO","V16","V21","ipmodst","ipudrst",0.0318220944182893,0.0318220944182893,0.638361638361638,1,1
"NO","V2","V14","impenv","iphlppl",0.0212029001917162,0.0212029001917162,0.641358641358641,1,1
"NO","V2","V11","impenv","ipeqopt",0.019174134781591,0.019174134781591,0.65034965034965,1,1
"NO","V2","V19","impenv","ipstrgv",0.0221000728930058,0.0221000728930058,0.687312687312687,1,1
"NO","V4","V14","impfun","iphlppl",-0.0157032417928467,0.0157032417928467,0.688311688311688,1,1
"NO","V6","V14","impsafe","iphlppl",-0.0285298030069919,0.0285298030069919,0.694305694305694,1,1
"NO","V9","V16","ipbhprp","ipmodst",-0.0157625052308595,0.0157625052308595,0.694305694305694,1,1
"NO","V3","V8","impfree","ipadvnt",-0.01558595738914,0.01558595738914,0.695304695304695,1,1
"NO","V6","V19","impsafe","ipstrgv",0.0137739390701421,0.0137739390701421,0.718281718281718,1,1
"NO","V6","V8","impsafe","ipadvnt",0.0170467994870552,0.0170467994870552,0.745254745254745,1,1
"NO","V1","V8","impdiff","ipadvnt",0.0112153931262259,0.0112153931262259,0.756243756243756,1,1
"NO","V8","V13","ipadvnt","ipgdtim",0.0106081065406152,0.0106081065406152,0.818181818181818,1,1
"NO","V15","V19","iplylfr","ipstrgv",-0.00803131664736974,0.00803131664736974,0.824175824175824,1,1
"NO","V5","V18","imprich","ipshabt",0.00667911437638755,0.00667911437638755,0.849150849150849,1,1
"NO","V5","V8","imprich","ipadvnt",-0.00602684697966624,0.00602684697966624,0.881118881118881,1,1
"NO","V4","V15","impfun","iplylfr",0.00608079138340236,0.00608079138340236,0.885114885114885,1,1
"NO","V7","V19","imptrad","ipstrgv",-0.00597898822483205,0.00597898822483205,0.899100899100899,1,1
"NO","V12","V17","ipfrule","iprspot",0.00538746320662607,0.00538746320662607,0.9000999000999,1,1
"NO","V2","V21","impenv","ipudrst",-0.00337307767583184,0.00337307767583184,0.936063936063936,1,1
"NO","V8","V12","ipadvnt","ipfrule",-0.00366206517600128,0.00366206517600128,0.948051948051948,1,1
"NO","V14","V21","iphlppl","ipudrst",0.0020924590629017,0.0020924590629017,0.963036963036963,1,1
"NO","V1","V21","impdiff","ipudrst",0.00182765589407785,0.00182765589407785,0.966033966033966,1,1
"NO","V2","V5","impenv","imprich",-0.000789365830573652,0.000789365830573652,0.987012987012987,1,1
"NO","V1","V2","impdiff","impenv",0,0,1,1,1
"NO","V1","V3","impdiff","impfree",0,0,1,1,1
"NO","V2","V3","impenv","impfree",0,0,1,1,1
"NO","V2","V4","impenv","impfun",0,0,1,1,1
"NO","V3","V4","impfree","impfun",0,0,1,1,1
"NO","V1","V5","impdiff","imprich",0,0,1,1,1
"NO","V3","V5","impfree","imprich",0,0,1,1,1
"NO","V4","V5","impfun","imprich",0,0,1,1,1
"NO","V1","V6","impdiff","impsafe",0,0,1,1,1
"NO","V2","V6","impenv","impsafe",0,0,1,1,1
"NO","V4","V6","impfun","impsafe",0,0,1,1,1
"NO","V1","V7","impdiff","imptrad",0,0,1,1,1
"NO","V3","V7","impfree","imptrad",0,0,1,1,1
"NO","V5","V7","imprich","imptrad",0,0,1,1,1
"NO","V2","V8","impenv","ipadvnt",0,0,1,1,1
"NO","V1","V9","impdiff","ipbhprp",0,0,1,1,1
"NO","V2","V9","impenv","ipbhprp",0,0,1,1,1
"NO","V3","V9","impfree","ipbhprp",0,0,1,1,1
"NO","V4","V9","impfun","ipbhprp",0,0,1,1,1
"NO","V5","V9","imprich","ipbhprp",0,0,1,1,1
"NO","V8","V9","ipadvnt","ipbhprp",0,0,1,1,1
"NO","V2","V10","impenv","ipcrtiv",0,0,1,1,1
"NO","V4","V10","impfun","ipcrtiv",0,0,1,1,1
"NO","V6","V10","impsafe","ipcrtiv",0,0,1,1,1
"NO","V7","V10","imptrad","ipcrtiv",0,0,1,1,1
"NO","V9","V10","ipbhprp","ipcrtiv",0,0,1,1,1
"NO","V1","V11","impdiff","ipeqopt",0,0,1,1,1
"NO","V4","V11","impfun","ipeqopt",0,0,1,1,1
"NO","V5","V11","imprich","ipeqopt",0,0,1,1,1
"NO","V6","V11","impsafe","ipeqopt",0,0,1,1,1
"NO","V7","V11","imptrad","ipeqopt",0,0,1,1,1
"NO","V8","V11","ipadvnt","ipeqopt",0,0,1,1,1
"NO","V9","V11","ipbhprp","ipeqopt",0,0,1,1,1
"NO","V1","V12","impdiff","ipfrule",0,0,1,1,1
"NO","V2","V12","impenv","ipfrule",0,0,1,1,1
"NO","V3","V12","impfree","ipfrule",0,0,1,1,1
"NO","V4","V12","impfun","ipfrule",0,0,1,1,1
"NO","V5","V12","imprich","ipfrule",0,0,1,1,1
"NO","V10","V12","ipcrtiv","ipfrule",0,0,1,1,1
"NO","V11","V12","ipeqopt","ipfrule",0,0,1,1,1
"NO","V2","V13","impenv","ipgdtim",0,0,1,1,1
"NO","V7","V13","imptrad","ipgdtim",0,0,1,1,1
"NO","V9","V13","ipbhprp","ipgdtim",0,0,1,1,1
"NO","V10","V13","ipcrtiv","ipgdtim",0,0,1,1,1
"NO","V11","V13","ipeqopt","ipgdtim",0,0,1,1,1
"NO","V12","V13","ipfrule","ipgdtim",0,0,1,1,1
"NO","V3","V14","impfree","iphlppl",0,0,1,1,1
"NO","V5","V14","imprich","iphlppl",0,0,1,1,1
"NO","V8","V14","ipadvnt","iphlppl",0,0,1,1,1
"NO","V9","V14","ipbhprp","iphlppl",0,0,1,1,1
"NO","V10","V14","ipcrtiv","iphlppl",0,0,1,1,1
"NO","V12","V14","ipfrule","iphlppl",0,0,1,1,1
"NO","V13","V14","ipgdtim","iphlppl",0,0,1,1,1
"NO","V2","V15","impenv","iplylfr",0,0,1,1,1
"NO","V5","V15","imprich","iplylfr",0,0,1,1,1
"NO","V6","V15","impsafe","iplylfr",0,0,1,1,1
"NO","V8","V15","ipadvnt","iplylfr",0,0,1,1,1
"NO","V10","V15","ipcrtiv","iplylfr",0,0,1,1,1
"NO","V1","V16","impdiff","ipmodst",0,0,1,1,1
"NO","V2","V16","impenv","ipmodst",0,0,1,1,1
"NO","V3","V16","impfree","ipmodst",0,0,1,1,1
"NO","V4","V16","impfun","ipmodst",0,0,1,1,1
"NO","V5","V16","imprich","ipmodst",0,0,1,1,1
"NO","V7","V16","imptrad","ipmodst",0,0,1,1,1
"NO","V8","V16","ipadvnt","ipmodst",0,0,1,1,1
"NO","V10","V16","ipcrtiv","ipmodst",0,0,1,1,1
"NO","V11","V16","ipeqopt","ipmodst",0,0,1,1,1
"NO","V13","V16","ipgdtim","ipmodst",0,0,1,1,1
"NO","V15","V16","iplylfr","ipmodst",0,0,1,1,1
"NO","V1","V17","impdiff","iprspot",0,0,1,1,1
"NO","V2","V17","impenv","iprspot",0,0,1,1,1
"NO","V3","V17","impfree","iprspot",0,0,1,1,1
"NO","V4","V17","impfun","iprspot",0,0,1,1,1
"NO","V8","V17","ipadvnt","iprspot",0,0,1,1,1
"NO","V10","V17","ipcrtiv","iprspot",0,0,1,1,1
"NO","V11","V17","ipeqopt","iprspot",0,0,1,1,1
"NO","V14","V17","iphlppl","iprspot",0,0,1,1,1
"NO","V16","V17","ipmodst","iprspot",0,0,1,1,1
"NO","V1","V18","impdiff","ipshabt",0,0,1,1,1
"NO","V2","V18","impenv","ipshabt",0,0,1,1,1
"NO","V3","V18","impfree","ipshabt",0,0,1,1,1
"NO","V4","V18","impfun","ipshabt",0,0,1,1,1
"NO","V7","V18","imptrad","ipshabt",0,0,1,1,1
"NO","V9","V18","ipbhprp","ipshabt",0,0,1,1,1
"NO","V11","V18","ipeqopt","ipshabt",0,0,1,1,1
"NO","V12","V18","ipfrule","ipshabt",0,0,1,1,1
"NO","V14","V18","iphlppl","ipshabt",0,0,1,1,1
"NO","V15","V18","iplylfr","ipshabt",0,0,1,1,1
"NO","V1","V19","impdiff","ipstrgv",0,0,1,1,1
"NO","V3","V19","impfree","ipstrgv",0,0,1,1,1
"NO","V4","V19","impfun","ipstrgv",0,0,1,1,1
"NO","V5","V19","imprich","ipstrgv",0,0,1,1,1
"NO","V8","V19","ipadvnt","ipstrgv",0,0,1,1,1
"NO","V10","V19","ipcrtiv","ipstrgv",0,0,1,1,1
"NO","V13","V19","ipgdtim","ipstrgv",0,0,1,1,1
"NO","V17","V19","iprspot","ipstrgv",0,0,1,1,1
"NO","V18","V19","ipshabt","ipstrgv",0,0,1,1,1
"NO","V2","V20","impenv","ipsuces",0,0,1,1,1
"NO","V6","V20","impsafe","ipsuces",0,0,1,1,1
"NO","V7","V20","imptrad","ipsuces",0,0,1,1,1
"NO","V9","V20","ipbhprp","ipsuces",0,0,1,1,1
"NO","V10","V20","ipcrtiv","ipsuces",0,0,1,1,1
"NO","V11","V20","ipeqopt","ipsuces",0,0,1,1,1
"NO","V12","V20","ipfrule","ipsuces",0,0,1,1,1
"NO","V13","V20","ipgdtim","ipsuces",0,0,1,1,1
"NO","V15","V20","iplylfr","ipsuces",0,0,1,1,1
"NO","V16","V20","ipmodst","ipsuces",0,0,1,1,1
"NO","V3","V21","impfree","ipudrst",0,0,1,1,1
"NO","V4","V21","impfun","ipudrst",0,0,1,1,1
"NO","V5","V21","imprich","ipudrst",0,0,1,1,1
"NO","V6","V21","impsafe","ipudrst",0,0,1,1,1
"NO","V7","V21","imptrad","ipudrst",0,0,1,1,1
"NO","V9","V21","ipbhprp","ipudrst",0,0,1,1,1
"NO","V13","V21","ipgdtim","ipudrst",0,0,1,1,1
"NO","V17","V21","iprspot","ipudrst",0,0,1,1,1
"NO","V18","V21","ipshabt","ipudrst",0,0,1,1,1
"NO","V19","V21","ipstrgv","ipudrst",0,0,1,1,1
"NO","V20","V21","ipsuces","ipudrst",0,0,1,1,1
"PT","V16","V17","ipmodst","iprspot",0.0384185382037841,0.0384185382037841,0.000999000999000999,0.20979020979021,1
"PT","V5","V19","imprich","ipstrgv",0.0493852062610578,0.0493852062610578,0.002997002997003,0.626373626373626,1
"PT","V7","V16","imptrad","ipmodst",0.130746669528081,0.130746669528081,0.003996003996004,0.831168831168831,1
"PT","V18","V20","ipshabt","ipsuces",-0.115652813996157,0.115652813996157,0.00599400599400599,1,1
"PT","V13","V16","ipgdtim","ipmodst",-0.0459700906962953,0.0459700906962953,0.010989010989011,1,1
"PT","V6","V19","impsafe","ipstrgv",0.112460499115299,0.112460499115299,0.010989010989011,1,1
"PT","V7","V14","imptrad","iphlppl",-0.0609475477986807,0.0609475477986807,0.012987012987013,1,1
"PT","V5","V13","imprich","ipgdtim",0.0809766692381247,0.0809766692381247,0.013986013986014,1,1
"PT","V9","V17","ipbhprp","iprspot",-0.105085686816518,0.105085686816518,0.014985014985015,1,1
"PT","V10","V18","ipcrtiv","ipshabt",0.109505074284803,0.109505074284803,0.016983016983017,1,1
"PT","V12","V16","ipfrule","ipmodst",-0.0437854700735072,0.0437854700735072,0.024975024975025,1,1
"PT","V16","V20","ipmodst","ipsuces",-0.0398475156750971,0.0398475156750971,0.028971028971029,1,1
"PT","V6","V9","impsafe","ipbhprp",-0.0856530634481798,0.0856530634481798,0.032967032967033,1,1
"PT","V4","V15","impfun","iplylfr",-0.0684650355895216,0.0684650355895216,0.032967032967033,1,1
"PT","V13","V19","ipgdtim","ipstrgv",-0.0386958258259397,0.0386958258259397,0.032967032967033,1,1
"PT","V15","V16","iplylfr","ipmodst",0.114330448783777,0.114330448783777,0.033966033966034,1,1
"PT","V8","V16","ipadvnt","ipmodst",-0.0624413934046216,0.0624413934046216,0.03996003996004,1,1
"PT","V12","V21","ipfrule","ipudrst",0.0851134930929612,0.0851134930929612,0.045954045954046,1,1
"PT","V2","V6","impenv","impsafe",0.0457291485288348,0.0457291485288348,0.0539460539460539,1,1
"PT","V12","V20","ipfrule","ipsuces",0.036173492965184,0.036173492965184,0.0559440559440559,1,1
"PT","V8","V13","ipadvnt","ipgdtim",0.0630452495002942,0.0630452495002942,0.0659340659340659,1,1
"PT","V15","V21","iplylfr","ipudrst",0.0845727172820985,0.0845727172820985,0.0669330669330669,1,1
"PT","V1","V8","impdiff","ipadvnt",-0.0753764738191505,0.0753764738191505,0.0699300699300699,1,1
"PT","V2","V13","impenv","ipgdtim",0.0853123160340399,0.0853123160340399,0.0789210789210789,1,1
"PT","V6","V13","impsafe","ipgdtim",-0.0572842380099221,0.0572842380099221,0.0799200799200799,1,1
"PT","V11","V13","ipeqopt","ipgdtim",0.025554143356192,0.025554143356192,0.0819180819180819,1,1
"PT","V8","V10","ipadvnt","ipcrtiv",0.0549168943103401,0.0549168943103401,0.0839160839160839,1,1
"PT","V7","V19","imptrad","ipstrgv",-0.075523429868515,0.075523429868515,0.0899100899100899,1,1
"PT","V8","V20","ipadvnt","ipsuces",0.0774512672991015,0.0774512672991015,0.0929070929070929,1,1
"PT","V10","V20","ipcrtiv","ipsuces",0.0686793737807226,0.0686793737807226,0.100899100899101,1,1
"PT","V4","V21","impfun","ipudrst",0.0499369306756766,0.0499369306756766,0.106893106893107,1,1
"PT","V2","V21","impenv","ipudrst",-0.0708006803123555,0.0708006803123555,0.111888111888112,1,1
"PT","V1","V14","impdiff","iphlppl",0.0455576886306553,0.0455576886306553,0.122877122877123,1,1
"PT","V10","V17","ipcrtiv","iprspot",0.0273730601032654,0.0273730601032654,0.124875124875125,1,1
"PT","V5","V10","imprich","ipcrtiv",0.0910133991283203,0.0910133991283203,0.133866133866134,1,1
"PT","V5","V18","imprich","ipshabt",0.0788057153195402,0.0788057153195402,0.134865134865135,1,1
"PT","V3","V19","impfree","ipstrgv",0.0435539111298581,0.0435539111298581,0.135864135864136,1,1
"PT","V2","V5","impenv","imprich",-0.0368841135245698,0.0368841135245698,0.143856143856144,1,1
"PT","V3","V20","impfree","ipsuces",0.0585531553563886,0.0585531553563886,0.151848151848152,1,1
"PT","V8","V17","ipadvnt","iprspot",0.0285760962609761,0.0285760962609761,0.158841158841159,1,1
"PT","V3","V11","impfree","ipeqopt",0.0662496444974889,0.0662496444974889,0.16983016983017,1,1
"PT","V2","V15","impenv","iplylfr",-0.0612870841351185,0.0612870841351185,0.170829170829171,1,1
"PT","V2","V10","impenv","ipcrtiv",0.040072599437783,0.040072599437783,0.17982017982018,1,1
"PT","V7","V12","imptrad","ipfrule",0.0655980487475663,0.0655980487475663,0.193806193806194,1,1
"PT","V11","V19","ipeqopt","ipstrgv",0.0679124445256461,0.0679124445256461,0.202797202797203,1,1
"PT","V11","V16","ipeqopt","ipmodst",-0.0543738545806676,0.0543738545806676,0.206793206793207,1,1
"PT","V2","V14","impenv","iphlppl",0.0564879225340803,0.0564879225340803,0.212787212787213,1,1
"PT","V2","V8","impenv","ipadvnt",0.0381336907235272,0.0381336907235272,0.222777222777223,1,1
"PT","V9","V19","ipbhprp","ipstrgv",0.0674551686116926,0.0674551686116926,0.224775224775225,1,1
"PT","V1","V21","impdiff","ipudrst",-0.0500161050041118,0.0500161050041118,0.224775224775225,1,1
"PT","V10","V13","ipcrtiv","ipgdtim",-0.0282020083354599,0.0282020083354599,0.274725274725275,1,1
"PT","V14","V15","iphlppl","iplylfr",-0.0500413210438165,0.0500413210438165,0.274725274725275,1,1
"PT","V1","V20","impdiff","ipsuces",0.0464318994828287,0.0464318994828287,0.291708291708292,1,1
"PT","V2","V7","impenv","imptrad",-0.0457366183978368,0.0457366183978368,0.296703296703297,1,1
"PT","V6","V17","impsafe","iprspot",-0.0492201106279944,0.0492201106279944,0.328671328671329,1,1
"PT","V7","V15","imptrad","iplylfr",0.0554888185844227,0.0554888185844227,0.340659340659341,1,1
"PT","V14","V20","iphlppl","ipsuces",-0.0490194838788126,0.0490194838788126,0.357642357642358,1,1
"PT","V1","V18","impdiff","ipshabt",0.0362871884325145,0.0362871884325145,0.400599400599401,1,1
"PT","V3","V14","impfree","iphlppl",0.0365427518420542,0.0365427518420542,0.413586413586414,1,1
"PT","V5","V20","imprich","ipsuces",-0.0477658493842135,0.0477658493842135,0.414585414585415,1,1
"PT","V9","V16","ipbhprp","ipmodst",-0.0355746221359475,0.0355746221359475,0.422577422577423,1,1
"PT","V2","V16","impenv","ipmodst",0.0185014857639312,0.0185014857639312,0.423576423576424,1,1
"PT","V2","V11","impenv","ipeqopt",-0.0357714016710185,0.0357714016710185,0.430569430569431,1,1
"PT","V9","V12","ipbhprp","ipfrule",0.0350873805235985,0.0350873805235985,0.434565434565435,1,1
"PT","V14","V21","iphlppl","ipudrst",0.0310298741682145,0.0310298741682145,0.481518481518482,1,1
"PT","V2","V19","impenv","ipstrgv",-0.0294920756110267,0.0294920756110267,0.485514485514486,1,1
"PT","V17","V20","iprspot","ipsuces",0.0311421864970725,0.0311421864970725,0.500499500499501,1,1
"PT","V11","V21","ipeqopt","ipudrst",-0.0293029884844411,0.0293029884844411,0.512487512487512,1,1
"PT","V4","V20","impfun","ipsuces",0.0252525887185129,0.0252525887185129,0.535464535464535,1,1
"PT","V6","V12","impsafe","ipfrule",0.0251859420078196,0.0251859420078196,0.549450549450549,1,1
"PT","V1","V2","impdiff","impenv",0.0332987420796877,0.0332987420796877,0.568431568431568,1,1
"PT","V13","V20","ipgdtim","ipsuces",0.0253115633225394,0.0253115633225394,0.568431568431568,1,1
"PT","V15","V19","iplylfr","ipstrgv",0.0246589835065446,0.0246589835065446,0.586413586413586,1,1
"PT","V3","V15","impfree","iplylfr",0.0225076309373804,0.0225076309373804,0.596403596403596,1,1
"PT","V5","V16","imprich","ipmodst",-0.0221493936052452,0.0221493936052452,0.6003996003996,1,1
"PT","V1","V13","impdiff","ipgdtim",-0.0209596910303928,0.0209596910303928,0.639360639360639,1,1
"PT","V4","V13","impfun","ipgdtim",-0.0202914735580895,0.0202914735580895,0.648351648351648,1,1
"PT","V10","V21","ipcrtiv","ipudrst",0.0250206753867143,0.0250206753867143,0.658341658341658,1,1
"PT","V3","V21","impfree","ipudrst",-0.0261281324315019,0.0261281324315019,0.66033966033966,1,1
"PT","V6","V18","impsafe","ipshabt",-0.0177512031523642,0.0177512031523642,0.664335664335664,1,1
"PT","V12","V19","ipfrule","ipstrgv",-0.0210783326623088,0.0210783326623088,0.668331668331668,1,1
"PT","V16","V21","ipmodst","ipudrst",0.022011924861165,0.022011924861165,0.668331668331668,1,1
"PT","V4","V8","impfun","ipadvnt",-0.0172644128733867,0.0172644128733867,0.681318681318681,1,1
"PT","V1","V3","impdiff","impfree",0.0258738990432815,0.0258738990432815,0.691308691308691,1,1
"PT","V6","V8","impsafe","ipadvnt",0.0280135595436503,0.0280135595436503,0.717282717282717,1,1
"PT","V13","V21","ipgdtim","ipudrst",0.0144324422665651,0.0144324422665651,0.724275724275724,1,1
"PT","V5","V17","imprich","iprspot",0.0150220506539903,0.0150220506539903,0.73026973026973,1,1
"PT","V3","V10","impfree","ipcrtiv",0.0151572266682272,0.0151572266682272,0.739260739260739,1,1
"PT","V7","V8","imptrad","ipadvnt",0.0317980907460445,0.0317980907460445,0.75024975024975,1,1
"PT","V7","V17","imptrad","iprspot",-0.0285547688040482,0.0285547688040482,0.793206793206793,1,1
"PT","V14","V19","iphlppl","ipstrgv",-0.0114171711707587,0.0114171711707587,0.799200799200799,1,1
"PT","V19","V21","ipstrgv","ipudrst",-0.0188151380988721,0.0188151380988721,0.812187812187812,1,1
"PT","V3","V13","impfree","ipgdtim",0.00875145525312013,0.00875145525312013,0.841158841158841,1,1
"PT","V6","V16","impsafe","ipmodst",0.00792956874890047,0.00792956874890047,0.86013986013986,1,1
"PT","V5","V8","imprich","ipadvnt",0.00669690597627839,0.00669690597627839,0.888111888111888,1,1
"PT","V16","V19","ipmodst","ipstrgv",-0.0113294784519883,0.0113294784519883,0.891108891108891,1,1
"PT","V7","V9","imptrad","ipbhprp",0.00684562880168063,0.00684562880168063,0.895104895104895,1,1
"PT","V4","V10","impfun","ipcrtiv",-0.00850836696533728,0.00850836696533728,0.896103896103896,1,1
"PT","V1","V10","impdiff","ipcrtiv",0.00497493487093209,0.00497493487093209,0.9000999000999,1,1
"PT","V6","V14","impsafe","iphlppl",-0.00959830106885071,0.00959830106885071,0.911088911088911,1,1
"PT","V17","V18","iprspot","ipshabt",-0.00549200933405722,0.00549200933405722,0.911088911088911,1,1
"PT","V19","V20","ipstrgv","ipsuces",0.00387342943785601,0.00387342943785601,0.939060939060939,1,1
"PT","V3","V4","impfree","impfun",-0.00466111970141716,0.00466111970141716,0.942057942057942,1,1
"PT","V11","V14","ipeqopt","iphlppl",-0.00273739748624013,0.00273739748624013,0.946053946053946,1,1
"PT","V1","V4","impdiff","impfun",0.00384629222283238,0.00384629222283238,0.949050949050949,1,1
"PT","V11","V15","ipeqopt","iplylfr",0.00273890040378633,0.00273890040378633,0.958041958041958,1,1
"PT","V6","V11","impsafe","ipeqopt",0.00156990633048579,0.00156990633048579,0.968031968031968,1,1
"PT","V14","V16","iphlppl","ipmodst",-0.000883848298172007,0.000883848298172007,0.986013986013986,1,1
"PT","V2","V3","impenv","impfree",0,0,1,1,1
"PT","V2","V4","impenv","impfun",0,0,1,1,1
"PT","V1","V5","impdiff","imprich",0,0,1,1,1
"PT","V3","V5","impfree","imprich",0,0,1,1,1
"PT","V4","V5","impfun","imprich",0,0,1,1,1
"PT","V1","V6","impdiff","impsafe",0,0,1,1,1
"PT","V3","V6","impfree","impsafe",0,0,1,1,1
"PT","V4","V6","impfun","impsafe",0,0,1,1,1
"PT","V5","V6","imprich","impsafe",0,0,1,1,1
"PT","V1","V7","impdiff","imptrad",0,0,1,1,1
"PT","V3","V7","impfree","imptrad",0,0,1,1,1
"PT","V4","V7","impfun","imptrad",0,0,1,1,1
"PT","V5","V7","imprich","imptrad",0,0,1,1,1
"PT","V6","V7","impsafe","imptrad",0,0,1,1,1
"PT","V3","V8","impfree","ipadvnt",0,0,1,1,1
"PT","V1","V9","impdiff","ipbhprp",0,0,1,1,1
"PT","V2","V9","impenv","ipbhprp",0,0,1,1,1
"PT","V3","V9","impfree","ipbhprp",0,0,1,1,1
"PT","V4","V9","impfun","ipbhprp",0,0,1,1,1
"PT","V5","V9","imprich","ipbhprp",0,0,1,1,1
"PT","V8","V9","ipadvnt","ipbhprp",0,0,1,1,1
"PT","V6","V10","impsafe","ipcrtiv",0,0,1,1,1
"PT","V7","V10","imptrad","ipcrtiv",0,0,1,1,1
"PT","V9","V10","ipbhprp","ipcrtiv",0,0,1,1,1
"PT","V1","V11","impdiff","ipeqopt",0,0,1,1,1
"PT","V4","V11","impfun","ipeqopt",0,0,1,1,1
"PT","V5","V11","imprich","ipeqopt",0,0,1,1,1
"PT","V7","V11","imptrad","ipeqopt",0,0,1,1,1
"PT","V8","V11","ipadvnt","ipeqopt",0,0,1,1,1
"PT","V9","V11","ipbhprp","ipeqopt",0,0,1,1,1
"PT","V10","V11","ipcrtiv","ipeqopt",0,0,1,1,1
"PT","V1","V12","impdiff","ipfrule",0,0,1,1,1
"PT","V2","V12","impenv","ipfrule",0,0,1,1,1
"PT","V3","V12","impfree","ipfrule",0,0,1,1,1
"PT","V4","V12","impfun","ipfrule",0,0,1,1,1
"PT","V5","V12","imprich","ipfrule",0,0,1,1,1
"PT","V8","V12","ipadvnt","ipfrule",0,0,1,1,1
"PT","V10","V12","ipcrtiv","ipfrule",0,0,1,1,1
"PT","V11","V12","ipeqopt","ipfrule",0,0,1,1,1
"PT","V7","V13","imptrad","ipgdtim",0,0,1,1,1
"PT","V9","V13","ipbhprp","ipgdtim",0,0,1,1,1
"PT","V12","V13","ipfrule","ipgdtim",0,0,1,1,1
"PT","V4","V14","impfun","iphlppl",0,0,1,1,1
"PT","V5","V14","imprich","iphlppl",0,0,1,1,1
"PT","V8","V14","ipadvnt","iphlppl",0,0,1,1,1
"PT","V9","V14","ipbhprp","iphlppl",0,0,1,1,1
"PT","V10","V14","ipcrtiv","iphlppl",0,0,1,1,1
"PT","V12","V14","ipfrule","iphlppl",0,0,1,1,1
"PT","V13","V14","ipgdtim","iphlppl",0,0,1,1,1
"PT","V1","V15","impdiff","iplylfr",0,0,1,1,1
"PT","V5","V15","imprich","iplylfr",0,0,1,1,1
"PT","V6","V15","impsafe","iplylfr",0,0,1,1,1
"PT","V8","V15","ipadvnt","iplylfr",0,0,1,1,1
"PT","V9","V15","ipbhprp","iplylfr",0,0,1,1,1
"PT","V10","V15","ipcrtiv","iplylfr",0,0,1,1,1
"PT","V12","V15","ipfrule","iplylfr",0,0,1,1,1
"PT","V13","V15","ipgdtim","iplylfr",0,0,1,1,1
"PT","V1","V16","impdiff","ipmodst",0,0,1,1,1
"PT","V3","V16","impfree","ipmodst",0,0,1,1,1
"PT","V4","V16","impfun","ipmodst",0,0,1,1,1
"PT","V10","V16","ipcrtiv","ipmodst",0,0,1,1,1
"PT","V1","V17","impdiff","iprspot",0,0,1,1,1
"PT","V2","V17","impenv","iprspot",0,0,1,1,1
"PT","V3","V17","impfree","iprspot",0,0,1,1,1
"PT","V4","V17","impfun","iprspot",0,0,1,1,1
"PT","V11","V17","ipeqopt","iprspot",0,0,1,1,1
"PT","V12","V17","ipfrule","iprspot",0,0,1,1,1
"PT","V13","V17","ipgdtim","iprspot",0,0,1,1,1
"PT","V14","V17","iphlppl","iprspot",0,0,1,1,1
"PT","V15","V17","iplylfr","iprspot",0,0,1,1,1
"PT","V2","V18","impenv","ipshabt",0,0,1,1,1
"PT","V3","V18","impfree","ipshabt",0,0,1,1,1
"PT","V4","V18","impfun","ipshabt",0,0,1,1,1
"PT","V7","V18","imptrad","ipshabt",0,0,1,1,1
"PT","V8","V18","ipadvnt","ipshabt",0,0,1,1,1
"PT","V9","V18","ipbhprp","ipshabt",0,0,1,1,1
"PT","V11","V18","ipeqopt","ipshabt",0,0,1,1,1
"PT","V12","V18","ipfrule","ipshabt",0,0,1,1,1
"PT","V13","V18","ipgdtim","ipshabt",0,0,1,1,1
"PT","V14","V18","iphlppl","ipshabt",0,0,1,1,1
"PT","V15","V18","iplylfr","ipshabt",0,0,1,1,1
"PT","V16","V18","ipmodst","ipshabt",0,0,1,1,1
"PT","V1","V19","impdiff","ipstrgv",0,0,1,1,1
"PT","V4","V19","impfun","ipstrgv",0,0,1,1,1
"PT","V8","V19","ipadvnt","ipstrgv",0,0,1,1,1
"PT","V10","V19","ipcrtiv","ipstrgv",0,0,1,1,1
"PT","V17","V19","iprspot","ipstrgv",0,0,1,1,1
"PT","V18","V19","ipshabt","ipstrgv",0,0,1,1,1
"PT","V2","V20","impenv","ipsuces",0,0,1,1,1
"PT","V6","V20","impsafe","ipsuces",0,0,1,1,1
"PT","V7","V20","imptrad","ipsuces",0,0,1,1,1
"PT","V9","V20","ipbhprp","ipsuces",0,0,1,1,1
"PT","V11","V20","ipeqopt","ipsuces",0,0,1,1,1
"PT","V15","V20","iplylfr","ipsuces",0,0,1,1,1
"PT","V5","V21","imprich","ipudrst",0,0,1,1,1
"PT","V6","V21","impsafe","ipudrst",0,0,1,1,1
"PT","V7","V21","imptrad","ipudrst",0,0,1,1,1
"PT","V8","V21","ipadvnt","ipudrst",0,0,1,1,1
"PT","V9","V21","ipbhprp","ipudrst",0,0,1,1,1
"PT","V17","V21","iprspot","ipudrst",0,0,1,1,1
"PT","V18","V21","ipshabt","ipudrst",0,0,1,1,1
"PT","V20","V21","ipsuces","ipudrst",0,0,1,1,1
"SI","V8","V17","ipadvnt","iprspot",0.0746682483923438,0.0746682483923438,0.013986013986014,1,1
"SI","V2","V16","impenv","ipmodst",-0.105845915127599,0.105845915127599,0.014985014985015,1,1
"SI","V10","V21","ipcrtiv","ipudrst",-0.13143267845815,0.13143267845815,0.025974025974026,1,1
"SI","V15","V20","iplylfr","ipsuces",0.0760747180090946,0.0760747180090946,0.02997002997003,1,1
"SI","V9","V11","ipbhprp","ipeqopt",0.0419841638869332,0.0419841638869332,0.032967032967033,1,1
"SI","V5","V8","imprich","ipadvnt",-0.0844494208898011,0.0844494208898011,0.033966033966034,1,1
"SI","V2","V5","impenv","imprich",0.0486932161815867,0.0486932161815867,0.041958041958042,1,1
"SI","V13","V14","ipgdtim","iphlppl",0.051198401936206,0.051198401936206,0.047952047952048,1,1
"SI","V15","V16","iplylfr","ipmodst",-0.029071075016507,0.029071075016507,0.0529470529470529,1,1
"SI","V5","V21","imprich","ipudrst",0.0577692364937309,0.0577692364937309,0.0679320679320679,1,1
"SI","V13","V18","ipgdtim","ipshabt",0.0815531946382217,0.0815531946382217,0.0719280719280719,1,1
"SI","V13","V17","ipgdtim","iprspot",0.0525649082875163,0.0525649082875163,0.0779220779220779,1,1
"SI","V14","V19","iphlppl","ipstrgv",0.0918681551860186,0.0918681551860186,0.0839160839160839,1,1
"SI","V14","V20","iphlppl","ipsuces",-0.0766376974310649,0.0766376974310649,0.0889110889110889,1,1
"SI","V15","V17","iplylfr","iprspot",0.0854098575744136,0.0854098575744136,0.0899100899100899,1,1
"SI","V7","V15","imptrad","iplylfr",-0.0970588023035611,0.0970588023035611,0.104895104895105,1,1
"SI","V2","V6","impenv","impsafe",0.0233037526973733,0.0233037526973733,0.105894105894106,1,1
"SI","V8","V12","ipadvnt","ipfrule",-0.0268370306742451,0.0268370306742451,0.123876123876124,1,1
"SI","V4","V13","impfun","ipgdtim",-0.0749213191935979,0.0749213191935979,0.124875124875125,1,1
"SI","V6","V11","impsafe","ipeqopt",0.0503621176880844,0.0503621176880844,0.142857142857143,1,1
"SI","V3","V21","impfree","ipudrst",0.074921181663153,0.074921181663153,0.144855144855145,1,1
"SI","V2","V9","impenv","ipbhprp",-0.0299419544865075,0.0299419544865075,0.163836163836164,1,1
"SI","V12","V13","ipfrule","ipgdtim",-0.0825126947039994,0.0825126947039994,0.164835164835165,1,1
"SI","V7","V19","imptrad","ipstrgv",-0.063728977900214,0.063728977900214,0.176823176823177,1,1
"SI","V3","V10","impfree","ipcrtiv",-0.0691425257826442,0.0691425257826442,0.180819180819181,1,1
"SI","V2","V21","impenv","ipudrst",0.0701569198492683,0.0701569198492683,0.201798201798202,1,1
"SI","V1","V4","impdiff","impfun",0.0631346932293492,0.0631346932293492,0.203796203796204,1,1
"SI","V2","V11","impenv","ipeqopt",0.0649563973521747,0.0649563973521747,0.215784215784216,1,1
"SI","V6","V18","impsafe","ipshabt",0.0536941886252219,0.0536941886252219,0.21978021978022,1,1
"SI","V3","V8","impfree","ipadvnt",-0.0302557932597216,0.0302557932597216,0.233766233766234,1,1
"SI","V6","V16","impsafe","ipmodst",-0.0585131453290443,0.0585131453290443,0.242757242757243,1,1
"SI","V1","V20","impdiff","ipsuces",-0.0524243935656549,0.0524243935656549,0.243756243756244,1,1
"SI","V11","V21","ipeqopt","ipudrst",0.0518194588541343,0.0518194588541343,0.251748251748252,1,1
"SI","V3","V7","impfree","imptrad",0.0647660493269369,0.0647660493269369,0.260739260739261,1,1
"SI","V7","V9","imptrad","ipbhprp",0.0506792802301259,0.0506792802301259,0.307692307692308,1,1
"SI","V11","V14","ipeqopt","iphlppl",-0.0536416583167537,0.0536416583167537,0.307692307692308,1,1
"SI","V5","V10","imprich","ipcrtiv",-0.0348744341809612,0.0348744341809612,0.322677322677323,1,1
"SI","V9","V17","ipbhprp","iprspot",-0.0481119561679323,0.0481119561679323,0.338661338661339,1,1
"SI","V16","V19","ipmodst","ipstrgv",-0.0574455763453051,0.0574455763453051,0.338661338661339,1,1
"SI","V12","V21","ipfrule","ipudrst",-0.048812445412465,0.048812445412465,0.338661338661339,1,1
"SI","V14","V15","iphlppl","iplylfr",0.0476340006626216,0.0476340006626216,0.36963036963037,1,1
"SI","V6","V19","impsafe","ipstrgv",-0.0457382451919175,0.0457382451919175,0.378621378621379,1,1
"SI","V4","V20","impfun","ipsuces",-0.0388893718880643,0.0388893718880643,0.38961038961039,1,1
"SI","V2","V15","impenv","iplylfr",0.0414737149087177,0.0414737149087177,0.402597402597403,1,1
"SI","V15","V21","iplylfr","ipudrst",-0.0569812099625076,0.0569812099625076,0.405594405594406,1,1
"SI","V3","V12","impfree","ipfrule",0.0618103768489528,0.0618103768489528,0.423576423576424,1,1
"SI","V7","V21","imptrad","ipudrst",0.0306686708952973,0.0306686708952973,0.423576423576424,1,1
"SI","V8","V13","ipadvnt","ipgdtim",0.0341986667121624,0.0341986667121624,0.42957042957043,1,1
"SI","V3","V6","impfree","impsafe",-0.0603217657351935,0.0603217657351935,0.443556443556444,1,1
"SI","V3","V19","impfree","ipstrgv",-0.0475813297251463,0.0475813297251463,0.452547452547453,1,1
"SI","V13","V15","ipgdtim","iplylfr",-0.0370840651935909,0.0370840651935909,0.463536463536464,1,1
"SI","V9","V19","ipbhprp","ipstrgv",0.0365375930236238,0.0365375930236238,0.472527472527473,1,1
"SI","V2","V19","impenv","ipstrgv",-0.0337827117645352,0.0337827117645352,0.494505494505495,1,1
"SI","V12","V17","ipfrule","iprspot",-0.0346959878168675,0.0346959878168675,0.502497502497502,1,1
"SI","V2","V7","impenv","imptrad",0.0290144843106872,0.0290144843106872,0.548451548451548,1,1
"SI","V5","V13","imprich","ipgdtim",-0.0405719677392667,0.0405719677392667,0.558441558441558,1,1
"SI","V6","V7","impsafe","imptrad",-0.0274946239740244,0.0274946239740244,0.581418581418581,1,1
"SI","V6","V9","impsafe","ipbhprp",-0.025820265898185,0.025820265898185,0.593406593406593,1,1
"SI","V17","V20","iprspot","ipsuces",0.0242350514947361,0.0242350514947361,0.609390609390609,1,1
"SI","V3","V14","impfree","iphlppl",0.02760295354529,0.02760295354529,0.615384615384615,1,1
"SI","V7","V12","imptrad","ipfrule",0.0225044068383469,0.0225044068383469,0.622377622377622,1,1
"SI","V3","V11","impfree","ipeqopt",0.0339123088398059,0.0339123088398059,0.624375624375624,1,1
"SI","V18","V20","ipshabt","ipsuces",-0.0205303951705393,0.0205303951705393,0.627372627372627,1,1
"SI","V13","V20","ipgdtim","ipsuces",-0.0228973203707676,0.0228973203707676,0.638361638361638,1,1
"SI","V6","V13","impsafe","ipgdtim",-0.0317764218414268,0.0317764218414268,0.646353646353646,1,1
"SI","V17","V18","iprspot","ipshabt",-0.0213329940644388,0.0213329940644388,0.655344655344655,1,1
"SI","V11","V18","ipeqopt","ipshabt",-0.0217461755426025,0.0217461755426025,0.656343656343656,1,1
"SI","V4","V8","impfun","ipadvnt",0.016468500393436,0.016468500393436,0.672327672327672,1,1
"SI","V9","V16","ipbhprp","ipmodst",-0.019820424723885,0.019820424723885,0.69030969030969,1,1
"SI","V10","V11","ipcrtiv","ipeqopt",0.0265973940616656,0.0265973940616656,0.695304695304695,1,1
"SI","V3","V13","impfree","ipgdtim",-0.0194902821180318,0.0194902821180318,0.699300699300699,1,1
"SI","V4","V10","impfun","ipcrtiv",0.0309065003848059,0.0309065003848059,0.704295704295704,1,1
"SI","V1","V21","impdiff","ipudrst",0.030046629215724,0.030046629215724,0.705294705294705,1,1
"SI","V4","V15","impfun","iplylfr",0.0256304333518641,0.0256304333518641,0.71028971028971,1,1
"SI","V7","V17","imptrad","iprspot",-0.0176421922330781,0.0176421922330781,0.735264735264735,1,1
"SI","V6","V8","impsafe","ipadvnt",-0.0156671290169076,0.0156671290169076,0.749250749250749,1,1
"SI","V8","V20","ipadvnt","ipsuces",-0.0133671496760564,0.0133671496760564,0.75024975024975,1,1
"SI","V2","V3","impenv","impfree",-0.0128306453709705,0.0128306453709705,0.772227772227772,1,1
"SI","V1","V8","impdiff","ipadvnt",-0.00912431481423986,0.00912431481423986,0.803196803196803,1,1
"SI","V11","V19","ipeqopt","ipstrgv",-0.0238293735640836,0.0238293735640836,0.803196803196803,1,1
"SI","V3","V4","impfree","impfun",-0.0105162706403011,0.0105162706403011,0.829170829170829,1,1
"SI","V9","V12","ipbhprp","ipfrule",0.00753363159583928,0.00753363159583928,0.836163836163836,1,1
"SI","V5","V16","imprich","ipmodst",0.00867837779870011,0.00867837779870011,0.855144855144855,1,1
"SI","V5","V17","imprich","iprspot",-0.00720587838682935,0.00720587838682935,0.889110889110889,1,1
"SI","V14","V16","iphlppl","ipmodst",-0.00665068160997973,0.00665068160997973,0.895104895104895,1,1
"SI","V5","V18","imprich","ipshabt",0.00529845300785561,0.00529845300785561,0.898101898101898,1,1
"SI","V7","V16","imptrad","ipmodst",-0.00498659332353172,0.00498659332353172,0.91008991008991,1,1
"SI","V2","V14","impenv","iphlppl",0.00612317646945729,0.00612317646945729,0.92007992007992,1,1
"SI","V16","V21","ipmodst","ipudrst",0.00473793673850431,0.00473793673850431,0.923076923076923,1,1
"SI","V1","V18","impdiff","ipshabt",0.00490352896983409,0.00490352896983409,0.943056943056943,1,1
"SI","V1","V13","impdiff","ipgdtim",0.00373225855089341,0.00373225855089341,0.945054945054945,1,1
"SI","V19","V20","ipstrgv","ipsuces",0.0030735387577817,0.0030735387577817,0.947052947052947,1,1
"SI","V11","V16","ipeqopt","ipmodst",-0.00290348341929686,0.00290348341929686,0.951048951048951,1,1
"SI","V1","V10","impdiff","ipcrtiv",0.00280176987076508,0.00280176987076508,0.952047952047952,1,1
"SI","V14","V21","iphlppl","ipudrst",0.00217622048805385,0.00217622048805385,0.966033966033966,1,1
"SI","V5","V20","imprich","ipsuces",0.000168748713147204,0.000168748713147204,0.994005994005994,1,1
"SI","V10","V20","ipcrtiv","ipsuces",-0.000394998297561976,0.000394998297561976,0.995004995004995,1,1
"SI","V1","V2","impdiff","impenv",0,0,1,1,1
"SI","V1","V3","impdiff","impfree",0,0,1,1,1
"SI","V2","V4","impenv","impfun",0,0,1,1,1
"SI","V1","V5","impdiff","imprich",0,0,1,1,1
"SI","V3","V5","impfree","imprich",0,0,1,1,1
"SI","V4","V5","impfun","imprich",0,0,1,1,1
"SI","V1","V6","impdiff","impsafe",0,0,1,1,1
"SI","V4","V6","impfun","impsafe",0,0,1,1,1
"SI","V5","V6","imprich","impsafe",0,0,1,1,1
"SI","V1","V7","impdiff","imptrad",0,0,1,1,1
"SI","V4","V7","impfun","imptrad",0,0,1,1,1
"SI","V5","V7","imprich","imptrad",0,0,1,1,1
"SI","V2","V8","impenv","ipadvnt",0,0,1,1,1
"SI","V7","V8","imptrad","ipadvnt",0,0,1,1,1
"SI","V1","V9","impdiff","ipbhprp",0,0,1,1,1
"SI","V3","V9","impfree","ipbhprp",0,0,1,1,1
"SI","V4","V9","impfun","ipbhprp",0,0,1,1,1
"SI","V5","V9","imprich","ipbhprp",0,0,1,1,1
"SI","V8","V9","ipadvnt","ipbhprp",0,0,1,1,1
"SI","V2","V10","impenv","ipcrtiv",0,0,1,1,1
"SI","V6","V10","impsafe","ipcrtiv",0,0,1,1,1
"SI","V7","V10","imptrad","ipcrtiv",0,0,1,1,1
"SI","V8","V10","ipadvnt","ipcrtiv",0,0,1,1,1
"SI","V9","V10","ipbhprp","ipcrtiv",0,0,1,1,1
"SI","V1","V11","impdiff","ipeqopt",0,0,1,1,1
"SI","V4","V11","impfun","ipeqopt",0,0,1,1,1
"SI","V5","V11","imprich","ipeqopt",0,0,1,1,1
"SI","V7","V11","imptrad","ipeqopt",0,0,1,1,1
"SI","V8","V11","ipadvnt","ipeqopt",0,0,1,1,1
"SI","V1","V12","impdiff","ipfrule",0,0,1,1,1
"SI","V2","V12","impenv","ipfrule",0,0,1,1,1
"SI","V4","V12","impfun","ipfrule",0,0,1,1,1
"SI","V5","V12","imprich","ipfrule",0,0,1,1,1
"SI","V6","V12","impsafe","ipfrule",0,0,1,1,1
"SI","V10","V12","ipcrtiv","ipfrule",0,0,1,1,1
"SI","V11","V12","ipeqopt","ipfrule",0,0,1,1,1
"SI","V2","V13","impenv","ipgdtim",0,0,1,1,1
"SI","V7","V13","imptrad","ipgdtim",0,0,1,1,1
"SI","V9","V13","ipbhprp","ipgdtim",0,0,1,1,1
"SI","V10","V13","ipcrtiv","ipgdtim",0,0,1,1,1
"SI","V11","V13","ipeqopt","ipgdtim",0,0,1,1,1
"SI","V1","V14","impdiff","iphlppl",0,0,1,1,1
"SI","V4","V14","impfun","iphlppl",0,0,1,1,1
"SI","V5","V14","imprich","iphlppl",0,0,1,1,1
"SI","V6","V14","impsafe","iphlppl",0,0,1,1,1
"SI","V7","V14","imptrad","iphlppl",0,0,1,1,1
"SI","V8","V14","ipadvnt","iphlppl",0,0,1,1,1
"SI","V9","V14","ipbhprp","iphlppl",0,0,1,1,1
"SI","V10","V14","ipcrtiv","iphlppl",0,0,1,1,1
"SI","V12","V14","ipfrule","iphlppl",0,0,1,1,1
"SI","V1","V15","impdiff","iplylfr",0,0,1,1,1
"SI","V3","V15","impfree","iplylfr",0,0,1,1,1
"SI","V5","V15","imprich","iplylfr",0,0,1,1,1
"SI","V6","V15","impsafe","iplylfr",0,0,1,1,1
"SI","V8","V15","ipadvnt","iplylfr",0,0,1,1,1
"SI","V9","V15","ipbhprp","iplylfr",0,0,1,1,1
"SI","V10","V15","ipcrtiv","iplylfr",0,0,1,1,1
"SI","V11","V15","ipeqopt","iplylfr",0,0,1,1,1
"SI","V12","V15","ipfrule","iplylfr",0,0,1,1,1
"SI","V1","V16","impdiff","ipmodst",0,0,1,1,1
"SI","V3","V16","impfree","ipmodst",0,0,1,1,1
"SI","V4","V16","impfun","ipmodst",0,0,1,1,1
"SI","V8","V16","ipadvnt","ipmodst",0,0,1,1,1
"SI","V10","V16","ipcrtiv","ipmodst",0,0,1,1,1
"SI","V12","V16","ipfrule","ipmodst",0,0,1,1,1
"SI","V13","V16","ipgdtim","ipmodst",0,0,1,1,1
"SI","V1","V17","impdiff","iprspot",0,0,1,1,1
"SI","V2","V17","impenv","iprspot",0,0,1,1,1
"SI","V3","V17","impfree","iprspot",0,0,1,1,1
"SI","V4","V17","impfun","iprspot",0,0,1,1,1
"SI","V6","V17","impsafe","iprspot",0,0,1,1,1
"SI","V10","V17","ipcrtiv","iprspot",0,0,1,1,1
"SI","V11","V17","ipeqopt","iprspot",0,0,1,1,1
"SI","V14","V17","iphlppl","iprspot",0,0,1,1,1
"SI","V16","V17","ipmodst","iprspot",0,0,1,1,1
"SI","V2","V18","impenv","ipshabt",0,0,1,1,1
"SI","V3","V18","impfree","ipshabt",0,0,1,1,1
"SI","V4","V18","impfun","ipshabt",0,0,1,1,1
"SI","V7","V18","imptrad","ipshabt",0,0,1,1,1
"SI","V8","V18","ipadvnt","ipshabt",0,0,1,1,1
"SI","V9","V18","ipbhprp","ipshabt",0,0,1,1,1
"SI","V10","V18","ipcrtiv","ipshabt",0,0,1,1,1
"SI","V12","V18","ipfrule","ipshabt",0,0,1,1,1
"SI","V14","V18","iphlppl","ipshabt",0,0,1,1,1
"SI","V15","V18","iplylfr","ipshabt",0,0,1,1,1
"SI","V16","V18","ipmodst","ipshabt",0,0,1,1,1
"SI","V1","V19","impdiff","ipstrgv",0,0,1,1,1
"SI","V4","V19","impfun","ipstrgv",0,0,1,1,1
"SI","V5","V19","imprich","ipstrgv",0,0,1,1,1
"SI","V8","V19","ipadvnt","ipstrgv",0,0,1,1,1
"SI","V10","V19","ipcrtiv","ipstrgv",0,0,1,1,1
"SI","V12","V19","ipfrule","ipstrgv",0,0,1,1,1
"SI","V13","V19","ipgdtim","ipstrgv",0,0,1,1,1
"SI","V15","V19","iplylfr","ipstrgv",0,0,1,1,1
"SI","V17","V19","iprspot","ipstrgv",0,0,1,1,1
"SI","V18","V19","ipshabt","ipstrgv",0,0,1,1,1
"SI","V2","V20","impenv","ipsuces",0,0,1,1,1
"SI","V3","V20","impfree","ipsuces",0,0,1,1,1
"SI","V6","V20","impsafe","ipsuces",0,0,1,1,1
"SI","V7","V20","imptrad","ipsuces",0,0,1,1,1
"SI","V9","V20","ipbhprp","ipsuces",0,0,1,1,1
"SI","V11","V20","ipeqopt","ipsuces",0,0,1,1,1
"SI","V12","V20","ipfrule","ipsuces",0,0,1,1,1
"SI","V16","V20","ipmodst","ipsuces",0,0,1,1,1
"SI","V4","V21","impfun","ipudrst",0,0,1,1,1
"SI","V6","V21","impsafe","ipudrst",0,0,1,1,1
"SI","V8","V21","ipadvnt","ipudrst",0,0,1,1,1
"SI","V9","V21","ipbhprp","ipudrst",0,0,1,1,1
"SI","V13","V21","ipgdtim","ipudrst",0,0,1,1,1
"SI","V17","V21","iprspot","ipudrst",0,0,1,1,1
"SI","V18","V21","ipshabt","ipudrst",0,0,1,1,1
"SI","V19","V21","ipstrgv","ipudrst",0,0,1,1,1
"SI","V20","V21","ipsuces","ipudrst",0,0,1,1,1
"SK","V6","V7","impsafe","imptrad",-0.114441604015392,0.114441604015392,0.000999000999000999,0.20979020979021,1
"SK","V1","V5","impdiff","imprich",-0.0879545864559941,0.0879545864559941,0.003996003996004,0.835164835164835,1
"SK","V3","V7","impfree","imptrad",0.056727662534929,0.056727662534929,0.003996003996004,0.835164835164835,1
"SK","V7","V14","imptrad","iphlppl",-0.129193082307906,0.129193082307906,0.004995004995005,1,1
"SK","V18","V20","ipshabt","ipsuces",0.150278228748314,0.150278228748314,0.00599400599400599,1,1
"SK","V7","V13","imptrad","ipgdtim",0.0636999039565457,0.0636999039565457,0.010989010989011,1,1
"SK","V3","V10","impfree","ipcrtiv",0.113337302450694,0.113337302450694,0.014985014985015,1,1
"SK","V14","V17","iphlppl","iprspot",0.0670155772192642,0.0670155772192642,0.02997002997003,1,1
"SK","V3","V4","impfree","impfun",-0.070437824735589,0.070437824735589,0.036963036963037,1,1
"SK","V4","V13","impfun","ipgdtim",0.104335154679209,0.104335154679209,0.03996003996004,1,1
"SK","V7","V17","imptrad","iprspot",0.055481845494513,0.055481845494513,0.042957042957043,1,1
"SK","V8","V10","ipadvnt","ipcrtiv",-0.0318405584482096,0.0318405584482096,0.045954045954046,1,1
"SK","V3","V17","impfree","iprspot",-0.0896984714316145,0.0896984714316145,0.04995004995005,1,1
"SK","V4","V5","impfun","imprich",-0.0607820814343413,0.0607820814343413,0.0559440559440559,1,1
"SK","V9","V19","ipbhprp","ipstrgv",-0.0874270840942857,0.0874270840942857,0.0629370629370629,1,1
"SK","V3","V11","impfree","ipeqopt",0.0808072990723143,0.0808072990723143,0.0679320679320679,1,1
"SK","V7","V11","imptrad","ipeqopt",0.0257027198156061,0.0257027198156061,0.0679320679320679,1,1
"SK","V9","V12","ipbhprp","ipfrule",0.0894883703369927,0.0894883703369927,0.0769230769230769,1,1
"SK","V15","V19","iplylfr","ipstrgv",-0.0849877318014359,0.0849877318014359,0.0849150849150849,1,1
"SK","V14","V15","iphlppl","iplylfr",0.0794061975070116,0.0794061975070116,0.0889110889110889,1,1
"SK","V10","V14","ipcrtiv","iphlppl",-0.0676246314200265,0.0676246314200265,0.104895104895105,1,1
"SK","V2","V6","impenv","impsafe",-0.0719286642382945,0.0719286642382945,0.10989010989011,1,1
"SK","V9","V16","ipbhprp","ipmodst",0.0787341010005083,0.0787341010005083,0.125874125874126,1,1
"SK","V16","V19","ipmodst","ipstrgv",0.0941922498668178,0.0941922498668178,0.127872127872128,1,1
"SK","V6","V12","impsafe","ipfrule",0.0652315302702589,0.0652315302702589,0.133866133866134,1,1
"SK","V6","V11","impsafe","ipeqopt",0.0762911289726915,0.0762911289726915,0.134865134865135,1,1
"SK","V7","V15","imptrad","iplylfr",0.0886529240051741,0.0886529240051741,0.13986013986014,1,1
"SK","V14","V21","iphlppl","ipudrst",0.066801604998449,0.066801604998449,0.156843156843157,1,1
"SK","V1","V13","impdiff","ipgdtim",0.0653675307589324,0.0653675307589324,0.170829170829171,1,1
"SK","V10","V20","ipcrtiv","ipsuces",-0.0822863219667636,0.0822863219667636,0.177822177822178,1,1
"SK","V8","V20","ipadvnt","ipsuces",0.0623891895397954,0.0623891895397954,0.181818181818182,1,1
"SK","V17","V20","iprspot","ipsuces",0.0636828753836293,0.0636828753836293,0.182817182817183,1,1
"SK","V2","V14","impenv","iphlppl",0.0578634652134111,0.0578634652134111,0.211788211788212,1,1
"SK","V7","V9","imptrad","ipbhprp",0.0581529941845406,0.0581529941845406,0.215784215784216,1,1
"SK","V9","V14","ipbhprp","iphlppl",-0.0615185358472349,0.0615185358472349,0.218781218781219,1,1
"SK","V14","V20","iphlppl","ipsuces",-0.0698051262934956,0.0698051262934956,0.220779220779221,1,1
"SK","V8","V17","ipadvnt","iprspot",-0.0588566902382213,0.0588566902382213,0.233766233766234,1,1
"SK","V4","V10","impfun","ipcrtiv",-0.0749960074961132,0.0749960074961132,0.238761238761239,1,1
"SK","V2","V10","impenv","ipcrtiv",0.056989037496534,0.056989037496534,0.244755244755245,1,1
"SK","V6","V15","impsafe","iplylfr",0.064820909742125,0.064820909742125,0.253746253746254,1,1
"SK","V5","V10","imprich","ipcrtiv",-0.0623649602003309,0.0623649602003309,0.256743256743257,1,1
"SK","V2","V19","impenv","ipstrgv",0.0541042848462306,0.0541042848462306,0.272727272727273,1,1
"SK","V9","V11","ipbhprp","ipeqopt",-0.0563135364233458,0.0563135364233458,0.27972027972028,1,1
"SK","V8","V16","ipadvnt","ipmodst",0.0500431914418338,0.0500431914418338,0.283716283716284,1,1
"SK","V5","V17","imprich","iprspot",-0.0639157333434547,0.0639157333434547,0.287712287712288,1,1
"SK","V6","V14","impsafe","iphlppl",0.055157637812974,0.055157637812974,0.288711288711289,1,1
"SK","V9","V21","ipbhprp","ipudrst",-0.0546616375017864,0.0546616375017864,0.311688311688312,1,1
"SK","V10","V21","ipcrtiv","ipudrst",-0.0376831743683961,0.0376831743683961,0.324675324675325,1,1
"SK","V1","V17","impdiff","iprspot",0.0605469251674722,0.0605469251674722,0.340659340659341,1,1
"SK","V3","V19","impfree","ipstrgv",0.0408195472761928,0.0408195472761928,0.355644355644356,1,1
"SK","V12","V21","ipfrule","ipudrst",0.0454422912626977,0.0454422912626977,0.358641358641359,1,1
"SK","V16","V21","ipmodst","ipudrst",0.0544931439822314,0.0544931439822314,0.37962037962038,1,1
"SK","V6","V9","impsafe","ipbhprp",0.0366937639663454,0.0366937639663454,0.447552447552448,1,1
"SK","V7","V12","imptrad","ipfrule",-0.0429162160349224,0.0429162160349224,0.45954045954046,1,1
"SK","V5","V16","imprich","ipmodst",-0.0312196478516336,0.0312196478516336,0.464535464535465,1,1
"SK","V14","V19","iphlppl","ipstrgv",-0.0350740571572777,0.0350740571572777,0.466533466533467,1,1
"SK","V5","V8","imprich","ipadvnt",-0.0318473907583836,0.0318473907583836,0.473526473526474,1,1
"SK","V1","V3","impdiff","impfree",-0.0461406985109394,0.0461406985109394,0.485514485514486,1,1
"SK","V1","V21","impdiff","ipudrst",0.0453747149994744,0.0453747149994744,0.493506493506494,1,1
"SK","V1","V12","impdiff","ipfrule",0.0246794230796697,0.0246794230796697,0.500499500499501,1,1
"SK","V11","V15","ipeqopt","iplylfr",-0.0380316987981096,0.0380316987981096,0.511488511488511,1,1
"SK","V3","V13","impfree","ipgdtim",-0.0303468879302603,0.0303468879302603,0.516483516483517,1,1
"SK","V3","V14","impfree","iphlppl",-0.0293419784900014,0.0293419784900014,0.520479520479521,1,1
"SK","V1","V10","impdiff","ipcrtiv",0.033721384086155,0.033721384086155,0.521478521478521,1,1
"SK","V5","V13","imprich","ipgdtim",-0.0309332372466094,0.0309332372466094,0.537462537462537,1,1
"SK","V9","V17","ipbhprp","iprspot",-0.0328101733075802,0.0328101733075802,0.567432567432567,1,1
"SK","V5","V18","imprich","ipshabt",0.0244063313414936,0.0244063313414936,0.605394605394605,1,1
"SK","V1","V8","impdiff","ipadvnt",-0.0246435418881434,0.0246435418881434,0.614385614385614,1,1
"SK","V14","V16","iphlppl","ipmodst",-0.0253832318379993,0.0253832318379993,0.62037962037962,1,1
"SK","V2","V3","impenv","impfree",-0.0212893384729715,0.0212893384729715,0.633366633366633,1,1
"SK","V11","V21","ipeqopt","ipudrst",-0.0213898615019891,0.0213898615019891,0.636363636363636,1,1
"SK","V2","V7","impenv","imptrad",-0.0234214899734099,0.0234214899734099,0.637362637362637,1,1
"SK","V11","V14","ipeqopt","iphlppl",0.0238830894278036,0.0238830894278036,0.646353646353646,1,1
"SK","V2","V21","impenv","ipudrst",-0.0239618402652454,0.0239618402652454,0.647352647352647,1,1
"SK","V3","V15","impfree","iplylfr",0.0211637811098293,0.0211637811098293,0.653346653346653,1,1
"SK","V6","V8","impsafe","ipadvnt",0.00800633342193165,0.00800633342193165,0.656343656343656,1,1
"SK","V5","V20","imprich","ipsuces",-0.0224829270723051,0.0224829270723051,0.658341658341658,1,1
"SK","V4","V8","impfun","ipadvnt",0.0195718062957337,0.0195718062957337,0.66033966033966,1,1
"SK","V10","V18","ipcrtiv","ipshabt",-0.0195721938827056,0.0195721938827056,0.66033966033966,1,1
"SK","V1","V18","impdiff","ipshabt",0.0204895107008622,0.0204895107008622,0.671328671328671,1,1
"SK","V2","V11","impenv","ipeqopt",0.0211361349192193,0.0211361349192193,0.681318681318681,1,1
"SK","V10","V11","ipcrtiv","ipeqopt",-0.0306361658938,0.0306361658938,0.708291708291708,1,1
"SK","V2","V9","impenv","ipbhprp",-0.0200022057505498,0.0200022057505498,0.745254745254745,1,1
"SK","V13","V20","ipgdtim","ipsuces",-0.01421097823726,0.01421097823726,0.757242757242757,1,1
"SK","V7","V16","imptrad","ipmodst",0.0153450031481448,0.0153450031481448,0.773226773226773,1,1
"SK","V17","V18","iprspot","ipshabt",0.0148183385911076,0.0148183385911076,0.773226773226773,1,1
"SK","V15","V21","iplylfr","ipudrst",-0.0154599754509541,0.0154599754509541,0.777222777222777,1,1
"SK","V9","V15","ipbhprp","iplylfr",-0.0126499544927698,0.0126499544927698,0.788211788211788,1,1
"SK","V11","V19","ipeqopt","ipstrgv",0.0136950414541241,0.0136950414541241,0.79020979020979,1,1
"SK","V15","V17","iplylfr","iprspot",-0.0128867441583666,0.0128867441583666,0.811188811188811,1,1
"SK","V4","V15","impfun","iplylfr",-0.00988863141994678,0.00988863141994678,0.821178821178821,1,1
"SK","V12","V16","ipfrule","ipmodst",0.0100902179911437,0.0100902179911437,0.823176823176823,1,1
"SK","V6","V16","impsafe","ipmodst",-0.00979077830695248,0.00979077830695248,0.826173826173826,1,1
"SK","V7","V19","imptrad","ipstrgv",0.0110131641693105,0.0110131641693105,0.83016983016983,1,1
"SK","V3","V6","impfree","impsafe",-0.010172734057197,0.010172734057197,0.834165834165834,1,1
"SK","V1","V20","impdiff","ipsuces",0.00926154327874895,0.00926154327874895,0.852147852147852,1,1
"SK","V1","V4","impdiff","impfun",-0.00993069548786535,0.00993069548786535,0.86013986013986,1,1
"SK","V2","V15","impenv","iplylfr",-0.00675987779242967,0.00675987779242967,0.894105894105894,1,1
"SK","V6","V19","impsafe","ipstrgv",0.00610921929981961,0.00610921929981961,0.9000999000999,1,1
"SK","V8","V13","ipadvnt","ipgdtim",-0.00556446190756316,0.00556446190756316,0.916083916083916,1,1
"SK","V4","V20","impfun","ipsuces",0.00466017857071867,0.00466017857071867,0.933066933066933,1,1
"SK","V1","V2","impdiff","impenv",0,0,1,1,1
"SK","V2","V4","impenv","impfun",0,0,1,1,1
"SK","V2","V5","impenv","imprich",0,0,1,1,1
"SK","V3","V5","impfree","imprich",0,0,1,1,1
"SK","V1","V6","impdiff","impsafe",0,0,1,1,1
"SK","V4","V6","impfun","impsafe",0,0,1,1,1
"SK","V5","V6","imprich","impsafe",0,0,1,1,1
"SK","V1","V7","impdiff","imptrad",0,0,1,1,1
"SK","V4","V7","impfun","imptrad",0,0,1,1,1
"SK","V5","V7","imprich","imptrad",0,0,1,1,1
"SK","V2","V8","impenv","ipadvnt",0,0,1,1,1
"SK","V3","V8","impfree","ipadvnt",0,0,1,1,1
"SK","V7","V8","imptrad","ipadvnt",0,0,1,1,1
"SK","V1","V9","impdiff","ipbhprp",0,0,1,1,1
"SK","V3","V9","impfree","ipbhprp",0,0,1,1,1
"SK","V4","V9","impfun","ipbhprp",0,0,1,1,1
"SK","V5","V9","imprich","ipbhprp",0,0,1,1,1
"SK","V8","V9","ipadvnt","ipbhprp",0,0,1,1,1
"SK","V6","V10","impsafe","ipcrtiv",0,0,1,1,1
"SK","V7","V10","imptrad","ipcrtiv",0,0,1,1,1
"SK","V9","V10","ipbhprp","ipcrtiv",0,0,1,1,1
"SK","V1","V11","impdiff","ipeqopt",0,0,1,1,1
"SK","V4","V11","impfun","ipeqopt",0,0,1,1,1
"SK","V5","V11","imprich","ipeqopt",0,0,1,1,1
"SK","V8","V11","ipadvnt","ipeqopt",0,0,1,1,1
"SK","V2","V12","impenv","ipfrule",0,0,1,1,1
"SK","V3","V12","impfree","ipfrule",0,0,1,1,1
"SK","V4","V12","impfun","ipfrule",0,0,1,1,1
"SK","V5","V12","imprich","ipfrule",0,0,1,1,1
"SK","V8","V12","ipadvnt","ipfrule",0,0,1,1,1
"SK","V10","V12","ipcrtiv","ipfrule",0,0,1,1,1
"SK","V11","V12","ipeqopt","ipfrule",0,0,1,1,1
"SK","V2","V13","impenv","ipgdtim",0,0,1,1,1
"SK","V6","V13","impsafe","ipgdtim",0,0,1,1,1
"SK","V9","V13","ipbhprp","ipgdtim",0,0,1,1,1
"SK","V10","V13","ipcrtiv","ipgdtim",0,0,1,1,1
"SK","V11","V13","ipeqopt","ipgdtim",0,0,1,1,1
"SK","V12","V13","ipfrule","ipgdtim",0,0,1,1,1
"SK","V1","V14","impdiff","iphlppl",0,0,1,1,1
"SK","V4","V14","impfun","iphlppl",0,0,1,1,1
"SK","V5","V14","imprich","iphlppl",0,0,1,1,1
"SK","V8","V14","ipadvnt","iphlppl",0,0,1,1,1
"SK","V12","V14","ipfrule","iphlppl",0,0,1,1,1
"SK","V13","V14","ipgdtim","iphlppl",0,0,1,1,1
"SK","V1","V15","impdiff","iplylfr",0,0,1,1,1
"SK","V5","V15","imprich","iplylfr",0,0,1,1,1
"SK","V8","V15","ipadvnt","iplylfr",0,0,1,1,1
"SK","V10","V15","ipcrtiv","iplylfr",0,0,1,1,1
"SK","V12","V15","ipfrule","iplylfr",0,0,1,1,1
"SK","V13","V15","ipgdtim","iplylfr",0,0,1,1,1
"SK","V1","V16","impdiff","ipmodst",0,0,1,1,1
"SK","V2","V16","impenv","ipmodst",0,0,1,1,1
"SK","V3","V16","impfree","ipmodst",0,0,1,1,1
"SK","V4","V16","impfun","ipmodst",0,0,1,1,1
"SK","V10","V16","ipcrtiv","ipmodst",0,0,1,1,1
"SK","V11","V16","ipeqopt","ipmodst",0,0,1,1,1
"SK","V13","V16","ipgdtim","ipmodst",0,0,1,1,1
"SK","V15","V16","iplylfr","ipmodst",0,0,1,1,1
"SK","V2","V17","impenv","iprspot",0,0,1,1,1
"SK","V4","V17","impfun","iprspot",0,0,1,1,1
"SK","V6","V17","impsafe","iprspot",0,0,1,1,1
"SK","V10","V17","ipcrtiv","iprspot",0,0,1,1,1
"SK","V11","V17","ipeqopt","iprspot",0,0,1,1,1
"SK","V12","V17","ipfrule","iprspot",0,0,1,1,1
"SK","V13","V17","ipgdtim","iprspot",0,0,1,1,1
"SK","V16","V17","ipmodst","iprspot",0,0,1,1,1
"SK","V2","V18","impenv","ipshabt",0,0,1,1,1
"SK","V3","V18","impfree","ipshabt",0,0,1,1,1
"SK","V4","V18","impfun","ipshabt",0,0,1,1,1
"SK","V6","V18","impsafe","ipshabt",0,0,1,1,1
"SK","V7","V18","imptrad","ipshabt",0,0,1,1,1
"SK","V8","V18","ipadvnt","ipshabt",0,0,1,1,1
"SK","V9","V18","ipbhprp","ipshabt",0,0,1,1,1
"SK","V11","V18","ipeqopt","ipshabt",0,0,1,1,1
"SK","V12","V18","ipfrule","ipshabt",0,0,1,1,1
"SK","V13","V18","ipgdtim","ipshabt",0,0,1,1,1
"SK","V14","V18","iphlppl","ipshabt",0,0,1,1,1
"SK","V15","V18","iplylfr","ipshabt",0,0,1,1,1
"SK","V16","V18","ipmodst","ipshabt",0,0,1,1,1
"SK","V1","V19","impdiff","ipstrgv",0,0,1,1,1
"SK","V4","V19","impfun","ipstrgv",0,0,1,1,1
"SK","V5","V19","imprich","ipstrgv",0,0,1,1,1
"SK","V8","V19","ipadvnt","ipstrgv",0,0,1,1,1
"SK","V10","V19","ipcrtiv","ipstrgv",0,0,1,1,1
"SK","V12","V19","ipfrule","ipstrgv",0,0,1,1,1
"SK","V13","V19","ipgdtim","ipstrgv",0,0,1,1,1
"SK","V17","V19","iprspot","ipstrgv",0,0,1,1,1
"SK","V18","V19","ipshabt","ipstrgv",0,0,1,1,1
"SK","V2","V20","impenv","ipsuces",0,0,1,1,1
"SK","V3","V20","impfree","ipsuces",0,0,1,1,1
"SK","V6","V20","impsafe","ipsuces",0,0,1,1,1
"SK","V7","V20","imptrad","ipsuces",0,0,1,1,1
"SK","V9","V20","ipbhprp","ipsuces",0,0,1,1,1
"SK","V11","V20","ipeqopt","ipsuces",0,0,1,1,1
"SK","V12","V20","ipfrule","ipsuces",0,0,1,1,1
"SK","V15","V20","iplylfr","ipsuces",0,0,1,1,1
"SK","V16","V20","ipmodst","ipsuces",0,0,1,1,1
"SK","V19","V20","ipstrgv","ipsuces",0,0,1,1,1
"SK","V3","V21","impfree","ipudrst",0,0,1,1,1
"SK","V4","V21","impfun","ipudrst",0,0,1,1,1
"SK","V5","V21","imprich","ipudrst",0,0,1,1,1
"SK","V6","V21","impsafe","ipudrst",0,0,1,1,1
"SK","V7","V21","imptrad","ipudrst",0,0,1,1,1
"SK","V8","V21","ipadvnt","ipudrst",0,0,1,1,1
"SK","V13","V21","ipgdtim","ipudrst",0,0,1,1,1
"SK","V17","V21","iprspot","ipudrst",0,0,1,1,1
"SK","V18","V21","ipshabt","ipudrst",0,0,1,1,1
"SK","V19","V21","ipstrgv","ipudrst",0,0,1,1,1
"SK","V20","V21","ipsuces","ipudrst",0,0,1,1,1
