"cntry","wave","node1","node2","item1","item2","sample_edge","bootstrap_mean","bootstrap_sd","ci_lower_2.5","ci_upper_97.5","ci_includes_zero","bootstrap_zero_proportion"
"BE","R10","V1","V10","impdiff","ipcrtiv",0.147959150836909,0.137262935726732,0.0292208790632845,0.0774617236486862,0.19337794912139,FALSE,0
"BE","R10","V1","V11","impdiff","ipeqopt",0,0.0122455858907741,0.020499435067273,0,0.0657696731366878,TRUE,0.702
"BE","R10","V1","V12","impdiff","ipfrule",0,-0.000105917301256638,0.00169439606292697,0,0,TRUE,0.996
"BE","R10","V1","V13","impdiff","ipgdtim",0.0574485258159588,0.0508279233698727,0.033198094514511,0,0.119676840727158,TRUE,0.174
"BE","R10","V1","V14","impdiff","iphlppl",0,0.00819994015304985,0.016917552039225,0,0.0557164686335243,TRUE,0.788
"BE","R10","V1","V15","impdiff","iplylfr",0,0.0105657082943609,0.0198363245132211,0,0.0609416969814872,TRUE,0.75
"BE","R10","V1","V16","impdiff","ipmodst",0,0.00643196310018314,0.0165343254411859,0,0.0556371807846986,TRUE,0.856
"BE","R10","V1","V17","impdiff","iprspot",0,-0.000164209537759824,0.00263290178537691,0,0,TRUE,0.996
"BE","R10","V1","V18","impdiff","ipshabt",0,0.00435290979940938,0.0132924130876295,0,0.0514475914482192,TRUE,0.894
"BE","R10","V1","V19","impdiff","ipstrgv",0,0.000102070949229561,0.00161247387877222,0,0,TRUE,0.996
"BE","R10","V1","V2","impdiff","impenv",0,0.000379410797448705,0.00444935180731645,0,0,TRUE,0.992
"BE","R10","V1","V20","impdiff","ipsuces",0.0238792728981963,0.0139387380460855,0.0223758335477162,0,0.072234624756148,TRUE,0.686
"BE","R10","V1","V21","impdiff","ipudrst",0.0545635202200536,0.050079675540576,0.0319292076647581,0,0.108376229613596,TRUE,0.208
"BE","R10","V1","V3","impdiff","impfree",0.0387373061177977,0.0292421009024572,0.0296769046932303,0,0.0867653388529758,TRUE,0.456
"BE","R10","V1","V4","impdiff","impfun",0.0891903348363052,0.0831418891096089,0.0373358756503364,0,0.155435390713765,TRUE,0.064
"BE","R10","V1","V5","impdiff","imprich",0,0,0,0,0,TRUE,1
"BE","R10","V1","V6","impdiff","impsafe",0,0.000402298055198038,0.00533119842551535,0,0,TRUE,0.994
"BE","R10","V1","V7","impdiff","imptrad",0,-9.00314591722342e-05,0.00201316462822613,0,0,TRUE,0.998
"BE","R10","V1","V8","impdiff","ipadvnt",0.351677578139201,0.343794057790887,0.0254012478396735,0.293302581657823,0.393629455041014,FALSE,0
"BE","R10","V1","V9","impdiff","ipbhprp",0,-0.000446901847763951,0.00465568291972742,0,0,TRUE,0.99
"BE","R10","V10","V11","ipcrtiv","ipeqopt",0,0.0193527281719294,0.0243921074762515,0,0.0774022765132182,TRUE,0.548
"BE","R10","V10","V12","ipcrtiv","ipfrule",0,-0.000697892716026536,0.00572593263190068,0,0,TRUE,0.982
"BE","R10","V10","V13","ipcrtiv","ipgdtim",0.0360622659675025,0.0310595316757851,0.0301750948697852,0,0.0890227468040657,TRUE,0.424
"BE","R10","V10","V14","ipcrtiv","iphlppl",0,0.0201687057483579,0.0259783153608716,0,0.0783223498482709,TRUE,0.57
"BE","R10","V10","V15","ipcrtiv","iplylfr",0,1.37246335353464e-05,0.00332209465798421,0,0,TRUE,0.994
"BE","R10","V10","V16","ipcrtiv","ipmodst",0,3.66946024216541e-05,0.0024435819486573,0,0,TRUE,0.994
"BE","R10","V10","V17","ipcrtiv","iprspot",0,-0.00237256838954762,0.0111768491929381,-0.0436517863844063,0,TRUE,0.952
"BE","R10","V10","V18","ipcrtiv","ipshabt",0,0.00429836122647352,0.0132079052085624,0,0.0485446104816935,TRUE,0.894
"BE","R10","V10","V19","ipcrtiv","ipstrgv",0,9.66095136166999e-05,0.00263497731848067,0,0,TRUE,0.994
"BE","R10","V10","V20","ipcrtiv","ipsuces",0,0.000821485933070649,0.0059404700285479,0,0,TRUE,0.98
"BE","R10","V10","V21","ipcrtiv","ipudrst",0.0311503951842128,0.0319298186422316,0.0288677443758602,0,0.0931118933011342,TRUE,0.364
"BE","R10","V11","V12","ipeqopt","ipfrule",0,-0.000124813059474143,0.00200747379250337,0,0,TRUE,0.996
"BE","R10","V11","V13","ipeqopt","ipgdtim",0,0.000687546893926141,0.00528015501112948,0,0,TRUE,0.982
"BE","R10","V11","V14","ipeqopt","iphlppl",0.110720608016769,0.117765605914505,0.0311463445485152,0.0583411757881855,0.176130498267665,FALSE,0.002
"BE","R10","V11","V15","ipeqopt","iplylfr",0.021777073880922,0.0331200934782992,0.0319134594799407,0,0.0959364469262996,TRUE,0.386
"BE","R10","V11","V16","ipeqopt","ipmodst",0,0.0184481416250181,0.0257592903642117,0,0.0774098169222171,TRUE,0.61
"BE","R10","V11","V17","ipeqopt","iprspot",0,-0.00163353173378632,0.00923605284803334,-0.0362606691384582,0,TRUE,0.966
"BE","R10","V11","V18","ipeqopt","ipshabt",0,0.00015473520534824,0.0024454087498802,0,0,TRUE,0.996
"BE","R10","V11","V19","ipeqopt","ipstrgv",0,5.14880974311091e-05,0.00115130885888092,0,0,TRUE,0.998
"BE","R10","V11","V20","ipeqopt","ipsuces",0,-0.000696255793019563,0.00544456934313479,0,0,TRUE,0.982
"BE","R10","V11","V21","ipeqopt","ipudrst",0.145798207347561,0.148919193005003,0.0322069011125077,0.0875278032323787,0.219265134243662,FALSE,0
"BE","R10","V12","V13","ipfrule","ipgdtim",0,-0.00975259169648064,0.023205093855879,-0.083262352906089,0,TRUE,0.828
"BE","R10","V12","V14","ipfrule","iphlppl",0,0,0,0,0,TRUE,1
"BE","R10","V12","V15","ipfrule","iplylfr",0,0,0,0,0,TRUE,1
"BE","R10","V12","V16","ipfrule","ipmodst",0,0.000317095487035403,0.00372385748308875,0,0,TRUE,0.992
"BE","R10","V12","V17","ipfrule","iprspot",0.142987017468907,0.141222564726474,0.0290350895937688,0.0855229055799707,0.196970076604221,FALSE,0
"BE","R10","V12","V18","ipfrule","ipshabt",0,0.00497633907805561,0.0149973907798342,0,0.0551233167591269,TRUE,0.892
"BE","R10","V12","V19","ipfrule","ipstrgv",0.0415279876108659,0.044581180172081,0.0306275733619299,0,0.105272851789394,TRUE,0.216
"BE","R10","V12","V20","ipfrule","ipsuces",0,0.00337915463871315,0.0117611473980544,0,0.0424830429526264,TRUE,0.912
"BE","R10","V12","V21","ipfrule","ipudrst",0,0.000690118445216786,0.00535200519738846,0,0,TRUE,0.982
"BE","R10","V13","V14","ipgdtim","iphlppl",0,-9.90896282765609e-05,0.00221571144691575,0,0,TRUE,0.998
"BE","R10","V13","V15","ipgdtim","iplylfr",0,0.0011770008614481,0.00723483016659351,0,0.0286781288813656,TRUE,0.972
"BE","R10","V13","V16","ipgdtim","ipmodst",0,0.00720481344341344,0.0181569882429355,0,0.0633771066284937,TRUE,0.85
"BE","R10","V13","V17","ipgdtim","iprspot",0,5.22344024626908e-05,0.00116799674670659,0,0,TRUE,0.998
"BE","R10","V13","V18","ipgdtim","ipshabt",0,0.00371015169571012,0.0123056558972503,0,0.0441427827517066,TRUE,0.906
"BE","R10","V13","V19","ipgdtim","ipstrgv",0,0.00806509759321142,0.0184537082341947,0,0.0625550261261317,TRUE,0.818
"BE","R10","V13","V20","ipgdtim","ipsuces",0.0680286906200417,0.0646051789366595,0.0296258389621703,0,0.118219793531925,TRUE,0.07
"BE","R10","V13","V21","ipgdtim","ipudrst",0.0733229090136914,0.0810236580240307,0.0289879588793404,0,0.136669381262654,TRUE,0.032
"BE","R10","V14","V15","iphlppl","iplylfr",0.203363415279737,0.203862836220464,0.0310188873103864,0.145887418519341,0.269674630426686,FALSE,0
"BE","R10","V14","V16","iphlppl","ipmodst",0.0468161151858825,0.0464422292407727,0.0324960986412319,0,0.110562989693798,TRUE,0.234
"BE","R10","V14","V17","iphlppl","iprspot",0,-0.000270539401412511,0.00360389526182063,0,0,TRUE,0.994
"BE","R10","V14","V18","iphlppl","ipshabt",0,-0.000112761488767796,0.00252142354128872,0,0,TRUE,0.998
"BE","R10","V14","V19","iphlppl","ipstrgv",0.0666982290756607,0.0658859334645711,0.0300348524433431,0,0.128524490213015,TRUE,0.068
"BE","R10","V14","V20","iphlppl","ipsuces",0.0447742675359802,0.0555432279241893,0.0333689355433116,0,0.114998713855512,TRUE,0.182
"BE","R10","V14","V21","iphlppl","ipudrst",0.20496309941152,0.201576684447596,0.0313707359556294,0.136445493886583,0.261692814286844,FALSE,0
"BE","R10","V15","V16","iplylfr","ipmodst",0,0.0123541999679626,0.0202600076274338,0,0.0659250865749651,TRUE,0.688
"BE","R10","V15","V17","iplylfr","iprspot",0,0.00141053413044676,0.00709494020095821,0,0.0278947100371351,TRUE,0.956
"BE","R10","V15","V18","iplylfr","ipshabt",0,-0.000534162208133251,0.00502255661804455,0,0,TRUE,0.988
"BE","R10","V15","V19","iplylfr","ipstrgv",0,0.00287209673803687,0.0103279982075079,0,0.0412630543721207,TRUE,0.92
"BE","R10","V15","V20","iplylfr","ipsuces",0,0,0,0,0,TRUE,1
"BE","R10","V15","V21","iplylfr","ipudrst",0.0865826903880099,0.0880234545601783,0.0284985727495922,0.0347999662500569,0.144104306286965,FALSE,0.02
"BE","R10","V16","V17","ipmodst","iprspot",0,-0.000760309860051972,0.00618638025718128,0,0,TRUE,0.984
"BE","R10","V16","V18","ipmodst","ipshabt",0,-0.0186921449458072,0.0308428966446068,-0.0922179995167998,0,TRUE,0.704
"BE","R10","V16","V19","ipmodst","ipstrgv",0.0245057343326093,0.0239409738094473,0.0273266754754614,0,0.0822695082391566,TRUE,0.498
"BE","R10","V16","V20","ipmodst","ipsuces",0,-0.00277941648460882,0.0123630563904039,-0.0515772723909219,0,TRUE,0.946
"BE","R10","V16","V21","ipmodst","ipudrst",0.15099451507189,0.145741350821989,0.029629870911646,0.084522198469843,0.205097949819158,FALSE,0
"BE","R10","V17","V18","iprspot","ipshabt",0.105722255001352,0.10146313340593,0.031017868547642,0.0449412115393397,0.158815693959864,FALSE,0.012
"BE","R10","V17","V19","iprspot","ipstrgv",0,0.000702103258635042,0.00468744970247695,0,0.0105259786570594,TRUE,0.976
"BE","R10","V17","V20","iprspot","ipsuces",0.0959828275669196,0.0920780181084596,0.0312528470032954,0,0.147441179115532,TRUE,0.028
"BE","R10","V17","V21","iprspot","ipudrst",0,8.06722543218092e-05,0.00180388644561717,0,0,TRUE,0.998
"BE","R10","V18","V19","ipshabt","ipstrgv",0,-0.00126617950893873,0.00834070845016717,-0.0167488967938805,0,TRUE,0.976
"BE","R10","V18","V20","ipshabt","ipsuces",0.365124662254201,0.360619503547118,0.0273619052013819,0.3079941770761,0.412548039844683,FALSE,0
"BE","R10","V18","V21","ipshabt","ipudrst",0,6.87335427290363e-05,0.00153692873876511,0,0,TRUE,0.998
"BE","R10","V19","V20","ipstrgv","ipsuces",0.0651485971886779,0.055633843995516,0.0339755543254107,0,0.117893286288973,TRUE,0.174
"BE","R10","V19","V21","ipstrgv","ipudrst",0,0.0160322572004149,0.0244471036969653,0,0.0767511494114767,TRUE,0.66
"BE","R10","V2","V10","impenv","ipcrtiv",0,0.0339386405256097,0.0343598836989828,0,0.102125341426603,TRUE,0.428
"BE","R10","V2","V11","impenv","ipeqopt",0.128705707846067,0.145602547767353,0.031912558470682,0.0836442175619419,0.208111428716116,FALSE,0
"BE","R10","V2","V12","impenv","ipfrule",0,0.000641743714624792,0.00573692422862831,0,0,TRUE,0.984
"BE","R10","V2","V13","impenv","ipgdtim",0,-0.00187959590276269,0.0113175004212383,-0.0361502982854818,0,TRUE,0.97
"BE","R10","V2","V14","impenv","iphlppl",0,0.0128634313752636,0.0217518627532675,0,0.0712716009353583,TRUE,0.698
"BE","R10","V2","V15","impenv","iplylfr",0.089415465107027,0.0984289173722273,0.0346313891301491,0.0308409048778591,0.166844615975085,FALSE,0.016
"BE","R10","V2","V16","impenv","ipmodst",0,0.00125933924655986,0.00645257919840454,0,0.0254988235026958,TRUE,0.96
"BE","R10","V2","V17","impenv","iprspot",0,0.00200842375449384,0.00920398135457535,0,0.0406888010801868,TRUE,0.952
"BE","R10","V2","V18","impenv","ipshabt",0,-0.000208462720384036,0.00335676159853071,0,0,TRUE,0.996
"BE","R10","V2","V19","impenv","ipstrgv",0,0.020413275782035,0.0268242168985393,0,0.0812464093652848,TRUE,0.578
"BE","R10","V2","V20","impenv","ipsuces",0,-0.00140645409081493,0.0080699116238168,-0.0334524763334987,0,TRUE,0.968
"BE","R10","V2","V21","impenv","ipudrst",0.0158996058768755,0.0249455885060924,0.0264276360674109,0,0.0803408381218463,TRUE,0.448
"BE","R10","V2","V3","impenv","impfree",0,0.026077520798915,0.0306482588524343,0,0.0912487563968174,TRUE,0.516
"BE","R10","V2","V4","impenv","impfun",0,0,0,0,0,TRUE,1
"BE","R10","V2","V5","impenv","imprich",0,-0.0162680927093858,0.0258723952572653,-0.0805408555148425,0,TRUE,0.68
"BE","R10","V2","V6","impenv","impsafe",0,0.00796139094413097,0.0190920429694944,0,0.0678010648077746,TRUE,0.826
"BE","R10","V2","V7","impenv","imptrad",0,0.00413847524088689,0.0130398174281451,0,0.0453397052995652,TRUE,0.89
"BE","R10","V2","V8","impenv","ipadvnt",0,-0.00017580330476401,0.00302616832345973,0,0,TRUE,0.996
"BE","R10","V2","V9","impenv","ipbhprp",0,0.0102670378895297,0.0198154636716975,0,0.0636880662194877,TRUE,0.752
"BE","R10","V20","V21","ipsuces","ipudrst",0,0,0,0,0,TRUE,1
"BE","R10","V3","V10","impfree","ipcrtiv",0.076750458808928,0.0780687837398657,0.0328073298080754,0,0.141893637352186,TRUE,0.038
"BE","R10","V3","V11","impfree","ipeqopt",0,0.0118026901056742,0.0204506989836528,0,0.0659717843490429,TRUE,0.712
"BE","R10","V3","V12","impfree","ipfrule",0,-0.0159573743004086,0.0252363193602913,-0.0763561376242335,0,TRUE,0.678
"BE","R10","V3","V13","impfree","ipgdtim",0.125346075371617,0.12545667001788,0.0297906860745894,0.0633364640285502,0.182035135744306,FALSE,0
"BE","R10","V3","V14","impfree","iphlppl",0.0561804262391393,0.0644742513800415,0.0320887437738776,0,0.12653447806912,TRUE,0.094
"BE","R10","V3","V15","impfree","iplylfr",0.0757617795898606,0.0808655228051538,0.0356810126959135,0,0.149109990956759,TRUE,0.05
"BE","R10","V3","V16","impfree","ipmodst",0,0.00129637028269249,0.00688034223659463,0,0.0287882468913091,TRUE,0.962
"BE","R10","V3","V17","impfree","iprspot",0,0.00214689057327753,0.0102280825618104,0,0.0432577013564608,TRUE,0.952
"BE","R10","V3","V18","impfree","ipshabt",0,0.000417891459531231,0.00427995384349236,0,0,TRUE,0.99
"BE","R10","V3","V19","impfree","ipstrgv",0,0.00027073173777148,0.00276346120933446,0,0,TRUE,0.99
"BE","R10","V3","V20","impfree","ipsuces",0,0.000373679530995046,0.00397405411852491,0,0,TRUE,0.99
"BE","R10","V3","V21","impfree","ipudrst",0,0.00192067353182945,0.00779945031549604,0,0.0328476990568538,TRUE,0.938
"BE","R10","V3","V4","impfree","impfun",0,0.0043438456180941,0.0135056528502455,0,0.05396439856362,TRUE,0.898
"BE","R10","V3","V5","impfree","imprich",0,0.00242596952317815,0.010909179883374,0,0.0447651850943224,TRUE,0.946
"BE","R10","V3","V6","impfree","impsafe",0,-6.7428907070229e-05,0.00317222462163447,0,0,TRUE,0.994
"BE","R10","V3","V7","impfree","imptrad",0,-0.00309046426908906,0.0124623812802703,-0.0504712367364495,0,TRUE,0.936
"BE","R10","V3","V8","impfree","ipadvnt",0,0.0057096802548854,0.0156635917821182,0,0.0566935540962845,TRUE,0.872
"BE","R10","V3","V9","impfree","ipbhprp",0,-0.000202529783422724,0.00273611457072448,0,0,TRUE,0.994
"BE","R10","V4","V10","impfun","ipcrtiv",0,0,0,0,0,TRUE,1
"BE","R10","V4","V11","impfun","ipeqopt",0,0,0,0,0,TRUE,1
"BE","R10","V4","V12","impfun","ipfrule",0,0.00189836813245783,0.00966974829501947,0,0.0366474194737289,TRUE,0.958
"BE","R10","V4","V13","impfun","ipgdtim",0.340637691986104,0.339757570353422,0.0299942732347256,0.275292372955946,0.400181013965197,FALSE,0
"BE","R10","V4","V14","impfun","iphlppl",0.0259085007502278,0.0287433434841484,0.0329220124139346,0,0.0999555043479492,TRUE,0.518
"BE","R10","V4","V15","impfun","iplylfr",0.131702100716095,0.13177112163929,0.0288604453284058,0.0723761225755116,0.187905577693198,FALSE,0
"BE","R10","V4","V16","impfun","ipmodst",0,-0.000162044568411897,0.00264947003155058,0,0,TRUE,0.996
"BE","R10","V4","V17","impfun","iprspot",0,5.74602215735881e-05,0.00128484961440743,0,0,TRUE,0.998
"BE","R10","V4","V18","impfun","ipshabt",0.0476063781063683,0.0404764429776716,0.0300209279594227,0,0.0953828171192831,TRUE,0.28
"BE","R10","V4","V19","impfun","ipstrgv",0,-0.000614421713280716,0.00558049502685251,0,0,TRUE,0.986
"BE","R10","V4","V20","impfun","ipsuces",0.0447363748312986,0.0385375967745288,0.0304057995356048,0,0.0949963287591179,TRUE,0.3
"BE","R10","V4","V21","impfun","ipudrst",0,-0.0136628920233761,0.0282808552147298,-0.0879142199698983,0,TRUE,0.794
"BE","R10","V4","V5","impfun","imprich",0,0.00063492438963824,0.00485326800078967,0,0,TRUE,0.982
"BE","R10","V4","V6","impfun","impsafe",0,0.000143562811373621,0.00237896103523745,0,0,TRUE,0.996
"BE","R10","V4","V7","impfun","imptrad",0.0542296605712445,0.0443433469669449,0.0334175504077091,0,0.107709328004989,TRUE,0.284
"BE","R10","V4","V8","impfun","ipadvnt",0.0700274272641041,0.0692347927801901,0.0305641423355759,0,0.127937851452338,TRUE,0.058
"BE","R10","V4","V9","impfun","ipbhprp",0,-0.000714590197540107,0.00558550562117449,0,0,TRUE,0.982
"BE","R10","V5","V10","imprich","ipcrtiv",0,0.0170837813643834,0.026919408249175,0,0.0836557807447218,TRUE,0.674
"BE","R10","V5","V11","imprich","ipeqopt",0,-0.000728947650488099,0.00526609301665395,0,0,TRUE,0.978
"BE","R10","V5","V12","imprich","ipfrule",0,0.00495771977000215,0.0149521763312363,0,0.0602243056430912,TRUE,0.888
"BE","R10","V5","V13","imprich","ipgdtim",0,0.00482986315213164,0.014727196979461,0,0.0584356575924005,TRUE,0.892
"BE","R10","V5","V14","imprich","iphlppl",0,-0.0497763843766132,0.0424103703871448,-0.124279450125595,0,TRUE,0.354
"BE","R10","V5","V15","imprich","iplylfr",0,-0.000247886722245089,0.00347427113827804,0,0,TRUE,0.994
"BE","R10","V5","V16","imprich","ipmodst",0,-0.0210983865019147,0.0271890341824901,-0.0809588543847616,0,TRUE,0.574
"BE","R10","V5","V17","imprich","iprspot",0.0573106252441545,0.0645719019770329,0.0321220664569574,0,0.115546000712684,TRUE,0.098
"BE","R10","V5","V18","imprich","ipshabt",0.109363396224839,0.107721418670398,0.0267039020811719,0.049213327958644,0.157954622249338,FALSE,0.006
"BE","R10","V5","V19","imprich","ipstrgv",0,0.000129162352328425,0.00208185359827877,0,0,TRUE,0.996
"BE","R10","V5","V20","imprich","ipsuces",0.121435397040955,0.121379458856924,0.0275409910327031,0.0671611706738791,0.1765654229641,FALSE,0
"BE","R10","V5","V21","imprich","ipudrst",0,-0.0227745115970089,0.0314014885119411,-0.0977373282369621,0,TRUE,0.606
"BE","R10","V5","V6","imprich","impsafe",0,0.0056481055084254,0.0159668452917537,0,0.0555385853959074,TRUE,0.878
"BE","R10","V5","V7","imprich","imptrad",0,-0.00031590997534377,0.00367441641139441,0,0,TRUE,0.992
"BE","R10","V5","V8","imprich","ipadvnt",0.127856787464409,0.135477854257011,0.0290511345843443,0.0812331261094324,0.195734894886071,FALSE,0.002
"BE","R10","V5","V9","imprich","ipbhprp",0,0.000101114431083955,0.00168850487834007,0,0,TRUE,0.996
"BE","R10","V6","V10","impsafe","ipcrtiv",0,-0.000930215310646433,0.00690913493420557,0,0,TRUE,0.978
"BE","R10","V6","V11","impsafe","ipeqopt",0,0.000738772562922833,0.00598109299983822,0,0,TRUE,0.984
"BE","R10","V6","V12","impsafe","ipfrule",0.0679962024572404,0.0674511427264975,0.0305075936046862,0,0.126943184813089,TRUE,0.066
"BE","R10","V6","V13","impsafe","ipgdtim",0,0.0109741341971759,0.0215906197135143,0,0.0708620343623957,TRUE,0.772
"BE","R10","V6","V14","impsafe","iphlppl",0,0.00138217330161869,0.00770901061951731,0,0.0331897560411594,TRUE,0.966
"BE","R10","V6","V15","impsafe","iplylfr",0,-0.00048965783020653,0.00559751560065931,0,0,TRUE,0.992
"BE","R10","V6","V16","impsafe","ipmodst",0.0596609099932522,0.0510117923716357,0.034218470601975,0,0.11472577259802,TRUE,0.216
"BE","R10","V6","V17","impsafe","iprspot",0.0335584588679847,0.0300438841721409,0.0293362608771383,0,0.0949893061943849,TRUE,0.406
"BE","R10","V6","V18","impsafe","ipshabt",0.0850263853209699,0.0732681799229065,0.0395359386878506,0,0.137634799312297,TRUE,0.172
"BE","R10","V6","V19","impsafe","ipstrgv",0.232663369853822,0.231345860380151,0.0296146705334044,0.171952004745058,0.290884958306596,FALSE,0
"BE","R10","V6","V20","impsafe","ipsuces",0,0.00162382599386988,0.00881815545632839,0,0.0429678689972031,TRUE,0.966
"BE","R10","V6","V21","impsafe","ipudrst",0,0,0,0,0,TRUE,1
"BE","R10","V6","V7","impsafe","imptrad",0.0466574008821325,0.0426879137638507,0.0319348477916226,0,0.0998454854013089,TRUE,0.27
"BE","R10","V6","V8","impsafe","ipadvnt",-0.121838273637925,-0.127067687807595,0.028632270025347,-0.182860702051839,-0.0713026108826451,FALSE,0.002
"BE","R10","V6","V9","impsafe","ipbhprp",0.147986080085512,0.1460508464398,0.0313446658526993,0.0823000502918678,0.208545485222515,FALSE,0
"BE","R10","V7","V10","imptrad","ipcrtiv",0,-0.000420057693567549,0.004068131745492,0,0,TRUE,0.988
"BE","R10","V7","V11","imptrad","ipeqopt",0,-0.000402249987298702,0.00388471082767173,0,0,TRUE,0.988
"BE","R10","V7","V12","imptrad","ipfrule",0.0743989997953993,0.0724392227988847,0.0320267459418144,0,0.135934327068049,TRUE,0.06
"BE","R10","V7","V13","imptrad","ipgdtim",0,-0.000161957362526429,0.00277732800330037,0,0,TRUE,0.996
"BE","R10","V7","V14","imptrad","iphlppl",0,0.00628855116359756,0.014972331500336,0,0.0506259743349986,TRUE,0.828
"BE","R10","V7","V15","imptrad","iplylfr",0.0421822973203042,0.040642573355682,0.031177427059327,0,0.0987257801567779,TRUE,0.282
"BE","R10","V7","V16","imptrad","ipmodst",0.0430088715982691,0.033842706406218,0.0306308725241063,0,0.0985568428197874,TRUE,0.36
"BE","R10","V7","V17","imptrad","iprspot",0.0436004400052339,0.0365206072350249,0.0306319948927684,0,0.096133637992336,TRUE,0.318
"BE","R10","V7","V18","imptrad","ipshabt",0,7.09483084921826e-05,0.00158645240677146,0,0,TRUE,0.998
"BE","R10","V7","V19","imptrad","ipstrgv",0.0802078430742584,0.0755339984686648,0.0318264810783462,0,0.136325490231585,TRUE,0.056
"BE","R10","V7","V20","imptrad","ipsuces",0,0,0,0,0,TRUE,1
"BE","R10","V7","V21","imptrad","ipudrst",0,-0.00039469151930581,0.00407520558546132,0,0,TRUE,0.99
"BE","R10","V7","V8","imptrad","ipadvnt",0,-0.0021076842895089,0.0106028424804556,-0.0491836621994643,0,TRUE,0.956
"BE","R10","V7","V9","imptrad","ipbhprp",0.06098584390391,0.0594383426064485,0.0342925919411794,0,0.12531079397786,TRUE,0.14
"BE","R10","V8","V10","ipadvnt","ipcrtiv",0,0.0160727243097901,0.0258311600222019,0,0.0768141166420569,TRUE,0.698
"BE","R10","V8","V11","ipadvnt","ipeqopt",0,0,0,0,0,TRUE,1
"BE","R10","V8","V12","ipadvnt","ipfrule",0,-0.000813886230781104,0.006129188251403,0,0,TRUE,0.98
"BE","R10","V8","V13","ipadvnt","ipgdtim",0,0.0229615391826261,0.0276150853910698,0,0.0868107344772277,TRUE,0.536
"BE","R10","V8","V14","ipadvnt","iphlppl",0,0,0,0,0,TRUE,1
"BE","R10","V8","V15","ipadvnt","iplylfr",0,0,0,0,0,TRUE,1
"BE","R10","V8","V16","ipadvnt","ipmodst",0,-0.00127747642348403,0.00699274846666646,-0.0331274391758634,0,TRUE,0.966
"BE","R10","V8","V17","ipadvnt","iprspot",0,0.00883842569142064,0.0193910990095637,0,0.0657682400715863,TRUE,0.808
"BE","R10","V8","V18","ipadvnt","ipshabt",0.0322101594667948,0.029436454819902,0.0313153559020906,0,0.0941464793298926,TRUE,0.47
"BE","R10","V8","V19","ipadvnt","ipstrgv",0,-6.74221232441448e-05,0.00281077456122995,0,0,TRUE,0.996
"BE","R10","V8","V20","ipadvnt","ipsuces",0.048614594779299,0.0455822697142049,0.0309003109396133,0,0.106584608208399,TRUE,0.218
"BE","R10","V8","V21","ipadvnt","ipudrst",0,0,0,0,0,TRUE,1
"BE","R10","V8","V9","ipadvnt","ipbhprp",0,-0.00873139587192204,0.0199888365850429,-0.0641904462396997,0,TRUE,0.822
"BE","R10","V9","V10","ipbhprp","ipcrtiv",0,0.00182990058351356,0.00827786291559228,0,0.0348917528986088,TRUE,0.948
"BE","R10","V9","V11","ipbhprp","ipeqopt",0,0.000128071878011785,0.00204746965285839,0,0,TRUE,0.996
"BE","R10","V9","V12","ipbhprp","ipfrule",0.132823115076127,0.137184984311521,0.0306926865745515,0.0812992296328828,0.195192414971431,FALSE,0
"BE","R10","V9","V13","ipbhprp","ipgdtim",0,0,0,0,0,TRUE,1
"BE","R10","V9","V14","ipbhprp","iphlppl",0,0.0175800054554282,0.0245289711085018,0,0.075861725786231,TRUE,0.616
"BE","R10","V9","V15","ipbhprp","iplylfr",0,0.0151249614435893,0.0224553454962436,0,0.0717971996884268,TRUE,0.65
"BE","R10","V9","V16","ipbhprp","ipmodst",0.0748450237210921,0.070874271238622,0.0297622604868353,0,0.127541487772197,TRUE,0.04
"BE","R10","V9","V17","ipbhprp","iprspot",0.145184858336063,0.148173555986083,0.0303100740250503,0.0905482815639168,0.210748861799599,FALSE,0
"BE","R10","V9","V18","ipbhprp","ipshabt",0,5.60467244886279e-05,0.00125324285872774,0,0,TRUE,0.998
"BE","R10","V9","V19","ipbhprp","ipstrgv",0.0951193414852274,0.0917211915653057,0.0333097538160059,0.0255626879575029,0.156279275093491,FALSE,0.016
"BE","R10","V9","V20","ipbhprp","ipsuces",0,-6.54508607260077e-05,0.00146352573769224,0,0,TRUE,0.998
"BE","R10","V9","V21","ipbhprp","ipudrst",0,0.00309754692734568,0.0109213343356019,0,0.0442499127562248,TRUE,0.918
"BE","R9","V1","V10","impdiff","ipcrtiv",0.184161113886372,0.182477805644708,0.0262639107777546,0.128530272706624,0.230210442823211,FALSE,0
"BE","R9","V1","V11","impdiff","ipeqopt",0,0.000664667286353514,0.00505482192280424,0,0,TRUE,0.978
"BE","R9","V1","V12","impdiff","ipfrule",0,-0.000174560881605098,0.00228279430357198,0,0,TRUE,0.994
"BE","R9","V1","V13","impdiff","ipgdtim",0.128639847242861,0.130475048068718,0.0270214441102641,0.0735671080846536,0.1853054154604,FALSE,0
"BE","R9","V1","V14","impdiff","iphlppl",0.0363999090862627,0.024686217048491,0.0249930577252509,0,0.072108010585552,TRUE,0.456
"BE","R9","V1","V15","impdiff","iplylfr",0,0.0226154877521345,0.0272557091459055,0,0.0806709135504194,TRUE,0.552
"BE","R9","V1","V16","impdiff","ipmodst",0,0.000568043472994311,0.00487164394725383,0,0,TRUE,0.986
"BE","R9","V1","V17","impdiff","iprspot",0,0.000114824626191995,0.00186770136754966,0,0,TRUE,0.996
"BE","R9","V1","V18","impdiff","ipshabt",0,0.0087576091716913,0.0170170604793627,0,0.0570562651531523,TRUE,0.762
"BE","R9","V1","V19","impdiff","ipstrgv",0,-3.3402384723841e-05,0.00304077419653821,0,0,TRUE,0.996
"BE","R9","V1","V2","impdiff","impenv",0,0.000822542550570023,0.00464668500426899,0,0.0203375599005943,TRUE,0.968
"BE","R9","V1","V20","impdiff","ipsuces",0.0553617946011494,0.0515543409615131,0.0263967848345899,0,0.101051906570301,TRUE,0.114
"BE","R9","V1","V21","impdiff","ipudrst",0,0.00596913447109855,0.0146582703251803,0,0.0530114791091979,TRUE,0.84
"BE","R9","V1","V3","impdiff","impfree",0,0.0149643890917933,0.0208068351305503,0,0.063526646222449,TRUE,0.616
"BE","R9","V1","V4","impdiff","impfun",0.0389436454743236,0.0374680196975672,0.0263719436685685,0,0.0871874655360994,TRUE,0.222
"BE","R9","V1","V5","impdiff","imprich",0,-0.000403666756960385,0.00466753654218806,0,0,TRUE,0.992
"BE","R9","V1","V6","impdiff","impsafe",0,8.9847781515525e-05,0.00143842406296369,0,0,TRUE,0.996
"BE","R9","V1","V7","impdiff","imptrad",0,-0.000479417246936866,0.00421111663626037,0,0,TRUE,0.986
"BE","R9","V1","V8","impdiff","ipadvnt",0.293047141487302,0.292393977628877,0.0229311789991953,0.246852580987997,0.337936086961769,FALSE,0
"BE","R9","V1","V9","impdiff","ipbhprp",0,0,0,0,0,TRUE,1
"BE","R9","V10","V11","ipcrtiv","ipeqopt",0.053794477975396,0.0448426816988019,0.0274608407928542,0,0.095490567766543,TRUE,0.174
"BE","R9","V10","V12","ipcrtiv","ipfrule",0,0.0013544128530641,0.00711250314100656,0,0.0281112566689662,TRUE,0.96
"BE","R9","V10","V13","ipcrtiv","ipgdtim",0,-0.0025338877206165,0.012852131431272,-0.0543869057986659,0,TRUE,0.958
"BE","R9","V10","V14","ipcrtiv","iphlppl",0,0.00317513173383278,0.0112115527622145,0,0.0447483417840026,TRUE,0.916
"BE","R9","V10","V15","ipcrtiv","iplylfr",0,9.45441445330757e-05,0.00348334997571694,0,0,TRUE,0.99
"BE","R9","V10","V16","ipcrtiv","ipmodst",0,0.00127452606393914,0.00737693620795255,0,0.0305813714198178,TRUE,0.958
"BE","R9","V10","V17","ipcrtiv","iprspot",0,0.00281478548468713,0.00955069226644093,0,0.0392921870908991,TRUE,0.912
"BE","R9","V10","V18","ipcrtiv","ipshabt",0.0824972590685355,0.0744367828100262,0.0271749551478612,0,0.13164204105994,TRUE,0.032
"BE","R9","V10","V19","ipcrtiv","ipstrgv",0,0.00804439525357003,0.0158044499519708,0,0.0539807327518634,TRUE,0.758
"BE","R9","V10","V20","ipcrtiv","ipsuces",0,0.0102859956048133,0.0189704855663469,0,0.0568110823543485,TRUE,0.752
"BE","R9","V10","V21","ipcrtiv","ipudrst",0.0615300799729235,0.0568078830602478,0.0254070765132516,0,0.104993134342936,TRUE,0.068
"BE","R9","V11","V12","ipeqopt","ipfrule",0,-0.000189418879829896,0.00223794723862285,0,0,TRUE,0.992
"BE","R9","V11","V13","ipeqopt","ipgdtim",0,0.000317785273938309,0.00321077099645316,0,0,TRUE,0.99
"BE","R9","V11","V14","ipeqopt","iphlppl",0.0420534593071207,0.0316628575861987,0.0279527893361126,0,0.0889117616490173,TRUE,0.36
"BE","R9","V11","V15","ipeqopt","iplylfr",0.0576537173205933,0.0613607429215688,0.0279918243614571,0,0.110669031588447,TRUE,0.072
"BE","R9","V11","V16","ipeqopt","ipmodst",0.0347076170503782,0.0310386267790409,0.0273825031508133,0,0.0888680847566145,TRUE,0.314
"BE","R9","V11","V17","ipeqopt","iprspot",-0.0384709912581273,-0.0317518677217384,0.0278131010253583,-0.0883179751729723,0,TRUE,0.35
"BE","R9","V11","V18","ipeqopt","ipshabt",0,0.000519052006952432,0.00488620343754747,0,0,TRUE,0.988
"BE","R9","V11","V19","ipeqopt","ipstrgv",0,0.00532695033863894,0.0136007502566161,0,0.0467437833333221,TRUE,0.852
"BE","R9","V11","V20","ipeqopt","ipsuces",0,-8.9613132924098e-05,0.00200381056895007,0,0,TRUE,0.998
"BE","R9","V11","V21","ipeqopt","ipudrst",0.155064769831868,0.151625097659835,0.0283516972746126,0.0974175194196727,0.206242231462679,FALSE,0
"BE","R9","V12","V13","ipfrule","ipgdtim",0,-0.0327730821513301,0.0384853955542691,-0.111706068236672,0,TRUE,0.542
"BE","R9","V12","V14","ipfrule","iphlppl",0,-0.00224363443371423,0.0103358623115239,-0.0405854636903884,0,TRUE,0.948
"BE","R9","V12","V15","ipfrule","iplylfr",0,-0.00040350395578401,0.0037845289224909,0,0,TRUE,0.988
"BE","R9","V12","V16","ipfrule","ipmodst",0.0164299038515645,0.022784401563832,0.0271992742067258,0,0.0834337194744906,TRUE,0.522
"BE","R9","V12","V17","ipfrule","iprspot",0.0982204621583677,0.0991757558150934,0.0281748345127785,0.0458055950415007,0.1543326734468,FALSE,0.006
"BE","R9","V12","V18","ipfrule","ipshabt",0,0.00059063039554731,0.00455049709302008,0,0,TRUE,0.982
"BE","R9","V12","V19","ipfrule","ipstrgv",0.0906150409096381,0.0847867194851956,0.0243184940502516,0.0393483439744186,0.131978028848885,FALSE,0.008
"BE","R9","V12","V20","ipfrule","ipsuces",0,9.73471029864778e-05,0.00154631441936797,0,0,TRUE,0.996
"BE","R9","V12","V21","ipfrule","ipudrst",0,0.00304284473729425,0.0112732925963713,0,0.0431353714443973,TRUE,0.922
"BE","R9","V13","V14","ipgdtim","iphlppl",0,4.46174340309314e-05,0.00297315759181898,0,0,TRUE,0.994
"BE","R9","V13","V15","ipgdtim","iplylfr",0,0.0217589154903153,0.0263089264035923,0,0.0809772692535459,TRUE,0.538
"BE","R9","V13","V16","ipgdtim","ipmodst",0,0.00359443187696084,0.0132429095925702,0,0.051616084018951,TRUE,0.922
"BE","R9","V13","V17","ipgdtim","iprspot",0,0.00308798916887004,0.0111126293246589,0,0.0461115930908296,TRUE,0.92
"BE","R9","V13","V18","ipgdtim","ipshabt",0,0.0029867237541914,0.0101350824674035,0,0.0346812448248012,TRUE,0.91
"BE","R9","V13","V19","ipgdtim","ipstrgv",0,0.0190130604929821,0.0248888084086027,0,0.07284561392071,TRUE,0.584
"BE","R9","V13","V20","ipgdtim","ipsuces",0,0.0172795905015636,0.0219555015434044,0,0.0663468333599764,TRUE,0.57
"BE","R9","V13","V21","ipgdtim","ipudrst",0,0.00484673429393145,0.013486360061795,0,0.0503593459694472,TRUE,0.872
"BE","R9","V14","V15","iphlppl","iplylfr",0.319449928331023,0.318808751890583,0.0264300218021767,0.266938497493696,0.374360270714652,FALSE,0
"BE","R9","V14","V16","iphlppl","ipmodst",0.0433171170733358,0.0354492933953798,0.0300299113534126,0,0.0946020224147421,TRUE,0.338
"BE","R9","V14","V17","iphlppl","iprspot",0,-0.000242995184365282,0.00318005381176723,0,0,TRUE,0.994
"BE","R9","V14","V18","iphlppl","ipshabt",0,0,0,0,0,TRUE,1
"BE","R9","V14","V19","iphlppl","ipstrgv",0,0.0150051261619594,0.0211762190158713,0,0.067681460357062,TRUE,0.616
"BE","R9","V14","V20","iphlppl","ipsuces",0,0.010479610958374,0.0199440440185754,0,0.0634749777256985,TRUE,0.764
"BE","R9","V14","V21","iphlppl","ipudrst",0.142998131020861,0.137778415648459,0.0270465022291426,0.0862788478184024,0.190561586909494,FALSE,0
"BE","R9","V15","V16","iplylfr","ipmodst",0,0.0269262330889503,0.0248041180652879,0,0.0762707789230533,TRUE,0.384
"BE","R9","V15","V17","iplylfr","iprspot",0,-4.11311742319238e-05,0.000919721015769693,0,0,TRUE,0.998
"BE","R9","V15","V18","iplylfr","ipshabt",0,0.000355643163923892,0.00421743535973639,0,0,TRUE,0.992
"BE","R9","V15","V19","iplylfr","ipstrgv",0,0.01160194710424,0.0189629064625543,0,0.059778249672934,TRUE,0.702
"BE","R9","V15","V20","iplylfr","ipsuces",0,5.54581239917151e-05,0.00124008135150087,0,0,TRUE,0.998
"BE","R9","V15","V21","iplylfr","ipudrst",0.0468544883379221,0.0487490468841781,0.0276350200568622,0,0.104607553946545,TRUE,0.112
"BE","R9","V16","V17","ipmodst","iprspot",-0.0445710257699703,-0.0440073659530387,0.0337189996393684,-0.105936799298671,0,TRUE,0.29
"BE","R9","V16","V18","ipmodst","ipshabt",0,-0.00575925268154664,0.0166641595743734,-0.0688363346724163,0,TRUE,0.876
"BE","R9","V16","V19","ipmodst","ipstrgv",0.06466492456407,0.0593629650820908,0.0290042393435319,0,0.113181815534951,TRUE,0.078
"BE","R9","V16","V20","ipmodst","ipsuces",0,-0.00910387004260186,0.0216258700996299,-0.0725570570636558,0,TRUE,0.838
"BE","R9","V16","V21","ipmodst","ipudrst",0.140014941900751,0.135942808588418,0.0274395697442962,0.0805742581832239,0.194335920189871,FALSE,0
"BE","R9","V17","V18","iprspot","ipshabt",0.031542610548784,0.0256452149277096,0.027670102425303,0,0.0845482979626205,TRUE,0.478
"BE","R9","V17","V19","iprspot","ipstrgv",0.0366885223167749,0.030785220259337,0.0260882467317014,0,0.085541060157946,TRUE,0.312
"BE","R9","V17","V20","iprspot","ipsuces",0.137284314217224,0.137306099928019,0.0281426518699078,0.0838099771704437,0.191382426571818,FALSE,0
"BE","R9","V17","V21","iprspot","ipudrst",0,-0.000235826493987867,0.00272060397175592,0,0,TRUE,0.992
"BE","R9","V18","V19","ipshabt","ipstrgv",0,0.000133409976339671,0.00211015707470274,0,0,TRUE,0.996
"BE","R9","V18","V20","ipshabt","ipsuces",0.346903346606354,0.345807707442782,0.0242803363806779,0.298502033771408,0.393553876075665,FALSE,0
"BE","R9","V18","V21","ipshabt","ipudrst",0,-7.46753979619479e-05,0.00166979266089765,0,0,TRUE,0.998
"BE","R9","V19","V20","ipstrgv","ipsuces",0.0712286137795777,0.0687805615289088,0.0271201890358727,0,0.114909543051424,TRUE,0.056
"BE","R9","V19","V21","ipstrgv","ipudrst",0.0288601584492571,0.0202509607388873,0.0241702207436235,0,0.0695294849409085,TRUE,0.546
"BE","R9","V2","V10","impenv","ipcrtiv",0,0.0343405284198216,0.0297622337918275,0,0.0908128136343746,TRUE,0.35
"BE","R9","V2","V11","impenv","ipeqopt",0.106038584077818,0.109815877302685,0.0272865837921075,0.0526861486169126,0.166485969706947,FALSE,0
"BE","R9","V2","V12","impenv","ipfrule",0,-0.000367434876962895,0.00352822625739812,0,0,TRUE,0.988
"BE","R9","V2","V13","impenv","ipgdtim",0,0.000891049954690965,0.00624981873784647,0,0,TRUE,0.978
"BE","R9","V2","V14","impenv","iphlppl",0.101481143555929,0.0982488667780257,0.0305906259457237,0.0404378272870731,0.154416485123834,FALSE,0.006
"BE","R9","V2","V15","impenv","iplylfr",0.0617062190816078,0.0686755171147183,0.0318887610426945,0,0.128958120586718,TRUE,0.068
"BE","R9","V2","V16","impenv","ipmodst",0,0.0068151824155398,0.0145848710574659,0,0.0478375410807532,TRUE,0.792
"BE","R9","V2","V17","impenv","iprspot",0,-3.39199732830719e-05,0.000758473660559255,0,0,TRUE,0.998
"BE","R9","V2","V18","impenv","ipshabt",0,0.000530470828977983,0.00432627713143886,0,0,TRUE,0.984
"BE","R9","V2","V19","impenv","ipstrgv",0,0.0173264362813014,0.0238242973078542,0,0.0710219386843667,TRUE,0.61
"BE","R9","V2","V20","impenv","ipsuces",0,-0.000402801066544471,0.00423626700621549,0,0,TRUE,0.99
"BE","R9","V2","V21","impenv","ipudrst",0.0900492083257085,0.0925506769310777,0.0283881286977764,0.0379387594964054,0.145395367743038,FALSE,0.006
"BE","R9","V2","V3","impenv","impfree",0,0.0267512962441196,0.0260112907258394,0,0.0792683625751222,TRUE,0.406
"BE","R9","V2","V4","impenv","impfun",0,0.00706684027354492,0.0164209537318735,0,0.0571158336176795,TRUE,0.826
"BE","R9","V2","V5","impenv","imprich",0,-0.0498947103389372,0.0317259315340543,-0.106503490385111,0,TRUE,0.214
"BE","R9","V2","V6","impenv","impsafe",0,-0.00161434985937728,0.00942004369390268,-0.0364815454408463,0,TRUE,0.966
"BE","R9","V2","V7","impenv","imptrad",0,0.00635763810247161,0.0153548891438899,0,0.0529372443640976,TRUE,0.834
"BE","R9","V2","V8","impenv","ipadvnt",0,0,0,0,0,TRUE,1
"BE","R9","V2","V9","impenv","ipbhprp",0,0.0255759081009709,0.0280796463516419,0,0.0849701104095105,TRUE,0.472
"BE","R9","V20","V21","ipsuces","ipudrst",0,0,0,0,0,TRUE,1
"BE","R9","V3","V10","impfree","ipcrtiv",0.0691819716711335,0.0654292115526039,0.0284774232023478,0,0.118577964590712,TRUE,0.058
"BE","R9","V3","V11","impfree","ipeqopt",0.0520523837208279,0.0457026365996818,0.0297049932597795,0,0.10472100415363,TRUE,0.154
"BE","R9","V3","V12","impfree","ipfrule",-0.0474240484435846,-0.043969897698193,0.0285096407542363,-0.0936053555555928,0,TRUE,0.206
"BE","R9","V3","V13","impfree","ipgdtim",0.133180615205385,0.137289529085788,0.0254773195577936,0.0848887733534613,0.184942249526737,FALSE,0
"BE","R9","V3","V14","impfree","iphlppl",0.0246618604911239,0.017058024406695,0.0232945589098551,0,0.0662960304745075,TRUE,0.61
"BE","R9","V3","V15","impfree","iplylfr",0.071250734104556,0.0759975666741691,0.0275708358221151,0,0.129486153380423,TRUE,0.032
"BE","R9","V3","V16","impfree","ipmodst",0,0.000417921829893825,0.00692271555590953,0,0,TRUE,0.97
"BE","R9","V3","V17","impfree","iprspot",0,0.00541658157614842,0.014624914547972,0,0.0517989812778279,TRUE,0.864
"BE","R9","V3","V18","impfree","ipshabt",0,0.000154830597243274,0.00245136468511362,0,0,TRUE,0.996
"BE","R9","V3","V19","impfree","ipstrgv",0,0.0030524992876688,0.0108503223860881,0,0.0419990302550484,TRUE,0.916
"BE","R9","V3","V20","impfree","ipsuces",0.0480656947336806,0.0446966147991654,0.0283161061663201,0,0.0941799837492625,TRUE,0.212
"BE","R9","V3","V21","impfree","ipudrst",0.0962329428097402,0.0914406654697891,0.0298530761385292,0.0310648653231166,0.15105901294204,FALSE,0.01
"BE","R9","V3","V4","impfree","impfun",0,0.0195507182007587,0.024408594223359,0,0.0709893596342309,TRUE,0.558
"BE","R9","V3","V5","impfree","imprich",0,0.000221221976736938,0.00252135563985369,0,0,TRUE,0.992
"BE","R9","V3","V6","impfree","impsafe",0,0.000996903701779944,0.00651256137988787,0,0.0285986825494566,TRUE,0.968
"BE","R9","V3","V7","impfree","imptrad",-0.0506778355155013,-0.0411088096361277,0.0319200641432438,-0.0994099604263826,0,TRUE,0.298
"BE","R9","V3","V8","impfree","ipadvnt",0,0.00580260051853369,0.0149901034284667,0,0.0526065851226593,TRUE,0.856
"BE","R9","V3","V9","impfree","ipbhprp",0,-0.00150449978155767,0.00792520717711586,-0.0301338318986039,0,TRUE,0.96
"BE","R9","V4","V10","impfun","ipcrtiv",0,0.00011899919623151,0.0019590882616348,0,0,TRUE,0.996
"BE","R9","V4","V11","impfun","ipeqopt",0,0.000198086276857477,0.00269577689908997,0,0,TRUE,0.994
"BE","R9","V4","V12","impfun","ipfrule",0,-5.2629866209627e-05,0.00349516143121916,0,0,TRUE,0.992
"BE","R9","V4","V13","impfun","ipgdtim",0.279264633386905,0.282206134707159,0.0257597695507215,0.230113371032059,0.330798577124826,FALSE,0
"BE","R9","V4","V14","impfun","iphlppl",0.0252328936122145,0.019744348339316,0.0243772963985251,0,0.071879938466096,TRUE,0.552
"BE","R9","V4","V15","impfun","iplylfr",0.091298557328791,0.100290857904227,0.0238470909046748,0.0518677731730151,0.146127397842237,FALSE,0
"BE","R9","V4","V16","impfun","ipmodst",0,-0.00862830628608962,0.0189206928914198,-0.0639966164685818,0,TRUE,0.806
"BE","R9","V4","V17","impfun","iprspot",0,-9.1341472934803e-05,0.0044218050398993,0,0,TRUE,0.988
"BE","R9","V4","V18","impfun","ipshabt",0.0635429636942552,0.058926344946742,0.0252078646350656,0,0.10762437607726,TRUE,0.062
"BE","R9","V4","V19","impfun","ipstrgv",0,8.62186284456345e-05,0.00245281399643529,0,0,TRUE,0.994
"BE","R9","V4","V20","impfun","ipsuces",0,0.00940008478107708,0.0167117947049208,0,0.0548862246350437,TRUE,0.728
"BE","R9","V4","V21","impfun","ipudrst",0,0.000158333947185375,0.00263217957284511,0,0,TRUE,0.996
"BE","R9","V4","V5","impfun","imprich",0,0.00167542507806091,0.00775493431737263,0,0.0352942048965635,TRUE,0.952
"BE","R9","V4","V6","impfun","impsafe",0,0.000208390421679379,0.00278368313609616,0,0,TRUE,0.994
"BE","R9","V4","V7","impfun","imptrad",0.0794612332445212,0.0809072754655735,0.033621268786203,0,0.147492913747814,TRUE,0.068
"BE","R9","V4","V8","impfun","ipadvnt",0.137378086438189,0.137844499749152,0.0258542620812957,0.086398910807959,0.185716591368107,FALSE,0
"BE","R9","V4","V9","impfun","ipbhprp",0,-0.00196831677818855,0.00841386573256681,-0.0348268952492837,0,TRUE,0.944
"BE","R9","V5","V10","imprich","ipcrtiv",0.0520128410833139,0.0444916246209757,0.0304507259578948,0,0.0963710612536791,TRUE,0.238
"BE","R9","V5","V11","imprich","ipeqopt",-0.0605487066083003,-0.0548986208419754,0.027559409650465,-0.105763960776432,0,TRUE,0.094
"BE","R9","V5","V12","imprich","ipfrule",0.0475198437541495,0.0430416814003665,0.0314322259489711,0,0.101689214550413,TRUE,0.258
"BE","R9","V5","V13","imprich","ipgdtim",0,0.0212842761874207,0.0276665232139704,0,0.0785388368652311,TRUE,0.586
"BE","R9","V5","V14","imprich","iphlppl",-0.125653510007151,-0.110299372354043,0.0298796553225345,-0.160554696375885,-0.0524336108236178,FALSE,0.022
"BE","R9","V5","V15","imprich","iplylfr",0,-0.0029625829385062,0.0108182506229931,-0.0395337366955041,0,TRUE,0.922
"BE","R9","V5","V16","imprich","ipmodst",-0.0316340057337228,-0.0276883353542483,0.0263696204186765,-0.0824261196418406,0,TRUE,0.394
"BE","R9","V5","V17","imprich","iprspot",0.0957802115055574,0.0943524245633105,0.0233355950482355,0.0508588492567781,0.139226531645856,FALSE,0.002
"BE","R9","V5","V18","imprich","ipshabt",0.0606398864418101,0.0524992941448715,0.0295135955960258,0,0.102863860458693,TRUE,0.16
"BE","R9","V5","V19","imprich","ipstrgv",0,0.000277655789018494,0.00304526641450889,0,0,TRUE,0.986
"BE","R9","V5","V20","imprich","ipsuces",0.137572026694599,0.144097475228354,0.0254338987183043,0.0922466731902294,0.19381509818339,FALSE,0
"BE","R9","V5","V21","imprich","ipudrst",0,-0.00795430669123155,0.0179221162602743,-0.0626990428587828,0,TRUE,0.808
"BE","R9","V5","V6","imprich","impsafe",0,0.00213198022100403,0.00892914349734021,0,0.0379640009909426,TRUE,0.94
"BE","R9","V5","V7","imprich","imptrad",0,-0.00241048257655682,0.00951886356618835,-0.0410377347352727,0,TRUE,0.934
"BE","R9","V5","V8","imprich","ipadvnt",0.104722911283536,0.102459959112737,0.0222594091958958,0.0590805189076355,0.148060177846902,FALSE,0
"BE","R9","V5","V9","imprich","ipbhprp",0,-0.000818163286570229,0.00557321074987962,-0.00834703212650394,0,TRUE,0.976
"BE","R9","V6","V10","impsafe","ipcrtiv",0,0.00536553869984543,0.0146007220686993,0,0.0553296568776437,TRUE,0.866
"BE","R9","V6","V11","impsafe","ipeqopt",0,-0.000171883470701414,0.0034136026146624,0,0,TRUE,0.99
"BE","R9","V6","V12","impsafe","ipfrule",0.114312801779441,0.111261587139685,0.0258801997191279,0.0606178998332509,0.16351254706945,FALSE,0
"BE","R9","V6","V13","impsafe","ipgdtim",0,0.0198241148961643,0.0283960383759043,0,0.0837408073557289,TRUE,0.638
"BE","R9","V6","V14","impsafe","iphlppl",0.0270692004053464,0.0181069387770308,0.0239344901053811,0,0.0691730847328229,TRUE,0.594
"BE","R9","V6","V15","impsafe","iplylfr",0,0.000338545356103757,0.00317415763027557,0,0,TRUE,0.988
"BE","R9","V6","V16","impsafe","ipmodst",0.06324976952828,0.0622986492653154,0.0303210697149651,0,0.118009145042389,TRUE,0.098
"BE","R9","V6","V17","impsafe","iprspot",0.0264303770854944,0.0238371235860019,0.0254299400575482,0,0.0790224549085749,TRUE,0.46
"BE","R9","V6","V18","impsafe","ipshabt",0.0392884534761526,0.0206565468862322,0.0284269972816128,0,0.080033809742428,TRUE,0.628
"BE","R9","V6","V19","impsafe","ipstrgv",0.231688647185925,0.223652288611904,0.0263912288674008,0.169169460422841,0.270914078354065,FALSE,0
"BE","R9","V6","V20","impsafe","ipsuces",0,0.00395570678164909,0.0125263370131466,0,0.0473178478749744,TRUE,0.902
"BE","R9","V6","V21","impsafe","ipudrst",0,-0.000384490220836007,0.00399454814799488,0,0,TRUE,0.99
"BE","R9","V6","V7","impsafe","imptrad",0.0541823019845503,0.0545170048121599,0.0278793549712643,0,0.10363869506496,TRUE,0.102
"BE","R9","V6","V8","impsafe","ipadvnt",-0.134694085283863,-0.138072477117221,0.0280316055579301,-0.191515701026272,-0.0843836466420323,FALSE,0.002
"BE","R9","V6","V9","impsafe","ipbhprp",0.140171321693615,0.139488958336777,0.0289068659872333,0.0831166445426253,0.192461546449358,FALSE,0
"BE","R9","V7","V10","imptrad","ipcrtiv",0,-0.00398750224323497,0.0130341409274634,-0.0484408561797153,0,TRUE,0.904
"BE","R9","V7","V11","imptrad","ipeqopt",-0.0220000029204048,-0.014777472379179,0.0231675904153907,-0.0698294698196359,0,TRUE,0.672
"BE","R9","V7","V12","imptrad","ipfrule",0.0656866590637569,0.064857134595896,0.0262425007798598,0,0.118959175123649,TRUE,0.034
"BE","R9","V7","V13","imptrad","ipgdtim",0,-0.00162969209153662,0.00916241126696347,-0.0456786325433686,0,TRUE,0.964
"BE","R9","V7","V14","imptrad","iphlppl",0.024293888412567,0.013319867907422,0.0228625037985569,0,0.0728912408879646,TRUE,0.716
"BE","R9","V7","V15","imptrad","iplylfr",0,0.0218821425223931,0.0247848969674928,0,0.0742243727000064,TRUE,0.506
"BE","R9","V7","V16","imptrad","ipmodst",0,0.00286298185732022,0.00955316388653395,0,0.0363831448405156,TRUE,0.91
"BE","R9","V7","V17","imptrad","iprspot",0.0271976235663717,0.026238604195445,0.0283586185420232,0,0.0889006051496048,TRUE,0.458
"BE","R9","V7","V18","imptrad","ipshabt",0,-0.000367271978360081,0.00372091892970683,0,0,TRUE,0.99
"BE","R9","V7","V19","imptrad","ipstrgv",0.121923048185151,0.11292852732342,0.0271466976485531,0.0611546318196068,0.167298761128763,FALSE,0
"BE","R9","V7","V20","imptrad","ipsuces",0,0.000874720293467302,0.00587101000752718,0,0.0192329669184951,TRUE,0.974
"BE","R9","V7","V21","imptrad","ipudrst",0,-0.000898578140023546,0.00622150349987861,-0.00817324539854138,0,TRUE,0.976
"BE","R9","V7","V8","imptrad","ipadvnt",-0.0414267984325283,-0.0342792595980374,0.0299219653612861,-0.0924326413427147,0,TRUE,0.356
"BE","R9","V7","V9","imptrad","ipbhprp",0.107126747983111,0.100513401558154,0.0306265201401832,0.0420105366385426,0.165849237439944,FALSE,0.006
"BE","R9","V8","V10","ipadvnt","ipcrtiv",0.0956439061858088,0.0969403243032001,0.0242660118081342,0.0470908280444214,0.141677729985479,FALSE,0.002
"BE","R9","V8","V11","ipadvnt","ipeqopt",0,-0.00026755793900566,0.00349705112935041,0,0,TRUE,0.994
"BE","R9","V8","V12","ipadvnt","ipfrule",0,-0.00660452919253153,0.0155148343017717,-0.0479626708904787,0,TRUE,0.828
"BE","R9","V8","V13","ipadvnt","ipgdtim",0,0.0185151523206063,0.0220922512604985,0,0.0638356503143672,TRUE,0.54
"BE","R9","V8","V14","ipadvnt","iphlppl",0,-5.60395621191596e-05,0.00125308270327763,0,0,TRUE,0.998
"BE","R9","V8","V15","ipadvnt","iplylfr",0,-0.00327739262205125,0.0118426182267278,-0.0469895459473882,0,TRUE,0.922
"BE","R9","V8","V16","ipadvnt","ipmodst",0,-0.00507752161878553,0.0134610977028151,-0.0488627821688125,0,TRUE,0.86
"BE","R9","V8","V17","ipadvnt","iprspot",0.0939567169859603,0.0961521910537316,0.0276509290835097,0.0441320380031559,0.150605962066064,FALSE,0.008
"BE","R9","V8","V18","ipadvnt","ipshabt",0.0256568355578527,0.023592816979384,0.0252600249702026,0,0.0809532011952325,TRUE,0.462
"BE","R9","V8","V19","ipadvnt","ipstrgv",0,0.00771330863367608,0.0188885663158834,0,0.0615433160569189,TRUE,0.846
"BE","R9","V8","V20","ipadvnt","ipsuces",0.0793594459841651,0.0803251384524361,0.0265941274677616,0.0297630398165368,0.132331641001312,FALSE,0.018
"BE","R9","V8","V21","ipadvnt","ipudrst",0,0.000241480531909709,0.00331760972215556,0,0,TRUE,0.994
"BE","R9","V8","V9","ipadvnt","ipbhprp",-0.0682651545624923,-0.0622511198635515,0.0277386472485448,-0.114575323048564,0,TRUE,0.066
"BE","R9","V9","V10","ipbhprp","ipcrtiv",0,-0.000110685956277134,0.00176717093886599,0,0,TRUE,0.996
"BE","R9","V9","V11","ipbhprp","ipeqopt",0,0.000571077147143663,0.00552248491136301,0,0.00771888084752081,TRUE,0.972
"BE","R9","V9","V12","ipbhprp","ipfrule",0.17175176533381,0.168731042092517,0.0276452386495822,0.115238397592808,0.225126728714658,FALSE,0
"BE","R9","V9","V13","ipbhprp","ipgdtim",0,-0.00236318084187456,0.0109852614273703,-0.0502634874036008,0,TRUE,0.952
"BE","R9","V9","V14","ipbhprp","iphlppl",0,0.00144797307114824,0.00733743107059055,0,0.0318476610774426,TRUE,0.96
"BE","R9","V9","V15","ipbhprp","iplylfr",0,0.0109922666733026,0.018279770337305,0,0.0570146472213053,TRUE,0.702
"BE","R9","V9","V16","ipbhprp","ipmodst",0.128273500770191,0.122621026186685,0.0296207031272758,0.0642481714423131,0.18074420947058,FALSE,0
"BE","R9","V9","V17","ipbhprp","iprspot",0.126229153484409,0.118792076084212,0.0287357593490691,0.0630641562751624,0.173089863360659,FALSE,0.004
"BE","R9","V9","V18","ipbhprp","ipshabt",0,-0.0004577199029731,0.0048014797353305,0,0,TRUE,0.99
"BE","R9","V9","V19","ipbhprp","ipstrgv",0.0534782341675581,0.0466528221664082,0.0292060172676106,0,0.105053684395709,TRUE,0.156
"BE","R9","V9","V20","ipbhprp","ipsuces",0,0.00563441697111071,0.0152166821206608,0,0.0545562160118979,TRUE,0.86
"BE","R9","V9","V21","ipbhprp","ipudrst",0,0.0110421726471905,0.0195493331286003,0,0.0613943025455549,TRUE,0.716
"BG","R10","V1","V10","impdiff","ipcrtiv",0.295728970849827,0.293588948161139,0.0219364513766084,0.246402082606875,0.333143185442915,FALSE,0
"BG","R10","V1","V11","impdiff","ipeqopt",0,0.000125169726610243,0.00166755020665896,0,0,TRUE,0.994
"BG","R10","V1","V12","impdiff","ipfrule",0,0.000559955592489325,0.00403315992951178,0,0,TRUE,0.98
"BG","R10","V1","V13","impdiff","ipgdtim",0.0699269210054798,0.0708200249865826,0.0239853563117769,0,0.11475069288969,TRUE,0.032
"BG","R10","V1","V14","impdiff","iphlppl",0.0324603203940861,0.0371146961416061,0.0216037360669669,0,0.0801314277509469,TRUE,0.148
"BG","R10","V1","V15","impdiff","iplylfr",0,0,0,0,0,TRUE,1
"BG","R10","V1","V16","impdiff","ipmodst",0,0,0,0,0,TRUE,1
"BG","R10","V1","V17","impdiff","iprspot",0,0.00760996436150818,0.0145982103504876,0,0.0500134911395607,TRUE,0.748
"BG","R10","V1","V18","impdiff","ipshabt",0.0799537717267342,0.0798292902645161,0.0219448623325099,0.0339980894088025,0.122525603264348,FALSE,0
"BG","R10","V1","V19","impdiff","ipstrgv",0,-6.19045572727148e-05,0.00138422798178819,0,0,TRUE,0.998
"BG","R10","V1","V2","impdiff","impenv",0,0.00472014816886242,0.0126493281330922,0,0.0453052455073409,TRUE,0.866
"BG","R10","V1","V20","impdiff","ipsuces",0.0366725059508673,0.0351532714258017,0.0237300265195617,0,0.087793637550279,TRUE,0.19
"BG","R10","V1","V21","impdiff","ipudrst",0.104364645523614,0.105381766373744,0.0206533203238236,0.0607344004097179,0.145115627219193,FALSE,0
"BG","R10","V1","V3","impdiff","impfree",0,0.0159743672120365,0.020001682514683,0,0.0613923340269722,TRUE,0.558
"BG","R10","V1","V4","impdiff","impfun",0.0857277920764617,0.0839534450602923,0.0238060037467953,0.038333451521953,0.130899862456462,FALSE,0.008
"BG","R10","V1","V5","impdiff","imprich",0,0.0091860666224335,0.0174956173024085,0,0.0562512014251854,TRUE,0.762
"BG","R10","V1","V6","impdiff","impsafe",0,5.13051586190925e-05,0.001147218222687,0,0,TRUE,0.998
"BG","R10","V1","V7","impdiff","imptrad",0,0,0,0,0,TRUE,1
"BG","R10","V1","V8","impdiff","ipadvnt",0.136393453713108,0.135809842854556,0.0223358859663104,0.0880977821113542,0.177294295319845,FALSE,0
"BG","R10","V1","V9","impdiff","ipbhprp",0,0,0,0,0,TRUE,1
"BG","R10","V10","V11","ipcrtiv","ipeqopt",0.0471142970605681,0.0332693480937955,0.0276984219726647,0,0.0828850492799896,TRUE,0.332
"BG","R10","V10","V12","ipcrtiv","ipfrule",0,4.59124406351164e-05,0.00102663338273044,0,0,TRUE,0.998
"BG","R10","V10","V13","ipcrtiv","ipgdtim",0,6.77177625103892e-05,0.00151421520257417,0,0,TRUE,0.998
"BG","R10","V10","V14","ipcrtiv","iphlppl",0,0.0110684944677203,0.0168836013131356,0,0.0525451268437881,TRUE,0.66
"BG","R10","V10","V15","ipcrtiv","iplylfr",0,0.000219112857883962,0.0025196005951934,0,0,TRUE,0.992
"BG","R10","V10","V16","ipcrtiv","ipmodst",0,-0.0015217754365757,0.00789810173421718,-0.0325434466703362,0,TRUE,0.958
"BG","R10","V10","V17","ipcrtiv","iprspot",0,-0.000662527687447671,0.00531538949826371,0,0,TRUE,0.984
"BG","R10","V10","V18","ipcrtiv","ipshabt",0.138092164208729,0.13975568447935,0.0238739172641492,0.0904600203330586,0.186130467104713,FALSE,0
"BG","R10","V10","V19","ipcrtiv","ipstrgv",0,-0.000987591889817461,0.00656586871406926,-0.0136115589371337,0,TRUE,0.976
"BG","R10","V10","V20","ipcrtiv","ipsuces",0.063473737735079,0.0619196820635573,0.0249618445467885,0,0.107623781613484,TRUE,0.044
"BG","R10","V10","V21","ipcrtiv","ipudrst",0.0370598931401704,0.0231978049745808,0.0232695469543911,0,0.0646604229779086,TRUE,0.46
"BG","R10","V11","V12","ipeqopt","ipfrule",0,0.00156480985282086,0.00671276097861191,0,0.0296987118532887,TRUE,0.944
"BG","R10","V11","V13","ipeqopt","ipgdtim",0,0,0,0,0,TRUE,1
"BG","R10","V11","V14","ipeqopt","iphlppl",0.099619102847205,0.103332417372578,0.02253508899852,0.0588279396615149,0.147381256520782,FALSE,0
"BG","R10","V11","V15","ipeqopt","iplylfr",0.0951875853080761,0.0924912244796542,0.0246046389015452,0.0430984469841151,0.138744081033005,FALSE,0.002
"BG","R10","V11","V16","ipeqopt","ipmodst",0,-7.98823899963761e-05,0.00317885987271582,0,0,TRUE,0.996
"BG","R10","V11","V17","ipeqopt","iprspot",0,-0.0357556127299922,0.0289581944675158,-0.0851692124123296,0,TRUE,0.33
"BG","R10","V11","V18","ipeqopt","ipshabt",0.110159513803158,0.112328993122367,0.0236571742894266,0.0650351451822328,0.157077240662121,FALSE,0
"BG","R10","V11","V19","ipeqopt","ipstrgv",0.086225843321518,0.0865966592156411,0.0234946768161295,0.0394600814706682,0.130783458101903,FALSE,0
"BG","R10","V11","V20","ipeqopt","ipsuces",-0.0615690422169994,-0.0492265744695752,0.0351327574939707,-0.110886940646153,0,TRUE,0.27
"BG","R10","V11","V21","ipeqopt","ipudrst",0.123770292286134,0.120842405118973,0.0223235625086112,0.073588118827236,0.166256390461804,FALSE,0
"BG","R10","V12","V13","ipfrule","ipgdtim",-0.0762632304887779,-0.0577014769023607,0.0301552577233881,-0.104229608115948,0,TRUE,0.15
"BG","R10","V12","V14","ipfrule","iphlppl",0,0.00029361382282489,0.0030495227600433,0,0,TRUE,0.99
"BG","R10","V12","V15","ipfrule","iplylfr",0,-0.000266872977112413,0.00308299691220913,0,0,TRUE,0.992
"BG","R10","V12","V16","ipfrule","ipmodst",0.176727398780879,0.177081005335043,0.0230243192700917,0.13457585120731,0.224514593903712,FALSE,0
"BG","R10","V12","V17","ipfrule","iprspot",0.0508742161651825,0.0532367926279147,0.0257685893781243,0,0.0984809172014395,TRUE,0.098
"BG","R10","V12","V18","ipfrule","ipshabt",0,0.0203057403530153,0.0255872335479695,0,0.0756283218541425,TRUE,0.566
"BG","R10","V12","V19","ipfrule","ipstrgv",0,0.0117113123024247,0.0169890242251286,0,0.0532319146830659,TRUE,0.64
"BG","R10","V12","V20","ipfrule","ipsuces",0,-0.000129948489274445,0.00290573655591062,0,0,TRUE,0.998
"BG","R10","V12","V21","ipfrule","ipudrst",0.182457957236188,0.170282788614899,0.0215596159762056,0.129233967268583,0.21440979693713,FALSE,0
"BG","R10","V13","V14","ipgdtim","iphlppl",0,0.00104793538955932,0.00637422122979951,0,0.0260447849227039,TRUE,0.972
"BG","R10","V13","V15","ipgdtim","iplylfr",0,0.000448697310462521,0.00423306212561563,0,0,TRUE,0.988
"BG","R10","V13","V16","ipgdtim","ipmodst",0,-0.00696363218505385,0.0172727520072075,-0.0577078237408318,0,TRUE,0.854
"BG","R10","V13","V17","ipgdtim","iprspot",0,0.000475213010317985,0.0044329157770611,0,0,TRUE,0.988
"BG","R10","V13","V18","ipgdtim","ipshabt",0,0.000680761183941331,0.00445959500934195,0,0.00899422082431152,TRUE,0.976
"BG","R10","V13","V19","ipgdtim","ipstrgv",0,0,0,0,0,TRUE,1
"BG","R10","V13","V20","ipgdtim","ipsuces",0.0380476433679238,0.0368457403071089,0.0274333908711522,0,0.0856796566639018,TRUE,0.292
"BG","R10","V13","V21","ipgdtim","ipudrst",0,0.0028991618403756,0.0120315067836647,0,0.0509220007311997,TRUE,0.94
"BG","R10","V14","V15","iphlppl","iplylfr",0.219294271204824,0.215970184002009,0.0243122613111659,0.167093652447185,0.263785545033459,FALSE,0
"BG","R10","V14","V16","iphlppl","ipmodst",0,0.0150661057732303,0.0201046282076327,0,0.0625664134445949,TRUE,0.588
"BG","R10","V14","V17","iphlppl","iprspot",0,-3.55700232474716e-05,0.00167138335528957,0,0,TRUE,0.996
"BG","R10","V14","V18","iphlppl","ipshabt",0,0.00406401052596169,0.0102444048980662,0,0.0358477806524426,TRUE,0.842
"BG","R10","V14","V19","iphlppl","ipstrgv",0.0400596002870314,0.0414170268710338,0.0225219613797841,0,0.0850167494334312,TRUE,0.11
"BG","R10","V14","V20","iphlppl","ipsuces",0.10340025741096,0.107091650300004,0.0223150824429295,0.0627659546385398,0.152511842083186,FALSE,0.002
"BG","R10","V14","V21","iphlppl","ipudrst",0.177963711973843,0.177302626928744,0.0231667651000157,0.129446812342041,0.221098031727236,FALSE,0
"BG","R10","V15","V16","iplylfr","ipmodst",0,0.000241376039384738,0.00322503564476622,0,0,TRUE,0.994
"BG","R10","V15","V17","iplylfr","iprspot",0.0273558153475004,0.0329411667118196,0.0214261792976782,0,0.0721999933789637,TRUE,0.204
"BG","R10","V15","V18","iplylfr","ipshabt",0.072336333712632,0.0752861689777143,0.023161881098622,0.0289418034483052,0.119155418839951,FALSE,0.002
"BG","R10","V15","V19","iplylfr","ipstrgv",0.0815478165169258,0.0789787478657898,0.0227929555670315,0.0380589846950433,0.127717428214496,FALSE,0.002
"BG","R10","V15","V20","iplylfr","ipsuces",0.0497306169438518,0.0485994933440788,0.0246448531775918,0,0.0980522846221758,TRUE,0.092
"BG","R10","V15","V21","iplylfr","ipudrst",0.0678256072959692,0.0657134291239281,0.0232037758641677,0.00806359538921635,0.103631670873958,FALSE,0.024
"BG","R10","V16","V17","ipmodst","iprspot",0,-0.0128474411078199,0.0200959333741493,-0.0555209315717115,0,TRUE,0.68
"BG","R10","V16","V18","ipmodst","ipshabt",0,-0.0423158155903251,0.0365613072677003,-0.103246678545579,0,TRUE,0.386
"BG","R10","V16","V19","ipmodst","ipstrgv",0,-0.000174155384006711,0.00277539000270662,0,0,TRUE,0.996
"BG","R10","V16","V20","ipmodst","ipsuces",0,-0.0027854713489836,0.00951158034062573,-0.0395583548870098,0,TRUE,0.912
"BG","R10","V16","V21","ipmodst","ipudrst",0.0805112506881666,0.0857941372532426,0.021408233101385,0.0418895405540945,0.126762257971007,FALSE,0.004
"BG","R10","V17","V18","iprspot","ipshabt",0,0.0133853002067497,0.0182410220349073,0,0.0572637278794248,TRUE,0.594
"BG","R10","V17","V19","iprspot","ipstrgv",0,-0.00135322102401549,0.00785402996485584,-0.0334572633945269,0,TRUE,0.968
"BG","R10","V17","V20","iprspot","ipsuces",0.104800635656422,0.102191029543889,0.0232093439376633,0.0547104084006325,0.146828013185501,FALSE,0
"BG","R10","V17","V21","iprspot","ipudrst",0,-0.00109790437112846,0.0065110948385756,-0.0264472938757654,0,TRUE,0.962
"BG","R10","V18","V19","ipshabt","ipstrgv",0,0.0212931285605541,0.023068335579638,0,0.0699460646541948,TRUE,0.474
"BG","R10","V18","V20","ipshabt","ipsuces",0.200443665589043,0.198287908580448,0.0237576232031365,0.150663846128206,0.244853402879199,FALSE,0
"BG","R10","V18","V21","ipshabt","ipudrst",0,0.0170617085813528,0.0209934956555038,0,0.06274401414454,TRUE,0.546
"BG","R10","V19","V20","ipstrgv","ipsuces",0.0821900738463629,0.0899515110467389,0.024378547143359,0.0443217132524698,0.137497001198925,FALSE,0
"BG","R10","V19","V21","ipstrgv","ipudrst",0,0.00371137274906131,0.00992072178583025,0,0.0332534511451692,TRUE,0.864
"BG","R10","V2","V10","impenv","ipcrtiv",0.0913224903040305,0.0808735802107824,0.0236617056294894,0.0362498617041103,0.127995045860657,FALSE,0.01
"BG","R10","V2","V11","impenv","ipeqopt",0.0182865322497802,0.012984851486466,0.0173642748488204,0,0.0535425110314099,TRUE,0.588
"BG","R10","V2","V12","impenv","ipfrule",0,0.000712789014402931,0.00456511710890811,0,0.0158814918453747,TRUE,0.974
"BG","R10","V2","V13","impenv","ipgdtim",0,-0.000315159285139193,0.00359268331526177,0,0,TRUE,0.992
"BG","R10","V2","V14","impenv","iphlppl",0.0553619689282876,0.0551970975020524,0.0233309121108259,0,0.0982323794639584,TRUE,0.044
"BG","R10","V2","V15","impenv","iplylfr",0.139415195825783,0.138046106564483,0.0241860874238787,0.0913702217564281,0.190448375993068,FALSE,0
"BG","R10","V2","V16","impenv","ipmodst",0,0.0089778216918088,0.0160957825112013,0,0.0491535993082644,TRUE,0.728
"BG","R10","V2","V17","impenv","iprspot",0,-0.000612384946725509,0.00525804318957924,0,0,TRUE,0.986
"BG","R10","V2","V18","impenv","ipshabt",0,0.000322786466967599,0.00445115280275914,0,0,TRUE,0.988
"BG","R10","V2","V19","impenv","ipstrgv",0.0984054047350215,0.0972044333543783,0.0237121770223998,0.0507124099790782,0.141160941170605,FALSE,0
"BG","R10","V2","V20","impenv","ipsuces",0.0618558458772992,0.0564977922120486,0.0266949566638951,0,0.107416123869992,TRUE,0.074
"BG","R10","V2","V21","impenv","ipudrst",0.044530043149719,0.0435551797364522,0.0220845255607914,0,0.0816414990515234,TRUE,0.088
"BG","R10","V2","V3","impenv","impfree",0,0.00277679190727377,0.00972124733522999,0,0.0395678316824343,TRUE,0.914
"BG","R10","V2","V4","impenv","impfun",0,0,0,0,0,TRUE,1
"BG","R10","V2","V5","impenv","imprich",-0.0901196655469259,-0.0774580896575836,0.0342188213595915,-0.132155494226504,0,TRUE,0.11
"BG","R10","V2","V6","impenv","impsafe",0,0.000927858953401331,0.00519387325175666,0,0.0196872335238821,TRUE,0.964
"BG","R10","V2","V7","impenv","imptrad",0.199754911357017,0.207286653768999,0.0245347111419108,0.16223136178689,0.258148283820549,FALSE,0
"BG","R10","V2","V8","impenv","ipadvnt",0,0.00399273538600061,0.0143203218009189,0,0.0565787030642162,TRUE,0.92
"BG","R10","V2","V9","impenv","ipbhprp",0.11331852051591,0.107203776090063,0.0213488270512264,0.0615627971012108,0.146775108012136,FALSE,0
"BG","R10","V20","V21","ipsuces","ipudrst",0,0.000385319279124966,0.0039320807700406,0,0,TRUE,0.98
"BG","R10","V3","V10","impfree","ipcrtiv",0.0778304281828434,0.0745404153674979,0.0235608077826744,0.0283778852722576,0.121532001848397,FALSE,0.01
"BG","R10","V3","V11","impfree","ipeqopt",0.0528678527031646,0.0446395083308754,0.0275712359217845,0,0.0942336155936696,TRUE,0.188
"BG","R10","V3","V12","impfree","ipfrule",-0.0402717651718115,-0.0181765575247993,0.0244046470587098,-0.0702016556407409,0,TRUE,0.606
"BG","R10","V3","V13","impfree","ipgdtim",0.142236032389963,0.142240203741466,0.0220493121677848,0.0969683916952772,0.183848951572826,FALSE,0
"BG","R10","V3","V14","impfree","iphlppl",0.0799462993768299,0.0819867143998487,0.0224621228859332,0.039483877530155,0.124706209714509,FALSE,0
"BG","R10","V3","V15","impfree","iplylfr",0.112880837352471,0.107269312300193,0.0226295169779872,0.0636669737318061,0.152075238257829,FALSE,0
"BG","R10","V3","V16","impfree","ipmodst",0,-0.0135207339806405,0.0179064367999705,-0.0534727486436246,0,TRUE,0.59
"BG","R10","V3","V17","impfree","iprspot",0.0873907819522631,0.0850268108820833,0.0251669285037558,0.0378368573719481,0.130970520840415,FALSE,0.02
"BG","R10","V3","V18","impfree","ipshabt",0.117251018296074,0.119530393643957,0.0237790626643817,0.073799385044919,0.166083825972406,FALSE,0
"BG","R10","V3","V19","impfree","ipstrgv",0,0.025183956950616,0.0263670677434596,0,0.07647947802463,TRUE,0.462
"BG","R10","V3","V20","impfree","ipsuces",0.0777391333612853,0.0781487731014247,0.0221615875917368,0.0325056624040608,0.12043479731895,FALSE,0.004
"BG","R10","V3","V21","impfree","ipudrst",0,0.000205129208956424,0.00473100833418617,0,0,TRUE,0.982
"BG","R10","V3","V4","impfree","impfun",0,0.00404227257949992,0.0132897021876439,0,0.049856542179136,TRUE,0.91
"BG","R10","V3","V5","impfree","imprich",0,-0.00185136881866943,0.00917278542122606,-0.0402514887407735,0,TRUE,0.958
"BG","R10","V3","V6","impfree","impsafe",0,5.5039986204888e-05,0.0012307315063478,0,0,TRUE,0.998
"BG","R10","V3","V7","impfree","imptrad",0,-0.0386079417192285,0.0320570212756978,-0.0985135955184933,0,TRUE,0.348
"BG","R10","V3","V8","impfree","ipadvnt",0.0468486893159754,0.0378855149924591,0.025212995758594,0,0.0843099794757748,TRUE,0.24
"BG","R10","V3","V9","impfree","ipbhprp",0,-0.000114161013596405,0.00185787660628758,0,0,TRUE,0.996
"BG","R10","V4","V10","impfun","ipcrtiv",0.0337128143422317,0.0261841756745022,0.0225488866307909,0,0.0699135364516967,TRUE,0.356
"BG","R10","V4","V11","impfun","ipeqopt",0,0,0,0,0,TRUE,1
"BG","R10","V4","V12","impfun","ipfrule",0,0,0,0,0,TRUE,1
"BG","R10","V4","V13","impfun","ipgdtim",0.439787595514845,0.437829290517096,0.0200353387923142,0.397182547092375,0.476816605716516,FALSE,0
"BG","R10","V4","V14","impfun","iphlppl",0,0,0,0,0,TRUE,1
"BG","R10","V4","V15","impfun","iplylfr",0,0.000695659967363457,0.00540882952403644,0,0,TRUE,0.982
"BG","R10","V4","V16","impfun","ipmodst",0,-0.00139169865312313,0.00809007709630362,-0.0382518650465006,0,TRUE,0.97
"BG","R10","V4","V17","impfun","iprspot",0,0,0,0,0,TRUE,1
"BG","R10","V4","V18","impfun","ipshabt",0,0,0,0,0,TRUE,1
"BG","R10","V4","V19","impfun","ipstrgv",0,8.51214426420611e-05,0.00190337332090498,0,0,TRUE,0.998
"BG","R10","V4","V20","impfun","ipsuces",0.055147418866501,0.0452626771736362,0.028525958535019,0,0.0947285237910743,TRUE,0.226
"BG","R10","V4","V21","impfun","ipudrst",0,0,0,0,0,TRUE,1
"BG","R10","V4","V5","impfun","imprich",0.0990621545594136,0.096517347835009,0.0219308150399634,0.0532170588705334,0.136690597825096,FALSE,0.002
"BG","R10","V4","V6","impfun","impsafe",0,-7.70059509888467e-05,0.00172190541083078,0,0,TRUE,0.998
"BG","R10","V4","V7","impfun","imptrad",0,0.000383079947641313,0.00442024286597181,0,0,TRUE,0.992
"BG","R10","V4","V8","impfun","ipadvnt",0.221999044834921,0.220720216270127,0.0236291697398062,0.174115881972124,0.268066810368037,FALSE,0
"BG","R10","V4","V9","impfun","ipbhprp",0,-0.000203388792787269,0.00267393667398231,0,0,TRUE,0.994
"BG","R10","V5","V10","imprich","ipcrtiv",0.0944678764312372,0.0917537467959531,0.0247812275515434,0.047027483688233,0.139773922394514,FALSE,0.01
"BG","R10","V5","V11","imprich","ipeqopt",0,0.000220384393185548,0.00350921936343283,0,0,TRUE,0.992
"BG","R10","V5","V12","imprich","ipfrule",0,0.0196184868460822,0.0271723516051819,0,0.0782686618333465,TRUE,0.622
"BG","R10","V5","V13","imprich","ipgdtim",0.0992507917593285,0.100489182187785,0.0223651131081902,0.0555135752286124,0.141375373642339,FALSE,0.002
"BG","R10","V5","V14","imprich","iphlppl",0,-0.0211875312543328,0.0300613959728681,-0.0859648677166374,0,TRUE,0.638
"BG","R10","V5","V15","imprich","iplylfr",-0.0408042512725847,-0.0315654697596833,0.0332459627061738,-0.0928969706856295,0,TRUE,0.49
"BG","R10","V5","V16","imprich","ipmodst",-0.0584365899469271,-0.0580625716249274,0.0225589224757642,-0.100455452774164,0,TRUE,0.042
"BG","R10","V5","V17","imprich","iprspot",0.132190924267999,0.141032658812684,0.0198948434158565,0.101145417394849,0.179523747804536,FALSE,0
"BG","R10","V5","V18","imprich","ipshabt",0,0.0169253611673983,0.0204349736129886,0,0.0611829023812575,TRUE,0.542
"BG","R10","V5","V19","imprich","ipstrgv",0,-0.0152714934782637,0.0194977185239893,-0.057107090589381,0,TRUE,0.574
"BG","R10","V5","V20","imprich","ipsuces",0.127606260621755,0.130569495276395,0.0221641528267374,0.0860343743157616,0.175783296917983,FALSE,0
"BG","R10","V5","V21","imprich","ipudrst",-0.0769317567969412,-0.0715820923568459,0.0314537816506378,-0.125694612751886,0,TRUE,0.088
"BG","R10","V5","V6","imprich","impsafe",0,0.000717430059985554,0.00603803896178854,0,0,TRUE,0.984
"BG","R10","V5","V7","imprich","imptrad",0,-0.00305179267174312,0.00961461416399836,-0.0370716871127682,0,TRUE,0.896
"BG","R10","V5","V8","imprich","ipadvnt",0.108040864062503,0.10550462734896,0.0215451692355877,0.0642556054590902,0.14831972063274,FALSE,0
"BG","R10","V5","V9","imprich","ipbhprp",0,-0.0111957561218751,0.0172464519420306,-0.0517687487590637,0,TRUE,0.666
"BG","R10","V6","V10","impsafe","ipcrtiv",0,-0.00588952312996502,0.0164257459706528,-0.0608216161281912,0,TRUE,0.874
"BG","R10","V6","V11","impsafe","ipeqopt",0.163554911697888,0.159683879872675,0.0214622944565403,0.117595461916957,0.201240948617937,FALSE,0
"BG","R10","V6","V12","impsafe","ipfrule",0.0487666439443715,0.0446809130921708,0.0227017728497237,0,0.0864804190039941,TRUE,0.098
"BG","R10","V6","V13","impsafe","ipgdtim",0,0,0,0,0,TRUE,1
"BG","R10","V6","V14","impsafe","iphlppl",0,0.00440740896048789,0.0107797627627955,0,0.0365302853688474,TRUE,0.84
"BG","R10","V6","V15","impsafe","iplylfr",0,0.0144120590987932,0.0176547614811824,0,0.058894486161721,TRUE,0.536
"BG","R10","V6","V16","impsafe","ipmodst",0.0560777831186749,0.0625719432005952,0.0219695590336334,0.0217081976891698,0.108170298794239,FALSE,0.016
"BG","R10","V6","V17","impsafe","iprspot",0,0.0014793023887087,0.00736295589416397,0,0.03194959761286,TRUE,0.956
"BG","R10","V6","V18","impsafe","ipshabt",0.0204757101314278,0.0293530558524263,0.0261576723392878,0,0.0765754812413647,TRUE,0.372
"BG","R10","V6","V19","impsafe","ipstrgv",0.241484292692907,0.245112172735684,0.0244402757211694,0.195875609893001,0.294472278490303,FALSE,0
"BG","R10","V6","V20","impsafe","ipsuces",0,0,0,0,0,TRUE,1
"BG","R10","V6","V21","impsafe","ipudrst",0.0288059582213107,0.0248123055178684,0.0213586456698124,0,0.0661270748217701,TRUE,0.336
"BG","R10","V6","V7","impsafe","imptrad",0,0.00724210002270968,0.0138521176721061,0,0.0456225995063281,TRUE,0.756
"BG","R10","V6","V8","impsafe","ipadvnt",-0.0786874437173621,-0.074756259212127,0.0203593934219239,-0.108785520253393,-0.0313266904072325,FALSE,0.012
"BG","R10","V6","V9","impsafe","ipbhprp",0.132097423302413,0.127322401397754,0.0216339236185644,0.0869133151118248,0.168500892558082,FALSE,0
"BG","R10","V7","V10","imptrad","ipcrtiv",0,0.0013306895321719,0.0068162072648549,0,0.028235684040621,TRUE,0.96
"BG","R10","V7","V11","imptrad","ipeqopt",0,0.000987206257920942,0.00554225758823965,0,0.0224442059993273,TRUE,0.964
"BG","R10","V7","V12","imptrad","ipfrule",0.0176659796106272,0.0171033951746339,0.0216906714090147,0,0.0681122820057121,TRUE,0.57
"BG","R10","V7","V13","imptrad","ipgdtim",0,-0.00598038776553889,0.0153161526913459,-0.0528279162376219,0,TRUE,0.854
"BG","R10","V7","V14","imptrad","iphlppl",0.0497282562684828,0.0684821977888201,0.0231606311125363,0.0268156392164276,0.113632715839217,FALSE,0.006
"BG","R10","V7","V15","imptrad","iplylfr",0.110791544629521,0.121576856602185,0.0247407689085192,0.0764316718396104,0.169091510309171,FALSE,0
"BG","R10","V7","V16","imptrad","ipmodst",0.0655064895013548,0.0738113434644421,0.0212134099268326,0.0335422513429221,0.118062435217676,FALSE,0.002
"BG","R10","V7","V17","imptrad","iprspot",0,0.0281819237424657,0.0259859336166926,0,0.0767204833876046,TRUE,0.396
"BG","R10","V7","V18","imptrad","ipshabt",0,-0.000455763125009518,0.00478831613963651,0,0,TRUE,0.99
"BG","R10","V7","V19","imptrad","ipstrgv",0,0.0107341334795934,0.0168378970423039,0,0.0526764604897244,TRUE,0.666
"BG","R10","V7","V20","imptrad","ipsuces",0,-0.000610212543731768,0.00602147533473952,0,0,TRUE,0.984
"BG","R10","V7","V21","imptrad","ipudrst",0,0.00912479819274299,0.0152991118676499,0,0.0475806457866164,TRUE,0.702
"BG","R10","V7","V8","imptrad","ipadvnt",0,-0.0047516119762459,0.0131765007693249,-0.0450115748502283,0,TRUE,0.876
"BG","R10","V7","V9","imptrad","ipbhprp",0.103486351948848,0.0953207561047586,0.0232390490509876,0.0519830941935512,0.140956973721056,FALSE,0.002
"BG","R10","V8","V10","ipadvnt","ipcrtiv",0.1239737236312,0.122293096091353,0.0206673604820806,0.0791049642049917,0.162022834180346,FALSE,0
"BG","R10","V8","V11","ipadvnt","ipeqopt",0,-0.000137078787466508,0.00220474804991177,0,0,TRUE,0.996
"BG","R10","V8","V12","ipadvnt","ipfrule",0,-0.000223475365585247,0.00260174927513792,0,0,TRUE,0.992
"BG","R10","V8","V13","ipadvnt","ipgdtim",0.197602920852261,0.196622131108465,0.0230716478451479,0.14988279299376,0.24120494407727,FALSE,0
"BG","R10","V8","V14","ipadvnt","iphlppl",0,0,0,0,0,TRUE,1
"BG","R10","V8","V15","ipadvnt","iplylfr",0,0,0,0,0,TRUE,1
"BG","R10","V8","V16","ipadvnt","ipmodst",-0.0451633876776708,-0.0363506246489873,0.0249257605127662,-0.0772188189149638,0,TRUE,0.244
"BG","R10","V8","V17","ipadvnt","iprspot",0,0.000278650747814147,0.0032980198212134,0,0,TRUE,0.992
"BG","R10","V8","V18","ipadvnt","ipshabt",0,0.00486390927415274,0.0125644651164802,0,0.0444028906527485,TRUE,0.854
"BG","R10","V8","V19","ipadvnt","ipstrgv",0,-0.00232129623359755,0.00956867360158725,-0.0414481266293302,0,TRUE,0.94
"BG","R10","V8","V20","ipadvnt","ipsuces",0.1014262265017,0.0978469820401171,0.0225293741270104,0.0525794213388967,0.144347067441394,FALSE,0
"BG","R10","V8","V21","ipadvnt","ipudrst",0,0,0,0,0,TRUE,1
"BG","R10","V8","V9","ipadvnt","ipbhprp",0,-0.00264690967841673,0.00920788406527711,-0.034327735785411,0,TRUE,0.914
"BG","R10","V9","V10","ipbhprp","ipcrtiv",0,0,0,0,0,TRUE,1
"BG","R10","V9","V11","ipbhprp","ipeqopt",0,0.00503297009223203,0.0117834117016601,0,0.0403903861830488,TRUE,0.824
"BG","R10","V9","V12","ipbhprp","ipfrule",0.245808840854516,0.246940580179274,0.0224668793403846,0.19979864373353,0.294013537527244,FALSE,0
"BG","R10","V9","V13","ipbhprp","ipgdtim",0,-0.0010437001728686,0.00679902299960604,-0.0146358845975462,0,TRUE,0.976
"BG","R10","V9","V14","ipbhprp","iphlppl",0.0847269511243513,0.0820563550053136,0.0201300073583164,0.0423460513960099,0.122986042168859,FALSE,0
"BG","R10","V9","V15","ipbhprp","iplylfr",0.02441213886199,0.0212940420590089,0.0205447939395269,0,0.0612956419997225,TRUE,0.414
"BG","R10","V9","V16","ipbhprp","ipmodst",0.210637229629154,0.210198485677156,0.0233138660547206,0.162540078767786,0.253715881401086,FALSE,0
"BG","R10","V9","V17","ipbhprp","iprspot",0.137170892406479,0.137638423407171,0.0213915401267695,0.0949728801328488,0.179097325973198,FALSE,0
"BG","R10","V9","V18","ipbhprp","ipshabt",0,3.96293865065202e-05,0.000886140021351922,0,0,TRUE,0.998
"BG","R10","V9","V19","ipbhprp","ipstrgv",0.0739747248326036,0.0724202266894833,0.0217761332111742,0.0306125720674663,0.116513626728031,FALSE,0.004
"BG","R10","V9","V20","ipbhprp","ipsuces",0,0.00164807948981291,0.00787516633035299,0,0.034043543405983,TRUE,0.954
"BG","R10","V9","V21","ipbhprp","ipudrst",0.0346544130603438,0.0299569289618891,0.0235702238386732,0,0.0768911560482362,TRUE,0.296
"BG","R9","V1","V10","impdiff","ipcrtiv",0.296137287555535,0.290927351009706,0.0269049725442683,0.234384163026315,0.344948917026981,FALSE,0
"BG","R9","V1","V11","impdiff","ipeqopt",0,-0.000102003703596831,0.00228087215199253,0,0,TRUE,0.998
"BG","R9","V1","V12","impdiff","ipfrule",0.0510907992075169,0.0409148688574935,0.032120642228274,0,0.0980952779261796,TRUE,0.316
"BG","R9","V1","V13","impdiff","ipgdtim",0.108291818368393,0.0986048541883545,0.0335211343692016,0.0316183614087392,0.161189488831265,FALSE,0.018
"BG","R9","V1","V14","impdiff","iphlppl",0,0.00536493431983607,0.0138072327642388,0,0.0468602335481172,TRUE,0.856
"BG","R9","V1","V15","impdiff","iplylfr",0,0,0,0,0,TRUE,1
"BG","R9","V1","V16","impdiff","ipmodst",0,0.000128423610279909,0.00287163922501817,0,0,TRUE,0.998
"BG","R9","V1","V17","impdiff","iprspot",0,0.000170164389164337,0.00221734639897605,0,0,TRUE,0.994
"BG","R9","V1","V18","impdiff","ipshabt",0.0346343878490954,0.0288638134257995,0.0265834267233869,0,0.0814839194251143,TRUE,0.388
"BG","R9","V1","V19","impdiff","ipstrgv",0,0,0,0,0,TRUE,1
"BG","R9","V1","V2","impdiff","impenv",0.0400507779409092,0.0256345035479493,0.0260059482085422,0,0.0729202379587058,TRUE,0.464
"BG","R9","V1","V20","impdiff","ipsuces",0,0.0160113392711478,0.0221628575621153,0,0.0680875349656199,TRUE,0.61
"BG","R9","V1","V21","impdiff","ipudrst",0.072314304403981,0.0597669036882326,0.0287314932800955,0,0.111731540885172,TRUE,0.098
"BG","R9","V1","V3","impdiff","impfree",0,0.000314815460800405,0.00295711100623766,0,0,TRUE,0.988
"BG","R9","V1","V4","impdiff","impfun",0.15695872099206,0.154923136807124,0.0289500131940555,0.09787713864839,0.211456427350844,FALSE,0
"BG","R9","V1","V5","impdiff","imprich",0.0283136896979096,0.025271955914969,0.0296247727707822,0,0.0905063441643278,TRUE,0.516
"BG","R9","V1","V6","impdiff","impsafe",0,0.00133939537343857,0.00837997478407183,0,0.031127194728961,TRUE,0.972
"BG","R9","V1","V7","impdiff","imptrad",0,0,0,0,0,TRUE,1
"BG","R9","V1","V8","impdiff","ipadvnt",0.164240138219795,0.156429303617489,0.0324960520401781,0.0957761034660058,0.221358121079473,FALSE,0
"BG","R9","V1","V9","impdiff","ipbhprp",0,0,0,0,0,TRUE,1
"BG","R9","V10","V11","ipcrtiv","ipeqopt",0,0.000632322880293175,0.00503555457385011,0,0,TRUE,0.982
"BG","R9","V10","V12","ipcrtiv","ipfrule",0,0,0,0,0,TRUE,1
"BG","R9","V10","V13","ipcrtiv","ipgdtim",0,0.00680840175865442,0.0158910211604364,0,0.0512081635678106,TRUE,0.832
"BG","R9","V10","V14","ipcrtiv","iphlppl",0,0.0020075686666921,0.00841332134429279,0,0.0349474549177167,TRUE,0.942
"BG","R9","V10","V15","ipcrtiv","iplylfr",0,0.000524926384122665,0.00426474223193924,0,0,TRUE,0.984
"BG","R9","V10","V16","ipcrtiv","ipmodst",0,-0.00264894746717286,0.0115406480470463,-0.0493146802446132,0,TRUE,0.946
"BG","R9","V10","V17","ipcrtiv","iprspot",0,-0.00250175365546467,0.0123394136371544,-0.052586527649656,0,TRUE,0.956
"BG","R9","V10","V18","ipcrtiv","ipshabt",0.147451637262096,0.140455807581192,0.0256038495571318,0.0879757212579777,0.190779686855518,FALSE,0
"BG","R9","V10","V19","ipcrtiv","ipstrgv",0,0,0,0,0,TRUE,1
"BG","R9","V10","V20","ipcrtiv","ipsuces",0.0743697773231256,0.0708482329966687,0.0275764041847751,0,0.119667718827726,TRUE,0.028
"BG","R9","V10","V21","ipcrtiv","ipudrst",0,0.0142481618935569,0.027349534610615,0,0.0812990954448345,TRUE,0.766
"BG","R9","V11","V12","ipeqopt","ipfrule",0,0.00741631973787705,0.0163681291319451,0,0.0514596359837507,TRUE,0.81
"BG","R9","V11","V13","ipeqopt","ipgdtim",0,0,0,0,0,TRUE,1
"BG","R9","V11","V14","ipeqopt","iphlppl",0.097107571805789,0.0970497242068896,0.0297468597289321,0.0366657527576064,0.154261873039697,FALSE,0.006
"BG","R9","V11","V15","ipeqopt","iplylfr",0,0.00796873209254625,0.0168864293595043,0,0.056203842174756,TRUE,0.794
"BG","R9","V11","V16","ipeqopt","ipmodst",0,0.0376555022385693,0.0355697017951986,0,0.105062391977132,TRUE,0.414
"BG","R9","V11","V17","ipeqopt","iprspot",0,-0.00683141664435231,0.0201628985390307,-0.0792551423595683,0,TRUE,0.886
"BG","R9","V11","V18","ipeqopt","ipshabt",0.249662545696016,0.245844278098687,0.0318790220988265,0.184902122356005,0.313094740206929,FALSE,0
"BG","R9","V11","V19","ipeqopt","ipstrgv",0.141296825788292,0.137923112201837,0.0268975732098517,0.0833797355169633,0.190148959769199,FALSE,0
"BG","R9","V11","V20","ipeqopt","ipsuces",0,-0.00105531927191185,0.00863309437660525,0,0,TRUE,0.984
"BG","R9","V11","V21","ipeqopt","ipudrst",0,0.0106289120393923,0.0195401920183283,0,0.06288121747354,TRUE,0.742
"BG","R9","V12","V13","ipfrule","ipgdtim",0,0,0,0,0,TRUE,1
"BG","R9","V12","V14","ipfrule","iphlppl",0,0.000244775327153673,0.00315716645871004,0,0,TRUE,0.994
"BG","R9","V12","V15","ipfrule","iplylfr",0,0,0,0,0,TRUE,1
"BG","R9","V12","V16","ipfrule","ipmodst",0.0841687813250344,0.0914533103308971,0.0297971476780565,0.0351919446240133,0.148963805829988,FALSE,0.014
"BG","R9","V12","V17","ipfrule","iprspot",0,-0.00057993689749202,0.00507296821081448,0,0,TRUE,0.986
"BG","R9","V12","V18","ipfrule","ipshabt",0,0.00897119290425148,0.0195728411519906,0,0.0610427087895776,TRUE,0.802
"BG","R9","V12","V19","ipfrule","ipstrgv",0.0336952378860793,0.0261097078160811,0.025968782582888,0,0.0781192553035366,TRUE,0.444
"BG","R9","V12","V20","ipfrule","ipsuces",0,-0.00191735568180816,0.0101824576834385,-0.0499283396476397,0,TRUE,0.964
"BG","R9","V12","V21","ipfrule","ipudrst",0.355448815878716,0.351308769808788,0.0299451912086131,0.292266530328337,0.408813767438875,FALSE,0
"BG","R9","V13","V14","ipgdtim","iphlppl",0,0.00226097730367599,0.0100989730779209,0,0.0433731817107545,TRUE,0.948
"BG","R9","V13","V15","ipgdtim","iplylfr",0,6.90814899066265e-05,0.00154470907418182,0,0,TRUE,0.998
"BG","R9","V13","V16","ipgdtim","ipmodst",0,0,0,0,0,TRUE,1
"BG","R9","V13","V17","ipgdtim","iprspot",0,9.14180811166452e-05,0.00204417043749408,0,0,TRUE,0.998
"BG","R9","V13","V18","ipgdtim","ipshabt",0.0307568318413271,0.0159163224401238,0.024109172651788,0,0.0734561556271908,TRUE,0.664
"BG","R9","V13","V19","ipgdtim","ipstrgv",0,0,0,0,0,TRUE,1
"BG","R9","V13","V20","ipgdtim","ipsuces",0,0.00679231790818551,0.0168412892757829,0,0.0556763556390614,TRUE,0.846
"BG","R9","V13","V21","ipgdtim","ipudrst",0,0,0,0,0,TRUE,1
"BG","R9","V14","V15","iphlppl","iplylfr",0.121107055971575,0.119632092994051,0.0332125559679395,0.0528723942946214,0.184540293677975,FALSE,0
"BG","R9","V14","V16","iphlppl","ipmodst",0,0.0377926403761044,0.0372384178617149,0,0.112478324231596,TRUE,0.438
"BG","R9","V14","V17","iphlppl","iprspot",0,0.000293379853619893,0.00303744721884056,0,0,TRUE,0.99
"BG","R9","V14","V18","iphlppl","ipshabt",0,0.000820879163906939,0.00540432303608892,0,0.018483470165811,TRUE,0.974
"BG","R9","V14","V19","iphlppl","ipstrgv",0.0950568795135339,0.0926978288872584,0.0338150967036373,0.0308885585817697,0.158486585071603,FALSE,0.01
"BG","R9","V14","V20","iphlppl","ipsuces",0.162682639104915,0.15966395684228,0.0296829601674303,0.0982908380964552,0.218137788783074,FALSE,0
"BG","R9","V14","V21","iphlppl","ipudrst",0.0339358236156975,0.02991101198631,0.0294962563827129,0,0.0940996992665663,TRUE,0.402
"BG","R9","V15","V16","iplylfr","ipmodst",0,0.00015778968887125,0.00208146173951581,0,0,TRUE,0.994
"BG","R9","V15","V17","iplylfr","iprspot",0.029656963422809,0.0350211274278163,0.0291587635881747,0,0.0925961336703538,TRUE,0.328
"BG","R9","V15","V18","iplylfr","ipshabt",0.0602546418736454,0.0531109658972667,0.0286171175166807,0,0.100825431359792,TRUE,0.124
"BG","R9","V15","V19","iplylfr","ipstrgv",0.129142356551826,0.124154556527007,0.0321712565463575,0.0620566835201549,0.183738176412168,FALSE,0
"BG","R9","V15","V20","iplylfr","ipsuces",0,0.0293722179381244,0.030751339711295,0,0.0950380094136369,TRUE,0.462
"BG","R9","V15","V21","iplylfr","ipudrst",0,0.0336805913167403,0.035624030575596,0,0.109859660264188,TRUE,0.484
"BG","R9","V16","V17","ipmodst","iprspot",0,0.000322481131035696,0.00381356330922064,0,0,TRUE,0.992
"BG","R9","V16","V18","ipmodst","ipshabt",0,-0.000751242021307777,0.00648877698875853,0,0,TRUE,0.986
"BG","R9","V16","V19","ipmodst","ipstrgv",0,0.000189011172478541,0.00247589981844362,0,0,TRUE,0.994
"BG","R9","V16","V20","ipmodst","ipsuces",0,-0.000130623833553244,0.00292083771306672,0,0,TRUE,0.998
"BG","R9","V16","V21","ipmodst","ipudrst",0.202177150597115,0.208167931383928,0.031839613193316,0.146299213098534,0.273475578595739,FALSE,0
"BG","R9","V17","V18","iprspot","ipshabt",0,0.0184517364438431,0.0258646972458557,0,0.079894971057292,TRUE,0.616
"BG","R9","V17","V19","iprspot","ipstrgv",0,-0.000379382271132399,0.00541465427494724,0,0,TRUE,0.994
"BG","R9","V17","V20","iprspot","ipsuces",0.0565153925978456,0.0513575570823385,0.032702224397463,0,0.111254984765532,TRUE,0.186
"BG","R9","V17","V21","iprspot","ipudrst",0,0,0,0,0,TRUE,1
"BG","R9","V18","V19","ipshabt","ipstrgv",0,0.00938947735517175,0.0173015989831845,0,0.055853574978626,TRUE,0.738
"BG","R9","V18","V20","ipshabt","ipsuces",0.172095620292676,0.17027176305062,0.0313044717371853,0.110060514082384,0.234103440820455,FALSE,0
"BG","R9","V18","V21","ipshabt","ipudrst",0,0.00532769091470345,0.0138648963440089,0,0.0513485528442885,TRUE,0.854
"BG","R9","V19","V20","ipstrgv","ipsuces",0.0254266744963248,0.0235590617354076,0.0258296341604626,0,0.0773974752035373,TRUE,0.482
"BG","R9","V19","V21","ipstrgv","ipudrst",0,0.0178744539989826,0.0233566083276011,0,0.0751413388456842,TRUE,0.574
"BG","R9","V2","V10","impenv","ipcrtiv",0,0.0165049742653083,0.0244178866740076,0,0.07092930452663,TRUE,0.654
"BG","R9","V2","V11","impenv","ipeqopt",0,0.000119685300217668,0.00190005838534469,0,0,TRUE,0.996
"BG","R9","V2","V12","impenv","ipfrule",0,0.000677724088914714,0.00570850539219584,0,0,TRUE,0.984
"BG","R9","V2","V13","impenv","ipgdtim",0,-8.73517869480884e-05,0.00195324533572005,0,0,TRUE,0.998
"BG","R9","V2","V14","impenv","iphlppl",0.0801081961305589,0.075931019912585,0.0354821178189235,0,0.14362516359158,TRUE,0.08
"BG","R9","V2","V15","impenv","iplylfr",0.294922319176066,0.29365722578819,0.0343831963377245,0.223889607973492,0.362562707278406,FALSE,0
"BG","R9","V2","V16","impenv","ipmodst",0,0,0,0,0,TRUE,1
"BG","R9","V2","V17","impenv","iprspot",0,-7.94417643526552e-05,0.00177637185345057,0,0,TRUE,0.998
"BG","R9","V2","V18","impenv","ipshabt",0,0.0016766667231371,0.00864131445628372,0,0.0373076625925959,TRUE,0.96
"BG","R9","V2","V19","impenv","ipstrgv",0.109938311755365,0.107928966346651,0.0321849717763585,0.0490275873751584,0.168484979795738,FALSE,0.006
"BG","R9","V2","V20","impenv","ipsuces",0.0782729311478201,0.0736096682484305,0.0284869455128949,0,0.127048402040455,TRUE,0.04
"BG","R9","V2","V21","impenv","ipudrst",0.0335349031860583,0.0256419626407413,0.0277689851684175,0,0.0812618511949448,TRUE,0.474
"BG","R9","V2","V3","impenv","impfree",0,0.000266652461607997,0.00363284349318114,0,0,TRUE,0.994
"BG","R9","V2","V4","impenv","impfun",0,0.000123577987390801,0.00276328780328443,0,0,TRUE,0.998
"BG","R9","V2","V5","impenv","imprich",0,-0.000282351503056233,0.00446134297523418,0,0,TRUE,0.996
"BG","R9","V2","V6","impenv","impsafe",0,0.0178858336441612,0.0270726214955408,0,0.0873853921218717,TRUE,0.656
"BG","R9","V2","V7","impenv","imptrad",0.28163472554164,0.28288172511157,0.0300741043014156,0.21916748618255,0.340410300756468,FALSE,0
"BG","R9","V2","V8","impenv","ipadvnt",0,0,0,0,0,TRUE,1
"BG","R9","V2","V9","impenv","ipbhprp",0,0.0202933200145704,0.0275820704693105,0,0.0802099716132259,TRUE,0.61
"BG","R9","V20","V21","ipsuces","ipudrst",0,0.00182448266687553,0.00927000170455509,0,0.0409549971766007,TRUE,0.96
"BG","R9","V3","V10","impfree","ipcrtiv",0.064938035474103,0.0656596785303296,0.0287294072920284,0,0.117641931574231,TRUE,0.06
"BG","R9","V3","V11","impfree","ipeqopt",0,0.00328151648571407,0.0123157566847179,0,0.0440255739868469,TRUE,0.924
"BG","R9","V3","V12","impfree","ipfrule",0,-0.000892628380815205,0.00675534171012863,0,0,TRUE,0.982
"BG","R9","V3","V13","impfree","ipgdtim",0.202322379326369,0.196554829032246,0.0274466328549544,0.142496523232516,0.251941706880616,FALSE,0
"BG","R9","V3","V14","impfree","iphlppl",0.149427674125775,0.145691264988465,0.029781615581876,0.0878986112419219,0.204652557590295,FALSE,0
"BG","R9","V3","V15","impfree","iplylfr",0,0.000316163733016422,0.00317100176980851,0,0,TRUE,0.99
"BG","R9","V3","V16","impfree","ipmodst",0,-0.0133141470030124,0.025204861068837,-0.0793398362966138,0,TRUE,0.762
"BG","R9","V3","V17","impfree","iprspot",0.0783613103458648,0.0857088488708273,0.0316279107634799,0,0.145751396653835,TRUE,0.044
"BG","R9","V3","V18","impfree","ipshabt",0.0632540632946584,0.0581192456075398,0.0302981989372105,0,0.111129663988676,TRUE,0.106
"BG","R9","V3","V19","impfree","ipstrgv",0,0.0183699834729266,0.0237580346396688,0,0.0709749618424033,TRUE,0.572
"BG","R9","V3","V20","impfree","ipsuces",0.111701398275074,0.111405373587717,0.0309678960864489,0.0482881955884242,0.173570509842739,FALSE,0.002
"BG","R9","V3","V21","impfree","ipudrst",0,7.03211293819287e-05,0.0015724282555255,0,0,TRUE,0.998
"BG","R9","V3","V4","impfree","impfun",0,0.00537831208678112,0.0139854284162527,0,0.0463119914144973,TRUE,0.862
"BG","R9","V3","V5","impfree","imprich",0,-0.00089166486811252,0.00845141997111285,0,0,TRUE,0.988
"BG","R9","V3","V6","impfree","impsafe",0,0.000247251222555245,0.00334868448707385,0,0,TRUE,0.994
"BG","R9","V3","V7","impfree","imptrad",0,0,0,0,0,TRUE,1
"BG","R9","V3","V8","impfree","ipadvnt",0.114421645111079,0.10931970099828,0.02637414837949,0.0598669265710603,0.159362609022711,FALSE,0
"BG","R9","V3","V9","impfree","ipbhprp",0,0,0,0,0,TRUE,1
"BG","R9","V4","V10","impfun","ipcrtiv",0,0.016845019792273,0.0229056285120036,0,0.0703556213047753,TRUE,0.602
"BG","R9","V4","V11","impfun","ipeqopt",0,0,0,0,0,TRUE,1
"BG","R9","V4","V12","impfun","ipfrule",0,0,0,0,0,TRUE,1
"BG","R9","V4","V13","impfun","ipgdtim",0.288566450745646,0.289646298339071,0.0289364709986722,0.229536399838258,0.346772625741956,FALSE,0
"BG","R9","V4","V14","impfun","iphlppl",0,0,0,0,0,TRUE,1
"BG","R9","V4","V15","impfun","iplylfr",0,0.000683096010509876,0.00517752979382979,0,0,TRUE,0.982
"BG","R9","V4","V16","impfun","ipmodst",0,-0.00677216476073711,0.01703306978429,-0.05899406902812,0,TRUE,0.852
"BG","R9","V4","V17","impfun","iprspot",0,0.000260139706259079,0.00300348554019256,0,0,TRUE,0.992
"BG","R9","V4","V18","impfun","ipshabt",0,0.000107625940977078,0.00170254083361621,0,0,TRUE,0.996
"BG","R9","V4","V19","impfun","ipstrgv",0,0,0,0,0,TRUE,1
"BG","R9","V4","V20","impfun","ipsuces",0,0.0105714342932922,0.020246674771148,0,0.0642230904428281,TRUE,0.764
"BG","R9","V4","V21","impfun","ipudrst",0,0,0,0,0,TRUE,1
"BG","R9","V4","V5","impfun","imprich",0,0.00145320566362599,0.00799906879862539,0,0.0365184444202297,TRUE,0.966
"BG","R9","V4","V6","impfun","impsafe",0,-8.50594881151687e-05,0.00190198797556853,0,0,TRUE,0.998
"BG","R9","V4","V7","impfun","imptrad",0,0.00407692695699846,0.0161823450952147,0,0.0650052341253745,TRUE,0.934
"BG","R9","V4","V8","impfun","ipadvnt",0.223540494182208,0.225541928183632,0.0303888403884311,0.163996684830499,0.289163359187695,FALSE,0
"BG","R9","V4","V9","impfun","ipbhprp",0,-0.0130265409980108,0.0272699076851102,-0.0872069720420643,0,TRUE,0.8
"BG","R9","V5","V10","imprich","ipcrtiv",0.122732686213609,0.121569262480877,0.0311312002894276,0.057561658400376,0.177165108093814,FALSE,0.004
"BG","R9","V5","V11","imprich","ipeqopt",0,0.0339167161813573,0.0362220058813212,0,0.099595796247699,TRUE,0.478
"BG","R9","V5","V12","imprich","ipfrule",0,0,0,0,0,TRUE,1
"BG","R9","V5","V13","imprich","ipgdtim",0.144779877518567,0.138137584982385,0.0298434124471397,0.0783555406883335,0.192146763022261,FALSE,0
"BG","R9","V5","V14","imprich","iphlppl",0,-0.00885936432301546,0.0229608270513728,-0.0821477215374358,0,TRUE,0.862
"BG","R9","V5","V15","imprich","iplylfr",0,-0.000135602487131391,0.00303216379143831,0,0,TRUE,0.998
"BG","R9","V5","V16","imprich","ipmodst",0,0,0,0,0,TRUE,1
"BG","R9","V5","V17","imprich","iprspot",0,0.0207895300760168,0.02808657315998,0,0.0830661835335201,TRUE,0.608
"BG","R9","V5","V18","imprich","ipshabt",0,0.00529457106891646,0.0142047159537235,0,0.0499627621959911,TRUE,0.864
"BG","R9","V5","V19","imprich","ipstrgv",0,-6.03292317551671e-05,0.00134900263234893,0,0,TRUE,0.998
"BG","R9","V5","V20","imprich","ipsuces",0.0797785681419597,0.0844256638676482,0.031482591685632,0,0.138305055924295,TRUE,0.046
"BG","R9","V5","V21","imprich","ipudrst",0,-0.00112630614232783,0.00743899764992868,-0.0146801244968694,0,TRUE,0.976
"BG","R9","V5","V6","imprich","impsafe",0,-4.54788602058349e-05,0.00101693822959457,0,0,TRUE,0.998
"BG","R9","V5","V7","imprich","imptrad",0,-0.0242358120834472,0.0303891679225087,-0.0875876050238899,0,TRUE,0.574
"BG","R9","V5","V8","imprich","ipadvnt",0.0956322035745834,0.0846809689977766,0.0309935672821152,0,0.139890810298468,TRUE,0.038
"BG","R9","V5","V9","imprich","ipbhprp",0,-0.00814337559827454,0.0184956771757473,-0.0622461088421437,0,TRUE,0.816
"BG","R9","V6","V10","impsafe","ipcrtiv",0,0,0,0,0,TRUE,1
"BG","R9","V6","V11","impsafe","ipeqopt",0.0675874177798374,0.0653899070129049,0.0312855960912236,0,0.122073744880991,TRUE,0.072
"BG","R9","V6","V12","impsafe","ipfrule",0.038514602037324,0.0349662638225211,0.0281744465893277,0,0.0956919330602862,TRUE,0.298
"BG","R9","V6","V13","impsafe","ipgdtim",0,-0.000276167324858556,0.00366700243248849,0,0,TRUE,0.994
"BG","R9","V6","V14","impsafe","iphlppl",0,0.0139331868182824,0.0209559751665077,0,0.0652722758843715,TRUE,0.638
"BG","R9","V6","V15","impsafe","iplylfr",0,0.00924636058354617,0.0191708830868321,0,0.0645451204693285,TRUE,0.788
"BG","R9","V6","V16","impsafe","ipmodst",0.12333198056765,0.12322444060336,0.0260010970271989,0.0741846662634142,0.176766333497333,FALSE,0
"BG","R9","V6","V17","impsafe","iprspot",0,0.00386422691848257,0.0126877292707747,0,0.050730562024076,TRUE,0.906
"BG","R9","V6","V18","impsafe","ipshabt",0.0894893083298176,0.0847944128309137,0.0325386989383174,0,0.151077303856699,TRUE,0.03
"BG","R9","V6","V19","impsafe","ipstrgv",0.213744226893264,0.210339847124439,0.0326608151921424,0.148073996403055,0.278727012732764,FALSE,0
"BG","R9","V6","V20","impsafe","ipsuces",0,0.00025908991852062,0.00297569676509935,0,0,TRUE,0.992
"BG","R9","V6","V21","impsafe","ipudrst",0.0198071434738539,0.0173734980598825,0.023628985448087,0,0.070774700577454,TRUE,0.598
"BG","R9","V6","V7","impsafe","imptrad",0.0791914047982207,0.0778948519795148,0.0290983299607548,0,0.133203379648577,TRUE,0.026
"BG","R9","V6","V8","impsafe","ipadvnt",-0.0348533219084011,-0.0185317822861474,0.0272914989309228,-0.0772751127984117,0,TRUE,0.656
"BG","R9","V6","V9","impsafe","ipbhprp",0.108266597039846,0.102580198775423,0.0314260892666404,0.0396900747295363,0.167149148352169,FALSE,0.006
"BG","R9","V7","V10","imptrad","ipcrtiv",0,-0.000643820419572484,0.00661584210025995,0,0,TRUE,0.99
"BG","R9","V7","V11","imptrad","ipeqopt",0,0.000588423965536285,0.00485355733409038,0,0,TRUE,0.984
"BG","R9","V7","V12","imptrad","ipfrule",0,0.000829924999851601,0.00553903823669026,0,0.00990728486370055,TRUE,0.976
"BG","R9","V7","V13","imptrad","ipgdtim",0,0,0,0,0,TRUE,1
"BG","R9","V7","V14","imptrad","iphlppl",0,0.027981079100238,0.0308763674611339,0,0.0915855073332896,TRUE,0.5
"BG","R9","V7","V15","imptrad","iplylfr",0.171278812510462,0.177729572387459,0.0330246763461621,0.115918344862955,0.245377125800222,FALSE,0
"BG","R9","V7","V16","imptrad","ipmodst",0,0.00960048899104082,0.0180587693818582,0,0.0573933504954816,TRUE,0.756
"BG","R9","V7","V17","imptrad","iprspot",0,0.000628915827794429,0.00476644733720457,0,0,TRUE,0.982
"BG","R9","V7","V18","imptrad","ipshabt",0,0,0,0,0,TRUE,1
"BG","R9","V7","V19","imptrad","ipstrgv",0.0276161958069256,0.0327469895057738,0.0298678082785466,0,0.0903568958154447,TRUE,0.364
"BG","R9","V7","V20","imptrad","ipsuces",0,0,0,0,0,TRUE,1
"BG","R9","V7","V21","imptrad","ipudrst",0,0,0,0,0,TRUE,1
"BG","R9","V7","V8","imptrad","ipadvnt",0,-0.00686538441274073,0.0178802930740606,-0.0625001890643961,0,TRUE,0.86
"BG","R9","V7","V9","imptrad","ipbhprp",0.037475307043009,0.033760443379548,0.0289290378322063,0,0.0918773457364647,TRUE,0.328
"BG","R9","V8","V10","ipadvnt","ipcrtiv",0.0633515468878765,0.0548612331278149,0.0318272593695579,0,0.113681618469154,TRUE,0.158
"BG","R9","V8","V11","ipadvnt","ipeqopt",0,-0.000709043758881179,0.00591600987060692,0,0,TRUE,0.984
"BG","R9","V8","V12","ipadvnt","ipfrule",0,-0.000235414702063239,0.00374701751876955,0,0,TRUE,0.996
"BG","R9","V8","V13","ipadvnt","ipgdtim",0.229114817851639,0.229050782090215,0.0304965269422608,0.16889741207071,0.290934675315104,FALSE,0
"BG","R9","V8","V14","ipadvnt","iphlppl",0,0,0,0,0,TRUE,1
"BG","R9","V8","V15","ipadvnt","iplylfr",0,-0.000832191558645063,0.00660855623908208,0,0,TRUE,0.984
"BG","R9","V8","V16","ipadvnt","ipmodst",0,-0.000396867873922272,0.00382088076560944,0,0,TRUE,0.988
"BG","R9","V8","V17","ipadvnt","iprspot",0.0669334843013566,0.0501705138752788,0.0407290784700631,0,0.119236611939253,TRUE,0.348
"BG","R9","V8","V18","ipadvnt","ipshabt",0,-7.29455720882577e-05,0.00163111257846955,0,0,TRUE,0.998
"BG","R9","V8","V19","ipadvnt","ipstrgv",0,0.000187569033205028,0.00296277274827485,0,0,TRUE,0.996
"BG","R9","V8","V20","ipadvnt","ipsuces",0.0946002471955129,0.0803554263929702,0.0378718648558496,0,0.143752066326766,TRUE,0.128
"BG","R9","V8","V21","ipadvnt","ipudrst",0,0.000139647545476983,0.00224698790387308,0,0,TRUE,0.996
"BG","R9","V8","V9","ipadvnt","ipbhprp",0,-8.46870883087724e-05,0.00189366086274943,0,0,TRUE,0.998
"BG","R9","V9","V10","ipbhprp","ipcrtiv",0,-8.14274928322244e-05,0.00182077409210231,0,0,TRUE,0.998
"BG","R9","V9","V11","ipbhprp","ipeqopt",0,0.00188698334506532,0.00796005936498439,0,0.0337824545285341,TRUE,0.942
"BG","R9","V9","V12","ipbhprp","ipfrule",0.176357082491368,0.170907958481652,0.0283496909005711,0.111485766954809,0.227106426335399,FALSE,0
"BG","R9","V9","V13","ipbhprp","ipgdtim",0,-7.20184716446105e-05,0.0016103819823299,0,0,TRUE,0.998
"BG","R9","V9","V14","ipbhprp","iphlppl",0.080287407550734,0.0761345684928581,0.0286682478965864,0,0.131162732984859,TRUE,0.026
"BG","R9","V9","V15","ipbhprp","iplylfr",0.0963614575727289,0.0938343363305636,0.0306057909126498,0.0360304442897424,0.148271709126901,FALSE,0.018
"BG","R9","V9","V16","ipbhprp","ipmodst",0.194471107077965,0.192082864103031,0.0282117092792538,0.137477852053513,0.249938870588413,FALSE,0
"BG","R9","V9","V17","ipbhprp","iprspot",0.219072497911986,0.218060743880809,0.0300194168213584,0.159866833831427,0.275405976611047,FALSE,0
"BG","R9","V9","V18","ipbhprp","ipshabt",0,0.000597123809067382,0.00428666082469556,0,0,TRUE,0.98
"BG","R9","V9","V19","ipbhprp","ipstrgv",0.0710701480306668,0.0673117804883001,0.030689375130093,0,0.127393376950336,TRUE,0.06
"BG","R9","V9","V20","ipbhprp","ipsuces",0,8.63403615510359e-05,0.00193062917630025,0,0,TRUE,0.998
"BG","R9","V9","V21","ipbhprp","ipudrst",0,0.0132561064256258,0.0215092358946246,0,0.0668104356574661,TRUE,0.692
"CH","R10","V1","V10","impdiff","ipcrtiv",0.0685552341469747,0.0645877232562035,0.0278679233589301,0,0.11395774622964,TRUE,0.06
"CH","R10","V1","V11","impdiff","ipeqopt",0,0.00735857729185447,0.016258320114241,0,0.0535978540855957,TRUE,0.806
"CH","R10","V1","V12","impdiff","ipfrule",0,0.00161325542468974,0.00847268040765058,0,0.0336720677174362,TRUE,0.96
"CH","R10","V1","V13","impdiff","ipgdtim",0.0500351604293919,0.0603541021661354,0.032070177402348,0,0.118407921803673,TRUE,0.12
"CH","R10","V1","V14","impdiff","iphlppl",0.0341112105169908,0.0300533061509885,0.0292589849960629,0,0.0879738622703777,TRUE,0.412
"CH","R10","V1","V15","impdiff","iplylfr",0,0.000126283179783346,0.00199618631055319,0,0,TRUE,0.996
"CH","R10","V1","V16","impdiff","ipmodst",0,0.00031863271683614,0.00357190073484782,0,0,TRUE,0.992
"CH","R10","V1","V17","impdiff","iprspot",0,-7.61674163558784e-05,0.00170315520642273,0,0,TRUE,0.998
"CH","R10","V1","V18","impdiff","ipshabt",0,0.000343759240885288,0.00290640459391712,0,0,TRUE,0.986
"CH","R10","V1","V19","impdiff","ipstrgv",0,4.93088570003098e-05,0.00110257956145509,0,0,TRUE,0.998
"CH","R10","V1","V2","impdiff","impenv",0,0.0086654369361137,0.0171021929164213,0,0.0582402487828541,TRUE,0.768
"CH","R10","V1","V20","impdiff","ipsuces",0.0363889785877442,0.0353129443465144,0.0288582996557059,0,0.0890341723658394,TRUE,0.322
"CH","R10","V1","V21","impdiff","ipudrst",0.0722280855063765,0.075228756747092,0.0270715214719956,0,0.124926557523412,TRUE,0.032
"CH","R10","V1","V3","impdiff","impfree",0,0.00149295138668974,0.00745446203177191,0,0.030927456383809,TRUE,0.958
"CH","R10","V1","V4","impdiff","impfun",0.0936678270022674,0.0935532860544274,0.0301184644130592,0.036418951970755,0.152897272493324,FALSE,0.014
"CH","R10","V1","V5","impdiff","imprich",0,0,0,0,0,TRUE,1
"CH","R10","V1","V6","impdiff","impsafe",0,-0.000410642971120755,0.00470215861675082,0,0,TRUE,0.992
"CH","R10","V1","V7","impdiff","imptrad",0,0.000301550940343048,0.0031021926601449,0,0,TRUE,0.99
"CH","R10","V1","V8","impdiff","ipadvnt",0.288475008842074,0.292877000558761,0.0255361432085915,0.242117989295411,0.344495741435741,FALSE,0
"CH","R10","V1","V9","impdiff","ipbhprp",0,8.22317935369413e-05,0.00183875880260329,0,0,TRUE,0.998
"CH","R10","V10","V11","ipcrtiv","ipeqopt",0,0.00991461780701099,0.0187359077993283,0,0.0582975587584547,TRUE,0.746
"CH","R10","V10","V12","ipcrtiv","ipfrule",0,0.00043203950459275,0.00391347818165707,0,0,TRUE,0.986
"CH","R10","V10","V13","ipcrtiv","ipgdtim",0,0,0,0,0,TRUE,1
"CH","R10","V10","V14","ipcrtiv","iphlppl",0,0.000718441574715555,0.00548291996638373,0,0,TRUE,0.98
"CH","R10","V10","V15","ipcrtiv","iplylfr",0.0247159564698392,0.019897173513035,0.0238329407461814,0,0.0769557847931292,TRUE,0.512
"CH","R10","V10","V16","ipcrtiv","ipmodst",-0.0429181180155957,-0.0381889814199439,0.0328720503498459,-0.0957497502797321,0,TRUE,0.358
"CH","R10","V10","V17","ipcrtiv","iprspot",0,0.00443868056235714,0.0135155369402832,0,0.0520756136004785,TRUE,0.888
"CH","R10","V10","V18","ipcrtiv","ipshabt",0,0.000324261263661658,0.00409861175042975,0,0,TRUE,0.992
"CH","R10","V10","V19","ipcrtiv","ipstrgv",0,-0.000363232371356958,0.00565293572921122,0,0,TRUE,0.99
"CH","R10","V10","V20","ipcrtiv","ipsuces",0,0.00160665795420423,0.00795579681895476,0,0.036016358563822,TRUE,0.958
"CH","R10","V10","V21","ipcrtiv","ipudrst",0.115604190107004,0.10641598938175,0.032067930531148,0.0448573305805688,0.172181977838702,FALSE,0.008
"CH","R10","V11","V12","ipeqopt","ipfrule",0,0.000142635241810343,0.00226355739556452,0,0,TRUE,0.996
"CH","R10","V11","V13","ipeqopt","ipgdtim",0,0.0116994092500516,0.0221660309673326,0,0.0719912049583596,TRUE,0.746
"CH","R10","V11","V14","ipeqopt","iphlppl",0.119941895640713,0.120235321343411,0.0290109157540155,0.0650403281863348,0.180390722314922,FALSE,0
"CH","R10","V11","V15","ipeqopt","iplylfr",0.071568100144808,0.0728930125990193,0.0336166915680609,0,0.140765968666185,TRUE,0.046
"CH","R10","V11","V16","ipeqopt","ipmodst",0,0.00316978715004643,0.0111567953481238,0,0.0457666761525028,TRUE,0.916
"CH","R10","V11","V17","ipeqopt","iprspot",0,-0.0167525861796206,0.0303393158596761,-0.0945915030208336,0,TRUE,0.734
"CH","R10","V11","V18","ipeqopt","ipshabt",0.0370556563347693,0.0390196157867079,0.0345757055470891,0,0.104275909844163,TRUE,0.356
"CH","R10","V11","V19","ipeqopt","ipstrgv",0,0.0097733070934447,0.0196645907671419,0,0.066324691626632,TRUE,0.776
"CH","R10","V11","V20","ipeqopt","ipsuces",0,-0.00118432373214947,0.00792291970428099,-0.0116555987444958,0,TRUE,0.976
"CH","R10","V11","V21","ipeqopt","ipudrst",0.158812026617125,0.159106241045671,0.0286777696732229,0.0957349620702684,0.215122641090883,FALSE,0
"CH","R10","V12","V13","ipfrule","ipgdtim",0,-0.00427167641140315,0.0157866204247503,-0.0621481103307121,0,TRUE,0.924
"CH","R10","V12","V14","ipfrule","iphlppl",0,-0.00032916783746595,0.00437600455130411,0,0,TRUE,0.994
"CH","R10","V12","V15","ipfrule","iplylfr",0,-0.000158839446989831,0.00355175800977736,0,0,TRUE,0.998
"CH","R10","V12","V16","ipfrule","ipmodst",0,0.00346268773620793,0.0127057736330564,0,0.0486533963118654,TRUE,0.918
"CH","R10","V12","V17","ipfrule","iprspot",0.104264253616019,0.102777710801678,0.0296756493208919,0.0460212594194449,0.158116405508493,FALSE,0.01
"CH","R10","V12","V18","ipfrule","ipshabt",0,0.00289348807164887,0.0112413027716315,0,0.0441724651067426,TRUE,0.93
"CH","R10","V12","V19","ipfrule","ipstrgv",0.0395676690143593,0.0400838957746394,0.030670068817921,0,0.0960854021019491,TRUE,0.274
"CH","R10","V12","V20","ipfrule","ipsuces",0,0.00168546875289741,0.0090299327395249,0,0.0422581808645662,TRUE,0.964
"CH","R10","V12","V21","ipfrule","ipudrst",0,0.00237608824884093,0.0111384271928188,0,0.0506390968501315,TRUE,0.952
"CH","R10","V13","V14","ipgdtim","iphlppl",0,0.013480721000168,0.0220079442130769,0,0.0684092430560111,TRUE,0.69
"CH","R10","V13","V15","ipgdtim","iplylfr",0,0.0179242879714771,0.025011673405551,0,0.0765237081708603,TRUE,0.616
"CH","R10","V13","V16","ipgdtim","ipmodst",0,0.00522650515177671,0.0164811296080139,0,0.065984489021745,TRUE,0.9
"CH","R10","V13","V17","ipgdtim","iprspot",0,7.71567619437508e-05,0.00172527764629996,0,0,TRUE,0.998
"CH","R10","V13","V18","ipgdtim","ipshabt",0,0.0274993003938925,0.0277095882856744,0,0.0872610162364772,TRUE,0.43
"CH","R10","V13","V19","ipgdtim","ipstrgv",0,0.0228466550017675,0.0287370986966621,0,0.0844095650429864,TRUE,0.568
"CH","R10","V13","V20","ipgdtim","ipsuces",0,0.00110607513522447,0.00609997448135261,0,0.02663322117049,TRUE,0.966
"CH","R10","V13","V21","ipgdtim","ipudrst",0,0.00192382232932098,0.00843394734133628,0,0.0356451213655926,TRUE,0.946
"CH","R10","V14","V15","iphlppl","iplylfr",0.201055864590594,0.195475262042213,0.0310876120647026,0.134951321997864,0.25353800109128,FALSE,0
"CH","R10","V14","V16","iphlppl","ipmodst",0.0533784658524154,0.0500513270729642,0.0336423689082069,0,0.116198239356943,TRUE,0.196
"CH","R10","V14","V17","iphlppl","iprspot",0,-7.16819661883175e-05,0.0016028574915792,0,0,TRUE,0.998
"CH","R10","V14","V18","iphlppl","ipshabt",0,0.00046872553289661,0.00388161697592997,0,0,TRUE,0.984
"CH","R10","V14","V19","iphlppl","ipstrgv",0,0.0171618272638456,0.0232920664985533,0,0.0749893902370801,TRUE,0.578
"CH","R10","V14","V20","iphlppl","ipsuces",0,6.46478794853275e-05,0.00144557053130406,0,0,TRUE,0.998
"CH","R10","V14","V21","iphlppl","ipudrst",0.162591050736691,0.163111024731025,0.0315324450777927,0.098130619208734,0.218511970557009,FALSE,0
"CH","R10","V15","V16","iplylfr","ipmodst",0,-0.000185550452723428,0.00293485290903685,0,0,TRUE,0.996
"CH","R10","V15","V17","iplylfr","iprspot",0.0453191877517561,0.0329289985518919,0.0308996231480265,0,0.086957963407206,TRUE,0.426
"CH","R10","V15","V18","iplylfr","ipshabt",0,0,0,0,0,TRUE,1
"CH","R10","V15","V19","iplylfr","ipstrgv",0,0.00633652459517788,0.0138525693852271,0,0.0454576530524422,TRUE,0.806
"CH","R10","V15","V20","iplylfr","ipsuces",0,0,0,0,0,TRUE,1
"CH","R10","V15","V21","iplylfr","ipudrst",0.0904640237861661,0.0898742754797976,0.0291325021625891,0.0313778101622902,0.148046354032057,FALSE,0.014
"CH","R10","V16","V17","ipmodst","iprspot",0,-5.61183012138459e-05,0.00125484336295968,0,0,TRUE,0.998
"CH","R10","V16","V18","ipmodst","ipshabt",0,-0.00538845092552214,0.0173803862490079,-0.0653460429441097,0,TRUE,0.906
"CH","R10","V16","V19","ipmodst","ipstrgv",0,0.00880358653482211,0.0177476543684291,0,0.0616223559569951,TRUE,0.766
"CH","R10","V16","V20","ipmodst","ipsuces",-0.0370894758495503,-0.0317466618115856,0.0352103323805717,-0.101589654363123,0,TRUE,0.504
"CH","R10","V16","V21","ipmodst","ipudrst",0.0458647721185754,0.0505918431919928,0.0358079878737088,0,0.120645487177084,TRUE,0.234
"CH","R10","V17","V18","iprspot","ipshabt",0.154561610601904,0.154838564777555,0.0272428177630053,0.0994496752172816,0.209117048191725,FALSE,0
"CH","R10","V17","V19","iprspot","ipstrgv",0,0.00420005641862759,0.0118799246666789,0,0.0450551480680892,TRUE,0.874
"CH","R10","V17","V20","iprspot","ipsuces",0.112098687945201,0.107495763127014,0.0297239394140784,0.0475000853692767,0.166874672072566,FALSE,0.008
"CH","R10","V17","V21","iprspot","ipudrst",0,-0.00142391763910523,0.00751072250660569,-0.0330717785605435,0,TRUE,0.962
"CH","R10","V18","V19","ipshabt","ipstrgv",0,-0.000527092867425475,0.00511902780260565,0,0,TRUE,0.988
"CH","R10","V18","V20","ipshabt","ipsuces",0.303214532869152,0.301223735635905,0.0274952926521195,0.246496821927882,0.359175267336722,FALSE,0
"CH","R10","V18","V21","ipshabt","ipudrst",0,-0.000438582464632927,0.00421863415372798,0,0,TRUE,0.988
"CH","R10","V19","V20","ipstrgv","ipsuces",0.102233662020939,0.0968869602600629,0.0262834020732079,0.0486062852049226,0.15038922006057,FALSE,0.006
"CH","R10","V19","V21","ipstrgv","ipudrst",0,0.011564004170536,0.0235668707014097,0,0.0735192191003517,TRUE,0.786
"CH","R10","V2","V10","impenv","ipcrtiv",0.122506369788102,0.121252324109503,0.0296016608435296,0.0636908876388069,0.179387795351229,FALSE,0
"CH","R10","V2","V11","impenv","ipeqopt",0.102345682452257,0.11141427006833,0.0318707267151623,0.0454787836603423,0.177681679973464,FALSE,0.002
"CH","R10","V2","V12","impenv","ipfrule",0,-0.00159688372415159,0.00834072265319065,-0.0371793986379036,0,TRUE,0.96
"CH","R10","V2","V13","impenv","ipgdtim",0,0.00262410430776738,0.0103677610259851,0,0.0431570271084604,TRUE,0.934
"CH","R10","V2","V14","impenv","iphlppl",0.0386953263089461,0.034007843993352,0.030381958566071,0,0.0953385438076606,TRUE,0.35
"CH","R10","V2","V15","impenv","iplylfr",0.052194402109464,0.0524163140341538,0.0335682607266107,0,0.11517668031277,TRUE,0.162
"CH","R10","V2","V16","impenv","ipmodst",0.0351580833203664,0.0439177762322001,0.034576151976148,0,0.111865837462737,TRUE,0.29
"CH","R10","V2","V17","impenv","iprspot",0,0.00486747880669122,0.0156314459791019,0,0.0603517643145685,TRUE,0.896
"CH","R10","V2","V18","impenv","ipshabt",0,-0.000458489446158745,0.00494417108583039,0,0,TRUE,0.99
"CH","R10","V2","V19","impenv","ipstrgv",0,0.00549120338599926,0.013367130180593,0,0.0445199856389004,TRUE,0.84
"CH","R10","V2","V20","impenv","ipsuces",0,0.00156093502793731,0.00844528801935784,0,0.0338700942326161,TRUE,0.962
"CH","R10","V2","V21","impenv","ipudrst",0.0412363971415678,0.0434731002179732,0.0294460219603753,0,0.100016354945527,TRUE,0.208
"CH","R10","V2","V3","impenv","impfree",0,0.0133318534093924,0.0207353313508459,0,0.069800154088943,TRUE,0.65
"CH","R10","V2","V4","impenv","impfun",0,-0.000103675954435078,0.00231826481749004,0,0,TRUE,0.998
"CH","R10","V2","V5","impenv","imprich",0,-0.0298732184580823,0.0329079089299704,-0.0966493196578573,0,TRUE,0.488
"CH","R10","V2","V6","impenv","impsafe",0,-0.000128676446226727,0.00204825560839574,0,0,TRUE,0.996
"CH","R10","V2","V7","impenv","imptrad",0,0.0077054619151253,0.0174617164159372,0,0.0583760192386861,TRUE,0.812
"CH","R10","V2","V8","impenv","ipadvnt",0,0,0,0,0,TRUE,1
"CH","R10","V2","V9","impenv","ipbhprp",0,0.000210193657584775,0.00240407270016118,0,0,TRUE,0.992
"CH","R10","V20","V21","ipsuces","ipudrst",0,-0.00146720265056219,0.00878137846633289,-0.035314147624466,0,TRUE,0.97
"CH","R10","V3","V10","impfree","ipcrtiv",0.0912908482995708,0.0849000016170693,0.0275412707431817,0.0284782999495752,0.136551934491604,FALSE,0.014
"CH","R10","V3","V11","impfree","ipeqopt",0.0360085462519004,0.0372665713823103,0.0284554972889683,0,0.0926287543179157,TRUE,0.264
"CH","R10","V3","V12","impfree","ipfrule",0,-0.0117698783867729,0.0238778362693522,-0.0756036854520729,0,TRUE,0.776
"CH","R10","V3","V13","impfree","ipgdtim",0.113541111829239,0.122511087992375,0.029266059984211,0.0675296610739649,0.180522005784775,FALSE,0.002
"CH","R10","V3","V14","impfree","iphlppl",0.0397866846409923,0.0405228839345552,0.0336347312735527,0,0.109239513444815,TRUE,0.304
"CH","R10","V3","V15","impfree","iplylfr",0.0730676682230752,0.0674262972890489,0.0297039723541585,0,0.123668165567941,TRUE,0.062
"CH","R10","V3","V16","impfree","ipmodst",0,-0.000519031297435485,0.00475128445659573,0,0,TRUE,0.988
"CH","R10","V3","V17","impfree","iprspot",0,0.00180310398054644,0.00822298195709119,0,0.0352756109324415,TRUE,0.948
"CH","R10","V3","V18","impfree","ipshabt",0,0,0,0,0,TRUE,1
"CH","R10","V3","V19","impfree","ipstrgv",0.0147606933726472,0.0176040189031856,0.0235684489800447,0,0.0708719609505154,TRUE,0.588
"CH","R10","V3","V20","impfree","ipsuces",0,0.00262983175168887,0.0100752417314384,0,0.0406355714056778,TRUE,0.928
"CH","R10","V3","V21","impfree","ipudrst",0,0.0103514733146133,0.020599364950303,0,0.0688785779610686,TRUE,0.762
"CH","R10","V3","V4","impfree","impfun",0,0.000252886919717422,0.00332864959730124,0,0,TRUE,0.994
"CH","R10","V3","V5","impfree","imprich",0,0.000342096209577681,0.00343865090273329,0,0,TRUE,0.99
"CH","R10","V3","V6","impfree","impsafe",0.0475028554860429,0.0496318743204527,0.0343945721707352,0,0.114260901925206,TRUE,0.224
"CH","R10","V3","V7","impfree","imptrad",0,-0.00168510748963231,0.00858742360221999,-0.0383687265319352,0,TRUE,0.96
"CH","R10","V3","V8","impfree","ipadvnt",0,0.0184558943843443,0.025366095043965,0,0.0756021455971031,TRUE,0.61
"CH","R10","V3","V9","impfree","ipbhprp",0,-0.000750715874950793,0.00518281813801479,0,0,TRUE,0.978
"CH","R10","V4","V10","impfun","ipcrtiv",0,0.000194855102762984,0.00252245536501316,0,0,TRUE,0.994
"CH","R10","V4","V11","impfun","ipeqopt",0,0.0094390893403951,0.0200718797674561,0,0.0696229067845481,TRUE,0.798
"CH","R10","V4","V12","impfun","ipfrule",0,0,0,0,0,TRUE,1
"CH","R10","V4","V13","impfun","ipgdtim",0.350876492774441,0.352932399313109,0.0259626648251543,0.3010749729913,0.407582077727342,FALSE,0
"CH","R10","V4","V14","impfun","iphlppl",0,-3.44386767931488e-05,0.00267977288562644,0,0,TRUE,0.996
"CH","R10","V4","V15","impfun","iplylfr",0,0.000286585988984492,0.0032272870107742,0,0,TRUE,0.992
"CH","R10","V4","V16","impfun","ipmodst",0,0,0,0,0,TRUE,1
"CH","R10","V4","V17","impfun","iprspot",0,0.00174277801311068,0.00852713129666467,0,0.0342384513477474,TRUE,0.956
"CH","R10","V4","V18","impfun","ipshabt",0,0.00582726360531361,0.0142010477243277,0,0.0505226869689086,TRUE,0.84
"CH","R10","V4","V19","impfun","ipstrgv",0.036309825311312,0.0338917509206122,0.0284938755562322,0,0.0886683538190238,TRUE,0.332
"CH","R10","V4","V20","impfun","ipsuces",0.0361662873794094,0.0273738098690654,0.0258897294441944,0,0.0753862360314195,TRUE,0.416
"CH","R10","V4","V21","impfun","ipudrst",0,0,0,0,0,TRUE,1
"CH","R10","V4","V5","impfun","imprich",0,0.00174273436787148,0.00768110968534991,0,0.0305012095313016,TRUE,0.946
"CH","R10","V4","V6","impfun","impsafe",0,-0.000109202681618759,0.00374055057381238,0,0,TRUE,0.996
"CH","R10","V4","V7","impfun","imptrad",0.0723890801206529,0.071909011365532,0.0285507720904049,0,0.125277668439775,TRUE,0.044
"CH","R10","V4","V8","impfun","ipadvnt",0.185409954362723,0.185893716538978,0.0270720958796903,0.129263973385276,0.237738767454378,FALSE,0
"CH","R10","V4","V9","impfun","ipbhprp",0,0.0123926672180403,0.0243749925519664,0,0.079295595117172,TRUE,0.778
"CH","R10","V5","V10","imprich","ipcrtiv",0,0.00537194773088058,0.0151504008404185,0,0.0553295839998482,TRUE,0.872
"CH","R10","V5","V11","imprich","ipeqopt",0,-0.00238683737586465,0.00988758495598835,-0.0434374394637777,0,TRUE,0.938
"CH","R10","V5","V12","imprich","ipfrule",0,0.00850230541004521,0.0194743339013003,0,0.0649281916407314,TRUE,0.812
"CH","R10","V5","V13","imprich","ipgdtim",0,0.0189015849019473,0.0268838760461349,0,0.0811182987724754,TRUE,0.632
"CH","R10","V5","V14","imprich","iphlppl",0,-0.00972394719672149,0.0213369150692517,-0.0688245944577393,0,TRUE,0.81
"CH","R10","V5","V15","imprich","iplylfr",0,-5.8844008890422e-05,0.00131579203947586,0,0,TRUE,0.998
"CH","R10","V5","V16","imprich","ipmodst",-0.0371909875961074,-0.0272634827968141,0.0305664200435977,-0.0867988731585833,0,TRUE,0.504
"CH","R10","V5","V17","imprich","iprspot",0.059169691018952,0.0516722281323404,0.0285175046458988,0,0.110243232887619,TRUE,0.126
"CH","R10","V5","V18","imprich","ipshabt",0.144526781935352,0.137627698266568,0.026104376334595,0.0853559897181214,0.187708864158708,FALSE,0
"CH","R10","V5","V19","imprich","ipstrgv",0,0,0,0,0,TRUE,1
"CH","R10","V5","V20","imprich","ipsuces",0.197809534101668,0.193721635632984,0.0253404731613639,0.145074442206675,0.240035603417768,FALSE,0
"CH","R10","V5","V21","imprich","ipudrst",-0.0398910802861984,-0.0319927450298406,0.0284574066669847,-0.0879858332424003,0,TRUE,0.366
"CH","R10","V5","V6","imprich","impsafe",0.0484228864866932,0.0338942955662745,0.031730940940042,0,0.0960318544085755,TRUE,0.404
"CH","R10","V5","V7","imprich","imptrad",0,0.000123486993940967,0.0019505550874719,0,0,TRUE,0.996
"CH","R10","V5","V8","imprich","ipadvnt",0.10448852693376,0.0990422335832016,0.0303781729683537,0.035881456381312,0.156124211479071,FALSE,0.02
"CH","R10","V5","V9","imprich","ipbhprp",0,0,0,0,0,TRUE,1
"CH","R10","V6","V10","impsafe","ipcrtiv",0,8.6986162779691e-05,0.00194506973077251,0,0,TRUE,0.998
"CH","R10","V6","V11","impsafe","ipeqopt",0,0.0149336477444833,0.0261097892598986,0,0.0870787742304466,TRUE,0.71
"CH","R10","V6","V12","impsafe","ipfrule",0.0709219234930388,0.0722582562229556,0.0283725455094654,0,0.124815439477047,TRUE,0.034
"CH","R10","V6","V13","impsafe","ipgdtim",0,0.017913415521606,0.0264860453813541,0,0.0783704958820588,TRUE,0.634
"CH","R10","V6","V14","impsafe","iphlppl",0,0.0182713666776183,0.023621577468767,0,0.0744770515675452,TRUE,0.572
"CH","R10","V6","V15","impsafe","iplylfr",0,0.00969990971339388,0.0181683860363185,0,0.0575325755801276,TRUE,0.746
"CH","R10","V6","V16","impsafe","ipmodst",0.0789001953122675,0.0792205483960635,0.030614630733785,0,0.134191639455036,TRUE,0.038
"CH","R10","V6","V17","impsafe","iprspot",0.111056697768407,0.109685636672887,0.0288252374138871,0.0488556134019834,0.163707161767546,FALSE,0
"CH","R10","V6","V18","impsafe","ipshabt",0.122156227157338,0.118047779972578,0.0263693528070232,0.068110664164501,0.165930699780048,FALSE,0.002
"CH","R10","V6","V19","impsafe","ipstrgv",0.25200113341902,0.248548448857923,0.0285926346785728,0.191663451146482,0.303945999825455,FALSE,0
"CH","R10","V6","V20","impsafe","ipsuces",0,-0.000110774141243352,0.00247698509969299,0,0,TRUE,0.998
"CH","R10","V6","V21","impsafe","ipudrst",0,-0.00452540047046635,0.0145456951232397,-0.0580558335693601,0,TRUE,0.898
"CH","R10","V6","V7","impsafe","imptrad",0.043466749966964,0.0403624692819947,0.0293023232641057,0,0.0965268141464077,TRUE,0.252
"CH","R10","V6","V8","impsafe","ipadvnt",-0.142029252449105,-0.137203657080548,0.028367112319565,-0.191960480707168,-0.0836629977526559,FALSE,0.004
"CH","R10","V6","V9","impsafe","ipbhprp",0.089563178557281,0.0859027672526395,0.031034395891491,0,0.142737174373704,TRUE,0.026
"CH","R10","V7","V10","imptrad","ipcrtiv",0,8.51169997587587e-05,0.00190327397501418,0,0,TRUE,0.998
"CH","R10","V7","V11","imptrad","ipeqopt",-0.0561919447232126,-0.0629533427585034,0.0373948712986498,-0.127629074615637,0,TRUE,0.184
"CH","R10","V7","V12","imptrad","ipfrule",0.0886319051377994,0.0905385555291589,0.0290897089277969,0.0359495412380411,0.148110621676599,FALSE,0.014
"CH","R10","V7","V13","imptrad","ipgdtim",0,0,0,0,0,TRUE,1
"CH","R10","V7","V14","imptrad","iphlppl",0.0931083057582293,0.0890072144689057,0.0295433632916706,0.0150036536500047,0.145606788895106,FALSE,0.024
"CH","R10","V7","V15","imptrad","iplylfr",0,0.000250202509016321,0.00344293466496051,0,0,TRUE,0.994
"CH","R10","V7","V16","imptrad","ipmodst",0.0205712229062826,0.0253744938703831,0.0271124045398079,0,0.0855472652568523,TRUE,0.442
"CH","R10","V7","V17","imptrad","iprspot",0.0833912636233245,0.082457824820464,0.0285755058872836,0.0237797673289175,0.136572243973523,FALSE,0.018
"CH","R10","V7","V18","imptrad","ipshabt",0,-0.00104858473036414,0.00723467469871012,0,0,TRUE,0.978
"CH","R10","V7","V19","imptrad","ipstrgv",0.108862783039902,0.103805984090338,0.0281718191139395,0.050211892658153,0.160024057985198,FALSE,0.006
"CH","R10","V7","V20","imptrad","ipsuces",0,0.00419870126559652,0.0128656603028128,0,0.0454147119634183,TRUE,0.886
"CH","R10","V7","V21","imptrad","ipudrst",0,-0.00250161407353342,0.0106973341295142,-0.0447196692497662,0,TRUE,0.942
"CH","R10","V7","V8","imptrad","ipadvnt",0,-0.00833145120422904,0.0175284661521159,-0.0616960874878745,0,TRUE,0.792
"CH","R10","V7","V9","imptrad","ipbhprp",0.0670690522809339,0.0651832700695674,0.030853219811878,0,0.122549329897174,TRUE,0.074
"CH","R10","V8","V10","ipadvnt","ipcrtiv",0.0932802167266495,0.0897750220369087,0.0241248340532874,0.0438152201996645,0.134064277166844,FALSE,0.006
"CH","R10","V8","V11","ipadvnt","ipeqopt",0,-0.000171585496918414,0.00286298012807834,0,0,TRUE,0.996
"CH","R10","V8","V12","ipadvnt","ipfrule",0,5.00466067348942e-05,0.00111907614702422,0,0,TRUE,0.998
"CH","R10","V8","V13","ipadvnt","ipgdtim",0,0.0235003977585796,0.0274372743475669,0,0.0821123616667001,TRUE,0.516
"CH","R10","V8","V14","ipadvnt","iphlppl",0,-0.00127957424303122,0.00789402644352568,-0.0296819477638522,0,TRUE,0.972
"CH","R10","V8","V15","ipadvnt","iplylfr",0,0.00225600974038716,0.00935111723646783,0,0.0404247109161639,TRUE,0.94
"CH","R10","V8","V16","ipadvnt","ipmodst",-0.0188423005637094,-0.0204408446377028,0.024499565213097,-0.074969525403352,0,TRUE,0.536
"CH","R10","V8","V17","ipadvnt","iprspot",0,0.000619152085707352,0.00519969154238692,0,0,TRUE,0.984
"CH","R10","V8","V18","ipadvnt","ipshabt",0.087349697112134,0.0847351472056072,0.0244818481700341,0.0352705883547744,0.13433347038597,FALSE,0.01
"CH","R10","V8","V19","ipadvnt","ipstrgv",0,-0.00256685528650194,0.010594846266419,-0.0448443714531901,0,TRUE,0.94
"CH","R10","V8","V20","ipadvnt","ipsuces",0.0594258219066139,0.0580193064114428,0.0293231161551143,0,0.108031182890154,TRUE,0.108
"CH","R10","V8","V21","ipadvnt","ipudrst",0,0.000170674889942428,0.00289251966849451,0,0,TRUE,0.996
"CH","R10","V8","V9","ipadvnt","ipbhprp",0,-0.0053357725479853,0.0148752687254923,-0.0552341897975491,0,TRUE,0.874
"CH","R10","V9","V10","ipbhprp","ipcrtiv",0,-0.00246263821742909,0.0106070280772991,-0.0483170003649362,0,TRUE,0.942
"CH","R10","V9","V11","ipbhprp","ipeqopt",0,-0.00011883989986147,0.00265734094529515,0,0,TRUE,0.998
"CH","R10","V9","V12","ipbhprp","ipfrule",0.122367602036384,0.124466377339254,0.0301684086061061,0.0627826838312032,0.176173141629917,FALSE,0.002
"CH","R10","V9","V13","ipbhprp","ipgdtim",0,-0.00225991815317895,0.0132473948053235,-0.0594237203655551,0,TRUE,0.97
"CH","R10","V9","V14","ipbhprp","iphlppl",0.0231612955878249,0.0204059963730152,0.0254300589998956,0,0.0741908584558487,TRUE,0.544
"CH","R10","V9","V15","ipbhprp","iplylfr",0,0.0123381919067429,0.0207704942834548,0,0.0645620703779188,TRUE,0.712
"CH","R10","V9","V16","ipbhprp","ipmodst",0.139956198704615,0.143052410528106,0.0301758593752395,0.0832745890271092,0.204972570788067,FALSE,0
"CH","R10","V9","V17","ipbhprp","iprspot",0.214050362240875,0.211315296474403,0.029640968225243,0.15249953039591,0.268175337181567,FALSE,0
"CH","R10","V9","V18","ipbhprp","ipshabt",0.0503307677530988,0.0441221978943441,0.032450811012056,0,0.105435339158319,TRUE,0.274
"CH","R10","V9","V19","ipbhprp","ipstrgv",0.0314137762710238,0.028380019869947,0.0280316244998105,0,0.0886765155250265,TRUE,0.414
"CH","R10","V9","V20","ipbhprp","ipsuces",0,-0.000892276257220452,0.00716969953055515,0,0,TRUE,0.984
"CH","R10","V9","V21","ipbhprp","ipudrst",0,-0.000219339664708525,0.00283919870994877,0,0,TRUE,0.994
"CH","R9","V1","V10","impdiff","ipcrtiv",0.101865538605646,0.117679169774426,0.0283540269690825,0.0541884036838656,0.171460706020189,FALSE,0.002
"CH","R9","V1","V11","impdiff","ipeqopt",0,0.0116483591022753,0.0192727445310444,0,0.0583611733678713,TRUE,0.702
"CH","R9","V1","V12","impdiff","ipfrule",0,0.00819984116451144,0.020476475710769,0,0.0693638953150651,TRUE,0.844
"CH","R9","V1","V13","impdiff","ipgdtim",0.0808905328943748,0.0819574041210816,0.0267970719863966,0.0295610521726326,0.133702435303929,FALSE,0.008
"CH","R9","V1","V14","impdiff","iphlppl",0,0.0068307262959208,0.0161077250646788,0,0.0548872167518156,TRUE,0.824
"CH","R9","V1","V15","impdiff","iplylfr",0,0.00733777905599289,0.0159718032948258,0,0.0518779858863241,TRUE,0.8
"CH","R9","V1","V16","impdiff","ipmodst",0,-0.00290096747436966,0.0121543829833692,-0.0474696877407809,0,TRUE,0.94
"CH","R9","V1","V17","impdiff","iprspot",0,-0.00156559292073376,0.00958161615070806,-0.0392312943195315,0,TRUE,0.972
"CH","R9","V1","V18","impdiff","ipshabt",0,0.00378410232488928,0.0118895188171195,0,0.0467433422956432,TRUE,0.9
"CH","R9","V1","V19","impdiff","ipstrgv",0,0.000510357606067651,0.00450259943966042,0,0,TRUE,0.986
"CH","R9","V1","V2","impdiff","impenv",0,5.32844588809332e-05,0.00119147672202059,0,0,TRUE,0.998
"CH","R9","V1","V20","impdiff","ipsuces",0,0.00283577584677411,0.00996299807555242,0,0.0413068901466727,TRUE,0.918
"CH","R9","V1","V21","impdiff","ipudrst",0.0808266703108433,0.0839647444244015,0.0267673938728919,0.0313558051288597,0.135023293502257,FALSE,0.016
"CH","R9","V1","V3","impdiff","impfree",0,0.000232928334285834,0.00307170797182764,0,0,TRUE,0.994
"CH","R9","V1","V4","impdiff","impfun",0.11190855893157,0.120083285644903,0.0295150169013419,0.0651569593565309,0.175385257128527,FALSE,0.002
"CH","R9","V1","V5","impdiff","imprich",0,0,0,0,0,TRUE,1
"CH","R9","V1","V6","impdiff","impsafe",0,6.51151867923941e-05,0.0014560198403539,0,0,TRUE,0.998
"CH","R9","V1","V7","impdiff","imptrad",0,-8.675086293595e-05,0.00280460708501616,0,0,TRUE,0.996
"CH","R9","V1","V8","impdiff","ipadvnt",0.257032789562327,0.26335701022987,0.0263210859842221,0.213883364439728,0.316817920107311,FALSE,0
"CH","R9","V1","V9","impdiff","ipbhprp",0,7.49594055034934e-05,0.00167614326258783,0,0,TRUE,0.998
"CH","R9","V10","V11","ipcrtiv","ipeqopt",0,0.0168169781971599,0.0232008701418031,0,0.0718255226656343,TRUE,0.598
"CH","R9","V10","V12","ipcrtiv","ipfrule",0,0,0,0,0,TRUE,1
"CH","R9","V10","V13","ipcrtiv","ipgdtim",0.0238995306067888,0.025121848616063,0.0257171625038805,0,0.0792498944591266,TRUE,0.432
"CH","R9","V10","V14","ipcrtiv","iphlppl",0,0.000485944105983634,0.00435777820062287,0,0,TRUE,0.986
"CH","R9","V10","V15","ipcrtiv","iplylfr",0,0.0105603093067885,0.019960365096581,0,0.0681721348343653,TRUE,0.734
"CH","R9","V10","V16","ipcrtiv","ipmodst",0,0.0010835903674646,0.00643539408959172,0,0.0237427134626099,TRUE,0.97
"CH","R9","V10","V17","ipcrtiv","iprspot",0,0.00997116446629035,0.0190498475880234,0,0.0627605812264195,TRUE,0.752
"CH","R9","V10","V18","ipcrtiv","ipshabt",0,0.00320404900949717,0.0112342969968333,0,0.0428476897007448,TRUE,0.918
"CH","R9","V10","V19","ipcrtiv","ipstrgv",0,-1.09515491656939e-05,0.00229092895980159,0,0,TRUE,0.996
"CH","R9","V10","V20","ipcrtiv","ipsuces",0,0.0149269201586988,0.0241523177871611,0,0.0721452261456046,TRUE,0.692
"CH","R9","V10","V21","ipcrtiv","ipudrst",0.0174948962103243,0.026922307819906,0.0263401810653702,0,0.081330412958575,TRUE,0.412
"CH","R9","V11","V12","ipeqopt","ipfrule",0,-0.000220335895775701,0.00294426976836765,0,0,TRUE,0.994
"CH","R9","V11","V13","ipeqopt","ipgdtim",0,0.00508786723027322,0.0130834229422232,0,0.0461964806853643,TRUE,0.85
"CH","R9","V11","V14","ipeqopt","iphlppl",0.0836430148373185,0.0903607450004417,0.030214081687714,0.0327116933128002,0.147705015137365,FALSE,0.016
"CH","R9","V11","V15","ipeqopt","iplylfr",0.0634117633366502,0.0736446346372637,0.0293666370276834,0,0.129900874710458,TRUE,0.03
"CH","R9","V11","V16","ipeqopt","ipmodst",0,0.040344711899412,0.0342559903148998,0,0.103683727405873,TRUE,0.336
"CH","R9","V11","V17","ipeqopt","iprspot",0,-0.0156700865095808,0.0294058582808917,-0.0964320583050237,0,TRUE,0.752
"CH","R9","V11","V18","ipeqopt","ipshabt",0,0.0405943598742649,0.0340590973431126,0,0.100794974845929,TRUE,0.338
"CH","R9","V11","V19","ipeqopt","ipstrgv",0,0.000186950474582389,0.00217240940215668,0,0,TRUE,0.992
"CH","R9","V11","V20","ipeqopt","ipsuces",0,-0.000213493472039332,0.00292193732244905,0,0,TRUE,0.994
"CH","R9","V11","V21","ipeqopt","ipudrst",0.150317354327555,0.148476690585825,0.030736240165331,0.085864821035219,0.208843313370242,FALSE,0
"CH","R9","V12","V13","ipfrule","ipgdtim",0,-0.00238841618597585,0.0102758175721098,-0.0455988137849174,0,TRUE,0.946
"CH","R9","V12","V14","ipfrule","iphlppl",0,0.000505492753371729,0.00536507854828992,0,0,TRUE,0.99
"CH","R9","V12","V15","ipfrule","iplylfr",0,-0.00140862766910163,0.0083747618938881,-0.0336274489722226,0,TRUE,0.97
"CH","R9","V12","V16","ipfrule","ipmodst",0,0.00418184817376984,0.012368391306446,0,0.0457889871804458,TRUE,0.884
"CH","R9","V12","V17","ipfrule","iprspot",0,0.0129155385297909,0.0210022212553872,0,0.0644211097793067,TRUE,0.69
"CH","R9","V12","V18","ipfrule","ipshabt",0,-0.000322595376442826,0.00359901614773771,0,0,TRUE,0.992
"CH","R9","V12","V19","ipfrule","ipstrgv",0.109239434994252,0.116088570759938,0.0256181634578628,0.0658602061786007,0.163447333447313,FALSE,0
"CH","R9","V12","V20","ipfrule","ipsuces",0,0.000762412825687959,0.00563511045615311,0,0,TRUE,0.98
"CH","R9","V12","V21","ipfrule","ipudrst",0,-3.32500623225992e-05,0.000743493996094364,0,0,TRUE,0.998
"CH","R9","V13","V14","ipgdtim","iphlppl",0,0.0140532864325746,0.0210951639932153,0,0.0647052973202874,TRUE,0.658
"CH","R9","V13","V15","ipgdtim","iplylfr",0.0520495643436561,0.0486668448878916,0.0274137546409939,0,0.100845528101802,TRUE,0.128
"CH","R9","V13","V16","ipgdtim","ipmodst",0,0,0,0,0,TRUE,1
"CH","R9","V13","V17","ipgdtim","iprspot",0,0.0171813180056499,0.0235390526522759,0,0.0751402174688738,TRUE,0.606
"CH","R9","V13","V18","ipgdtim","ipshabt",0,0.00724139466838002,0.0160276414614546,0,0.0557238254448979,TRUE,0.804
"CH","R9","V13","V19","ipgdtim","ipstrgv",0,0.00976130225940538,0.0194836773086211,0,0.0649199116674261,TRUE,0.766
"CH","R9","V13","V20","ipgdtim","ipsuces",0.0583117373082645,0.0509845615503637,0.0295975600477904,0,0.109392946854503,TRUE,0.156
"CH","R9","V13","V21","ipgdtim","ipudrst",0.0425723232872679,0.0326916252279582,0.0311888336631007,0,0.0985891717013782,TRUE,0.408
"CH","R9","V14","V15","iphlppl","iplylfr",0.21296613016444,0.210720359816834,0.0285392807264779,0.15331188957518,0.267560799095296,FALSE,0
"CH","R9","V14","V16","iphlppl","ipmodst",0,0.0141172436324506,0.0211114072414061,0,0.065843637699307,TRUE,0.654
"CH","R9","V14","V17","iphlppl","iprspot",0,0.000272101587620549,0.00318917250449866,0,0,TRUE,0.992
"CH","R9","V14","V18","iphlppl","ipshabt",0,0,0,0,0,TRUE,1
"CH","R9","V14","V19","iphlppl","ipstrgv",0.0734084278040649,0.0704139319886335,0.0271747595418488,0,0.122595916660308,TRUE,0.026
"CH","R9","V14","V20","iphlppl","ipsuces",0,0.00253726233822049,0.0107056810791203,0,0.0469415099073341,TRUE,0.942
"CH","R9","V14","V21","iphlppl","ipudrst",0.189023014052128,0.187021202008117,0.0295915662291361,0.137313478704556,0.249067667746619,FALSE,0
"CH","R9","V15","V16","iplylfr","ipmodst",0,0.0136904505678361,0.0242560205169708,0,0.0782260631564891,TRUE,0.716
"CH","R9","V15","V17","iplylfr","iprspot",0.0473808064718857,0.0588355086402143,0.0335016295362009,0,0.122419688032363,TRUE,0.144
"CH","R9","V15","V18","iplylfr","ipshabt",0,0.000211799063081464,0.00238753648079145,0,0,TRUE,0.992
"CH","R9","V15","V19","iplylfr","ipstrgv",0,0.00344157617037827,0.0108447681520045,0,0.0416910017920736,TRUE,0.896
"CH","R9","V15","V20","iplylfr","ipsuces",0,-8.55559143473225e-05,0.00191308840357763,0,0,TRUE,0.998
"CH","R9","V15","V21","iplylfr","ipudrst",0.0596506031201885,0.0601564928721348,0.0312408931683766,0,0.121251047569693,TRUE,0.086
"CH","R9","V16","V17","ipmodst","iprspot",0,-0.0172077978803286,0.0306590039498105,-0.0964274268109974,0,TRUE,0.728
"CH","R9","V16","V18","ipmodst","ipshabt",0,-0.00315035859088782,0.013549320573562,-0.0591480802114914,0,TRUE,0.944
"CH","R9","V16","V19","ipmodst","ipstrgv",0,0.0108336711473387,0.0213113120879875,0,0.0689350132860126,TRUE,0.762
"CH","R9","V16","V20","ipmodst","ipsuces",0,-0.0162313156422574,0.0261674350684037,-0.0782406416490496,0,TRUE,0.696
"CH","R9","V16","V21","ipmodst","ipudrst",0.106803571813391,0.103360221948513,0.0289423915334212,0.0497183515068693,0.158654486151208,FALSE,0
"CH","R9","V17","V18","iprspot","ipshabt",0.10117397336238,0.114635526627631,0.0282633880432508,0.0594213055725849,0.168532063304427,FALSE,0.002
"CH","R9","V17","V19","iprspot","ipstrgv",0.0235568732681607,0.0267645586520583,0.0277353736806256,0,0.0826720474616696,TRUE,0.432
"CH","R9","V17","V20","iprspot","ipsuces",0.0475192992391154,0.0451088944879054,0.0334252872484767,0,0.101602141181177,TRUE,0.296
"CH","R9","V17","V21","iprspot","ipudrst",0,-0.00557942009415395,0.0171545772064894,-0.0633973497660869,0,TRUE,0.89
"CH","R9","V18","V19","ipshabt","ipstrgv",0,-0.000377930481175463,0.00515991875566539,0,0,TRUE,0.99
"CH","R9","V18","V20","ipshabt","ipsuces",0.326814697096306,0.329467747803468,0.025826861117387,0.278347822049134,0.380364334833141,FALSE,0
"CH","R9","V18","V21","ipshabt","ipudrst",0,0.00846885283656472,0.0197571755673985,0,0.0675477967359173,TRUE,0.826
"CH","R9","V19","V20","ipstrgv","ipsuces",0.0723271653767859,0.0807578536276807,0.0270723956273376,0.0277379824352461,0.131276400016346,FALSE,0.016
"CH","R9","V19","V21","ipstrgv","ipudrst",0,0.000806185605384365,0.00579236035512112,0,0,TRUE,0.98
"CH","R9","V2","V10","impenv","ipcrtiv",0.0517860115293903,0.061556437990383,0.0311089679754803,0,0.121184512939515,TRUE,0.106
"CH","R9","V2","V11","impenv","ipeqopt",0.0688006135817516,0.078560875092419,0.029164044461522,0.0255659422848638,0.139105768501416,FALSE,0.02
"CH","R9","V2","V12","impenv","ipfrule",0,0,0,0,0,TRUE,1
"CH","R9","V2","V13","impenv","ipgdtim",0,0.000571899442839105,0.00440832537061819,0,0,TRUE,0.982
"CH","R9","V2","V14","impenv","iphlppl",0.116640256784175,0.114509946395072,0.0271659159726439,0.0593749224676048,0.168684689817382,FALSE,0
"CH","R9","V2","V15","impenv","iplylfr",0.0925440549692968,0.0934706078326924,0.0305524241294341,0.0365209446632077,0.153865933049724,FALSE,0.01
"CH","R9","V2","V16","impenv","ipmodst",0,0.00384464619219595,0.0123767445965004,0,0.0477552679647878,TRUE,0.896
"CH","R9","V2","V17","impenv","iprspot",0.0342268622409042,0.0446642552427779,0.0353098045262357,0,0.110885599367247,TRUE,0.298
"CH","R9","V2","V18","impenv","ipshabt",0,-0.000398220862675227,0.00522206513770749,0,0,TRUE,0.994
"CH","R9","V2","V19","impenv","ipstrgv",0,0.00386232280648841,0.0118292675705739,0,0.0450908978823803,TRUE,0.892
"CH","R9","V2","V20","impenv","ipsuces",0,-0.00174372729031802,0.0115766366486393,-0.0326002412479276,0,TRUE,0.974
"CH","R9","V2","V21","impenv","ipudrst",0.0579415081909528,0.0549528819132393,0.0281749175554351,0,0.110238577621564,TRUE,0.088
"CH","R9","V2","V3","impenv","impfree",0.0710968663934957,0.0719574185744543,0.0301187355979688,0,0.135067742012712,TRUE,0.04
"CH","R9","V2","V4","impenv","impfun",0,0,0,0,0,TRUE,1
"CH","R9","V2","V5","impenv","imprich",0,-0.0225340488843068,0.0294768643405951,-0.0896384131515504,0,TRUE,0.58
"CH","R9","V2","V6","impenv","impsafe",0,0.00121655146567379,0.00687959148599205,0,0.028407720758217,TRUE,0.966
"CH","R9","V2","V7","impenv","imptrad",0,0.00728043367135224,0.0174942167277817,0,0.0595101591547734,TRUE,0.83
"CH","R9","V2","V8","impenv","ipadvnt",0,0.000201349039848216,0.00262797430855878,0,0,TRUE,0.994
"CH","R9","V2","V9","impenv","ipbhprp",0,0.00194820331356088,0.00942059066321421,0,0.0373346656921837,TRUE,0.954
"CH","R9","V20","V21","ipsuces","ipudrst",0,-0.00052305783129579,0.00490802003859859,0,0,TRUE,0.988
"CH","R9","V3","V10","impfree","ipcrtiv",0.101000883115684,0.109088135759674,0.0289366789870113,0.0514773452342095,0.16764743895013,FALSE,0.002
"CH","R9","V3","V11","impfree","ipeqopt",0,0.00546349941012552,0.0133714120136722,0,0.0456765826255636,TRUE,0.832
"CH","R9","V3","V12","impfree","ipfrule",0,-0.000348013505188882,0.00462092756013158,0,0,TRUE,0.994
"CH","R9","V3","V13","impfree","ipgdtim",0.102556083061876,0.0975633332997739,0.0297337114448115,0.0389631319967301,0.156331153815493,FALSE,0.006
"CH","R9","V3","V14","impfree","iphlppl",0.0288866697442514,0.0292648033662387,0.0283438456720923,0,0.0828631398274659,TRUE,0.422
"CH","R9","V3","V15","impfree","iplylfr",0.0667305530715958,0.0733000941867764,0.0269666742843227,0.00987075303099728,0.124288074377577,FALSE,0.024
"CH","R9","V3","V16","impfree","ipmodst",0,-0.000706262142709013,0.00572909288723526,0,0,TRUE,0.984
"CH","R9","V3","V17","impfree","iprspot",0,0.0133150000015081,0.0216758767670385,0,0.0689600587368257,TRUE,0.68
"CH","R9","V3","V18","impfree","ipshabt",0,0.00085423802134154,0.00564302839819229,0,0.0101347147680829,TRUE,0.976
"CH","R9","V3","V19","impfree","ipstrgv",0,0.0116770519388815,0.0208490196079097,0,0.0696412151826272,TRUE,0.716
"CH","R9","V3","V20","impfree","ipsuces",0,0.0298431929688896,0.0292373902845848,0,0.0877982477383868,TRUE,0.43
"CH","R9","V3","V21","impfree","ipudrst",0.0507989140448465,0.0520862080870007,0.0289834178978108,0,0.108075420835611,TRUE,0.124
"CH","R9","V3","V4","impfree","impfun",0,0.00831185265995958,0.0199961319746925,0,0.0686196766974476,TRUE,0.84
"CH","R9","V3","V5","impfree","imprich",0,-0.000207087129536679,0.00327471982800855,0,0,TRUE,0.996
"CH","R9","V3","V6","impfree","impsafe",0,0.0118105176733799,0.0207733086447316,0,0.0618677302167777,TRUE,0.724
"CH","R9","V3","V7","impfree","imptrad",0,-0.00157216695083544,0.00837378480260188,-0.0352708663838672,0,TRUE,0.962
"CH","R9","V3","V8","impfree","ipadvnt",0.0389036549392966,0.0388061811485296,0.0268095372506073,0,0.094190505741148,TRUE,0.214
"CH","R9","V3","V9","impfree","ipbhprp",0,-0.000490735192513687,0.00478917446080004,0,0,TRUE,0.988
"CH","R9","V4","V10","impfun","ipcrtiv",0,-0.00151839724558559,0.00980096224442806,-0.0337503188298493,0,TRUE,0.974
"CH","R9","V4","V11","impfun","ipeqopt",0,0,0,0,0,TRUE,1
"CH","R9","V4","V12","impfun","ipfrule",0,0,0,0,0,TRUE,1
"CH","R9","V4","V13","impfun","ipgdtim",0.311919323203997,0.307787955413928,0.0276432345334785,0.249598704655752,0.359665296357369,FALSE,0
"CH","R9","V4","V14","impfun","iphlppl",0,0.000424659872013673,0.00391752518876147,0,0,TRUE,0.988
"CH","R9","V4","V15","impfun","iplylfr",0,0,0,0,0,TRUE,1
"CH","R9","V4","V16","impfun","ipmodst",0,-0.00162150263948061,0.00836841710239507,-0.0343022523441395,0,TRUE,0.96
"CH","R9","V4","V17","impfun","iprspot",0,0.000202698518189908,0.00231140122737923,0,0,TRUE,0.992
"CH","R9","V4","V18","impfun","ipshabt",0,0.00831801893241108,0.0172810694128316,0,0.0535451021654441,TRUE,0.79
"CH","R9","V4","V19","impfun","ipstrgv",0,0.00501131162969655,0.0151798630632282,0,0.0548963655076466,TRUE,0.888
"CH","R9","V4","V20","impfun","ipsuces",0,0.00733152887746775,0.0165934884048484,0,0.0573493180409332,TRUE,0.816
"CH","R9","V4","V21","impfun","ipudrst",0,-0.00212942626198796,0.0104765163219025,-0.045187478819976,0,TRUE,0.956
"CH","R9","V4","V5","impfun","imprich",0,0.000692614240657641,0.00528190041197074,0,0,TRUE,0.982
"CH","R9","V4","V6","impfun","impsafe",0,-0.000228306409078543,0.00364171949319171,0,0,TRUE,0.996
"CH","R9","V4","V7","impfun","imptrad",0.0339221937950041,0.0349920745001435,0.0320925229641662,0,0.0956465878579686,TRUE,0.386
"CH","R9","V4","V8","impfun","ipadvnt",0.181893806418788,0.179846159453573,0.026710627328884,0.122493263447359,0.227534270772144,FALSE,0
"CH","R9","V4","V9","impfun","ipbhprp",0,0.00169799551484369,0.00892303119875536,0,0.0369275661634009,TRUE,0.96
"CH","R9","V5","V10","imprich","ipcrtiv",0,0.0211078024319903,0.0283887819779149,0,0.0879029998227923,TRUE,0.594
"CH","R9","V5","V11","imprich","ipeqopt",0,-0.00924646854145695,0.0209146216169074,-0.0739575069300284,0,TRUE,0.814
"CH","R9","V5","V12","imprich","ipfrule",0,4.0010244658043e-05,0.000894656268517819,0,0,TRUE,0.998
"CH","R9","V5","V13","imprich","ipgdtim",0,0.0186128864053518,0.0246179050297078,0,0.0715172731347096,TRUE,0.6
"CH","R9","V5","V14","imprich","iphlppl",0,-0.0115314186355323,0.0253526923738875,-0.08414999779734,0,TRUE,0.806
"CH","R9","V5","V15","imprich","iplylfr",0,-4.47093303368414e-05,0.00099973101861671,0,0,TRUE,0.998
"CH","R9","V5","V16","imprich","ipmodst",0,-0.0135319418285514,0.0224115067335815,-0.0718453917619864,0,TRUE,0.702
"CH","R9","V5","V17","imprich","iprspot",0.0511438208069717,0.0631608757620928,0.029915257668761,0,0.117057619910915,TRUE,0.084
"CH","R9","V5","V18","imprich","ipshabt",0.0785586479048556,0.0987575850251124,0.0278937240888409,0.0421538244695638,0.150024957105659,FALSE,0.006
"CH","R9","V5","V19","imprich","ipstrgv",0,0.0029973005728581,0.0114727383227111,0,0.0468837962818316,TRUE,0.928
"CH","R9","V5","V20","imprich","ipsuces",0.175862013452484,0.17954035787991,0.0254481463576738,0.129698113052533,0.226955121209549,FALSE,0
"CH","R9","V5","V21","imprich","ipudrst",-0.0374522181721882,-0.0394709642051415,0.0337331753215144,-0.103175918066511,0,TRUE,0.344
"CH","R9","V5","V6","imprich","impsafe",0,0.0186291283963455,0.0279093096550047,0,0.0845344460364456,TRUE,0.66
"CH","R9","V5","V7","imprich","imptrad",0,0.00692820213545411,0.0172355863235635,0,0.0585207820895074,TRUE,0.84
"CH","R9","V5","V8","imprich","ipadvnt",0.0772797046398915,0.0859969039368001,0.0314529354899881,0,0.146023023879482,TRUE,0.038
"CH","R9","V5","V9","imprich","ipbhprp",0,-5.98578299045925e-05,0.00317193770560427,0,0,TRUE,0.996
"CH","R9","V6","V10","impsafe","ipcrtiv",0,0.00381240843417375,0.0115684574193045,0,0.042850503819069,TRUE,0.89
"CH","R9","V6","V11","impsafe","ipeqopt",0,0.00871692098501516,0.019790956606133,0,0.0693489368958911,TRUE,0.812
"CH","R9","V6","V12","impsafe","ipfrule",0.0338708677659347,0.0378092038693512,0.0284028945249051,0,0.0900559816335621,TRUE,0.276
"CH","R9","V6","V13","impsafe","ipgdtim",0,0.0115143889702747,0.0216396058418332,0,0.0702509345459806,TRUE,0.748
"CH","R9","V6","V14","impsafe","iphlppl",0,0.00551695063990867,0.0137649624142084,0,0.0486082907239123,TRUE,0.846
"CH","R9","V6","V15","impsafe","iplylfr",0,0.000108902198926011,0.00172251289631553,0,0,TRUE,0.996
"CH","R9","V6","V16","impsafe","ipmodst",0.0787730913967899,0.088584991509438,0.0300376404109444,0.0284497510684617,0.143786367129135,FALSE,0.018
"CH","R9","V6","V17","impsafe","iprspot",0.139828690636639,0.149597710419503,0.0272767146764089,0.0963316459486661,0.19928592639043,FALSE,0
"CH","R9","V6","V18","impsafe","ipshabt",0.0847522579035854,0.100982195829139,0.0276669492515245,0.0518344047686156,0.15449550965483,FALSE,0.006
"CH","R9","V6","V19","impsafe","ipstrgv",0.269783443121417,0.268942951277965,0.0273754093803825,0.215621278350243,0.330243168909912,FALSE,0
"CH","R9","V6","V20","impsafe","ipsuces",0,-0.000267342438932404,0.00424528624266163,0,0,TRUE,0.996
"CH","R9","V6","V21","impsafe","ipudrst",0,0.000431862387478569,0.00374167468299316,0,0,TRUE,0.986
"CH","R9","V6","V7","impsafe","imptrad",0.0398620843752534,0.0438350901886283,0.0313576791085527,0,0.100048734947883,TRUE,0.254
"CH","R9","V6","V8","impsafe","ipadvnt",-0.120486130909997,-0.136127585240232,0.0312539982371873,-0.200014838428146,-0.0809332334114147,FALSE,0
"CH","R9","V6","V9","impsafe","ipbhprp",0.10248308298163,0.0977980502266481,0.0312328958685015,0.0309421413372795,0.154205384346773,FALSE,0.014
"CH","R9","V7","V10","imptrad","ipcrtiv",0,-7.37510611810428e-05,0.00164912386213558,0,0,TRUE,0.998
"CH","R9","V7","V11","imptrad","ipeqopt",0,-0.0188133078803466,0.0294610931045673,-0.0861953224079087,0,TRUE,0.672
"CH","R9","V7","V12","imptrad","ipfrule",0.0691592456926089,0.0668193254016556,0.030460283965636,0,0.120373626251526,TRUE,0.068
"CH","R9","V7","V13","imptrad","ipgdtim",0,-0.00076235421793308,0.00703157982822238,0,0,TRUE,0.986
"CH","R9","V7","V14","imptrad","iphlppl",0.0390141292919772,0.0406067190497165,0.032691845901644,0,0.104177638571187,TRUE,0.3
"CH","R9","V7","V15","imptrad","iplylfr",0,0.0101448558677951,0.0212358081901217,0,0.0685393210534965,TRUE,0.788
"CH","R9","V7","V16","imptrad","ipmodst",0,0.0113427781694947,0.0218890448019866,0,0.0746760805827514,TRUE,0.75
"CH","R9","V7","V17","imptrad","iprspot",0.0463935821345378,0.0482904906406673,0.0307079077923869,0,0.106010486330322,TRUE,0.186
"CH","R9","V7","V18","imptrad","ipshabt",0,-0.00143052712379962,0.00911196875891519,-0.0272736998489082,0,TRUE,0.972
"CH","R9","V7","V19","imptrad","ipstrgv",0.110240697879377,0.112809712858809,0.0302332718308412,0.0486625472749493,0.16598080829558,FALSE,0.002
"CH","R9","V7","V20","imptrad","ipsuces",0,0.000631752939560513,0.00522513061220454,0,0,TRUE,0.984
"CH","R9","V7","V21","imptrad","ipudrst",0,-0.00650339685911975,0.0180524463250426,-0.0658529226575892,0,TRUE,0.868
"CH","R9","V7","V8","imptrad","ipadvnt",0,-0.00137720230809976,0.00833329334105869,-0.0262530403173688,0,TRUE,0.968
"CH","R9","V7","V9","imptrad","ipbhprp",0,0.00791945433870796,0.0180414251231161,0,0.0622999460073174,TRUE,0.822
"CH","R9","V8","V10","ipadvnt","ipcrtiv",0.0928124087392416,0.0972029729905352,0.0269477219255667,0.0452745930204648,0.1534834314695,FALSE,0.002
"CH","R9","V8","V11","ipadvnt","ipeqopt",0,0.00135705582822713,0.00764259314069194,0,0.0295618800766117,TRUE,0.964
"CH","R9","V8","V12","ipadvnt","ipfrule",0,-0.00596346789552587,0.017382444751443,-0.0601880933899854,0,TRUE,0.876
"CH","R9","V8","V13","ipadvnt","ipgdtim",0,0.0117749682336529,0.0185143771497262,0,0.0579108703759948,TRUE,0.678
"CH","R9","V8","V14","ipadvnt","iphlppl",0,0,0,0,0,TRUE,1
"CH","R9","V8","V15","ipadvnt","iplylfr",0,0.0180986516868781,0.0229885908197007,0,0.0644583604806057,TRUE,0.576
"CH","R9","V8","V16","ipadvnt","ipmodst",0,-0.000250183498359169,0.00326179347726357,0,0,TRUE,0.994
"CH","R9","V8","V17","ipadvnt","iprspot",0,0.00797003009389658,0.0194969029634451,0,0.0705417239232623,TRUE,0.836
"CH","R9","V8","V18","ipadvnt","ipshabt",0,0.0264950301973191,0.0272748827335683,0,0.0841546833088366,TRUE,0.434
"CH","R9","V8","V19","ipadvnt","ipstrgv",0,0,0,0,0,TRUE,1
"CH","R9","V8","V20","ipadvnt","ipsuces",0.0617218079811598,0.0597065985872915,0.028053698609949,0,0.109914913372305,TRUE,0.082
"CH","R9","V8","V21","ipadvnt","ipudrst",0,0.000147235392660089,0.00241541451580497,0,0,TRUE,0.996
"CH","R9","V8","V9","ipadvnt","ipbhprp",0,-0.00036049498390804,0.00405583666501852,0,0,TRUE,0.992
"CH","R9","V9","V10","ipbhprp","ipcrtiv",0,-0.00109384876262633,0.00748598362745593,0,0,TRUE,0.978
"CH","R9","V9","V11","ipbhprp","ipeqopt",0,0.000921108553506748,0.00614697641290896,0,0.0117096165507848,TRUE,0.976
"CH","R9","V9","V12","ipbhprp","ipfrule",0.168406998426511,0.168692546127247,0.0279090223791902,0.107831467548138,0.223498376293481,FALSE,0
"CH","R9","V9","V13","ipbhprp","ipgdtim",0,0.000773905284168775,0.00496675660716898,0,0.0206414343690725,TRUE,0.974
"CH","R9","V9","V14","ipbhprp","iphlppl",0,0.00311689284790124,0.0105273203735531,0,0.0401005564662005,TRUE,0.908
"CH","R9","V9","V15","ipbhprp","iplylfr",0,0.0104913881295307,0.0196125566467868,0,0.0652281284885281,TRUE,0.75
"CH","R9","V9","V16","ipbhprp","ipmodst",0.197884327817292,0.205085403321278,0.0283774475884202,0.147241454914298,0.261591589649011,FALSE,0
"CH","R9","V9","V17","ipbhprp","iprspot",0.199042227411338,0.209145657288762,0.0277161712428379,0.155185692747047,0.265280376005464,FALSE,0
"CH","R9","V9","V18","ipbhprp","ipshabt",0,0.00700965366844484,0.0168365160736807,0,0.0583292545902725,TRUE,0.832
"CH","R9","V9","V19","ipbhprp","ipstrgv",0,0.00872368424063185,0.0175407504684626,0,0.0572717317303206,TRUE,0.772
"CH","R9","V9","V20","ipbhprp","ipsuces",0,0,0,0,0,TRUE,1
"CH","R9","V9","V21","ipbhprp","ipudrst",0,0,0,0,0,TRUE,1
"CZ","R10","V1","V10","impdiff","ipcrtiv",0.142464169471494,0.1395517330202,0.0247678914857185,0.0891924782193785,0.19112332929543,FALSE,0
"CZ","R10","V1","V11","impdiff","ipeqopt",0,0.000131044770708281,0.00215960474433934,0,0,TRUE,0.996
"CZ","R10","V1","V12","impdiff","ipfrule",0.0328152723705092,0.0300153034743617,0.0259222644823945,0,0.0848531093409903,TRUE,0.334
"CZ","R10","V1","V13","impdiff","ipgdtim",0.152365148255672,0.149288256955811,0.0260072439610998,0.10252253334141,0.203183339996693,FALSE,0
"CZ","R10","V1","V14","impdiff","iphlppl",0.0281100792595218,0.0186028853587494,0.0207094192577386,0,0.0627324166585798,TRUE,0.492
"CZ","R10","V1","V15","impdiff","iplylfr",0,0.00511983903537395,0.0141434148664663,0,0.0483129400735273,TRUE,0.874
"CZ","R10","V1","V16","impdiff","ipmodst",0,-0.00363250332786044,0.0133834998141492,-0.0560200811460344,0,TRUE,0.924
"CZ","R10","V1","V17","impdiff","iprspot",0.0424726291077828,0.0388770164265132,0.0269427286137503,0,0.0913726712527922,TRUE,0.228
"CZ","R10","V1","V18","impdiff","ipshabt",0.0874443997069475,0.083825915628103,0.0262516098692263,0.0342560132955228,0.140526007386225,FALSE,0.002
"CZ","R10","V1","V19","impdiff","ipstrgv",0,0.000772091006550931,0.00493963014502946,0,0.0225129534884251,TRUE,0.974
"CZ","R10","V1","V2","impdiff","impenv",0,0.00608531699962162,0.0145465382986024,0,0.049474352233936,TRUE,0.834
"CZ","R10","V1","V20","impdiff","ipsuces",0,0.00689427233353596,0.0135641885678735,0,0.0432070736619936,TRUE,0.766
"CZ","R10","V1","V21","impdiff","ipudrst",0.0298122601792083,0.0256501005776533,0.0227992050004513,0,0.0725291702017332,TRUE,0.366
"CZ","R10","V1","V3","impdiff","impfree",0.033579578818529,0.0304731096389609,0.0266026958245157,0,0.0803293181032836,TRUE,0.364
"CZ","R10","V1","V4","impdiff","impfun",0.0923531430857186,0.088265475679397,0.0233625874429142,0.041648140231482,0.134857758102029,FALSE,0
"CZ","R10","V1","V5","impdiff","imprich",0.0649809231332955,0.0551711602506404,0.0273796933635084,0,0.109601341217138,TRUE,0.088
"CZ","R10","V1","V6","impdiff","impsafe",0,0.00838859335952637,0.0167504890896136,0,0.0540126400570349,TRUE,0.782
"CZ","R10","V1","V7","impdiff","imptrad",0,0.000130669076745594,0.00206414866861936,0,0,TRUE,0.996
"CZ","R10","V1","V8","impdiff","ipadvnt",0.19386621367536,0.191032329285158,0.0251634733248341,0.142381152910525,0.239074961989228,FALSE,0
"CZ","R10","V1","V9","impdiff","ipbhprp",0,-0.00863680530266316,0.0218618917495692,-0.0775628742705915,0,TRUE,0.852
"CZ","R10","V10","V11","ipcrtiv","ipeqopt",0.135976213721706,0.131084872499778,0.0230399378018884,0.0848206617103748,0.178789925045846,FALSE,0
"CZ","R10","V10","V12","ipcrtiv","ipfrule",0,-0.000178885328924855,0.00233319517682625,0,0,TRUE,0.994
"CZ","R10","V10","V13","ipcrtiv","ipgdtim",0,0.00381636269295968,0.0108973056170254,0,0.0390707270030625,TRUE,0.874
"CZ","R10","V10","V14","ipcrtiv","iphlppl",0.037271238382485,0.0278030879846152,0.0245043833107347,0,0.0763496946969241,TRUE,0.346
"CZ","R10","V10","V15","ipcrtiv","iplylfr",0,0.00257197876652706,0.0103979561985335,0,0.0372597404837444,TRUE,0.934
"CZ","R10","V10","V16","ipcrtiv","ipmodst",0,-0.00121447322598671,0.00758025458994352,-0.0295660702533143,0,TRUE,0.972
"CZ","R10","V10","V17","ipcrtiv","iprspot",0,0.000312539525586101,0.00289283882140252,0,0,TRUE,0.988
"CZ","R10","V10","V18","ipcrtiv","ipshabt",0.0726050613879573,0.0730779554674948,0.0248570314171548,0.0265037470152361,0.119881382241732,FALSE,0.02
"CZ","R10","V10","V19","ipcrtiv","ipstrgv",0,0.00295094789297246,0.00918320062976518,0,0.035202188130919,TRUE,0.898
"CZ","R10","V10","V20","ipcrtiv","ipsuces",0.0428638486630099,0.0428819468519272,0.0266778884920616,0,0.0947220333986664,TRUE,0.18
"CZ","R10","V10","V21","ipcrtiv","ipudrst",0.0313290666378956,0.0268933161124964,0.0239003584947231,0,0.0735128320029073,TRUE,0.356
"CZ","R10","V11","V12","ipeqopt","ipfrule",0.0170113793559068,0.0181456726121011,0.0204908202710502,0,0.0651906922915419,TRUE,0.49
"CZ","R10","V11","V13","ipeqopt","ipgdtim",0,0,0,0,0,TRUE,1
"CZ","R10","V11","V14","ipeqopt","iphlppl",0.0864150876107107,0.080115856107453,0.0250075723943698,0.0284443957831882,0.12631620318779,FALSE,0.006
"CZ","R10","V11","V15","ipeqopt","iplylfr",0.0460186449608235,0.0448758871997533,0.026293887341514,0,0.0923653606419528,TRUE,0.158
"CZ","R10","V11","V16","ipeqopt","ipmodst",0.041287216929619,0.0365849844859198,0.0265361689600655,0,0.0908477324358764,TRUE,0.244
"CZ","R10","V11","V17","ipeqopt","iprspot",0,-7.86273238337378e-05,0.00175816040981127,0,0,TRUE,0.998
"CZ","R10","V11","V18","ipeqopt","ipshabt",0,0.000110411350961126,0.00142808286169022,0,0,TRUE,0.994
"CZ","R10","V11","V19","ipeqopt","ipstrgv",0,0.00642331639196809,0.0147144342077781,0,0.0494738699116522,TRUE,0.82
"CZ","R10","V11","V20","ipeqopt","ipsuces",0,-0.000805781337270996,0.00658279461831416,0,0,TRUE,0.984
"CZ","R10","V11","V21","ipeqopt","ipudrst",0.139939640224058,0.140200778044398,0.0250302734459762,0.0924024234296556,0.187276142450229,FALSE,0
"CZ","R10","V12","V13","ipfrule","ipgdtim",0,-0.000297728161501123,0.00408289799259136,0,0,TRUE,0.994
"CZ","R10","V12","V14","ipfrule","iphlppl",0,0.00788130119894191,0.0157409822038364,0,0.0530011681200479,TRUE,0.768
"CZ","R10","V12","V15","ipfrule","iplylfr",0,0.000133726046556474,0.00185122183100954,0,0,TRUE,0.994
"CZ","R10","V12","V16","ipfrule","ipmodst",0.151090896025205,0.14646417717419,0.0242216228528629,0.0970043212830583,0.193817886849475,FALSE,0
"CZ","R10","V12","V17","ipfrule","iprspot",0.0392114570513459,0.0421148043255122,0.0279268395891419,0,0.0953282322862685,TRUE,0.202
"CZ","R10","V12","V18","ipfrule","ipshabt",0,0.028669018416203,0.0309174701270915,0,0.0844931745410679,TRUE,0.502
"CZ","R10","V12","V19","ipfrule","ipstrgv",0,0.00304381549417999,0.0103895936835431,0,0.0386947721082719,TRUE,0.91
"CZ","R10","V12","V20","ipfrule","ipsuces",0,0.00251332204716431,0.00881117714247005,0,0.0327375984164547,TRUE,0.916
"CZ","R10","V12","V21","ipfrule","ipudrst",0.0949652644024106,0.0907236374776218,0.0245434168315588,0.0379982523222216,0.13939588503874,FALSE,0
"CZ","R10","V13","V14","ipgdtim","iphlppl",0,0,0,0,0,TRUE,1
"CZ","R10","V13","V15","ipgdtim","iplylfr",0,0.0166960843892449,0.0211283326211486,0,0.0660105906488754,TRUE,0.564
"CZ","R10","V13","V16","ipgdtim","ipmodst",0,0,0,0,0,TRUE,1
"CZ","R10","V13","V17","ipgdtim","iprspot",0,0.0172890158288026,0.0241585034297992,0,0.0717653210620461,TRUE,0.632
"CZ","R10","V13","V18","ipgdtim","ipshabt",0,0.0058540256792613,0.0132944062229208,0,0.0462582576506924,TRUE,0.816
"CZ","R10","V13","V19","ipgdtim","ipstrgv",0,0.00775636996778143,0.0146048535343686,0,0.046573050266865,TRUE,0.756
"CZ","R10","V13","V20","ipgdtim","ipsuces",0.079011418865045,0.0744922577135558,0.0242240779863524,0.0294353030745673,0.121644165492882,FALSE,0.006
"CZ","R10","V13","V21","ipgdtim","ipudrst",0,0,0,0,0,TRUE,1
"CZ","R10","V14","V15","iphlppl","iplylfr",0.161773044196939,0.164173229716901,0.0245843786602385,0.117116261319664,0.2175228167747,FALSE,0
"CZ","R10","V14","V16","iphlppl","ipmodst",0.0989277076905046,0.0877532521217718,0.0243652696200315,0.039198151068372,0.133769595464094,FALSE,0.002
"CZ","R10","V14","V17","iphlppl","iprspot",0,0.0114335258670294,0.0173795738575673,0,0.0551931590964665,TRUE,0.654
"CZ","R10","V14","V18","iphlppl","ipshabt",0,-0.000172831105944549,0.00274586308540383,0,0,TRUE,0.996
"CZ","R10","V14","V19","iphlppl","ipstrgv",0,0.0128512534061422,0.0197028569178349,0,0.0567038417556043,TRUE,0.67
"CZ","R10","V14","V20","iphlppl","ipsuces",0.0925215284623995,0.0788789895697454,0.0272482726998035,0.0115558981107081,0.135134474188681,FALSE,0.024
"CZ","R10","V14","V21","iphlppl","ipudrst",0.16918124390957,0.165038027297418,0.0237725363701975,0.118322400998426,0.211505734792151,FALSE,0
"CZ","R10","V15","V16","iplylfr","ipmodst",0,0.00280098237568149,0.00938566735285022,0,0.0376279489653021,TRUE,0.912
"CZ","R10","V15","V17","iplylfr","iprspot",0.104479578622127,0.105330895564507,0.0224134595967187,0.0613442744647584,0.149972716103668,FALSE,0
"CZ","R10","V15","V18","iplylfr","ipshabt",0,0,0,0,0,TRUE,1
"CZ","R10","V15","V19","iplylfr","ipstrgv",0.08419816973069,0.0865236156060385,0.0246185999348571,0.0379250254188456,0.139895022167376,FALSE,0.004
"CZ","R10","V15","V20","iplylfr","ipsuces",0,0,0,0,0,TRUE,1
"CZ","R10","V15","V21","iplylfr","ipudrst",0.0222939952222775,0.0205255797199804,0.0215435819331681,0,0.0617352261009507,TRUE,0.462
"CZ","R10","V16","V17","ipmodst","iprspot",0,-0.0309033113798359,0.0365848183966906,-0.106164606144403,0,TRUE,0.54
"CZ","R10","V16","V18","ipmodst","ipshabt",0,-0.0356157852118585,0.034347465966205,-0.0915895581634484,0,TRUE,0.452
"CZ","R10","V16","V19","ipmodst","ipstrgv",0,-0.00129003922774136,0.00827410597204056,-0.0289122614402656,0,TRUE,0.974
"CZ","R10","V16","V20","ipmodst","ipsuces",0,0,0,0,0,TRUE,1
"CZ","R10","V16","V21","ipmodst","ipudrst",0.18429515629904,0.179271106556175,0.0237889903983728,0.131298725877951,0.224257213466303,FALSE,0
"CZ","R10","V17","V18","iprspot","ipshabt",0.120993466344882,0.121845059199934,0.0229604394593957,0.077188569732132,0.164990892094319,FALSE,0
"CZ","R10","V17","V19","iprspot","ipstrgv",0.133234238206137,0.132685095955954,0.0231241223504565,0.0858536841070038,0.181314427661281,FALSE,0
"CZ","R10","V17","V20","iprspot","ipsuces",0.0631994357077283,0.0594161512720741,0.0249585419980149,0,0.109144931750178,TRUE,0.042
"CZ","R10","V17","V21","iprspot","ipudrst",0,0.00411767529833936,0.0116230944758419,0,0.0398804280544367,TRUE,0.874
"CZ","R10","V18","V19","ipshabt","ipstrgv",0,0,0,0,0,TRUE,1
"CZ","R10","V18","V20","ipshabt","ipsuces",0.234327299483484,0.235262071481288,0.0246850465632776,0.181975103423061,0.283579116808465,FALSE,0
"CZ","R10","V18","V21","ipshabt","ipudrst",0,0,0,0,0,TRUE,1
"CZ","R10","V19","V20","ipstrgv","ipsuces",0,0.00491045010958429,0.0117193932872233,0,0.0390688853474544,TRUE,0.836
"CZ","R10","V19","V21","ipstrgv","ipudrst",0,5.08393467711213e-05,0.00113680235311912,0,0,TRUE,0.998
"CZ","R10","V2","V10","impenv","ipcrtiv",0,0.0245991310965611,0.0248171670094316,0,0.0769990489229463,TRUE,0.434
"CZ","R10","V2","V11","impenv","ipeqopt",0,0.0139767739511633,0.0210509709825316,0,0.0638056282202849,TRUE,0.656
"CZ","R10","V2","V12","impenv","ipfrule",0,0,0,0,0,TRUE,1
"CZ","R10","V2","V13","impenv","ipgdtim",0,0.00116207953639506,0.00622130991863519,0,0.0268837205414294,TRUE,0.962
"CZ","R10","V2","V14","impenv","iphlppl",0.113937443350775,0.119601108052615,0.0250487202860958,0.0661845628115521,0.166302955528665,FALSE,0
"CZ","R10","V2","V15","impenv","iplylfr",0.278234511854548,0.272669706561537,0.026198174213664,0.221247746875793,0.322815027329814,FALSE,0
"CZ","R10","V2","V16","impenv","ipmodst",0,0.00256213506583244,0.00946663072698713,0,0.0393383355529781,TRUE,0.924
"CZ","R10","V2","V17","impenv","iprspot",0,0.000680731215833955,0.00486720937627716,0,0,TRUE,0.98
"CZ","R10","V2","V18","impenv","ipshabt",0,-0.000196413708877325,0.00313502373709616,0,0,TRUE,0.996
"CZ","R10","V2","V19","impenv","ipstrgv",0.174965796018659,0.175635046492046,0.0251157624853456,0.123234512236053,0.224274445205513,FALSE,0
"CZ","R10","V2","V20","impenv","ipsuces",0,0.0090291081080646,0.0182063860380882,0,0.0548199463091824,TRUE,0.79
"CZ","R10","V2","V21","impenv","ipudrst",0.0650277588663367,0.0648481359041856,0.024809698984005,0,0.114777031338373,TRUE,0.03
"CZ","R10","V2","V3","impenv","impfree",0.0659808959896196,0.0684840912401789,0.0251193665085629,0.0229703662756535,0.117787446405796,FALSE,0.01
"CZ","R10","V2","V4","impenv","impfun",0,0.00340706677394106,0.0100569454278937,0,0.0372715647169867,TRUE,0.888
"CZ","R10","V2","V5","impenv","imprich",0,-0.0011587119628583,0.00816461260839292,0,0,TRUE,0.978
"CZ","R10","V2","V6","impenv","impsafe",0,0.00140395601163477,0.00668529763142115,0,0.0279717131378427,TRUE,0.954
"CZ","R10","V2","V7","impenv","imptrad",0.166414727478095,0.169303066454557,0.026362057469229,0.120636700156144,0.219538425285256,FALSE,0
"CZ","R10","V2","V8","impenv","ipadvnt",0,0,0,0,0,TRUE,1
"CZ","R10","V2","V9","impenv","ipbhprp",0,0.0250366527316552,0.0249807963472464,0,0.0766918672858241,TRUE,0.438
"CZ","R10","V20","V21","ipsuces","ipudrst",0,0.000750147349226923,0.00460103690534611,0,0.0188944251254936,TRUE,0.972
"CZ","R10","V3","V10","impfree","ipcrtiv",0.210066458701617,0.202161668745867,0.0231883987942495,0.156667389924461,0.246508163531422,FALSE,0
"CZ","R10","V3","V11","impfree","ipeqopt",0.0271156993363024,0.0264755148151704,0.0231099205930923,0,0.0737953340137514,TRUE,0.346
"CZ","R10","V3","V12","impfree","ipfrule",0,-0.00467337164844154,0.0153092612083971,-0.0580970700255276,0,TRUE,0.908
"CZ","R10","V3","V13","impfree","ipgdtim",0.172746874409051,0.167014766666587,0.0245932972995135,0.121394720663456,0.217736407980532,FALSE,0
"CZ","R10","V3","V14","impfree","iphlppl",0.0817020260438497,0.0783747304994268,0.0236036290058427,0.0335018632088829,0.123729849597907,FALSE,0.006
"CZ","R10","V3","V15","impfree","iplylfr",0.139462766020212,0.136685135769555,0.0229025304726853,0.0912199315001755,0.179985677002961,FALSE,0
"CZ","R10","V3","V16","impfree","ipmodst",0,0,0,0,0,TRUE,1
"CZ","R10","V3","V17","impfree","iprspot",0.0302862063608868,0.0282146332049347,0.0244264062657302,0,0.076960139744224,TRUE,0.346
"CZ","R10","V3","V18","impfree","ipshabt",0,0.00246487821217988,0.00870790304978667,0,0.0320207672859638,TRUE,0.918
"CZ","R10","V3","V19","impfree","ipstrgv",0.0449854712427787,0.0440238159972391,0.0246928817091078,0,0.0896858461723383,TRUE,0.122
"CZ","R10","V3","V20","impfree","ipsuces",0.0183982479815497,0.0153863599502657,0.0196894739894035,0,0.0593046281434856,TRUE,0.574
"CZ","R10","V3","V21","impfree","ipudrst",0,0,0,0,0,TRUE,1
"CZ","R10","V3","V4","impfree","impfun",0.0450910149801576,0.0398141747631018,0.0246833604193003,0,0.0834838936628566,TRUE,0.18
"CZ","R10","V3","V5","impfree","imprich",0,0,0,0,0,TRUE,1
"CZ","R10","V3","V6","impfree","impsafe",0.0549244289500164,0.0522232081319054,0.0220750161868762,0,0.0950376171642978,TRUE,0.054
"CZ","R10","V3","V7","impfree","imptrad",0,0,0,0,0,TRUE,1
"CZ","R10","V3","V8","impfree","ipadvnt",0,-0.0019882883069936,0.0102505427012475,-0.0425301375822937,0,TRUE,0.96
"CZ","R10","V3","V9","impfree","ipbhprp",0,0,0,0,0,TRUE,1
"CZ","R10","V4","V10","impfun","ipcrtiv",0,4.91175730778833e-05,0.00109830232291961,0,0,TRUE,0.998
"CZ","R10","V4","V11","impfun","ipeqopt",0,0,0,0,0,TRUE,1
"CZ","R10","V4","V12","impfun","ipfrule",0,5.35783474825175e-05,0.00119804827093014,0,0,TRUE,0.998
"CZ","R10","V4","V13","impfun","ipgdtim",0.329906936526419,0.32792155495983,0.0229256152334593,0.2830027266365,0.372193442586747,FALSE,0
"CZ","R10","V4","V14","impfun","iphlppl",0,0.00356117686905578,0.0108513583883253,0,0.0392623709801555,TRUE,0.896
"CZ","R10","V4","V15","impfun","iplylfr",0,0.00888080070424694,0.0168237993083577,0,0.053527028237656,TRUE,0.756
"CZ","R10","V4","V16","impfun","ipmodst",0,-0.00106414257371502,0.006276845259638,-0.027411051622694,0,TRUE,0.97
"CZ","R10","V4","V17","impfun","iprspot",0,0.00866467158437437,0.0177978660036273,0,0.0559344957585952,TRUE,0.796
"CZ","R10","V4","V18","impfun","ipshabt",0.0381440118958041,0.0354729062528629,0.0246487160770884,0,0.0809089067952622,TRUE,0.242
"CZ","R10","V4","V19","impfun","ipstrgv",0,0,0,0,0,TRUE,1
"CZ","R10","V4","V20","impfun","ipsuces",0.0623041279595385,0.0628131665262558,0.0248874959913387,0.0174562104288124,0.112469036546335,FALSE,0.022
"CZ","R10","V4","V21","impfun","ipudrst",0,0.000644089429034206,0.00457904316599034,0,0,TRUE,0.98
"CZ","R10","V4","V5","impfun","imprich",0,0.000451238002073816,0.00360305464478097,0,0,TRUE,0.984
"CZ","R10","V4","V6","impfun","impsafe",0,-0.000454559815242288,0.00544284976453746,0,0,TRUE,0.992
"CZ","R10","V4","V7","impfun","imptrad",0.0327281635421125,0.0219061631994656,0.0248105705129563,0,0.0756712074582481,TRUE,0.498
"CZ","R10","V4","V8","impfun","ipadvnt",0.192846264501833,0.189865895922551,0.0262876898783599,0.137431144097644,0.237594384914628,FALSE,0
"CZ","R10","V4","V9","impfun","ipbhprp",0,-0.00374591518145271,0.013225766977327,-0.0485713230276525,0,TRUE,0.92
"CZ","R10","V5","V10","imprich","ipcrtiv",0.118653870734322,0.104627481877708,0.0242666339352301,0.0592200394188895,0.147625159170014,FALSE,0.002
"CZ","R10","V5","V11","imprich","ipeqopt",0,0.0127770667143476,0.0231545144464761,0,0.0736608470524802,TRUE,0.738
"CZ","R10","V5","V12","imprich","ipfrule",0,0.00021589051396423,0.00382543234346277,0,0,TRUE,0.988
"CZ","R10","V5","V13","imprich","ipgdtim",0.104169580926171,0.0947225301216784,0.0255830290825278,0.0457850408788236,0.147039903243626,FALSE,0.004
"CZ","R10","V5","V14","imprich","iphlppl",-0.0948332031589357,-0.0477423461185356,0.0421043416415319,-0.120771282990696,0,TRUE,0.386
"CZ","R10","V5","V15","imprich","iplylfr",0,-0.0159643199912724,0.0282167905764943,-0.0905398607957846,0,TRUE,0.73
"CZ","R10","V5","V16","imprich","ipmodst",0,-0.00350266397883661,0.0110663273571705,-0.0407453151585294,0,TRUE,0.9
"CZ","R10","V5","V17","imprich","iprspot",0,0.00572810583105907,0.01417774137738,0,0.0475056077581659,TRUE,0.84
"CZ","R10","V5","V18","imprich","ipshabt",0.199420745315161,0.201593180212459,0.0227789153645984,0.154182024153154,0.245954934159152,FALSE,0
"CZ","R10","V5","V19","imprich","ipstrgv",0,0.0084569785733617,0.017456344323225,0,0.0554791166764072,TRUE,0.794
"CZ","R10","V5","V20","imprich","ipsuces",0.20925275221998,0.205128665664207,0.0256137897626676,0.155743695600306,0.253405101897509,FALSE,0
"CZ","R10","V5","V21","imprich","ipudrst",0,-0.00770325082950449,0.0188935668918684,-0.0638076138399626,0,TRUE,0.84
"CZ","R10","V5","V6","imprich","impsafe",0,0.000219390390960475,0.00294373057132662,0,0,TRUE,0.994
"CZ","R10","V5","V7","imprich","imptrad",0,0.00017609105153675,0.00278168239681188,0,0,TRUE,0.996
"CZ","R10","V5","V8","imprich","ipadvnt",0.11342190608405,0.112027132796173,0.0253087486742947,0.0630900091226318,0.159294900242102,FALSE,0
"CZ","R10","V5","V9","imprich","ipbhprp",0,0,0,0,0,TRUE,1
"CZ","R10","V6","V10","impsafe","ipcrtiv",0,0.00123307743536496,0.00606543794193327,0,0.0247581259075263,TRUE,0.956
"CZ","R10","V6","V11","impsafe","ipeqopt",0.208232507156017,0.20687329894262,0.0240890617180186,0.161437433966753,0.255811539600599,FALSE,0
"CZ","R10","V6","V12","impsafe","ipfrule",0.0880182281781965,0.0853666992264895,0.0236588928020055,0.0411857266504873,0.131545847432029,FALSE,0
"CZ","R10","V6","V13","impsafe","ipgdtim",0,0.000151149667535643,0.00260913694117806,0,0,TRUE,0.996
"CZ","R10","V6","V14","impsafe","iphlppl",0.0247209182400269,0.0220350059928994,0.0216697762702522,0,0.0663960263640312,TRUE,0.404
"CZ","R10","V6","V15","impsafe","iplylfr",0.0620444573255623,0.0599281416666176,0.0260283562950288,0,0.107138923566047,TRUE,0.05
"CZ","R10","V6","V16","impsafe","ipmodst",0.0280216348018355,0.0223343190187136,0.0235204689579108,0,0.0655610032222102,TRUE,0.476
"CZ","R10","V6","V17","impsafe","iprspot",0,0.00150905104038489,0.00636389179200784,0,0.0247660878792456,TRUE,0.942
"CZ","R10","V6","V18","impsafe","ipshabt",0,8.02773860481853e-05,0.00179505692259736,0,0,TRUE,0.998
"CZ","R10","V6","V19","impsafe","ipstrgv",0.283348871987536,0.284801840276375,0.0225161378046565,0.238753030243178,0.327701052143612,FALSE,0
"CZ","R10","V6","V20","impsafe","ipsuces",0,0,0,0,0,TRUE,1
"CZ","R10","V6","V21","impsafe","ipudrst",0.0274361242326152,0.0268889680497881,0.022562504528695,0,0.0737636649816376,TRUE,0.326
"CZ","R10","V6","V7","impsafe","imptrad",0.0428026094844881,0.0376033318669357,0.0273068899652179,0,0.0896968738499432,TRUE,0.252
"CZ","R10","V6","V8","impsafe","ipadvnt",-0.115418366579241,-0.116539749770512,0.0204585789987234,-0.156352045578138,-0.07702139807849,FALSE,0
"CZ","R10","V6","V9","impsafe","ipbhprp",0.0857837447784246,0.0843845587995557,0.0240268904086232,0.0365833487813863,0.133123378790747,FALSE,0.002
"CZ","R10","V7","V10","imptrad","ipcrtiv",0,0,0,0,0,TRUE,1
"CZ","R10","V7","V11","imptrad","ipeqopt",0,0.00432177616980892,0.0104898855024977,0,0.035347569072357,TRUE,0.838
"CZ","R10","V7","V12","imptrad","ipfrule",0.103889178318744,0.103071341073347,0.0267122314413038,0.0491035857703133,0.15540181226272,FALSE,0
"CZ","R10","V7","V13","imptrad","ipgdtim",0,-0.00010479984298126,0.00234339572937402,0,0,TRUE,0.998
"CZ","R10","V7","V14","imptrad","iphlppl",0.0774424593295889,0.0724625391555002,0.0253248255915629,0.0242606765979061,0.122310409151166,FALSE,0.01
"CZ","R10","V7","V15","imptrad","iplylfr",0.0426689915245291,0.0411706345550256,0.0263078637161835,0,0.0888815551125464,TRUE,0.196
"CZ","R10","V7","V16","imptrad","ipmodst",0.0484495260722913,0.0355244884838082,0.0274007758948149,0,0.0917500370029374,TRUE,0.268
"CZ","R10","V7","V17","imptrad","iprspot",0.0493969982587604,0.0499224821504112,0.0266019168895389,0,0.100661687686778,TRUE,0.096
"CZ","R10","V7","V18","imptrad","ipshabt",0,0.000178242483746907,0.00234698601253392,0,0,TRUE,0.994
"CZ","R10","V7","V19","imptrad","ipstrgv",0.0359724458585275,0.0342603298480199,0.0281336387309621,0,0.0870056228341258,TRUE,0.334
"CZ","R10","V7","V20","imptrad","ipsuces",0,0,0,0,0,TRUE,1
"CZ","R10","V7","V21","imptrad","ipudrst",0,0.000420585696802812,0.00325137366639973,0,0,TRUE,0.982
"CZ","R10","V7","V8","imptrad","ipadvnt",0,-0.00148353335400329,0.00775360823059788,-0.0342027255136271,0,TRUE,0.962
"CZ","R10","V7","V9","imptrad","ipbhprp",0.0766207295551403,0.0742875980423494,0.0290238790172015,0,0.126190578899362,TRUE,0.036
"CZ","R10","V8","V10","ipadvnt","ipcrtiv",0,0.000104091622343482,0.00232755943448261,0,0,TRUE,0.998
"CZ","R10","V8","V11","ipadvnt","ipeqopt",0,-0.000983578618663022,0.00623644065379262,-0.0224646530676198,0,TRUE,0.974
"CZ","R10","V8","V12","ipadvnt","ipfrule",0,5.02077838561072e-05,0.00112268017701872,0,0,TRUE,0.998
"CZ","R10","V8","V13","ipadvnt","ipgdtim",0.0939421755324031,0.0916672684478619,0.0270362633511966,0.0387466254503892,0.145979660229459,FALSE,0.002
"CZ","R10","V8","V14","ipadvnt","iphlppl",0,0,0,0,0,TRUE,1
"CZ","R10","V8","V15","ipadvnt","iplylfr",0,0,0,0,0,TRUE,1
"CZ","R10","V8","V16","ipadvnt","ipmodst",0,0.000144598866705785,0.00323332895423567,0,0,TRUE,0.998
"CZ","R10","V8","V17","ipadvnt","iprspot",0.0379580387597562,0.0358345644446223,0.0303063053008286,0,0.0935092307654704,TRUE,0.35
"CZ","R10","V8","V18","ipadvnt","ipshabt",0.0852134735287182,0.088364755430508,0.0240893607732378,0.037829224924743,0.13616996600479,FALSE,0.002
"CZ","R10","V8","V19","ipadvnt","ipstrgv",0,0,0,0,0,TRUE,1
"CZ","R10","V8","V20","ipadvnt","ipsuces",0.149391403330731,0.151945678799345,0.0235252871565325,0.107056417446114,0.197480092011423,FALSE,0
"CZ","R10","V8","V21","ipadvnt","ipudrst",0,0.00075916997866793,0.00526491275736592,0,0,TRUE,0.978
"CZ","R10","V8","V9","ipadvnt","ipbhprp",0,0.000108697752913295,0.00243055564515604,0,0,TRUE,0.998
"CZ","R10","V9","V10","ipbhprp","ipcrtiv",0,-0.000143390549605558,0.00228622068930986,0,0,TRUE,0.996
"CZ","R10","V9","V11","ipbhprp","ipeqopt",0,3.04451561699319e-05,0.000680774387815648,0,0,TRUE,0.998
"CZ","R10","V9","V12","ipbhprp","ipfrule",0.202869150866792,0.196338665799652,0.0257349094854477,0.143398487612367,0.24416029717926,FALSE,0
"CZ","R10","V9","V13","ipbhprp","ipgdtim",0,-0.000257633794400953,0.00342046942272013,0,0,TRUE,0.994
"CZ","R10","V9","V14","ipbhprp","iphlppl",0.0414065860686145,0.0343603838261539,0.0268604849099808,0,0.0902232309252218,TRUE,0.274
"CZ","R10","V9","V15","ipbhprp","iplylfr",0.0252502324183011,0.0246643897516205,0.0237855410968441,0,0.0742946469883815,TRUE,0.4
"CZ","R10","V9","V16","ipbhprp","ipmodst",0.243140394700335,0.238199657229206,0.0246817053461498,0.188343532224284,0.290104497523734,FALSE,0
"CZ","R10","V9","V17","ipbhprp","iprspot",0.171660267184062,0.168620512239739,0.0266879684240035,0.1170264041982,0.222696589099262,FALSE,0
"CZ","R10","V9","V18","ipbhprp","ipshabt",0,0,0,0,0,TRUE,1
"CZ","R10","V9","V19","ipbhprp","ipstrgv",0.0768896570831896,0.0763090728278486,0.0270159899683637,0,0.124588067446346,TRUE,0.036
"CZ","R10","V9","V20","ipbhprp","ipsuces",0,0.00108513495135035,0.00632306483317459,0,0.024817994943728,TRUE,0.968
"CZ","R10","V9","V21","ipbhprp","ipudrst",0.0192046474754458,0.016627911588533,0.0216257923525449,0,0.0671710528927975,TRUE,0.572
"CZ","R9","V1","V10","impdiff","ipcrtiv",0.155161517105381,0.15210260998177,0.0242876411760058,0.102839390093663,0.200297802336446,FALSE,0
"CZ","R9","V1","V11","impdiff","ipeqopt",0,-0.00721065565797519,0.0175316566400701,-0.0620751952343617,0,TRUE,0.84
"CZ","R9","V1","V12","impdiff","ipfrule",0.0838403245166776,0.0763040505503025,0.0323083866929089,0,0.136283313445707,TRUE,0.074
"CZ","R9","V1","V13","impdiff","ipgdtim",0.072669755824857,0.071485583994534,0.0257276046649607,0,0.120158353205139,TRUE,0.032
"CZ","R9","V1","V14","impdiff","iphlppl",0,0.00654496545924174,0.0150381562307814,0,0.0515552023624156,TRUE,0.826
"CZ","R9","V1","V15","impdiff","iplylfr",0,0.000144304917935029,0.00243501523543806,0,0,TRUE,0.996
"CZ","R9","V1","V16","impdiff","ipmodst",-0.0380282022600361,-0.0289722457779326,0.0307358033151767,-0.0873880396082562,0,TRUE,0.48
"CZ","R9","V1","V17","impdiff","iprspot",0,-9.63128603676934e-06,0.00207038606214439,0,0,TRUE,0.996
"CZ","R9","V1","V18","impdiff","ipshabt",0,0.0164941830983817,0.0200481947249662,0,0.0602117017565368,TRUE,0.54
"CZ","R9","V1","V19","impdiff","ipstrgv",0,-0.000166956990462515,0.00276900493779342,0,0,TRUE,0.996
"CZ","R9","V1","V2","impdiff","impenv",0,0.00186964948951879,0.00969260396961658,0,0.040252114325548,TRUE,0.958
"CZ","R9","V1","V20","impdiff","ipsuces",0.10778275286348,0.103946402524912,0.0249877930082139,0.0566606306551334,0.15421567551785,FALSE,0
"CZ","R9","V1","V21","impdiff","ipudrst",0.104522356630904,0.0954344143318217,0.0256451199085541,0.0435648615939565,0.143349022944338,FALSE,0.006
"CZ","R9","V1","V3","impdiff","impfree",0.0368959284224904,0.0377745910342177,0.0237209550820495,0,0.0840254774403207,TRUE,0.166
"CZ","R9","V1","V4","impdiff","impfun",0.103958787733051,0.10328240276555,0.025394741427099,0.0501314506997057,0.153115528478727,FALSE,0
"CZ","R9","V1","V5","impdiff","imprich",0.058169240991513,0.0561852944778342,0.0248762217694572,0,0.105305074237304,TRUE,0.058
"CZ","R9","V1","V6","impdiff","impsafe",0,0,0,0,0,TRUE,1
"CZ","R9","V1","V7","impdiff","imptrad",0,-0.00845092060316841,0.020315556763523,-0.0677592008398418,0,TRUE,0.832
"CZ","R9","V1","V8","impdiff","ipadvnt",0.220628242821052,0.222429811195285,0.0216338504781427,0.177205203515846,0.262865619669282,FALSE,0
"CZ","R9","V1","V9","impdiff","ipbhprp",-0.0391857086446344,-0.0363526837778755,0.0302653107934331,-0.0925582338089468,0,TRUE,0.34
"CZ","R9","V10","V11","ipcrtiv","ipeqopt",0.0644102702819336,0.0596666995210992,0.0251262507372903,0,0.106317159523624,TRUE,0.046
"CZ","R9","V10","V12","ipcrtiv","ipfrule",0,0.00118266670504836,0.00579911191463786,0,0.0250498331823537,TRUE,0.956
"CZ","R9","V10","V13","ipcrtiv","ipgdtim",0,0,0,0,0,TRUE,1
"CZ","R9","V10","V14","ipcrtiv","iphlppl",0,0.0124075850996088,0.0170908985551837,0,0.0523144034084504,TRUE,0.602
"CZ","R9","V10","V15","ipcrtiv","iplylfr",0,0.0109551643674911,0.0193080376835225,0,0.0617101565275122,TRUE,0.73
"CZ","R9","V10","V16","ipcrtiv","ipmodst",0,-0.000258193561239324,0.00293889957134751,0,0,TRUE,0.992
"CZ","R9","V10","V17","ipcrtiv","iprspot",0,3.91326656517435e-05,0.000875033005380697,0,0,TRUE,0.998
"CZ","R9","V10","V18","ipcrtiv","ipshabt",0.0453782546251358,0.0401747433670794,0.0267837867154017,0,0.0865351149848752,TRUE,0.244
"CZ","R9","V10","V19","ipcrtiv","ipstrgv",0,0.0017789531929801,0.0069952156004847,0,0.0258802312188323,TRUE,0.932
"CZ","R9","V10","V20","ipcrtiv","ipsuces",0.119953480932656,0.117733120883775,0.0236699091205246,0.0685067389529032,0.165629233250126,FALSE,0
"CZ","R9","V10","V21","ipcrtiv","ipudrst",0.0491585821644717,0.0386399945966705,0.0246968513971313,0,0.0861895867676915,TRUE,0.2
"CZ","R9","V11","V12","ipeqopt","ipfrule",0,0.00107873600332959,0.00542613182740279,0,0.0232858574630292,TRUE,0.958
"CZ","R9","V11","V13","ipeqopt","ipgdtim",0,-0.00063332233476031,0.00597878679917263,0,0,TRUE,0.988
"CZ","R9","V11","V14","ipeqopt","iphlppl",0.0794349606379651,0.0829515629790597,0.0238786265261083,0.0355661277729005,0.132430641636834,FALSE,0.002
"CZ","R9","V11","V15","ipeqopt","iplylfr",0.0274067301215766,0.0232165567963502,0.023417327205006,0,0.0702033253468871,TRUE,0.438
"CZ","R9","V11","V16","ipeqopt","ipmodst",0,0.0121920127876523,0.0202713538276382,0,0.061616667506524,TRUE,0.702
"CZ","R9","V11","V17","ipeqopt","iprspot",0,-0.00317016623131383,0.0119815512251029,-0.0513720110693663,0,TRUE,0.926
"CZ","R9","V11","V18","ipeqopt","ipshabt",0,0.0040266417804799,0.0125510709059383,0,0.0447844556531849,TRUE,0.894
"CZ","R9","V11","V19","ipeqopt","ipstrgv",0.0532705158094318,0.0542807633095158,0.0271666508977309,0,0.106439134112887,TRUE,0.09
"CZ","R9","V11","V20","ipeqopt","ipsuces",0,-0.000312478231659827,0.00348951514539166,0,0,TRUE,0.992
"CZ","R9","V11","V21","ipeqopt","ipudrst",0.101151505353554,0.0949752548672526,0.0250398962327851,0.0455571244993527,0.146759701409535,FALSE,0
"CZ","R9","V12","V13","ipfrule","ipgdtim",0,-0.000761625181937326,0.00549341524637711,0,0,TRUE,0.98
"CZ","R9","V12","V14","ipfrule","iphlppl",0.0224737306348429,0.02276302228108,0.0202693507447187,0,0.0637514309406818,TRUE,0.362
"CZ","R9","V12","V15","ipfrule","iplylfr",0,0,0,0,0,TRUE,1
"CZ","R9","V12","V16","ipfrule","ipmodst",0.102438015051136,0.0936658971578801,0.0261278857048626,0.0405473600794024,0.143853502209109,FALSE,0.004
"CZ","R9","V12","V17","ipfrule","iprspot",0.0154035147296568,0.015616164056052,0.0194505572706562,0,0.0567668121992597,TRUE,0.55
"CZ","R9","V12","V18","ipfrule","ipshabt",0,0,0,0,0,TRUE,1
"CZ","R9","V12","V19","ipfrule","ipstrgv",0,0.0129445164670507,0.0189035874658727,0,0.0568352555775034,TRUE,0.632
"CZ","R9","V12","V20","ipfrule","ipsuces",0,0.000870312157775009,0.00474548717198647,0,0.023757206353378,TRUE,0.966
"CZ","R9","V12","V21","ipfrule","ipudrst",0.149433664719219,0.145367953062613,0.0240366718387318,0.0992808478710667,0.194480418202406,FALSE,0
"CZ","R9","V13","V14","ipgdtim","iphlppl",0,-0.000958237242314342,0.00628594507344915,-0.0111416061787002,0,TRUE,0.976
"CZ","R9","V13","V15","ipgdtim","iplylfr",0,0.000608051979311383,0.00502114508987657,0,0,TRUE,0.984
"CZ","R9","V13","V16","ipgdtim","ipmodst",0,-4.36456292493502e-05,0.000975945939223002,0,0,TRUE,0.998
"CZ","R9","V13","V17","ipgdtim","iprspot",0.0315594196064585,0.0258512210611743,0.0257191457497849,0,0.0818364325414743,TRUE,0.44
"CZ","R9","V13","V18","ipgdtim","ipshabt",0.0655812460690392,0.0631062378316462,0.0232997563558752,0,0.108230619330041,TRUE,0.032
"CZ","R9","V13","V19","ipgdtim","ipstrgv",0,0,0,0,0,TRUE,1
"CZ","R9","V13","V20","ipgdtim","ipsuces",0.0274013949385755,0.0276199050340115,0.023450641224817,0,0.0756198234256736,TRUE,0.328
"CZ","R9","V13","V21","ipgdtim","ipudrst",0,0,0,0,0,TRUE,1
"CZ","R9","V14","V15","iphlppl","iplylfr",0.138273094550038,0.13723627999381,0.0255820211917221,0.0884019925724369,0.188960131745204,FALSE,0
"CZ","R9","V14","V16","iphlppl","ipmodst",0.117346087819793,0.118193177945792,0.0236217846437714,0.0762895549927115,0.166281034518399,FALSE,0
"CZ","R9","V14","V17","iphlppl","iprspot",0,0.00510993820780298,0.0131625444190145,0,0.0443647804581316,TRUE,0.848
"CZ","R9","V14","V18","iphlppl","ipshabt",0,8.4274544323574e-05,0.0018844360988033,0,0,TRUE,0.998
"CZ","R9","V14","V19","iphlppl","ipstrgv",0,0.00109609864143441,0.00554542720609398,0,0.0216969662628558,TRUE,0.958
"CZ","R9","V14","V20","iphlppl","ipsuces",0.0714559500837678,0.0682541555933203,0.0208270314124373,0.0259230221489971,0.108196933489649,FALSE,0.012
"CZ","R9","V14","V21","iphlppl","ipudrst",0.220879902466397,0.2168848703366,0.0256668863337475,0.16562754495916,0.266732512523414,FALSE,0
"CZ","R9","V15","V16","iplylfr","ipmodst",0,0.00407451332632485,0.0125615023031244,0,0.0475603779557952,TRUE,0.892
"CZ","R9","V15","V17","iplylfr","iprspot",0.103282779282576,0.103853345245556,0.0233262889898087,0.0596227516153342,0.145999686234913,FALSE,0
"CZ","R9","V15","V18","iplylfr","ipshabt",0,-0.00805330183608235,0.0202786902002113,-0.0707709850117448,0,TRUE,0.85
"CZ","R9","V15","V19","iplylfr","ipstrgv",0.0792049459527654,0.0810978891554185,0.0251879026919428,0.0356577794025766,0.132194632247368,FALSE,0.01
"CZ","R9","V15","V20","iplylfr","ipsuces",0,0.000499137638617279,0.0053587433364358,0,0,TRUE,0.99
"CZ","R9","V15","V21","iplylfr","ipudrst",0.0889725029143583,0.0835353837779901,0.022680043169154,0.0406146447731151,0.128861559305435,FALSE,0.002
"CZ","R9","V16","V17","ipmodst","iprspot",0,-0.00674462821304501,0.0168389188589573,-0.0577396025309094,0,TRUE,0.846
"CZ","R9","V16","V18","ipmodst","ipshabt",0,-0.00237754301185396,0.0107623333331633,-0.0446989033987983,0,TRUE,0.948
"CZ","R9","V16","V19","ipmodst","ipstrgv",0,-0.0207912156152768,0.0290811660873167,-0.0870360037526584,0,TRUE,0.624
"CZ","R9","V16","V20","ipmodst","ipsuces",0,-0.00111054782107459,0.00731690398960149,-0.0123769234650153,0,TRUE,0.976
"CZ","R9","V16","V21","ipmodst","ipudrst",0.258097003518448,0.248333247803226,0.0254610407366431,0.199339142636862,0.296203830142839,FALSE,0
"CZ","R9","V17","V18","iprspot","ipshabt",0.199048898995481,0.197457140849478,0.0236760232369739,0.153914764654748,0.239600226200124,FALSE,0
"CZ","R9","V17","V19","iprspot","ipstrgv",0,0.000138837392988931,0.00221747943083372,0,0,TRUE,0.996
"CZ","R9","V17","V20","iprspot","ipsuces",0.12374540368279,0.12138313763068,0.0244337858584494,0.0727449062251618,0.167458851642448,FALSE,0
"CZ","R9","V17","V21","iprspot","ipudrst",0,0,0,0,0,TRUE,1
"CZ","R9","V18","V19","ipshabt","ipstrgv",0,0,0,0,0,TRUE,1
"CZ","R9","V18","V20","ipshabt","ipsuces",0.195899334983175,0.194083126518719,0.0251622408246098,0.148060316903713,0.243312532871906,FALSE,0
"CZ","R9","V18","V21","ipshabt","ipudrst",0,0.000204816774055529,0.00273234680615741,0,0,TRUE,0.994
"CZ","R9","V19","V20","ipstrgv","ipsuces",0,0.00156116986281026,0.00695815453180258,0,0.0273804322217187,TRUE,0.946
"CZ","R9","V19","V21","ipstrgv","ipudrst",0,0.000609119832637723,0.00436876131282675,0,0,TRUE,0.98
"CZ","R9","V2","V10","impenv","ipcrtiv",0.0560912764865275,0.0455479984858962,0.0288544738911215,0,0.0976405393819609,TRUE,0.21
"CZ","R9","V2","V11","impenv","ipeqopt",0,0.00333116684506108,0.0100916147295993,0,0.0373164535067764,TRUE,0.892
"CZ","R9","V2","V12","impenv","ipfrule",0,0.00154651605102032,0.0067656058177122,0,0.0249341663031324,TRUE,0.944
"CZ","R9","V2","V13","impenv","ipgdtim",0,0,0,0,0,TRUE,1
"CZ","R9","V2","V14","impenv","iphlppl",0.102466154475522,0.09927324375078,0.0230481003493179,0.0536247455429036,0.145205735029682,FALSE,0
"CZ","R9","V2","V15","impenv","iplylfr",0.335478655403885,0.332213127012557,0.0266881486650831,0.275744829609947,0.382681370511634,FALSE,0
"CZ","R9","V2","V16","impenv","ipmodst",0,0.00234354630424905,0.00896716731462885,0,0.0357127906537016,TRUE,0.928
"CZ","R9","V2","V17","impenv","iprspot",0,-0.00126230596295572,0.00793004356356504,-0.0322970557739704,0,TRUE,0.974
"CZ","R9","V2","V18","impenv","ipshabt",0,-4.39813905316401e-05,0.000983453789737129,0,0,TRUE,0.998
"CZ","R9","V2","V19","impenv","ipstrgv",0.170100972289837,0.169639336079109,0.02344518370126,0.11793039704813,0.217616415960783,FALSE,0
"CZ","R9","V2","V20","impenv","ipsuces",0,0,0,0,0,TRUE,1
"CZ","R9","V2","V21","impenv","ipudrst",0,9.59147956437406e-05,0.00214472003107405,0,0,TRUE,0.998
"CZ","R9","V2","V3","impenv","impfree",0.0629368750794022,0.0601593309969431,0.0249142638439379,0,0.105159171764155,TRUE,0.054
"CZ","R9","V2","V4","impenv","impfun",0,0.00228231578448619,0.00917840961108011,0,0.0365021776558213,TRUE,0.936
"CZ","R9","V2","V5","impenv","imprich",-0.0691780603319884,-0.0571698194154553,0.0281234599083804,-0.100770713987969,0,TRUE,0.132
"CZ","R9","V2","V6","impenv","impsafe",0.034989938446368,0.0289788865528731,0.0247853598633746,0,0.0724725510496866,TRUE,0.354
"CZ","R9","V2","V7","impenv","imptrad",0.16416299570777,0.163767730716768,0.0242071602110004,0.114379407709068,0.211618958729251,FALSE,0
"CZ","R9","V2","V8","impenv","ipadvnt",0,0,0,0,0,TRUE,1
"CZ","R9","V2","V9","impenv","ipbhprp",0.033626772218903,0.0279502235045028,0.0252685955796818,0,0.075180502073848,TRUE,0.396
"CZ","R9","V20","V21","ipsuces","ipudrst",0,0,0,0,0,TRUE,1
"CZ","R9","V3","V10","impfree","ipcrtiv",0.185799305544074,0.182911732161481,0.0237766012763421,0.133928175276767,0.230336575952116,FALSE,0
"CZ","R9","V3","V11","impfree","ipeqopt",0.0569920331743178,0.0601058188250276,0.0272416420113447,0,0.113762587946487,TRUE,0.054
"CZ","R9","V3","V12","impfree","ipfrule",0,0.00153142862406364,0.00726643249828431,0,0.0296031124311196,TRUE,0.952
"CZ","R9","V3","V13","impfree","ipgdtim",0.190695481705443,0.18923956926251,0.0222042907277376,0.144035047964127,0.233966471266149,FALSE,0
"CZ","R9","V3","V14","impfree","iphlppl",0.0319387282727502,0.0359865279479036,0.0253043261847439,0,0.0863032571629023,TRUE,0.222
"CZ","R9","V3","V15","impfree","iplylfr",0.0669917519793168,0.0625531377618206,0.0262368109831037,0,0.113376029629306,TRUE,0.05
"CZ","R9","V3","V16","impfree","ipmodst",0,-0.0144169462964412,0.0229597392290031,-0.0692719047943911,0,TRUE,0.688
"CZ","R9","V3","V17","impfree","iprspot",0,0.00337441300479948,0.0104828136504051,0,0.0365021739935415,TRUE,0.896
"CZ","R9","V3","V18","impfree","ipshabt",0,-0.000177466234625338,0.00280646950888543,0,0,TRUE,0.996
"CZ","R9","V3","V19","impfree","ipstrgv",0.0445605739418502,0.0455486179089076,0.0251229281829552,0,0.0928355007575967,TRUE,0.124
"CZ","R9","V3","V20","impfree","ipsuces",0.0432539533057483,0.0402471887637329,0.0279424546094316,0,0.0939835231499572,TRUE,0.232
"CZ","R9","V3","V21","impfree","ipudrst",0,8.6875021788036e-05,0.00142694579274397,0,0,TRUE,0.996
"CZ","R9","V3","V4","impfree","impfun",0.0361910474288883,0.0363623763686815,0.0242451097846618,0,0.0831508049591374,TRUE,0.204
"CZ","R9","V3","V5","impfree","imprich",0,-0.00290199672565208,0.0131329287263584,-0.0571296437277218,0,TRUE,0.946
"CZ","R9","V3","V6","impfree","impsafe",0.061336654858391,0.0612730710729254,0.0249529874129053,0,0.112761285685778,TRUE,0.04
"CZ","R9","V3","V7","impfree","imptrad",0,-0.00641450123627301,0.0181535226742582,-0.0684787382761048,0,TRUE,0.874
"CZ","R9","V3","V8","impfree","ipadvnt",0,0,0,0,0,TRUE,1
"CZ","R9","V3","V9","impfree","ipbhprp",0,5.09687919060095e-05,0.00303361693443286,0,0,TRUE,0.994
"CZ","R9","V4","V10","impfun","ipcrtiv",0,0.00145585582437648,0.00633820364552419,0,0.0254542832451069,TRUE,0.944
"CZ","R9","V4","V11","impfun","ipeqopt",0,0.0022078014933054,0.00953611371970836,0,0.0358269772002044,TRUE,0.94
"CZ","R9","V4","V12","impfun","ipfrule",0,0.000260337081138906,0.00296992277522239,0,0,TRUE,0.992
"CZ","R9","V4","V13","impfun","ipgdtim",0.292760874581804,0.289801468489002,0.0215546630356747,0.247614795347028,0.33325443412402,FALSE,0
"CZ","R9","V4","V14","impfun","iphlppl",0,0.000377659992342657,0.00329672625584361,0,0,TRUE,0.986
"CZ","R9","V4","V15","impfun","iplylfr",0,0.00298383849801283,0.0101578594656321,0,0.0395852530584568,TRUE,0.914
"CZ","R9","V4","V16","impfun","ipmodst",0,0,0,0,0,TRUE,1
"CZ","R9","V4","V17","impfun","iprspot",0,0.000837542424881006,0.00521392949820659,0,0.0200653283847689,TRUE,0.972
"CZ","R9","V4","V18","impfun","ipshabt",0,0.0041504966384907,0.0112266629946646,0,0.0396909922457863,TRUE,0.866
"CZ","R9","V4","V19","impfun","ipstrgv",0,0.000558367297870629,0.00400630417948558,0,0,TRUE,0.98
"CZ","R9","V4","V20","impfun","ipsuces",0.0240459943257429,0.0191548345210889,0.0212181337331783,0,0.0647874283685024,TRUE,0.476
"CZ","R9","V4","V21","impfun","ipudrst",0,0.00131972165411896,0.00672460329430167,0,0.0301395202993958,TRUE,0.96
"CZ","R9","V4","V5","impfun","imprich",0.0263189365083624,0.023182264624632,0.0239865239637953,0,0.0726284201438297,TRUE,0.446
"CZ","R9","V4","V6","impfun","impsafe",0,-0.000720697626775456,0.00577937418634318,0,0,TRUE,0.982
"CZ","R9","V4","V7","impfun","imptrad",0,0.0296730648359218,0.0358892911571535,0,0.106265116923812,TRUE,0.544
"CZ","R9","V4","V8","impfun","ipadvnt",0.202283997459432,0.205190162401307,0.0247530012946779,0.159557189806168,0.256831989577125,FALSE,0
"CZ","R9","V4","V9","impfun","ipbhprp",0,-0.000253692252236066,0.00291251484930978,0,0,TRUE,0.992
"CZ","R9","V5","V10","imprich","ipcrtiv",0,0.0076141429759966,0.0175355742822245,0,0.0582628398232378,TRUE,0.82
"CZ","R9","V5","V11","imprich","ipeqopt",0,0.00163882187167807,0.00904965073698275,0,0.0355445534325935,TRUE,0.964
"CZ","R9","V5","V12","imprich","ipfrule",0,0.00212968141734306,0.00980056347014427,0,0.0398213449261333,TRUE,0.95
"CZ","R9","V5","V13","imprich","ipgdtim",0.131640337029678,0.126998153142303,0.0234345909259435,0.082260970362468,0.173119974520942,FALSE,0
"CZ","R9","V5","V14","imprich","iphlppl",0,-0.0126905429023996,0.023266509503375,-0.0730971416425884,0,TRUE,0.75
"CZ","R9","V5","V15","imprich","iplylfr",0,-0.000862719664136308,0.0061656506415972,0,0,TRUE,0.978
"CZ","R9","V5","V16","imprich","ipmodst",-0.031648191600109,-0.0249953309035564,0.023301944843156,-0.0681140896660167,0,TRUE,0.402
"CZ","R9","V5","V17","imprich","iprspot",0.0676928826540357,0.0648704457691767,0.0267674404630725,0,0.113725147677137,TRUE,0.058
"CZ","R9","V5","V18","imprich","ipshabt",0.246542208397521,0.243804014946847,0.0242105777280768,0.197044708213274,0.291393584666485,FALSE,0
"CZ","R9","V5","V19","imprich","ipstrgv",0,6.63857003156167e-05,0.00148442938639648,0,0,TRUE,0.998
"CZ","R9","V5","V20","imprich","ipsuces",0.201093011288199,0.196487188158842,0.0245471119612163,0.149321175507479,0.244496415065719,FALSE,0
"CZ","R9","V5","V21","imprich","ipudrst",-0.0339141710918675,-0.0141546327938547,0.0213206682775123,-0.0624877352292984,0,TRUE,0.666
"CZ","R9","V5","V6","imprich","impsafe",0,-4.76902898873779e-05,0.00106638730054848,0,0,TRUE,0.998
"CZ","R9","V5","V7","imprich","imptrad",0,-0.0112551205808761,0.0204476825326173,-0.0631328907104455,0,TRUE,0.736
"CZ","R9","V5","V8","imprich","ipadvnt",0.0710955277536567,0.0677602015724101,0.0264337884213718,0,0.115396973191683,TRUE,0.03
"CZ","R9","V5","V9","imprich","ipbhprp",0,-0.000137970346429941,0.00308511073496545,0,0,TRUE,0.998
"CZ","R9","V6","V10","impsafe","ipcrtiv",0.0336810728030111,0.0276524034372464,0.0239918030760629,0,0.0750291976397502,TRUE,0.344
"CZ","R9","V6","V11","impsafe","ipeqopt",0.133454617000441,0.131286886269153,0.0214334792767358,0.0901177601640974,0.172940312299859,FALSE,0
"CZ","R9","V6","V12","impsafe","ipfrule",0.0327753784250486,0.0280099972109688,0.0238489984194288,0,0.0745967580514707,TRUE,0.328
"CZ","R9","V6","V13","impsafe","ipgdtim",0,0.00650587473167022,0.0167136649231655,0,0.0581300587913019,TRUE,0.856
"CZ","R9","V6","V14","impsafe","iphlppl",0,0.00320991855960452,0.0101405739264752,0,0.0377942255475238,TRUE,0.896
"CZ","R9","V6","V15","impsafe","iplylfr",0,0.00314459818401062,0.0100823523774646,0,0.0384225186899804,TRUE,0.902
"CZ","R9","V6","V16","impsafe","ipmodst",0,-9.05663890807509e-05,0.002619164967251,0,0,TRUE,0.994
"CZ","R9","V6","V17","impsafe","iprspot",0,0.00928353714033762,0.0176694868177327,0,0.0580944572809701,TRUE,0.762
"CZ","R9","V6","V18","impsafe","ipshabt",0,0.0121192615293573,0.0215319441736793,0,0.0673708981712455,TRUE,0.734
"CZ","R9","V6","V19","impsafe","ipstrgv",0.267126518767152,0.265950209693095,0.0230703541225123,0.220750528359402,0.31149392400738,FALSE,0
"CZ","R9","V6","V20","impsafe","ipsuces",0,-0.00170576598346687,0.00948143604861508,-0.0353516422645353,0,TRUE,0.962
"CZ","R9","V6","V21","impsafe","ipudrst",0,0.00219487865089927,0.00864245797879144,0,0.0339022060764031,TRUE,0.932
"CZ","R9","V6","V7","impsafe","imptrad",0.0327309387703834,0.0358234780983848,0.0253934188431784,0,0.0853081782382321,TRUE,0.226
"CZ","R9","V6","V8","impsafe","ipadvnt",-0.116598949575086,-0.116264513258819,0.0264545939191772,-0.165337276056511,-0.0632960946339893,FALSE,0.004
"CZ","R9","V6","V9","impsafe","ipbhprp",0.0856390109289098,0.0837079422531987,0.0248000012475606,0.0362356301567169,0.134932053821093,FALSE,0
"CZ","R9","V7","V10","imptrad","ipcrtiv",0,0.00683913435763898,0.0180306443674094,0,0.0655368566545374,TRUE,0.86
"CZ","R9","V7","V11","imptrad","ipeqopt",0,-5.2584245891295e-05,0.00229700325948965,0,0,TRUE,0.996
"CZ","R9","V7","V12","imptrad","ipfrule",0.111701560203077,0.111216524657714,0.0271845916910537,0.0579210702457248,0.163678471708833,FALSE,0
"CZ","R9","V7","V13","imptrad","ipgdtim",0,-0.000283986789896913,0.00334953699023169,0,0,TRUE,0.992
"CZ","R9","V7","V14","imptrad","iphlppl",0.0858215427155897,0.0902889081408768,0.0251423947098721,0.0378036683143395,0.139432031340041,FALSE,0.002
"CZ","R9","V7","V15","imptrad","iplylfr",0.030695653935941,0.0289378832187495,0.025280914930969,0,0.0788908251498875,TRUE,0.356
"CZ","R9","V7","V16","imptrad","ipmodst",0.0189835628966669,0.0200075230093924,0.0213159190855196,0,0.064647066396455,TRUE,0.472
"CZ","R9","V7","V17","imptrad","iprspot",0,0.0219166653552109,0.0253474799348557,0,0.0713010849538944,TRUE,0.52
"CZ","R9","V7","V18","imptrad","ipshabt",0,0,0,0,0,TRUE,1
"CZ","R9","V7","V19","imptrad","ipstrgv",0.0731890365958348,0.0770512297396751,0.0242822516015451,0.0313912978804653,0.124707065998386,FALSE,0.01
"CZ","R9","V7","V20","imptrad","ipsuces",0,-0.00035720342922849,0.00416179628740471,0,0,TRUE,0.992
"CZ","R9","V7","V21","imptrad","ipudrst",0,-0.000215851272324548,0.00342006632410487,0,0,TRUE,0.996
"CZ","R9","V7","V8","imptrad","ipadvnt",0,-0.00193292274630306,0.00888960544773808,-0.0361616310423079,0,TRUE,0.948
"CZ","R9","V7","V9","imptrad","ipbhprp",0.0693140923886452,0.0664258140060586,0.0236703675073843,0.0236413381601306,0.117478826522428,FALSE,0.01
"CZ","R9","V8","V10","ipadvnt","ipcrtiv",0,0.00332510880265032,0.0116501841358019,0,0.0477190104112244,TRUE,0.916
"CZ","R9","V8","V11","ipadvnt","ipeqopt",0,-0.000721721823215682,0.00550365789105216,0,0,TRUE,0.98
"CZ","R9","V8","V12","ipadvnt","ipfrule",0,-0.00236600718496627,0.0103110678800585,-0.0419756461273733,0,TRUE,0.944
"CZ","R9","V8","V13","ipadvnt","ipgdtim",0.0783397810148508,0.0762747302722086,0.0261569469211649,0.0247223548053133,0.124901178564521,FALSE,0.016
"CZ","R9","V8","V14","ipadvnt","iphlppl",0,0,0,0,0,TRUE,1
"CZ","R9","V8","V15","ipadvnt","iplylfr",0,-0.0023209941273432,0.0099816509989183,-0.0417265133929938,0,TRUE,0.944
"CZ","R9","V8","V16","ipadvnt","ipmodst",0,-0.00898221581258339,0.0168249726714189,-0.0523290692156929,0,TRUE,0.758
"CZ","R9","V8","V17","ipadvnt","iprspot",0.062503364361143,0.0686674620979871,0.0266295424067505,0,0.116736471,TRUE,0.048
"CZ","R9","V8","V18","ipadvnt","ipshabt",0.0954621290100466,0.0940185607098467,0.0240705787859169,0.0450722757148504,0.144811979746655,FALSE,0.002
"CZ","R9","V8","V19","ipadvnt","ipstrgv",0,-0.000481008491478951,0.00415439894096953,0,0,TRUE,0.986
"CZ","R9","V8","V20","ipadvnt","ipsuces",0.104255740532926,0.104532303144193,0.0255279929101514,0.0558277071340621,0.153926049022211,FALSE,0.002
"CZ","R9","V8","V21","ipadvnt","ipudrst",0,0,0,0,0,TRUE,1
"CZ","R9","V8","V9","ipadvnt","ipbhprp",0,-0.000101388441657981,0.00160216938780811,0,0,TRUE,0.996
"CZ","R9","V9","V10","ipbhprp","ipcrtiv",0,-0.00231678522013143,0.0098750287598223,-0.0414321081118995,0,TRUE,0.944
"CZ","R9","V9","V11","ipbhprp","ipeqopt",0.0613653561288733,0.0599566554788986,0.0265729492398078,0,0.107588681914386,TRUE,0.048
"CZ","R9","V9","V12","ipbhprp","ipfrule",0.225702985444497,0.221622353130541,0.024550224428356,0.173615574686466,0.267947300325654,FALSE,0
"CZ","R9","V9","V13","ipbhprp","ipgdtim",-0.0285252594844484,-0.018895446029895,0.0257758131126661,-0.0770238432006681,0,TRUE,0.618
"CZ","R9","V9","V14","ipbhprp","iphlppl",0.0288485553606907,0.0251297471795452,0.0221638188031355,0,0.0742574269678699,TRUE,0.336
"CZ","R9","V9","V15","ipbhprp","iplylfr",0.0256775877997336,0.0239734672371513,0.0248947449682535,0,0.0755876830787741,TRUE,0.458
"CZ","R9","V9","V16","ipbhprp","ipmodst",0.182038245246492,0.178400391159852,0.0231959055624149,0.134571759873022,0.224839974060079,FALSE,0
"CZ","R9","V9","V17","ipbhprp","iprspot",0.142805808534371,0.142995349095449,0.0236848855719599,0.0976796608501362,0.189186345613899,FALSE,0
"CZ","R9","V9","V18","ipbhprp","ipshabt",0,-0.000211757751628866,0.00284656353198579,0,0,TRUE,0.994
"CZ","R9","V9","V19","ipbhprp","ipstrgv",0.0826965768036678,0.0861609590572819,0.0261136051048956,0.0319718437336686,0.134654453503237,FALSE,0.014
"CZ","R9","V9","V20","ipbhprp","ipsuces",0,0.0100768074439605,0.0192827218256408,0,0.0630383950123938,TRUE,0.754
"CZ","R9","V9","V21","ipbhprp","ipudrst",0,0.00357377123365426,0.0104789676998287,0,0.0419956585138283,TRUE,0.882
"EE","R10","V1","V10","impdiff","ipcrtiv",0.132145999444537,0.130780186897471,0.0263556171488251,0.0778802557080654,0.179532239680565,FALSE,0
"EE","R10","V1","V11","impdiff","ipeqopt",0,0.00521896234553592,0.0135777347311685,0,0.0501086335815446,TRUE,0.852
"EE","R10","V1","V12","impdiff","ipfrule",0,0,0,0,0,TRUE,1
"EE","R10","V1","V13","impdiff","ipgdtim",0.123802803990111,0.114860483169861,0.0265709753569487,0.0586869580940534,0.167046204289759,FALSE,0
"EE","R10","V1","V14","impdiff","iphlppl",0.0716858908884078,0.0609185423651298,0.0279293869707191,0,0.112213631529882,TRUE,0.086
"EE","R10","V1","V15","impdiff","iplylfr",0,0.0029943586925432,0.0100194991916424,0,0.0358840750582755,TRUE,0.902
"EE","R10","V1","V16","impdiff","ipmodst",0,-0.00162486683921428,0.00858612544607127,-0.0334326244634353,0,TRUE,0.96
"EE","R10","V1","V17","impdiff","iprspot",0,-0.00133275245398848,0.008105021042566,-0.0271373848158868,0,TRUE,0.968
"EE","R10","V1","V18","impdiff","ipshabt",0.0325248159030766,0.0266311287117841,0.0258393210441727,0,0.0792137869009942,TRUE,0.414
"EE","R10","V1","V19","impdiff","ipstrgv",0,0.000238186456771416,0.00237916994015848,0,0,TRUE,0.99
"EE","R10","V1","V2","impdiff","impenv",0,0.000855507873205981,0.00569575673629916,0,0.00925936497349628,TRUE,0.976
"EE","R10","V1","V20","impdiff","ipsuces",0,0.00436410808981339,0.0119379672350898,0,0.045080286378172,TRUE,0.868
"EE","R10","V1","V21","impdiff","ipudrst",0.0367590843897332,0.0411501165051729,0.0269396665247556,0,0.0923321132088989,TRUE,0.208
"EE","R10","V1","V3","impdiff","impfree",0.027320517537004,0.0261193284379808,0.0271272694050685,0,0.0786941904905931,TRUE,0.464
"EE","R10","V1","V4","impdiff","impfun",0.0195684570609859,0.0162367413062949,0.0233639763179536,0,0.0704163239657025,TRUE,0.632
"EE","R10","V1","V5","impdiff","imprich",0,0.000731721644038607,0.00517863084764463,0,0,TRUE,0.978
"EE","R10","V1","V6","impdiff","impsafe",0,-0.00103808695749402,0.0066783687733765,-0.0213310064810136,0,TRUE,0.974
"EE","R10","V1","V7","impdiff","imptrad",0,0.00679167185191275,0.0159401471467261,0,0.054299779261884,TRUE,0.826
"EE","R10","V1","V8","impdiff","ipadvnt",0.253721365715292,0.252016101060732,0.0260173596384506,0.203631653432416,0.308454873167792,FALSE,0
"EE","R10","V1","V9","impdiff","ipbhprp",0,-0.000394577344508006,0.00413194982476255,0,0,TRUE,0.986
"EE","R10","V10","V11","ipcrtiv","ipeqopt",0.0276652028751192,0.0257085169327191,0.0236579999790007,0,0.0734077182717672,TRUE,0.378
"EE","R10","V10","V12","ipcrtiv","ipfrule",0,4.26506439766963e-05,0.00227565570600105,0,0,TRUE,0.996
"EE","R10","V10","V13","ipcrtiv","ipgdtim",0,0.00396455896331945,0.0116480787966203,0,0.0431719142493985,TRUE,0.882
"EE","R10","V10","V14","ipcrtiv","iphlppl",0,0.00290176841910128,0.0105278440678622,0,0.0398786007075075,TRUE,0.918
"EE","R10","V10","V15","ipcrtiv","iplylfr",0,0.00464070043760961,0.0136538277450102,0,0.0501444502298392,TRUE,0.882
"EE","R10","V10","V16","ipcrtiv","ipmodst",-0.0583823866632823,-0.0656046696820161,0.0309404977894783,-0.121335095000418,0,TRUE,0.084
"EE","R10","V10","V17","ipcrtiv","iprspot",0,0.000132052670569047,0.0022674222885392,0,0,TRUE,0.996
"EE","R10","V10","V18","ipcrtiv","ipshabt",0.0728674690840925,0.0684805879052981,0.0290798400585579,0,0.118555520682345,TRUE,0.07
"EE","R10","V10","V19","ipcrtiv","ipstrgv",0,-7.87326305045852e-05,0.00176051513855626,0,0,TRUE,0.998
"EE","R10","V10","V20","ipcrtiv","ipsuces",0,0.00203405473502406,0.00871214579018535,0,0.0368414060728222,TRUE,0.944
"EE","R10","V10","V21","ipcrtiv","ipudrst",0,0.0251197433230101,0.0289758658271823,0,0.0849387914878587,TRUE,0.512
"EE","R10","V11","V12","ipeqopt","ipfrule",0,0.0109804735395903,0.0202613139477675,0,0.0655568104297732,TRUE,0.742
"EE","R10","V11","V13","ipeqopt","ipgdtim",0,-0.000423912386709387,0.00484217747122838,0,0,TRUE,0.992
"EE","R10","V11","V14","ipeqopt","iphlppl",0.0681413582289322,0.0574910942188602,0.0292657861672455,0,0.110172336887301,TRUE,0.092
"EE","R10","V11","V15","ipeqopt","iplylfr",0,0.00473486740588162,0.0131048113112078,0,0.0470311731639117,TRUE,0.868
"EE","R10","V11","V16","ipeqopt","ipmodst",0,0.00871800515896768,0.0185786489466079,0,0.0595862725079853,TRUE,0.798
"EE","R10","V11","V17","ipeqopt","iprspot",0,-0.000172059582217875,0.00274126461708969,0,0,TRUE,0.996
"EE","R10","V11","V18","ipeqopt","ipshabt",0.0732469895313904,0.0686573200270422,0.0306299277227904,0,0.1227587542625,TRUE,0.09
"EE","R10","V11","V19","ipeqopt","ipstrgv",0.0997240526932768,0.102671754452405,0.0304195540406776,0.039505438477095,0.165390729208224,FALSE,0.004
"EE","R10","V11","V20","ipeqopt","ipsuces",0,0.000833450551898914,0.00554189075346911,0,0.00887194480455972,TRUE,0.976
"EE","R10","V11","V21","ipeqopt","ipudrst",0.0754217865041083,0.0793950803378344,0.0308314686668543,0,0.137631607243535,TRUE,0.032
"EE","R10","V12","V13","ipfrule","ipgdtim",-0.0275477715218519,-0.0166719037529,0.0252484317120591,-0.075965373402304,0,TRUE,0.648
"EE","R10","V12","V14","ipfrule","iphlppl",0.0202040546307052,0.0137353791199532,0.0210699804897434,0,0.0625538597003215,TRUE,0.672
"EE","R10","V12","V15","ipfrule","iplylfr",0,-0.00104354217331016,0.00635502235119858,-0.0277845078555665,0,TRUE,0.972
"EE","R10","V12","V16","ipfrule","ipmodst",0.0169257595256431,0.0185605620612881,0.0240006488615482,0,0.0700796447747688,TRUE,0.56
"EE","R10","V12","V17","ipfrule","iprspot",0.0883486362349945,0.0748607717396816,0.0318968494776165,0,0.132877483069772,TRUE,0.07
"EE","R10","V12","V18","ipfrule","ipshabt",0,6.44063730228144e-05,0.00102410377604269,0,0,TRUE,0.996
"EE","R10","V12","V19","ipfrule","ipstrgv",0.0498632295470236,0.047715342693509,0.031335848596715,0,0.104288875470287,TRUE,0.202
"EE","R10","V12","V20","ipfrule","ipsuces",0,0.000462496445025436,0.00436163616327094,0,0,TRUE,0.988
"EE","R10","V12","V21","ipfrule","ipudrst",0,0.00495569678789638,0.0136685182729192,0,0.0450875141218614,TRUE,0.866
"EE","R10","V13","V14","ipgdtim","iphlppl",0,0.000879769023561533,0.00625041136200995,0,0.00915056480957343,TRUE,0.976
"EE","R10","V13","V15","ipgdtim","iplylfr",0.0449738851416753,0.0319577255138952,0.026494090273869,0,0.0828177582847243,TRUE,0.33
"EE","R10","V13","V16","ipgdtim","ipmodst",-0.0340045083060543,-0.0263614045958217,0.0282077506320393,-0.0839894877744776,0,TRUE,0.478
"EE","R10","V13","V17","ipgdtim","iprspot",0,-5.70962343954753e-05,0.00127671061367544,0,0,TRUE,0.998
"EE","R10","V13","V18","ipgdtim","ipshabt",0,0.00170192487743459,0.00742716039020595,0,0.0320285542739737,TRUE,0.946
"EE","R10","V13","V19","ipgdtim","ipstrgv",0,0.000638442638880831,0.00526045914415934,0,0,TRUE,0.984
"EE","R10","V13","V20","ipgdtim","ipsuces",0.0488614365612092,0.0422920449928833,0.0268468953394015,0,0.0919652006437409,TRUE,0.186
"EE","R10","V13","V21","ipgdtim","ipudrst",0,0.0211602678105663,0.0272511719024652,0,0.0807629010109672,TRUE,0.578
"EE","R10","V14","V15","iphlppl","iplylfr",0.241956988818406,0.234914266303336,0.0298306949491374,0.180181787998284,0.294815473426683,FALSE,0
"EE","R10","V14","V16","iphlppl","ipmodst",0.0267388804580689,0.0213222972152069,0.0280907527895983,0,0.0871204481742066,TRUE,0.576
"EE","R10","V14","V17","iphlppl","iprspot",0,-0.000454572420638509,0.00418771916657391,0,0,TRUE,0.988
"EE","R10","V14","V18","iphlppl","ipshabt",0,0.000417115619000589,0.00361976848519864,0,0,TRUE,0.986
"EE","R10","V14","V19","iphlppl","ipstrgv",0,0.000547760148154755,0.00478887503018886,0,0,TRUE,0.984
"EE","R10","V14","V20","iphlppl","ipsuces",0.0497319445313462,0.0363052749304669,0.0320514102726913,0,0.0962430281306522,TRUE,0.366
"EE","R10","V14","V21","iphlppl","ipudrst",0.0968468550975812,0.0960705536631279,0.0287616687252482,0.0383602528428147,0.146213495892819,FALSE,0.004
"EE","R10","V15","V16","iplylfr","ipmodst",0,0.00149651232082357,0.00852729579378801,0,0.033311075307395,TRUE,0.966
"EE","R10","V15","V17","iplylfr","iprspot",0,0,0,0,0,TRUE,1
"EE","R10","V15","V18","iplylfr","ipshabt",0,0.000526722978555017,0.00472568043503416,0,0,TRUE,0.986
"EE","R10","V15","V19","iplylfr","ipstrgv",0,0.000329433570278171,0.00419318103225775,0,0,TRUE,0.992
"EE","R10","V15","V20","iplylfr","ipsuces",0,0.00528128722952989,0.0139530431722374,0,0.0469009029490943,TRUE,0.858
"EE","R10","V15","V21","iplylfr","ipudrst",0.104548491118903,0.103446526964502,0.0317207428588969,0.0428648789193784,0.171556853819503,FALSE,0.004
"EE","R10","V16","V17","ipmodst","iprspot",0,-0.000218301425114563,0.00283250505671435,0,0,TRUE,0.994
"EE","R10","V16","V18","ipmodst","ipshabt",-0.0740553062183591,-0.071178559463348,0.0355123888854488,-0.129557645850118,0,TRUE,0.128
"EE","R10","V16","V19","ipmodst","ipstrgv",0,0.00844703829679572,0.0188634481979064,0,0.061530743951915,TRUE,0.804
"EE","R10","V16","V20","ipmodst","ipsuces",-0.0704559262326552,-0.0744843002865375,0.0341836029258391,-0.139314897106292,0,TRUE,0.088
"EE","R10","V16","V21","ipmodst","ipudrst",0,0.00328800740212647,0.0112118439997138,0,0.0427570800762498,TRUE,0.908
"EE","R10","V17","V18","iprspot","ipshabt",0,0.0100624255147864,0.0184457146006958,0,0.0588323543940468,TRUE,0.734
"EE","R10","V17","V19","iprspot","ipstrgv",0,0.00274452589013719,0.0102587696711816,0,0.0409323724806863,TRUE,0.93
"EE","R10","V17","V20","iprspot","ipsuces",0.233870887688344,0.227701067339148,0.0254588743934895,0.178071556641463,0.281241773033098,FALSE,0
"EE","R10","V17","V21","iprspot","ipudrst",0,-0.00181491188722575,0.00836678855928094,-0.0348485906650176,0,TRUE,0.95
"EE","R10","V18","V19","ipshabt","ipstrgv",0,8.06445220263146e-05,0.00379255068821502,0,0,TRUE,0.994
"EE","R10","V18","V20","ipshabt","ipsuces",0.346907335916959,0.346937648075688,0.0267911654029017,0.291924063578343,0.396065120007803,FALSE,0
"EE","R10","V18","V21","ipshabt","ipudrst",0,-0.00371765191985868,0.0141096796143602,-0.0575067710719744,0,TRUE,0.93
"EE","R10","V19","V20","ipstrgv","ipsuces",0.107698140622484,0.108680731877286,0.0275564547287402,0.0537591359553434,0.160587534251886,FALSE,0.008
"EE","R10","V19","V21","ipstrgv","ipudrst",0,0.0161670260998309,0.0227419483018899,0,0.0698248581315785,TRUE,0.61
"EE","R10","V2","V10","impenv","ipcrtiv",0,0.00492283337390656,0.0144081606727124,0,0.0558642084616899,TRUE,0.88
"EE","R10","V2","V11","impenv","ipeqopt",0.0728498570562205,0.0660089152245837,0.0257243204776083,0,0.11095945449717,TRUE,0.036
"EE","R10","V2","V12","impenv","ipfrule",0,6.9677499163247e-05,0.00155803624631205,0,0,TRUE,0.998
"EE","R10","V2","V13","impenv","ipgdtim",0,0.00124867820150383,0.00775927500561264,0,0.0240755820701791,TRUE,0.97
"EE","R10","V2","V14","impenv","iphlppl",0.0987621138571065,0.0934921450869884,0.0284900602513613,0.0392828505568533,0.147336273086998,FALSE,0.002
"EE","R10","V2","V15","impenv","iplylfr",0.198706149816333,0.193704160668647,0.0290191702231377,0.136498535845185,0.252582372933614,FALSE,0
"EE","R10","V2","V16","impenv","ipmodst",0.0374374004092456,0.0302471559458962,0.0286620728018714,0,0.0853358290158315,TRUE,0.404
"EE","R10","V2","V17","impenv","iprspot",0,-0.000564659919912709,0.00500472163009067,0,0,TRUE,0.986
"EE","R10","V2","V18","impenv","ipshabt",0,-4.69459768272066e-05,0.00104974395455764,0,0,TRUE,0.998
"EE","R10","V2","V19","impenv","ipstrgv",0.128873134492141,0.127999739134385,0.0256164544186854,0.0750899714085927,0.177599715368304,FALSE,0
"EE","R10","V2","V20","impenv","ipsuces",0,7.44708947008595e-05,0.00166521982896351,0,0,TRUE,0.998
"EE","R10","V2","V21","impenv","ipudrst",0.052121824067669,0.047463943687934,0.0291090424254945,0,0.105730755658279,TRUE,0.142
"EE","R10","V2","V3","impenv","impfree",0.0278328070263809,0.0269817785420396,0.0284946633476276,0,0.0869251624634731,TRUE,0.464
"EE","R10","V2","V4","impenv","impfun",0,-0.00122800134649535,0.0066010867835504,-0.0286578655672883,0,TRUE,0.964
"EE","R10","V2","V5","impenv","imprich",0,-0.0203869427314127,0.0263863273620502,-0.0780084714318651,0,TRUE,0.578
"EE","R10","V2","V6","impenv","impsafe",0.0822938574107555,0.0782040179164973,0.0264621214983695,0.0272794704599072,0.12724420389781,FALSE,0.018
"EE","R10","V2","V7","impenv","imptrad",0.114598333005333,0.109940834778889,0.0262572057865739,0.056594697971906,0.158842030824653,FALSE,0
"EE","R10","V2","V8","impenv","ipadvnt",0,-5.29302664329964e-05,0.00118355673811355,0,0,TRUE,0.998
"EE","R10","V2","V9","impenv","ipbhprp",0,0.00408936728835811,0.0119628492452269,0,0.0452597774983514,TRUE,0.878
"EE","R10","V20","V21","ipsuces","ipudrst",0,0.000655345676810642,0.00634130493527732,0,0,TRUE,0.988
"EE","R10","V3","V10","impfree","ipcrtiv",0.0548086798381035,0.0543463248576168,0.0283881386388217,0,0.109770764474481,TRUE,0.096
"EE","R10","V3","V11","impfree","ipeqopt",0.0130845691170982,0.0219718733860252,0.0252347717610608,0,0.0724060781163791,TRUE,0.504
"EE","R10","V3","V12","impfree","ipfrule",0,-0.0240856018130653,0.0312943728749632,-0.0925166601449074,0,TRUE,0.578
"EE","R10","V3","V13","impfree","ipgdtim",0.144858247611013,0.138665864189902,0.0285139413169608,0.0822716454169518,0.193935736380785,FALSE,0
"EE","R10","V3","V14","impfree","iphlppl",0,0.00554172927055498,0.0145403983256164,0,0.0517118841066802,TRUE,0.858
"EE","R10","V3","V15","impfree","iplylfr",0.0334537918103675,0.0329216240323001,0.0296387744519487,0,0.0901367687718601,TRUE,0.37
"EE","R10","V3","V16","impfree","ipmodst",0,-0.00178939662429456,0.00950848668539091,-0.0360190697777122,0,TRUE,0.95
"EE","R10","V3","V17","impfree","iprspot",0,0.00886880034522621,0.0200920929625328,0,0.0684103227769588,TRUE,0.82
"EE","R10","V3","V18","impfree","ipshabt",0,7.94028254143122e-05,0.0017755011523195,0,0,TRUE,0.998
"EE","R10","V3","V19","impfree","ipstrgv",0,0.00502227238331188,0.0141566640351649,0,0.0482079375309026,TRUE,0.866
"EE","R10","V3","V20","impfree","ipsuces",0,0.00395529858775989,0.0118801461942397,0,0.0451123661622099,TRUE,0.892
"EE","R10","V3","V21","impfree","ipudrst",0,0.000505759340661712,0.00412611949727053,0,0,TRUE,0.982
"EE","R10","V3","V4","impfree","impfun",0,-9.34375453587166e-05,0.0020893270307281,0,0,TRUE,0.998
"EE","R10","V3","V5","impfree","imprich",0,0.0038409806731013,0.0116032316861799,0,0.044871680574824,TRUE,0.892
"EE","R10","V3","V6","impfree","impsafe",0,0.000438811063378363,0.00409533010270806,0,0,TRUE,0.988
"EE","R10","V3","V7","impfree","imptrad",0,-9.40646799746343e-05,0.00314726454899364,0,0,TRUE,0.994
"EE","R10","V3","V8","impfree","ipadvnt",0.0303085107857965,0.0335017083382495,0.0258746776187557,0,0.0823844045425079,TRUE,0.29
"EE","R10","V3","V9","impfree","ipbhprp",0,-0.000234216953834559,0.00281538343812486,0,0,TRUE,0.992
"EE","R10","V4","V10","impfun","ipcrtiv",0,0.0119713968469342,0.0217475985755563,0,0.0672117851097113,TRUE,0.736
"EE","R10","V4","V11","impfun","ipeqopt",0,0,0,0,0,TRUE,1
"EE","R10","V4","V12","impfun","ipfrule",0,-0.000555783655602416,0.0044079228144891,0,0,TRUE,0.984
"EE","R10","V4","V13","impfun","ipgdtim",0.229813066322696,0.219978990958892,0.0251245099253244,0.167782985351811,0.269002829479532,FALSE,0
"EE","R10","V4","V14","impfun","iphlppl",0,-0.000833669634190928,0.00615851896797321,0,0,TRUE,0.98
"EE","R10","V4","V15","impfun","iplylfr",0,0,0,0,0,TRUE,1
"EE","R10","V4","V16","impfun","ipmodst",0,-0.00131870871917193,0.00709618142584131,-0.0264334365347265,0,TRUE,0.962
"EE","R10","V4","V17","impfun","iprspot",0,0.00132472388271244,0.00787295611175147,0,0.0257374960962544,TRUE,0.968
"EE","R10","V4","V18","impfun","ipshabt",0.0339322331876083,0.0264903462113782,0.0243357169974101,0,0.0741092362759459,TRUE,0.386
"EE","R10","V4","V19","impfun","ipstrgv",0,0.000908815697968267,0.00569468711415805,0,0.0199757111793787,TRUE,0.972
"EE","R10","V4","V20","impfun","ipsuces",0.0484868438772603,0.0427310679142691,0.0295206726589915,0,0.0979798981762036,TRUE,0.23
"EE","R10","V4","V21","impfun","ipudrst",0,-0.00015984147835888,0.00254444561445698,0,0,TRUE,0.996
"EE","R10","V4","V5","impfun","imprich",0.0974985310906073,0.0939507692904318,0.0278117879361991,0.0374335575242512,0.150134526291648,FALSE,0.004
"EE","R10","V4","V6","impfun","impsafe",0,-0.00149172728094406,0.00826606961437121,-0.0314783670006745,0,TRUE,0.964
"EE","R10","V4","V7","impfun","imptrad",0,0.00112599819859237,0.00693571732760633,0,0.0199192849341357,TRUE,0.97
"EE","R10","V4","V8","impfun","ipadvnt",0.223755301178344,0.216404319722998,0.0276754233861197,0.163129813895991,0.269518881431733,FALSE,0
"EE","R10","V4","V9","impfun","ipbhprp",0,-0.00128199824776435,0.00672505761974788,-0.0293888591579339,0,TRUE,0.962
"EE","R10","V5","V10","imprich","ipcrtiv",0,0.0273973919636049,0.0277416459959767,0,0.084024936728532,TRUE,0.432
"EE","R10","V5","V11","imprich","ipeqopt",0,0.00089753397235887,0.00598704276512235,0,0.00934003571237614,TRUE,0.976
"EE","R10","V5","V12","imprich","ipfrule",0,-0.000257204983762974,0.00342286880288881,0,0,TRUE,0.994
"EE","R10","V5","V13","imprich","ipgdtim",0.0281426065505467,0.0314061397624449,0.0297697752211001,0,0.0903495260001962,TRUE,0.396
"EE","R10","V5","V14","imprich","iphlppl",0,-0.0126800427109483,0.023043402078341,-0.0741120674294031,0,TRUE,0.742
"EE","R10","V5","V15","imprich","iplylfr",0,-0.000967520641815382,0.00657667864309824,-0.0127704140747381,0,TRUE,0.976
"EE","R10","V5","V16","imprich","ipmodst",0,-0.0132348196116343,0.0209407317601165,-0.0657802142559327,0,TRUE,0.658
"EE","R10","V5","V17","imprich","iprspot",0.132614382698775,0.137376738985317,0.0280337627014446,0.0786688499694661,0.191325708997133,FALSE,0
"EE","R10","V5","V18","imprich","ipshabt",0.0944270613585841,0.0956114699823366,0.0273018168538189,0.0419231347912092,0.151432698760432,FALSE,0.008
"EE","R10","V5","V19","imprich","ipstrgv",0,0.00501952033400092,0.0143414967759816,0,0.0533050311398618,TRUE,0.88
"EE","R10","V5","V20","imprich","ipsuces",0.142211582450412,0.14693738136009,0.0289065742362891,0.0901329356075663,0.203891224139896,FALSE,0
"EE","R10","V5","V21","imprich","ipudrst",0,-0.00727367933031451,0.0180097406758307,-0.062910438235896,0,TRUE,0.838
"EE","R10","V5","V6","imprich","impsafe",0,0.00100496900491978,0.00639844156742545,0,0.0296050953428476,TRUE,0.974
"EE","R10","V5","V7","imprich","imptrad",0,0,0,0,0,TRUE,1
"EE","R10","V5","V8","imprich","ipadvnt",0,0.00100088915898703,0.00544544658205691,0,0.0226198680026285,TRUE,0.964
"EE","R10","V5","V9","imprich","ipbhprp",0,-8.45701325736072e-05,0.00189104565300755,0,0,TRUE,0.998
"EE","R10","V6","V10","impsafe","ipcrtiv",0,-0.0021074764564517,0.00953491703578665,-0.0429404611099911,0,TRUE,0.948
"EE","R10","V6","V11","impsafe","ipeqopt",0,0.00710853217816511,0.0153226824390848,0,0.0511868387715151,TRUE,0.796
"EE","R10","V6","V12","impsafe","ipfrule",0,0.00550046158011284,0.0132904199936817,0,0.0485316190365495,TRUE,0.832
"EE","R10","V6","V13","impsafe","ipgdtim",0.0383348278805101,0.0308294260041159,0.0318874999186858,0,0.0931156526457418,TRUE,0.45
"EE","R10","V6","V14","impsafe","iphlppl",0,0.0184504166218169,0.0221166049698517,0,0.06700995934574,TRUE,0.528
"EE","R10","V6","V15","impsafe","iplylfr",0,0.00047396081280331,0.00404166962907575,0,0,TRUE,0.986
"EE","R10","V6","V16","impsafe","ipmodst",0.0833640589493555,0.0867015142242344,0.0291944106308139,0.0272038202655183,0.142827968493832,FALSE,0.016
"EE","R10","V6","V17","impsafe","iprspot",0,0.00400755864985541,0.0118547283882504,0,0.0446875883511645,TRUE,0.888
"EE","R10","V6","V18","impsafe","ipshabt",0.0924462787464245,0.0870893062469005,0.0338889577538949,0,0.140739410097545,TRUE,0.072
"EE","R10","V6","V19","impsafe","ipstrgv",0.0437168051064052,0.0436955930730629,0.0255500273929284,0,0.0916129260260322,TRUE,0.142
"EE","R10","V6","V20","impsafe","ipsuces",0,-7.24035246304187e-05,0.00335098192152507,0,0,TRUE,0.994
"EE","R10","V6","V21","impsafe","ipudrst",0,0,0,0,0,TRUE,1
"EE","R10","V6","V7","impsafe","imptrad",0.110546160078404,0.109398087662527,0.0273078734318859,0.0537443975320332,0.162414252355174,FALSE,0
"EE","R10","V6","V8","impsafe","ipadvnt",-0.113088476571072,-0.117253420325425,0.0291234922271807,-0.170733847849688,-0.0560270568521804,FALSE,0.006
"EE","R10","V6","V9","impsafe","ipbhprp",0.132267850110712,0.132398502005553,0.0290527407627435,0.0752039537754516,0.186930733873478,FALSE,0
"EE","R10","V7","V10","imptrad","ipcrtiv",0,-0.000148745855442218,0.00282468219085762,0,0,TRUE,0.99
"EE","R10","V7","V11","imptrad","ipeqopt",0,-0.00120781566659121,0.00772666933491313,-0.026441130433965,0,TRUE,0.974
"EE","R10","V7","V12","imptrad","ipfrule",0,0.0052971121933874,0.0139692716018249,0,0.0484147489173958,TRUE,0.852
"EE","R10","V7","V13","imptrad","ipgdtim",0,-5.03736326362322e-05,0.00112638866848217,0,0,TRUE,0.998
"EE","R10","V7","V14","imptrad","iphlppl",0.0573561308881199,0.0534917585862043,0.0283515505373326,0,0.111663393501202,TRUE,0.108
"EE","R10","V7","V15","imptrad","iplylfr",0.0590375597478263,0.0518065722726583,0.0329711752008904,0,0.104438103152178,TRUE,0.2
"EE","R10","V7","V16","imptrad","ipmodst",0,0.00750956894057187,0.0168312562136331,0,0.0563217272727322,TRUE,0.81
"EE","R10","V7","V17","imptrad","iprspot",0.04535243901434,0.0390073932570809,0.0289449134002556,0,0.0934266797175095,TRUE,0.28
"EE","R10","V7","V18","imptrad","ipshabt",0,0.00212702687213314,0.00974133510850064,0,0.0335817213104855,TRUE,0.946
"EE","R10","V7","V19","imptrad","ipstrgv",0,0.00136983608434195,0.00637117224404682,0,0.024736094881354,TRUE,0.948
"EE","R10","V7","V20","imptrad","ipsuces",0,0,0,0,0,TRUE,1
"EE","R10","V7","V21","imptrad","ipudrst",0,0.000462620714172374,0.00350961192718471,0,0,TRUE,0.982
"EE","R10","V7","V8","imptrad","ipadvnt",0,-0.000199236623565888,0.00259068600400613,0,0,TRUE,0.994
"EE","R10","V7","V9","imptrad","ipbhprp",0.10543852464178,0.101460912504854,0.0291395725084444,0.0439540319735113,0.161605541570502,FALSE,0
"EE","R10","V8","V10","ipadvnt","ipcrtiv",0.0664444729915181,0.0611558326442319,0.0297562718502466,0,0.113148184024505,TRUE,0.102
"EE","R10","V8","V11","ipadvnt","ipeqopt",0,0.00169318128134964,0.00845733259326061,0,0.03436277321617,TRUE,0.956
"EE","R10","V8","V12","ipadvnt","ipfrule",-0.0358002959571627,-0.0295155095485748,0.0282879610301642,-0.0850040679156208,0,TRUE,0.406
"EE","R10","V8","V13","ipadvnt","ipgdtim",0.0640091886990712,0.0604270641701714,0.0302306193269158,0,0.115695403013779,TRUE,0.086
"EE","R10","V8","V14","ipadvnt","iphlppl",0,-0.000190796258307027,0.00304122927573657,0,0,TRUE,0.996
"EE","R10","V8","V15","ipadvnt","iplylfr",0,0.00972558042942743,0.0185185291983878,0,0.0571849564267285,TRUE,0.76
"EE","R10","V8","V16","ipadvnt","ipmodst",-0.0495460073743781,-0.0461615994746411,0.0304108615033505,-0.105798757665544,0,TRUE,0.194
"EE","R10","V8","V17","ipadvnt","iprspot",0,0.000470592221841061,0.00434914396409518,0,0,TRUE,0.988
"EE","R10","V8","V18","ipadvnt","ipshabt",0.0299246556225101,0.0287613839479945,0.0279358161354978,0,0.0842840273519156,TRUE,0.41
"EE","R10","V8","V19","ipadvnt","ipstrgv",0,-0.00405647864889108,0.012944308279872,-0.0474238039824745,0,TRUE,0.902
"EE","R10","V8","V20","ipadvnt","ipsuces",0.0732148183878255,0.0698023844330098,0.029829902891844,0,0.123757120917757,TRUE,0.062
"EE","R10","V8","V21","ipadvnt","ipudrst",0,0.000167581118446161,0.00295151441574033,0,0,TRUE,0.996
"EE","R10","V8","V9","ipadvnt","ipbhprp",-0.050511549532258,-0.0402999281386693,0.0286560146472234,-0.0992139858144867,0,TRUE,0.242
"EE","R10","V9","V10","ipbhprp","ipcrtiv",0,-0.00120404547049664,0.00709676405137903,-0.0281572158644747,0,TRUE,0.968
"EE","R10","V9","V11","ipbhprp","ipeqopt",0,0.0103710740320731,0.0188135788129426,0,0.0596934854011286,TRUE,0.726
"EE","R10","V9","V12","ipbhprp","ipfrule",0.171681409427911,0.162368155489498,0.0268931684110286,0.109642088870012,0.217398302960303,FALSE,0
"EE","R10","V9","V13","ipbhprp","ipgdtim",0,-0.000693432608982117,0.0056385920102043,0,0,TRUE,0.982
"EE","R10","V9","V14","ipbhprp","iphlppl",0.0596743106215932,0.0503639418908687,0.0268618231019171,0,0.101247308730793,TRUE,0.106
"EE","R10","V9","V15","ipbhprp","iplylfr",0,0.00408735389210785,0.0133426978541958,0,0.0495674670278115,TRUE,0.906
"EE","R10","V9","V16","ipbhprp","ipmodst",0.16093385023806,0.152385718024732,0.0278260840833094,0.101387086081103,0.204544925036269,FALSE,0
"EE","R10","V9","V17","ipbhprp","iprspot",0.0411702322498423,0.0254849392263059,0.0272257194486893,0,0.0784444383310238,TRUE,0.47
"EE","R10","V9","V18","ipbhprp","ipshabt",0,0.00028112577697618,0.00427337994215915,0,0,TRUE,0.99
"EE","R10","V9","V19","ipbhprp","ipstrgv",0.053218218860715,0.0485945826816537,0.0289862857018931,0,0.10502964913213,TRUE,0.15
"EE","R10","V9","V20","ipbhprp","ipsuces",0,3.92026700796638e-05,0.000876598351976253,0,0,TRUE,0.998
"EE","R10","V9","V21","ipbhprp","ipudrst",0,0.0171152059717746,0.0234544138332833,0,0.0741608704215307,TRUE,0.594
"EE","R9","V1","V10","impdiff","ipcrtiv",0.174132063349648,0.169982927137983,0.0225497598365097,0.127598492745385,0.215027951061382,FALSE,0
"EE","R9","V1","V11","impdiff","ipeqopt",0,0.00639439453995733,0.0141331490001983,0,0.0475082703788534,TRUE,0.806
"EE","R9","V1","V12","impdiff","ipfrule",0,0,0,0,0,TRUE,1
"EE","R9","V1","V13","impdiff","ipgdtim",0.158437904052246,0.156688677461624,0.0244597494402922,0.109764443497522,0.204970355115872,FALSE,0
"EE","R9","V1","V14","impdiff","iphlppl",0,0.0129787781317354,0.020024374660424,0,0.0598016627961968,TRUE,0.668
"EE","R9","V1","V15","impdiff","iplylfr",0.0513261797534542,0.0491694531630551,0.0248762015700952,0,0.0954527536693849,TRUE,0.108
"EE","R9","V1","V16","impdiff","ipmodst",0,0,0,0,0,TRUE,1
"EE","R9","V1","V17","impdiff","iprspot",0,0.00325579444912699,0.0111099244884035,0,0.0458156887482345,TRUE,0.912
"EE","R9","V1","V18","impdiff","ipshabt",0,0.00079902538155666,0.0055210895435038,0,0.00881826406288987,TRUE,0.976
"EE","R9","V1","V19","impdiff","ipstrgv",0,-0.00248514083209838,0.0115474975723725,-0.0490055974891224,0,TRUE,0.952
"EE","R9","V1","V2","impdiff","impenv",0,0.000312636128113387,0.00325516955474035,0,0,TRUE,0.99
"EE","R9","V1","V20","impdiff","ipsuces",0.0267523833710448,0.0166031338165576,0.022262245336693,0,0.0663792034298833,TRUE,0.602
"EE","R9","V1","V21","impdiff","ipudrst",0.0188740373557937,0.0112334839199451,0.0190306389549207,0,0.0568880445845385,TRUE,0.718
"EE","R9","V1","V3","impdiff","impfree",0,0.00400845499411862,0.0116686987609128,0,0.0404834843267747,TRUE,0.882
"EE","R9","V1","V4","impdiff","impfun",0.0433837324663959,0.0384720196143365,0.0272700552116733,0,0.0963994926584248,TRUE,0.218
"EE","R9","V1","V5","impdiff","imprich",0,-0.000195692667735492,0.00309863925242462,0,0,TRUE,0.996
"EE","R9","V1","V6","impdiff","impsafe",0,0.000423121921225129,0.00431943062985343,0,0,TRUE,0.99
"EE","R9","V1","V7","impdiff","imptrad",0,0.000445190740196974,0.00429682483938949,0,0,TRUE,0.988
"EE","R9","V1","V8","impdiff","ipadvnt",0.279285121402877,0.272116877005847,0.0228177594130134,0.227619001595848,0.315804528187791,FALSE,0
"EE","R9","V1","V9","impdiff","ipbhprp",0,5.93868329938645e-05,0.00132792995542708,0,0,TRUE,0.998
"EE","R9","V10","V11","ipcrtiv","ipeqopt",0.0465179335648928,0.0563762650345455,0.0274996662798683,0,0.104481506606056,TRUE,0.092
"EE","R9","V10","V12","ipcrtiv","ipfrule",0,-0.0059916901675307,0.0137715489407669,-0.0480059897299929,0,TRUE,0.82
"EE","R9","V10","V13","ipcrtiv","ipgdtim",0,0.00721689911277113,0.0147369897251188,0,0.0510159597511732,TRUE,0.77
"EE","R9","V10","V14","ipcrtiv","iphlppl",0,0.00991227801219577,0.0188685273172417,0,0.0580313174621559,TRUE,0.754
"EE","R9","V10","V15","ipcrtiv","iplylfr",0,0.000969123244794423,0.00633625484547968,0,0.0119847572502466,TRUE,0.976
"EE","R9","V10","V16","ipcrtiv","ipmodst",-0.0863934891564959,-0.0898643054904451,0.026560513653944,-0.139196293253431,-0.0407679399606301,FALSE,0.012
"EE","R9","V10","V17","ipcrtiv","iprspot",0,0.00772768246514657,0.0174187716435464,0,0.0589632641458954,TRUE,0.814
"EE","R9","V10","V18","ipcrtiv","ipshabt",0.0385123107740966,0.0405455795192073,0.0266879028983928,0,0.0955284800630577,TRUE,0.2
"EE","R9","V10","V19","ipcrtiv","ipstrgv",0,-0.000464833927280853,0.00486722643533482,0,0,TRUE,0.99
"EE","R9","V10","V20","ipcrtiv","ipsuces",0.0512074410078675,0.0487567739924767,0.0286826399788701,0,0.10163474439061,TRUE,0.152
"EE","R9","V10","V21","ipcrtiv","ipudrst",0.0234135500517694,0.0322547981833502,0.0276005293246727,0,0.08491278995209,TRUE,0.34
"EE","R9","V11","V12","ipeqopt","ipfrule",0,0.00421856296508654,0.0119719501526692,0,0.0447143732400064,TRUE,0.872
"EE","R9","V11","V13","ipeqopt","ipgdtim",0,-0.000177305810038509,0.00281319174842723,0,0,TRUE,0.996
"EE","R9","V11","V14","ipeqopt","iphlppl",0.0621592009699864,0.0657019289468536,0.0270355458452853,0,0.123107029481405,TRUE,0.038
"EE","R9","V11","V15","ipeqopt","iplylfr",0,0.0119140876170839,0.0188520212299122,0,0.0567597012887822,TRUE,0.676
"EE","R9","V11","V16","ipeqopt","ipmodst",0.0455246935860523,0.0507652011943855,0.0286817229252716,0,0.101107784737632,TRUE,0.152
"EE","R9","V11","V17","ipeqopt","iprspot",0,-0.012320468716407,0.0236012488310815,-0.0753139440796473,0,TRUE,0.762
"EE","R9","V11","V18","ipeqopt","ipshabt",0.0620720558080182,0.0591865229135925,0.0275319293757582,0,0.109039161300037,TRUE,0.086
"EE","R9","V11","V19","ipeqopt","ipstrgv",0.0584403879656691,0.0559127238694868,0.0262060679359695,0,0.105541611216156,TRUE,0.068
"EE","R9","V11","V20","ipeqopt","ipsuces",0,-3.09173856564433e-05,0.00272629790861336,0,0,TRUE,0.996
"EE","R9","V11","V21","ipeqopt","ipudrst",0.110434033634374,0.111255415707913,0.0259362632266568,0.059431009959028,0.160442851806083,FALSE,0
"EE","R9","V12","V13","ipfrule","ipgdtim",0,-0.00696174051370042,0.0165710770350883,-0.0576061573950366,0,TRUE,0.834
"EE","R9","V12","V14","ipfrule","iphlppl",0,-0.00150087604474528,0.0072407745894118,-0.0331186877803637,0,TRUE,0.956
"EE","R9","V12","V15","ipfrule","iplylfr",0,-6.34457556061991e-05,0.001418690224193,0,0,TRUE,0.998
"EE","R9","V12","V16","ipfrule","ipmodst",0.127360642902512,0.122538069598852,0.0230077262187251,0.0760571324064358,0.167630530946866,FALSE,0
"EE","R9","V12","V17","ipfrule","iprspot",0.104484878430121,0.116808720327605,0.0262729055200914,0.0660284467808618,0.171178275781947,FALSE,0
"EE","R9","V12","V18","ipfrule","ipshabt",0,0.000181673552012603,0.00236107708189756,0,0,TRUE,0.994
"EE","R9","V12","V19","ipfrule","ipstrgv",0.139201804692495,0.129024967043065,0.0246173089420438,0.0827692486387878,0.176454933741374,FALSE,0
"EE","R9","V12","V20","ipfrule","ipsuces",0,0,0,0,0,TRUE,1
"EE","R9","V12","V21","ipfrule","ipudrst",0,0.00455767239543548,0.0128765605183919,0,0.0493981799045705,TRUE,0.872
"EE","R9","V13","V14","ipgdtim","iphlppl",0,0.000947333077242713,0.00498322103669712,0,0.0201491699902616,TRUE,0.962
"EE","R9","V13","V15","ipgdtim","iplylfr",0.0845785827454659,0.0921360245081217,0.0236683771045771,0.0497625601728561,0.142556785316918,FALSE,0.002
"EE","R9","V13","V16","ipgdtim","ipmodst",0,-0.000135362055798636,0.00216766960352708,0,0,TRUE,0.996
"EE","R9","V13","V17","ipgdtim","iprspot",0,0.0103081216987562,0.0180577027166467,0,0.0591098229891423,TRUE,0.724
"EE","R9","V13","V18","ipgdtim","ipshabt",0,0.00146166872156527,0.00684779235044071,0,0.0299387115943042,TRUE,0.952
"EE","R9","V13","V19","ipgdtim","ipstrgv",0,0.0141961917775572,0.022073934542282,0,0.0685319229782113,TRUE,0.658
"EE","R9","V13","V20","ipgdtim","ipsuces",0.0473880800628046,0.0429361409634294,0.0259682057974397,0,0.0913022089898884,TRUE,0.162
"EE","R9","V13","V21","ipgdtim","ipudrst",0,0.000223956207070846,0.00299251760362403,0,0,TRUE,0.994
"EE","R9","V14","V15","iphlppl","iplylfr",0.221146061873573,0.221431607742287,0.0264428296441602,0.168853637161885,0.273467358646342,FALSE,0
"EE","R9","V14","V16","iphlppl","ipmodst",0,0.0147681108186671,0.0217362942782893,0,0.0635624264727718,TRUE,0.64
"EE","R9","V14","V17","iphlppl","iprspot",0,-0.00779625623297776,0.0194072081674626,-0.0723830465141605,0,TRUE,0.846
"EE","R9","V14","V18","iphlppl","ipshabt",0,-0.000186454183059824,0.00246603806201822,0,0,TRUE,0.994
"EE","R9","V14","V19","iphlppl","ipstrgv",0,0.0182334078376687,0.022601468443942,0,0.0657883456983081,TRUE,0.562
"EE","R9","V14","V20","iphlppl","ipsuces",0.0516215086645845,0.0553505162638499,0.0325504980543669,0,0.115555456845045,TRUE,0.168
"EE","R9","V14","V21","iphlppl","ipudrst",0.0928524035526344,0.0922969739651738,0.0270830963578857,0.0447742340380199,0.146556374921051,FALSE,0.004
"EE","R9","V15","V16","iplylfr","ipmodst",0,4.47178250462365e-05,0.000999920966093276,0,0,TRUE,0.998
"EE","R9","V15","V17","iplylfr","iprspot",0,0.000721072615295695,0.0049629816324575,0,0,TRUE,0.978
"EE","R9","V15","V18","iplylfr","ipshabt",0,-3.71700803622451e-05,0.0008311482641911,0,0,TRUE,0.998
"EE","R9","V15","V19","iplylfr","ipstrgv",0,0.0160946062587974,0.0206424183529264,0,0.0612374317180942,TRUE,0.574
"EE","R9","V15","V20","iplylfr","ipsuces",0,0.00636399221319617,0.0149263427542437,0,0.0523330364239903,TRUE,0.828
"EE","R9","V15","V21","iplylfr","ipudrst",0.111521572006712,0.11594334716129,0.0267738305743005,0.0642875991276974,0.166829201740023,FALSE,0
"EE","R9","V16","V17","ipmodst","iprspot",0,0.000475412511850169,0.00439521700416564,0,0,TRUE,0.988
"EE","R9","V16","V18","ipmodst","ipshabt",-0.0424096549524983,-0.0318415090487811,0.0278390404681769,-0.0835377340019677,0,TRUE,0.356
"EE","R9","V16","V19","ipmodst","ipstrgv",0,-7.49208274822834e-06,0.00350773498105485,0,0,TRUE,0.988
"EE","R9","V16","V20","ipmodst","ipsuces",-0.0648669938863974,-0.055389887042442,0.036015820696537,-0.112214392566448,0,TRUE,0.244
"EE","R9","V16","V21","ipmodst","ipudrst",0.0623397991185851,0.0645629861258781,0.0299274604044906,0,0.120350513916408,TRUE,0.082
"EE","R9","V17","V18","iprspot","ipshabt",0.163848850735921,0.167769348525825,0.0264044513768696,0.115674262181444,0.223147290885496,FALSE,0
"EE","R9","V17","V19","iprspot","ipstrgv",0,0.00279918962460879,0.00947068659445804,0,0.0376631031871114,TRUE,0.91
"EE","R9","V17","V20","iprspot","ipsuces",0.133314861851136,0.132397533141723,0.0250701313360526,0.0821685583552123,0.182208390804242,FALSE,0
"EE","R9","V17","V21","iprspot","ipudrst",0,-0.0110542645456996,0.0218509472936932,-0.0757186967336486,0,TRUE,0.768
"EE","R9","V18","V19","ipshabt","ipstrgv",0,-0.00040929666374211,0.00443381589738084,0,0,TRUE,0.99
"EE","R9","V18","V20","ipshabt","ipsuces",0.284663304085632,0.282794366346963,0.0237700058417053,0.231719162211628,0.331842564155997,FALSE,0
"EE","R9","V18","V21","ipshabt","ipudrst",0,0.000367888103422479,0.00374441408472671,0,0,TRUE,0.99
"EE","R9","V19","V20","ipstrgv","ipsuces",0.0710183650904147,0.0588258853072151,0.0276690228886251,0,0.112988670641313,TRUE,0.092
"EE","R9","V19","V21","ipstrgv","ipudrst",0.0203998521967692,0.0219456127093548,0.0247561703029733,0,0.0740975870684931,TRUE,0.48
"EE","R9","V2","V10","impenv","ipcrtiv",0.0197011274850566,0.0245520485910159,0.0269070299916767,0,0.0795442986785267,TRUE,0.494
"EE","R9","V2","V11","impenv","ipeqopt",0.0633749119286902,0.0629832986033752,0.0267681672564435,0,0.114177889833784,TRUE,0.042
"EE","R9","V2","V12","impenv","ipfrule",0,-0.000494575103115687,0.00492204936102726,0,0,TRUE,0.988
"EE","R9","V2","V13","impenv","ipgdtim",0,0.00294286460613889,0.0098858859746342,0,0.0391489479055927,TRUE,0.91
"EE","R9","V2","V14","impenv","iphlppl",0.104446943408381,0.103501225277023,0.0269247662046425,0.0466242396866799,0.152437469901058,FALSE,0.002
"EE","R9","V2","V15","impenv","iplylfr",0.144126746494128,0.143787339323417,0.0262622681643326,0.0899093702789001,0.192975950991668,FALSE,0
"EE","R9","V2","V16","impenv","ipmodst",0.0271942930952227,0.0236275038189791,0.0234422710517413,0,0.0728478679312129,TRUE,0.408
"EE","R9","V2","V17","impenv","iprspot",0,0.000705390124252767,0.00489690989280749,0,0,TRUE,0.978
"EE","R9","V2","V18","impenv","ipshabt",0,-5.98766764662268e-05,0.00133888318845245,0,0,TRUE,0.998
"EE","R9","V2","V19","impenv","ipstrgv",0.0992427123844588,0.094063614263616,0.024508304350693,0.0439525597290003,0.14182379191821,FALSE,0.004
"EE","R9","V2","V20","impenv","ipsuces",0,-0.011552089940811,0.0244346186561786,-0.0822473689219619,0,TRUE,0.796
"EE","R9","V2","V21","impenv","ipudrst",0.0263112637969077,0.0259028550634483,0.0239735831199198,0,0.0738917008230413,TRUE,0.364
"EE","R9","V2","V3","impenv","impfree",0.0534021984578512,0.0518384386710231,0.0284440605404392,0,0.102730952878221,TRUE,0.138
"EE","R9","V2","V4","impenv","impfun",0,-0.00311580907345323,0.0108672515574094,-0.040089114112567,0,TRUE,0.916
"EE","R9","V2","V5","impenv","imprich",0,-0.015456096120198,0.0216201977009873,-0.0667960508020217,0,TRUE,0.622
"EE","R9","V2","V6","impenv","impsafe",0.0576616894382552,0.0541328335272723,0.0268424617768651,0,0.111060608181688,TRUE,0.082
"EE","R9","V2","V7","impenv","imptrad",0.137972125184444,0.136913590936113,0.0252936587093976,0.0851699541442435,0.184404083267058,FALSE,0
"EE","R9","V2","V8","impenv","ipadvnt",0,-5.5454830916522e-05,0.001240007716101,0,0,TRUE,0.998
"EE","R9","V2","V9","impenv","ipbhprp",0.0396570686254276,0.0408589307693445,0.0272249242159978,0,0.0977072692227724,TRUE,0.186
"EE","R9","V20","V21","ipsuces","ipudrst",0,0.000876097181325333,0.00567442924647239,0,0.0173383772432307,TRUE,0.974
"EE","R9","V3","V10","impfree","ipcrtiv",0.0951299757559999,0.0969210458685691,0.0248067499151123,0.0478325358809256,0.144712117986883,FALSE,0
"EE","R9","V3","V11","impfree","ipeqopt",0,-0.000210907155718659,0.0028200199941448,0,0,TRUE,0.994
"EE","R9","V3","V12","impfree","ipfrule",0,-0.0183551672918778,0.0245210984771943,-0.0717925902291096,0,TRUE,0.598
"EE","R9","V3","V13","impfree","ipgdtim",0.165235848017913,0.165959349022771,0.0238559599150863,0.118342146320419,0.215074822794454,FALSE,0
"EE","R9","V3","V14","impfree","iphlppl",0,0.00809620566836065,0.0163505135353188,0,0.0589633673518958,TRUE,0.772
"EE","R9","V3","V15","impfree","iplylfr",0.0221674992726861,0.0296815239489968,0.0248449004251889,0,0.0868200004214772,TRUE,0.306
"EE","R9","V3","V16","impfree","ipmodst",0,-0.000166238184046314,0.00225598776820533,0,0,TRUE,0.994
"EE","R9","V3","V17","impfree","iprspot",0,0.0168717993934845,0.0238737764265301,0,0.0734085179041998,TRUE,0.618
"EE","R9","V3","V18","impfree","ipshabt",0,0,0,0,0,TRUE,1
"EE","R9","V3","V19","impfree","ipstrgv",0,0.00909513990274485,0.017719329918955,0,0.0597305976577395,TRUE,0.758
"EE","R9","V3","V20","impfree","ipsuces",0.0279021384135915,0.0273056389758592,0.0234551927709167,0,0.0754821990232517,TRUE,0.342
"EE","R9","V3","V21","impfree","ipudrst",0.0467990750177387,0.0526458980689754,0.0277568475273983,0,0.104841214751809,TRUE,0.116
"EE","R9","V3","V4","impfree","impfun",0,-0.000263016852126272,0.0042182044383668,0,0,TRUE,0.996
"EE","R9","V3","V5","impfree","imprich",0,8.2902922696972e-05,0.0018537657068384,0,0,TRUE,0.998
"EE","R9","V3","V6","impfree","impsafe",0,0.001175672268466,0.00689612010897721,0,0.0285112927518734,TRUE,0.968
"EE","R9","V3","V7","impfree","imptrad",0,-0.00634043465111003,0.0171583060042785,-0.0593573726583218,0,TRUE,0.868
"EE","R9","V3","V8","impfree","ipadvnt",0.0658631182095187,0.0626996228286788,0.0214315647133603,0.0224327763347701,0.105014779078827,FALSE,0.02
"EE","R9","V3","V9","impfree","ipbhprp",0,-0.00510942801376675,0.014527405331684,-0.0527959728641878,0,TRUE,0.88
"EE","R9","V4","V10","impfun","ipcrtiv",0,0.00127294935406485,0.00675852171710997,0,0.0293682416006489,TRUE,0.962
"EE","R9","V4","V11","impfun","ipeqopt",0,0.000601952593492502,0.00466454363039535,0,0,TRUE,0.982
"EE","R9","V4","V12","impfun","ipfrule",0,0,0,0,0,TRUE,1
"EE","R9","V4","V13","impfun","ipgdtim",0.178445789080344,0.181728386701674,0.023892553993046,0.132701427222943,0.230431486877498,FALSE,0
"EE","R9","V4","V14","impfun","iphlppl",0,0,0,0,0,TRUE,1
"EE","R9","V4","V15","impfun","iplylfr",0,-0.000269240320878707,0.00307461709224309,0,0,TRUE,0.992
"EE","R9","V4","V16","impfun","ipmodst",0,-0.00205694489741966,0.00879372127082066,-0.03667644663226,0,TRUE,0.944
"EE","R9","V4","V17","impfun","iprspot",0,0.00767360828971588,0.016379198146534,0,0.0515347227476637,TRUE,0.794
"EE","R9","V4","V18","impfun","ipshabt",0,0.00952482243182112,0.017157225809423,0,0.0562883393857702,TRUE,0.732
"EE","R9","V4","V19","impfun","ipstrgv",0,0.000323807417043499,0.00352746370582244,0,0,TRUE,0.99
"EE","R9","V4","V20","impfun","ipsuces",0.0995600911034468,0.0966526722288952,0.0239559207433849,0.0459454586897557,0.141069485058241,FALSE,0
"EE","R9","V4","V21","impfun","ipudrst",0,0.000145215087819008,0.00230989164732989,0,0,TRUE,0.996
"EE","R9","V4","V5","impfun","imprich",0.0414298437293042,0.0424600773152171,0.0272666875248341,0,0.0979848134921552,TRUE,0.17
"EE","R9","V4","V6","impfun","impsafe",0,-0.000948511155833279,0.00640707811224455,-0.00726525078101556,0,TRUE,0.976
"EE","R9","V4","V7","impfun","imptrad",0,1.45420181045438e-05,0.00169432270007019,0,0,TRUE,0.996
"EE","R9","V4","V8","impfun","ipadvnt",0.244082933016171,0.240346216472452,0.0244201686228348,0.194520348314906,0.291068142301178,FALSE,0
"EE","R9","V4","V9","impfun","ipbhprp",0,-0.010041720741597,0.0191031426669435,-0.0603559653237845,0,TRUE,0.76
"EE","R9","V5","V10","imprich","ipcrtiv",0.100448968607677,0.109803716599017,0.0247356087978865,0.0647493035038016,0.158179980744671,FALSE,0
"EE","R9","V5","V11","imprich","ipeqopt",0,0.00343335265796489,0.0115736493803258,0,0.0432098881618595,TRUE,0.908
"EE","R9","V5","V12","imprich","ipfrule",0,-0.000263749340457859,0.0027186945784802,0,0,TRUE,0.99
"EE","R9","V5","V13","imprich","ipgdtim",0.0350419292831345,0.0388543591811614,0.0264800063511064,0,0.0880689275823037,TRUE,0.222
"EE","R9","V5","V14","imprich","iphlppl",0,-0.0148693006759625,0.0251362146671787,-0.0793851647888574,0,TRUE,0.706
"EE","R9","V5","V15","imprich","iplylfr",0,-0.0244372111141548,0.0301648953385802,-0.0863684902409817,0,TRUE,0.558
"EE","R9","V5","V16","imprich","ipmodst",-0.062750975817144,-0.0630564281612935,0.0255242829343662,-0.11167286694652,0,TRUE,0.048
"EE","R9","V5","V17","imprich","iprspot",0.0810054482388668,0.0906365956255501,0.0244402762224071,0.0391504940499288,0.134196198597331,FALSE,0.002
"EE","R9","V5","V18","imprich","ipshabt",0.0600959026932864,0.0588897730566107,0.0266516658843611,0,0.105625052987445,TRUE,0.06
"EE","R9","V5","V19","imprich","ipstrgv",0,0.00096584878756033,0.00633410931909597,0,0.0225839599710144,TRUE,0.974
"EE","R9","V5","V20","imprich","ipsuces",0.244911045162043,0.244513134978145,0.02446752727028,0.193422364496678,0.289698723064797,FALSE,0
"EE","R9","V5","V21","imprich","ipudrst",0,-0.00315469997553899,0.0102005699102099,-0.0419022083673398,0,TRUE,0.904
"EE","R9","V5","V6","imprich","impsafe",0,0.0174759791342328,0.024195737881616,0,0.0712873805452237,TRUE,0.614
"EE","R9","V5","V7","imprich","imptrad",0,0.000960642648417004,0.00643386106877788,0,0.0129668380473164,TRUE,0.974
"EE","R9","V5","V8","imprich","ipadvnt",0.0320325589488984,0.0305641208604812,0.0264976279213057,0,0.0803352308108044,TRUE,0.352
"EE","R9","V5","V9","imprich","ipbhprp",0,0.000156158138676478,0.00349180213320445,0,0,TRUE,0.998
"EE","R9","V6","V10","impsafe","ipcrtiv",0,-0.0188243693199151,0.026701658584278,-0.0809781937140715,0,TRUE,0.624
"EE","R9","V6","V11","impsafe","ipeqopt",0,0.0156325463747912,0.0207795371221083,0,0.0641478748321451,TRUE,0.572
"EE","R9","V6","V12","impsafe","ipfrule",0,0.00194030396852151,0.00755370386286262,0,0.0290711862226859,TRUE,0.928
"EE","R9","V6","V13","impsafe","ipgdtim",0.0399378409511904,0.0432266030510072,0.0300347531198843,0,0.0956879445520301,TRUE,0.248
"EE","R9","V6","V14","impsafe","iphlppl",0,0.00508294063593891,0.0132372247831293,0,0.0476650824267693,TRUE,0.854
"EE","R9","V6","V15","impsafe","iplylfr",0,0.0136812256623704,0.0193728194785986,0,0.0587345126248453,TRUE,0.63
"EE","R9","V6","V16","impsafe","ipmodst",0.0923373030243589,0.0928447995464299,0.0255795015774238,0.0427313312001353,0.14293901550843,FALSE,0
"EE","R9","V6","V17","impsafe","iprspot",0.0422712755417796,0.0508185897714627,0.0249459931525174,0,0.0941970527012947,TRUE,0.106
"EE","R9","V6","V18","impsafe","ipshabt",0.0930946338148476,0.0865060284939659,0.0265661419369386,0,0.133335601857878,TRUE,0.032
"EE","R9","V6","V19","impsafe","ipstrgv",0.056274957088745,0.0513879168967587,0.0253204704056597,0,0.0995992896304627,TRUE,0.062
"EE","R9","V6","V20","impsafe","ipsuces",0,0.00023139927782206,0.00323262396331819,0,0,TRUE,0.994
"EE","R9","V6","V21","impsafe","ipudrst",0,-0.010067195527823,0.0216883662200364,-0.0747383390436462,0,TRUE,0.796
"EE","R9","V6","V7","impsafe","imptrad",0.0887869699866107,0.0877091635747544,0.0251463658913401,0.0399543048479678,0.136706722573431,FALSE,0.004
"EE","R9","V6","V8","impsafe","ipadvnt",-0.143253484256287,-0.137952501910147,0.0247048784892857,-0.18469490926039,-0.089463698826705,FALSE,0
"EE","R9","V6","V9","impsafe","ipbhprp",0.139921950285495,0.138202850159192,0.0243080683784965,0.0927633820460226,0.185383084498973,FALSE,0
"EE","R9","V7","V10","imptrad","ipcrtiv",0,0.000482203649636904,0.00401374086481595,0,0,TRUE,0.984
"EE","R9","V7","V11","imptrad","ipeqopt",0,0.000803240988344914,0.00470840924314113,0,0.0165464870130428,TRUE,0.966
"EE","R9","V7","V12","imptrad","ipfrule",0,0.00355430706517015,0.0103375742234707,0,0.036815876527632,TRUE,0.88
"EE","R9","V7","V13","imptrad","ipgdtim",0,-0.00206420840956607,0.00978328053285117,-0.0408146226310622,0,TRUE,0.952
"EE","R9","V7","V14","imptrad","iphlppl",0.0616745447800317,0.0640282818410745,0.0276970187858294,0,0.11492098436727,TRUE,0.054
"EE","R9","V7","V15","imptrad","iplylfr",0.0529589424196288,0.0586053887440363,0.0238573131098611,0,0.108109175845288,TRUE,0.028
"EE","R9","V7","V16","imptrad","ipmodst",0,0.00448596417907449,0.0123427495272563,0,0.0468820264268527,TRUE,0.866
"EE","R9","V7","V17","imptrad","iprspot",0,0.0148409970684648,0.0220480714346334,0,0.0693678551412588,TRUE,0.632
"EE","R9","V7","V18","imptrad","ipshabt",0,0.000387543768463,0.00329488729953754,0,0,TRUE,0.986
"EE","R9","V7","V19","imptrad","ipstrgv",0,0.00180811875351973,0.00707899835047949,0,0.0263708265783408,TRUE,0.93
"EE","R9","V7","V20","imptrad","ipsuces",0,0.00662422696470206,0.0156706300537224,0,0.0515934468552339,TRUE,0.824
"EE","R9","V7","V21","imptrad","ipudrst",0,0.00797019272581136,0.0167012350279991,0,0.053342457230693,TRUE,0.784
"EE","R9","V7","V8","imptrad","ipadvnt",0,-0.000495983585154978,0.00431824741282624,0,0,TRUE,0.986
"EE","R9","V7","V9","imptrad","ipbhprp",0.0951337481914448,0.0898230826081748,0.0260324257044658,0.0374439840310854,0.145986902020937,FALSE,0.004
"EE","R9","V8","V10","ipadvnt","ipcrtiv",0.0456682112606993,0.0397845644941809,0.0270939161162556,0,0.0925234730001707,TRUE,0.232
"EE","R9","V8","V11","ipadvnt","ipeqopt",0,-0.00096916305603387,0.00661365719503788,-0.00875570997792386,0,TRUE,0.976
"EE","R9","V8","V12","ipadvnt","ipfrule",-0.0387952835117683,-0.0303620577360323,0.0238355150295621,-0.0752891942719592,0,TRUE,0.294
"EE","R9","V8","V13","ipadvnt","ipgdtim",0.0636242826619939,0.0628431452078221,0.0246276966500416,0,0.110318199739245,TRUE,0.036
"EE","R9","V8","V14","ipadvnt","iphlppl",0,-0.000406700681554088,0.00478319348819372,0,0,TRUE,0.992
"EE","R9","V8","V15","ipadvnt","iplylfr",0,0.00019294783249108,0.00250740901573326,0,0,TRUE,0.994
"EE","R9","V8","V16","ipadvnt","ipmodst",-0.0365887216625841,-0.0305916599882622,0.0245520182980093,-0.0782734725268722,0,TRUE,0.308
"EE","R9","V8","V17","ipadvnt","iprspot",0,0.000109268996563533,0.00176196923518136,0,0,TRUE,0.996
"EE","R9","V8","V18","ipadvnt","ipshabt",0.0563222668410238,0.0442760501664546,0.0259089965617713,0,0.0870647996699583,TRUE,0.176
"EE","R9","V8","V19","ipadvnt","ipstrgv",0,-0.00574563971305588,0.0151062113353124,-0.0550101947334307,0,TRUE,0.856
"EE","R9","V8","V20","ipadvnt","ipsuces",0.0653649343565402,0.0634256738945027,0.0243887296969788,0,0.113706170591254,TRUE,0.03
"EE","R9","V8","V21","ipadvnt","ipudrst",0,0.00193425758610715,0.00910484185619045,0,0.0399170658464577,TRUE,0.954
"EE","R9","V8","V9","ipadvnt","ipbhprp",-0.0311951683393918,-0.0277413671401271,0.0243383836517339,-0.0733646769598942,0,TRUE,0.35
"EE","R9","V9","V10","ipbhprp","ipcrtiv",0,-0.00950934668289221,0.0190425052498849,-0.0621927491138223,0,TRUE,0.77
"EE","R9","V9","V11","ipbhprp","ipeqopt",0,-0.00272533675072876,0.0116740230720246,-0.0510291111373338,0,TRUE,0.94
"EE","R9","V9","V12","ipbhprp","ipfrule",0.0871867814233014,0.0858257305450386,0.0242926174816606,0.0330632735267942,0.129262382271159,FALSE,0.002
"EE","R9","V9","V13","ipbhprp","ipgdtim",0,-0.000873673768003541,0.00657931551881216,0,0,TRUE,0.976
"EE","R9","V9","V14","ipbhprp","iphlppl",0.0893634971110761,0.0973066524899642,0.0273070830820774,0.0379191813965445,0.149172026091515,FALSE,0.004
"EE","R9","V9","V15","ipbhprp","iplylfr",0.05426700108326,0.0634803260864327,0.0252041929773888,0,0.113385768272997,TRUE,0.03
"EE","R9","V9","V16","ipbhprp","ipmodst",0.159206540536203,0.15917363892903,0.0263490997087002,0.107992229113293,0.213240738407913,FALSE,0
"EE","R9","V9","V17","ipbhprp","iprspot",0,0.0190887862951371,0.025002173965952,0,0.0767807576137467,TRUE,0.58
"EE","R9","V9","V18","ipbhprp","ipshabt",0,-2.16368706545289e-05,0.00203619010915293,0,0,TRUE,0.994
"EE","R9","V9","V19","ipbhprp","ipstrgv",0.0330953569432284,0.0316735349986958,0.0258598992244234,0,0.0844982990981659,TRUE,0.302
"EE","R9","V9","V20","ipbhprp","ipsuces",0,0.016770696369129,0.0264059393151455,0,0.0830680252947017,TRUE,0.676
"EE","R9","V9","V21","ipbhprp","ipudrst",0.0758018138700431,0.0838501796727026,0.0293853454877468,0.0287502737098681,0.140627512484016,FALSE,0.016
"FI","R10","V1","V10","impdiff","ipcrtiv",0.164898758551815,0.156226950233534,0.0268115312287564,0.105169368146695,0.208589434646699,FALSE,0
"FI","R10","V1","V11","impdiff","ipeqopt",0,0.0100742033160272,0.0195525969703786,0,0.0633844145680888,TRUE,0.756
"FI","R10","V1","V12","impdiff","ipfrule",0,0.0004714132995206,0.00608286911052458,0,0,TRUE,0.994
"FI","R10","V1","V13","impdiff","ipgdtim",0.0822415895510277,0.073989390997895,0.0280152830365495,0,0.125891358107115,TRUE,0.04
"FI","R10","V1","V14","impdiff","iphlppl",0.11512370342124,0.109455514022673,0.0262301147406548,0.0599098726998786,0.159605491803312,FALSE,0
"FI","R10","V1","V15","impdiff","iplylfr",0,0,0,0,0,TRUE,1
"FI","R10","V1","V16","impdiff","ipmodst",0,-0.000785552359308721,0.00553677656324343,0,0,TRUE,0.978
"FI","R10","V1","V17","impdiff","iprspot",0,-0.000392248069775315,0.00434644693533923,0,0,TRUE,0.99
"FI","R10","V1","V18","impdiff","ipshabt",0,0.00299671599143016,0.0105678974647034,0,0.0440045581047294,TRUE,0.92
"FI","R10","V1","V19","impdiff","ipstrgv",0,0,0,0,0,TRUE,1
"FI","R10","V1","V2","impdiff","impenv",0,0.00219110934547134,0.00902205254715623,0,0.0385910821091694,TRUE,0.94
"FI","R10","V1","V20","impdiff","ipsuces",0,0.00142110829414415,0.0072215572692005,0,0.026397383084968,TRUE,0.958
"FI","R10","V1","V21","impdiff","ipudrst",0.0946222843369233,0.0925249218124284,0.023495334902859,0.0467851944838696,0.137224992940428,FALSE,0.01
"FI","R10","V1","V3","impdiff","impfree",0,0.00771842831818256,0.0197742483954349,0,0.0695557683331193,TRUE,0.862
"FI","R10","V1","V4","impdiff","impfun",0.0785371348700713,0.0735726673045083,0.0300308900613743,0,0.133731838715256,TRUE,0.048
"FI","R10","V1","V5","impdiff","imprich",0,0,0,0,0,TRUE,1
"FI","R10","V1","V6","impdiff","impsafe",0,-0.000206776065114239,0.00271627045022665,0,0,TRUE,0.994
"FI","R10","V1","V7","impdiff","imptrad",0,-6.81615643246133e-05,0.0015241389128256,0,0,TRUE,0.998
"FI","R10","V1","V8","impdiff","ipadvnt",0.343085314017068,0.339280042210227,0.0247220329906432,0.289328914132244,0.387439273719014,FALSE,0
"FI","R10","V1","V9","impdiff","ipbhprp",-0.0554639858589483,-0.0330696810601295,0.0310525590278466,-0.0924696178835216,0,TRUE,0.416
"FI","R10","V10","V11","ipcrtiv","ipeqopt",0,0.0116514904631271,0.019869018399911,0,0.0611285994085509,TRUE,0.706
"FI","R10","V10","V12","ipcrtiv","ipfrule",-0.0565645915267274,-0.0388904881676654,0.031202534548458,-0.10111152914194,0,TRUE,0.306
"FI","R10","V10","V13","ipcrtiv","ipgdtim",0,-0.0022448093473072,0.0119242272056885,-0.0527245878720805,0,TRUE,0.964
"FI","R10","V10","V14","ipcrtiv","iphlppl",0,0.00867112253379743,0.0192717555685921,0,0.0632480182056006,TRUE,0.804
"FI","R10","V10","V15","ipcrtiv","iplylfr",0,3.28516163320871e-05,0.00262366562024887,0,0,TRUE,0.994
"FI","R10","V10","V16","ipcrtiv","ipmodst",0,-0.00063640143502017,0.00443292456456016,0,0,TRUE,0.978
"FI","R10","V10","V17","ipcrtiv","iprspot",0,0.000217130266852411,0.0029238062420345,0,0,TRUE,0.994
"FI","R10","V10","V18","ipcrtiv","ipshabt",0.123011961579066,0.109353978325776,0.0260207958211952,0.0571946153092557,0.155763025851981,FALSE,0.002
"FI","R10","V10","V19","ipcrtiv","ipstrgv",0,-3.68881322693875e-05,0.00329576486065533,0,0,TRUE,0.99
"FI","R10","V10","V20","ipcrtiv","ipsuces",0,0,0,0,0,TRUE,1
"FI","R10","V10","V21","ipcrtiv","ipudrst",0,0.0181732226448128,0.0243248410022177,0,0.0736140107462349,TRUE,0.586
"FI","R10","V11","V12","ipeqopt","ipfrule",0,-0.000598201227908798,0.00564607330591074,0,0,TRUE,0.986
"FI","R10","V11","V13","ipeqopt","ipgdtim",0,0,0,0,0,TRUE,1
"FI","R10","V11","V14","ipeqopt","iphlppl",0.0979730727671238,0.0970085412757032,0.0293421614982411,0.0378849592152271,0.156700293599325,FALSE,0.004
"FI","R10","V11","V15","ipeqopt","iplylfr",0.0386808786986023,0.049630083607058,0.0343683531900749,0,0.124501484742074,TRUE,0.194
"FI","R10","V11","V16","ipeqopt","ipmodst",0,0.000452232966925085,0.00398982946751646,0,0,TRUE,0.986
"FI","R10","V11","V17","ipeqopt","iprspot",0,-0.0171453507806861,0.0281802614363016,-0.0849406600231315,0,TRUE,0.694
"FI","R10","V11","V18","ipeqopt","ipshabt",0,0.00912158593054212,0.0213512346518746,0,0.071080082277994,TRUE,0.822
"FI","R10","V11","V19","ipeqopt","ipstrgv",0,0.00909649800065643,0.0197081798425562,0,0.0683207558562828,TRUE,0.794
"FI","R10","V11","V20","ipeqopt","ipsuces",0,0,0,0,0,TRUE,1
"FI","R10","V11","V21","ipeqopt","ipudrst",0.14557052431873,0.152143861647103,0.0287641386887366,0.0941563906116706,0.208241098113478,FALSE,0
"FI","R10","V12","V13","ipfrule","ipgdtim",0,0,0,0,0,TRUE,1
"FI","R10","V12","V14","ipfrule","iphlppl",0,0,0,0,0,TRUE,1
"FI","R10","V12","V15","ipfrule","iplylfr",0,0.00032696868465524,0.0041801780443505,0,0,TRUE,0.992
"FI","R10","V12","V16","ipfrule","ipmodst",0.107806369738883,0.109846227635336,0.0287469912069567,0.0541636175364062,0.167848317206036,FALSE,0.002
"FI","R10","V12","V17","ipfrule","iprspot",0.0468874827947111,0.0384583224395122,0.0338410079858282,0,0.103825493950752,TRUE,0.364
"FI","R10","V12","V18","ipfrule","ipshabt",0,-0.00389585904421853,0.0152350498661388,-0.0592330408815016,0,TRUE,0.928
"FI","R10","V12","V19","ipfrule","ipstrgv",0.0736994501429431,0.0779352245039971,0.0316315468086178,0,0.133681121784689,TRUE,0.05
"FI","R10","V12","V20","ipfrule","ipsuces",0,0.0013451839771793,0.00832163294199261,0,0.0354708588444778,TRUE,0.972
"FI","R10","V12","V21","ipfrule","ipudrst",0,0.00752030971450613,0.0187754336538927,0,0.07132572903708,TRUE,0.844
"FI","R10","V13","V14","ipgdtim","iphlppl",0.0223645003863427,0.015482385248405,0.0232205968131181,0,0.0702359956130001,TRUE,0.656
"FI","R10","V13","V15","ipgdtim","iplylfr",0,4.50285663575507e-05,0.00100686935304843,0,0,TRUE,0.998
"FI","R10","V13","V16","ipgdtim","ipmodst",0,0,0,0,0,TRUE,1
"FI","R10","V13","V17","ipgdtim","iprspot",0,0.00103997061173599,0.00612892987556743,0,0.0256865542848989,TRUE,0.97
"FI","R10","V13","V18","ipgdtim","ipshabt",0.071204770876249,0.0687911812840329,0.0257404980950869,0,0.114168991806417,TRUE,0.042
"FI","R10","V13","V19","ipgdtim","ipstrgv",0,0.00180120375802424,0.00875012173289111,0,0.038707819446571,TRUE,0.956
"FI","R10","V13","V20","ipgdtim","ipsuces",0.0433460967013135,0.0367996818358292,0.0291830780895985,0,0.0909407989856991,TRUE,0.308
"FI","R10","V13","V21","ipgdtim","ipudrst",0,0.00317375777630402,0.012118927203459,0,0.0459520074685789,TRUE,0.926
"FI","R10","V14","V15","iphlppl","iplylfr",0.285413712313838,0.283262092875899,0.0317366454303673,0.220485863103595,0.346680755809758,FALSE,0
"FI","R10","V14","V16","iphlppl","ipmodst",0,0.0104024350132297,0.0195343865940706,0,0.0659127813091736,TRUE,0.742
"FI","R10","V14","V17","iphlppl","iprspot",0,-0.00224252491088018,0.0109159399592513,-0.0437976008214205,0,TRUE,0.954
"FI","R10","V14","V18","iphlppl","ipshabt",0,-0.000689245610888742,0.00582090801682791,0,0,TRUE,0.984
"FI","R10","V14","V19","iphlppl","ipstrgv",0.0418240709731444,0.040322878260177,0.0299411308569232,0,0.0950215543235191,TRUE,0.268
"FI","R10","V14","V20","iphlppl","ipsuces",0,0.000665489294183937,0.00565968814678011,0,0,TRUE,0.984
"FI","R10","V14","V21","iphlppl","ipudrst",0.157318523899217,0.152792491548873,0.0313250916858832,0.0936185838140481,0.211421993603217,FALSE,0
"FI","R10","V15","V16","iplylfr","ipmodst",0,0.000435168877123439,0.00346882470253282,0,0,TRUE,0.984
"FI","R10","V15","V17","iplylfr","iprspot",0,0.00180806248887143,0.00812494567430103,0,0.0354942779579268,TRUE,0.95
"FI","R10","V15","V18","iplylfr","ipshabt",0,-5.82111761713832e-05,0.00130164146969429,0,0,TRUE,0.998
"FI","R10","V15","V19","iplylfr","ipstrgv",0.0698213496362214,0.0731958963578783,0.0253005386625882,0.0240631437903367,0.120802888397133,FALSE,0.018
"FI","R10","V15","V20","iplylfr","ipsuces",0,0,0,0,0,TRUE,1
"FI","R10","V15","V21","iplylfr","ipudrst",0.0366474663675594,0.0463542520458857,0.0297135958315261,0,0.104350510851493,TRUE,0.166
"FI","R10","V16","V17","ipmodst","iprspot",0,-0.00108933375502729,0.00763538752935068,-0.0073167403174328,0,TRUE,0.976
"FI","R10","V16","V18","ipmodst","ipshabt",0,-0.0023928154116768,0.0104420167323701,-0.0475668690827474,0,TRUE,0.948
"FI","R10","V16","V19","ipmodst","ipstrgv",0,0.0209321163337538,0.0251768398539859,0,0.0777903897628029,TRUE,0.532
"FI","R10","V16","V20","ipmodst","ipsuces",0,-0.00574497584789771,0.0185411689915517,-0.0673663458474554,0,TRUE,0.902
"FI","R10","V16","V21","ipmodst","ipudrst",0.0784725449062659,0.0961532890952815,0.0301507087126941,0.0371698898387511,0.152390720887056,FALSE,0.012
"FI","R10","V17","V18","iprspot","ipshabt",0.159602496373718,0.161790053048418,0.0268362365723469,0.110556056979767,0.215079694907869,FALSE,0
"FI","R10","V17","V19","iprspot","ipstrgv",0.0210932582513116,0.0185498244312583,0.0248669264365414,0,0.0743715080752622,TRUE,0.602
"FI","R10","V17","V20","iprspot","ipsuces",0.17996409001146,0.176458474071499,0.0274094836801892,0.125666867338707,0.23053614098684,FALSE,0
"FI","R10","V17","V21","iprspot","ipudrst",0,-0.000245520201588162,0.00253890627405631,0,0,TRUE,0.99
"FI","R10","V18","V19","ipshabt","ipstrgv",0,0,0,0,0,TRUE,1
"FI","R10","V18","V20","ipshabt","ipsuces",0.36313282315636,0.361780113028559,0.0240158720412989,0.314647179633698,0.412499513060688,FALSE,0
"FI","R10","V18","V21","ipshabt","ipudrst",0,-0.000642592082509149,0.00616785765891936,0,0,TRUE,0.988
"FI","R10","V19","V20","ipstrgv","ipsuces",0,0.0043251998195613,0.0147832806650457,0,0.0584956257316546,TRUE,0.914
"FI","R10","V19","V21","ipstrgv","ipudrst",0,-0.00204759506979024,0.0111839391901949,-0.0458562060878637,0,TRUE,0.964
"FI","R10","V2","V10","impenv","ipcrtiv",0.0481015091339944,0.0341629058415717,0.0271835399660463,0,0.0853720710593747,TRUE,0.29
"FI","R10","V2","V11","impenv","ipeqopt",0.170527477589451,0.174863270591276,0.027578795924105,0.119116685636185,0.224656143299072,FALSE,0
"FI","R10","V2","V12","impenv","ipfrule",0,-0.018208748181861,0.0266837557923052,-0.0818573726000989,0,TRUE,0.64
"FI","R10","V2","V13","impenv","ipgdtim",0,0,0,0,0,TRUE,1
"FI","R10","V2","V14","impenv","iphlppl",0.0547912444479213,0.0507338542417836,0.0289986725025534,0,0.105478833413503,TRUE,0.146
"FI","R10","V2","V15","impenv","iplylfr",0.0490803897788845,0.0477587071975729,0.027489656610909,0,0.097369262858319,TRUE,0.136
"FI","R10","V2","V16","impenv","ipmodst",0,-6.5090010491726e-05,0.00350242974916002,0,0,TRUE,0.988
"FI","R10","V2","V17","impenv","iprspot",0,0,0,0,0,TRUE,1
"FI","R10","V2","V18","impenv","ipshabt",0,8.8831675474154e-05,0.00198633664915409,0,0,TRUE,0.998
"FI","R10","V2","V19","impenv","ipstrgv",0.0679768040267104,0.0689463194905766,0.0298375346959318,0,0.121466087267281,TRUE,0.056
"FI","R10","V2","V20","impenv","ipsuces",0,-7.71016493179215e-05,0.00172404529052223,0,0,TRUE,0.998
"FI","R10","V2","V21","impenv","ipudrst",0.0722808399122564,0.0691298131140126,0.029596245352052,0,0.125579686460781,TRUE,0.054
"FI","R10","V2","V3","impenv","impfree",0.061667067013933,0.0525488098852221,0.0302172899074467,0,0.10367865514113,TRUE,0.148
"FI","R10","V2","V4","impenv","impfun",0,0.0005808794452488,0.00444836505619647,0,0,TRUE,0.982
"FI","R10","V2","V5","impenv","imprich",-0.0917235554403424,-0.0875983047438821,0.0271707169838707,-0.138468830128344,-0.0314034898143887,FALSE,0.014
"FI","R10","V2","V6","impenv","impsafe",0,0.00355682381676795,0.0107172566790163,0,0.0391876634624763,TRUE,0.89
"FI","R10","V2","V7","impenv","imptrad",0.0724315079092628,0.0778884513218386,0.036304969361199,0,0.142826090824568,TRUE,0.088
"FI","R10","V2","V8","impenv","ipadvnt",0,-0.00091043952431802,0.00614651756934943,-0.0103613629275014,0,TRUE,0.976
"FI","R10","V2","V9","impenv","ipbhprp",0,0.000871735960773892,0.00575712679292928,0,0.008875614829646,TRUE,0.976
"FI","R10","V20","V21","ipsuces","ipudrst",0,0,0,0,0,TRUE,1
"FI","R10","V3","V10","impfree","ipcrtiv",0.0837006214681326,0.0682155525923126,0.0297112125314848,0,0.124772095525102,TRUE,0.066
"FI","R10","V3","V11","impfree","ipeqopt",0,-0.000589217373065533,0.00571393993462387,0,0,TRUE,0.988
"FI","R10","V3","V12","impfree","ipfrule",0,-0.00485983500960911,0.0146634595963047,-0.0520102144868888,0,TRUE,0.892
"FI","R10","V3","V13","impfree","ipgdtim",0,0.00877556166236943,0.0223843811752338,0,0.0743470230021903,TRUE,0.858
"FI","R10","V3","V14","impfree","iphlppl",0,0.0016806504748187,0.00830891737224991,0,0.0394707445375244,TRUE,0.958
"FI","R10","V3","V15","impfree","iplylfr",0,0.0219592777264562,0.0271308939029578,0,0.0831572057198891,TRUE,0.554
"FI","R10","V3","V16","impfree","ipmodst",0,-0.00170121766120035,0.00840016338791204,-0.0370852915427572,0,TRUE,0.958
"FI","R10","V3","V17","impfree","iprspot",0,0.00414740334920019,0.0129676246987395,0,0.050679648215097,TRUE,0.894
"FI","R10","V3","V18","impfree","ipshabt",0,-8.00917313720708e-05,0.00179090555783603,0,0,TRUE,0.998
"FI","R10","V3","V19","impfree","ipstrgv",0.0435460264863409,0.0494614405290036,0.0326213854240466,0,0.114684144436188,TRUE,0.198
"FI","R10","V3","V20","impfree","ipsuces",0,0.00656667996017316,0.0169906243771528,0,0.057802182531139,TRUE,0.862
"FI","R10","V3","V21","impfree","ipudrst",0.0362142923071639,0.0384791436631399,0.0306914904433414,0,0.100032348924219,TRUE,0.278
"FI","R10","V3","V4","impfree","impfun",0,0.0203604170354055,0.0316546807038577,0,0.0902559780897169,TRUE,0.688
"FI","R10","V3","V5","impfree","imprich",0,0.000208068702720014,0.00273896606173205,0,0,TRUE,0.994
"FI","R10","V3","V6","impfree","impsafe",0.0321906745760516,0.024895387295009,0.0284318193952684,0,0.0845076051717539,TRUE,0.504
"FI","R10","V3","V7","impfree","imptrad",0,-0.0414282610409684,0.0391150516517783,-0.113347599931195,0,TRUE,0.412
"FI","R10","V3","V8","impfree","ipadvnt",0,0.0153742124787871,0.0272873425102249,0,0.0861314305876366,TRUE,0.736
"FI","R10","V3","V9","impfree","ipbhprp",0,0,0,0,0,TRUE,1
"FI","R10","V4","V10","impfun","ipcrtiv",0,5.48577258566437e-05,0.00122665604106503,0,0,TRUE,0.998
"FI","R10","V4","V11","impfun","ipeqopt",0,0.0015599671125187,0.00771482381990766,0,0.0334800003432494,TRUE,0.958
"FI","R10","V4","V12","impfun","ipfrule",0,0,0,0,0,TRUE,1
"FI","R10","V4","V13","impfun","ipgdtim",0.440471478884461,0.432942741648058,0.0232868228831288,0.386857486558618,0.474366123329962,FALSE,0
"FI","R10","V4","V14","impfun","iphlppl",0,0.00192707702106383,0.00802686054549748,0,0.0307428743139963,TRUE,0.94
"FI","R10","V4","V15","impfun","iplylfr",0.0895393583136726,0.0851918621758816,0.0257815825213908,0.0347376843884206,0.133551345790468,FALSE,0.018
"FI","R10","V4","V16","impfun","ipmodst",0,0.000305521289289015,0.00348679472587702,0,0,TRUE,0.992
"FI","R10","V4","V17","impfun","iprspot",0,0,0,0,0,TRUE,1
"FI","R10","V4","V18","impfun","ipshabt",0,0,0,0,0,TRUE,1
"FI","R10","V4","V19","impfun","ipstrgv",0,0.00132626098781109,0.00755302485028273,0,0.0349906330076619,TRUE,0.968
"FI","R10","V4","V20","impfun","ipsuces",0.0447168240336901,0.0310271782654694,0.0309319189311612,0,0.0925508870821228,TRUE,0.444
"FI","R10","V4","V21","impfun","ipudrst",0,0.000767733607832176,0.00533444057285204,0,0,TRUE,0.978
"FI","R10","V4","V5","impfun","imprich",0,0.000730477421361956,0.00650847344031179,0,0,TRUE,0.986
"FI","R10","V4","V6","impfun","impsafe",0,0,0,0,0,TRUE,1
"FI","R10","V4","V7","impfun","imptrad",0,0.000214687166798326,0.00339167881613349,0,0,TRUE,0.996
"FI","R10","V4","V8","impfun","ipadvnt",0.141764287173192,0.138650985687802,0.0250901107610744,0.0932862355321558,0.189830966682668,FALSE,0
"FI","R10","V4","V9","impfun","ipbhprp",0,0,0,0,0,TRUE,1
"FI","R10","V5","V10","imprich","ipcrtiv",0,0,0,0,0,TRUE,1
"FI","R10","V5","V11","imprich","ipeqopt",0,-0.00488185817071618,0.0156198535992077,-0.0561619927114184,0,TRUE,0.9
"FI","R10","V5","V12","imprich","ipfrule",0,0.000221666201512671,0.0025795259867734,0,0,TRUE,0.992
"FI","R10","V5","V13","imprich","ipgdtim",0.0608640017572246,0.0638654365409991,0.028225852328358,0,0.115436730796233,TRUE,0.082
"FI","R10","V5","V14","imprich","iphlppl",0,-0.00311188135298478,0.0115417182766796,-0.0472138071262886,0,TRUE,0.926
"FI","R10","V5","V15","imprich","iplylfr",0,-0.00700734177988627,0.0170801616410193,-0.0598443809312694,0,TRUE,0.842
"FI","R10","V5","V16","imprich","ipmodst",0,0.00211518122665086,0.00981618465141138,0,0.0448362249277522,TRUE,0.952
"FI","R10","V5","V17","imprich","iprspot",0.104992784937541,0.105105610340133,0.0279940712579732,0.0504685185357445,0.162194337417946,FALSE,0.002
"FI","R10","V5","V18","imprich","ipshabt",0.0791770903606484,0.08576915597881,0.0279745238161041,0.0338305982480192,0.142542093395707,FALSE,0.014
"FI","R10","V5","V19","imprich","ipstrgv",0,0.00172377553926009,0.0086758641445512,0,0.0381322961999533,TRUE,0.958
"FI","R10","V5","V20","imprich","ipsuces",0.194050889762974,0.194623415917627,0.0266579756254493,0.142471715485811,0.247265713856863,FALSE,0
"FI","R10","V5","V21","imprich","ipudrst",0,-8.03184937250893e-05,0.0017959761181969,0,0,TRUE,0.998
"FI","R10","V5","V6","imprich","impsafe",0,0.00136180569809924,0.00845899742426871,0,0.0331131724182511,TRUE,0.972
"FI","R10","V5","V7","imprich","imptrad",0,-0.000324415629132653,0.00389016047654227,0,0,TRUE,0.992
"FI","R10","V5","V8","imprich","ipadvnt",0.0871811740992303,0.0897644938237631,0.0249203639334133,0.0410084969263934,0.138949910298151,FALSE,0.002
"FI","R10","V5","V9","imprich","ipbhprp",0,0,0,0,0,TRUE,1
"FI","R10","V6","V10","impsafe","ipcrtiv",0,-6.15887790935133e-05,0.0024104970029702,0,0,TRUE,0.994
"FI","R10","V6","V11","impsafe","ipeqopt",0,0.0102211071360195,0.0205242637531169,0,0.0682223232243309,TRUE,0.78
"FI","R10","V6","V12","impsafe","ipfrule",0.0754392595325628,0.0735126651978059,0.0254914380441324,0.0262201302595143,0.119830641684688,FALSE,0.018
"FI","R10","V6","V13","impsafe","ipgdtim",0.0427222986071364,0.0210460723985381,0.0296810254764733,0,0.0832294647382123,TRUE,0.636
"FI","R10","V6","V14","impsafe","iphlppl",0,0.00187991767556851,0.00777512302492975,0,0.0351509828619387,TRUE,0.94
"FI","R10","V6","V15","impsafe","iplylfr",0,0.0173666196116756,0.0240694167088849,0,0.0723077388157944,TRUE,0.604
"FI","R10","V6","V16","impsafe","ipmodst",0.047177172577181,0.0487351329939586,0.0306767816614394,0,0.105158434523317,TRUE,0.182
"FI","R10","V6","V17","impsafe","iprspot",0,0.00126934110100725,0.00685438129053667,0,0.0299436571074029,TRUE,0.964
"FI","R10","V6","V18","impsafe","ipshabt",0,0.0319750737794578,0.0391634869615918,0,0.105687455650811,TRUE,0.576
"FI","R10","V6","V19","impsafe","ipstrgv",0.174626907299711,0.177060178003413,0.0269238699218332,0.123834987511157,0.234498645292685,FALSE,0
"FI","R10","V6","V20","impsafe","ipsuces",0,0,0,0,0,TRUE,1
"FI","R10","V6","V21","impsafe","ipudrst",0,0.00212814025073672,0.0098466246329456,0,0.0425382363952707,TRUE,0.95
"FI","R10","V6","V7","impsafe","imptrad",0.0334264084319559,0.0384196320160974,0.0292647923025864,0,0.0949617233362789,TRUE,0.266
"FI","R10","V6","V8","impsafe","ipadvnt",-0.169473199926978,-0.156177796391982,0.0293036916749661,-0.212192960834298,-0.0979313410646483,FALSE,0
"FI","R10","V6","V9","impsafe","ipbhprp",0.15801454792453,0.152568715013653,0.0278189207158698,0.100761266172508,0.21127852161729,FALSE,0
"FI","R10","V7","V10","imptrad","ipcrtiv",0,0.0033439721618804,0.0127272443916891,0,0.050513095097886,TRUE,0.928
"FI","R10","V7","V11","imptrad","ipeqopt",0,-0.00530112516259687,0.0166192265702433,-0.0633140522210785,0,TRUE,0.898
"FI","R10","V7","V12","imptrad","ipfrule",0.077256130257867,0.0810073087289596,0.0300396539951531,0,0.138246074926802,TRUE,0.042
"FI","R10","V7","V13","imptrad","ipgdtim",0,5.41158074024337e-05,0.00121006624009128,0,0,TRUE,0.998
"FI","R10","V7","V14","imptrad","iphlppl",0.0262077874988865,0.0361082716470713,0.0306379175885686,0,0.0942069983101473,TRUE,0.338
"FI","R10","V7","V15","imptrad","iplylfr",0,0.0145486317302161,0.0221679424346272,0,0.0683246042141185,TRUE,0.656
"FI","R10","V7","V16","imptrad","ipmodst",0,0.0186416119976211,0.0234657348294699,0,0.0770044894781796,TRUE,0.536
"FI","R10","V7","V17","imptrad","iprspot",0,0.0175570334402783,0.0269542620973973,0,0.0780499018685589,TRUE,0.662
"FI","R10","V7","V18","imptrad","ipshabt",0,-0.00936702356988799,0.0206371063207054,-0.068975428769093,0,TRUE,0.81
"FI","R10","V7","V19","imptrad","ipstrgv",0,0.0106055628421548,0.0184159509854223,0,0.0571158530937039,TRUE,0.706
"FI","R10","V7","V20","imptrad","ipsuces",0,0,0,0,0,TRUE,1
"FI","R10","V7","V21","imptrad","ipudrst",0,-0.00144726682347158,0.0085382682087003,-0.0380830952736702,0,TRUE,0.97
"FI","R10","V7","V8","imptrad","ipadvnt",0,-0.00396988474935849,0.0121312733285825,-0.0480857575708032,0,TRUE,0.894
"FI","R10","V7","V9","imptrad","ipbhprp",0.107349351172865,0.102920170755656,0.0284245473019975,0.0440427010982305,0.156656230940997,FALSE,0.008
"FI","R10","V8","V10","ipadvnt","ipcrtiv",0.07399932683705,0.0588032281523874,0.0298104779932995,0,0.112776308966193,TRUE,0.106
"FI","R10","V8","V11","ipadvnt","ipeqopt",0,0.000419785906969357,0.00508798181450185,0,0,TRUE,0.986
"FI","R10","V8","V12","ipadvnt","ipfrule",-0.0294807080066592,-0.0244318953831524,0.0280240554645665,-0.0862768909114038,0,TRUE,0.51
"FI","R10","V8","V13","ipadvnt","ipgdtim",0.0839249112015979,0.0827450292744636,0.0299601799340313,0,0.137435131558143,TRUE,0.034
"FI","R10","V8","V14","ipadvnt","iphlppl",0,0,0,0,0,TRUE,1
"FI","R10","V8","V15","ipadvnt","iplylfr",0,3.88908862910295e-05,0.000869626654519566,0,0,TRUE,0.998
"FI","R10","V8","V16","ipadvnt","ipmodst",0,0.001381048606754,0.00875623221663269,0,0.0296366847796821,TRUE,0.972
"FI","R10","V8","V17","ipadvnt","iprspot",0.0452558888232913,0.0346086345440868,0.0313507525637723,0,0.0941796794576584,TRUE,0.38
"FI","R10","V8","V18","ipadvnt","ipshabt",0,0.0131181962317113,0.0218290913374462,0,0.0654046168176104,TRUE,0.71
"FI","R10","V8","V19","ipadvnt","ipstrgv",0,0,0,0,0,TRUE,1
"FI","R10","V8","V20","ipadvnt","ipsuces",0.106156078820452,0.103722644323252,0.0260981142054866,0.0556311009794297,0.156766240383273,FALSE,0
"FI","R10","V8","V21","ipadvnt","ipudrst",0,0,0,0,0,TRUE,1
"FI","R10","V8","V9","ipadvnt","ipbhprp",0,-0.000622108614882722,0.00514505541809184,0,0,TRUE,0.984
"FI","R10","V9","V10","ipbhprp","ipcrtiv",0,-0.00682083890398897,0.0161580781447796,-0.0560759643089314,0,TRUE,0.828
"FI","R10","V9","V11","ipbhprp","ipeqopt",0,0,0,0,0,TRUE,1
"FI","R10","V9","V12","ipbhprp","ipfrule",0.269617182596053,0.266298654622936,0.0267679979329247,0.217153126413152,0.317921281231901,FALSE,0
"FI","R10","V9","V13","ipbhprp","ipgdtim",0,-7.30951899337143e-05,0.00163445813520043,0,0,TRUE,0.998
"FI","R10","V9","V14","ipbhprp","iphlppl",0.0268017101176079,0.0170760964821036,0.0238623441741493,0,0.0692982111745075,TRUE,0.622
"FI","R10","V9","V15","ipbhprp","iplylfr",0.0815620537289206,0.0787617250932223,0.0254611494043655,0.0285701099392268,0.124691278265236,FALSE,0.014
"FI","R10","V9","V16","ipbhprp","ipmodst",0.16410718410032,0.164040938936926,0.0280535692740641,0.105596636726199,0.213651949298944,FALSE,0
"FI","R10","V9","V17","ipbhprp","iprspot",0.0966606004612492,0.0832674908765836,0.0258628234783118,0.0369057165015189,0.128393773039974,FALSE,0.014
"FI","R10","V9","V18","ipbhprp","ipshabt",0,0,0,0,0,TRUE,1
"FI","R10","V9","V19","ipbhprp","ipstrgv",0.0532319613522241,0.0474144929810734,0.0308409036285936,0,0.104840627402051,TRUE,0.198
"FI","R10","V9","V20","ipbhprp","ipsuces",0,0.000235429376265133,0.00328352266027843,0,0,TRUE,0.994
"FI","R10","V9","V21","ipbhprp","ipudrst",0,-0.000257983042878316,0.00355447422447612,0,0,TRUE,0.994
"FI","R9","V1","V10","impdiff","ipcrtiv",0.204183208922401,0.199706409601473,0.0242047571281709,0.147568795643603,0.247718908690822,FALSE,0
"FI","R9","V1","V11","impdiff","ipeqopt",0,0,0,0,0,TRUE,1
"FI","R9","V1","V12","impdiff","ipfrule",0,0,0,0,0,TRUE,1
"FI","R9","V1","V13","impdiff","ipgdtim",0.0413153217775066,0.042632386021508,0.0302428140851929,0,0.0980751745246527,TRUE,0.24
"FI","R9","V1","V14","impdiff","iphlppl",0.0710793967625582,0.0640582396732058,0.0243725064002004,0,0.111294016353351,TRUE,0.038
"FI","R9","V1","V15","impdiff","iplylfr",0,0.0120791681731139,0.0197983905218613,0,0.0573871151027623,TRUE,0.7
"FI","R9","V1","V16","impdiff","ipmodst",0,-0.0034633206154296,0.0123130493662015,-0.0519775162941761,0,TRUE,0.918
"FI","R9","V1","V17","impdiff","iprspot",0,-0.000125336479802591,0.00280260888899123,0,0,TRUE,0.998
"FI","R9","V1","V18","impdiff","ipshabt",0,0,0,0,0,TRUE,1
"FI","R9","V1","V19","impdiff","ipstrgv",0,0,0,0,0,TRUE,1
"FI","R9","V1","V2","impdiff","impenv",0,0.00286788614054337,0.0108617115850752,0,0.0439646983129221,TRUE,0.926
"FI","R9","V1","V20","impdiff","ipsuces",0,0.0102210034819246,0.0212885253190852,0,0.0676647118028504,TRUE,0.796
"FI","R9","V1","V21","impdiff","ipudrst",0.113256665845783,0.112825380096544,0.0231776113966651,0.0687343504008122,0.159325873144705,FALSE,0
"FI","R9","V1","V3","impdiff","impfree",0,0.00806756002282138,0.0200874523921776,0,0.0688122115209411,TRUE,0.852
"FI","R9","V1","V4","impdiff","impfun",0.0591027856028083,0.0558802167847093,0.030576770458844,0,0.105440299618436,TRUE,0.148
"FI","R9","V1","V5","impdiff","imprich",0,-0.00720055595161301,0.0210233973441133,-0.0782844132641712,0,TRUE,0.884
"FI","R9","V1","V6","impdiff","impsafe",0,-0.000588284639281201,0.00476112150624988,0,0,TRUE,0.984
"FI","R9","V1","V7","impdiff","imptrad",0,8.72750499200371e-05,0.00195152944360891,0,0,TRUE,0.998
"FI","R9","V1","V8","impdiff","ipadvnt",0.356237456387167,0.352676363608679,0.0221563718113592,0.30363010488057,0.392504007860408,FALSE,0
"FI","R9","V1","V9","impdiff","ipbhprp",0,-0.000167291593377992,0.00265538850120322,0,0,TRUE,0.996
"FI","R9","V10","V11","ipcrtiv","ipeqopt",0,0.0106154717678221,0.0198453587777168,0,0.0613956724240269,TRUE,0.75
"FI","R9","V10","V12","ipcrtiv","ipfrule",0,-0.0014820552627938,0.00736344480116681,-0.0309097777773607,0,TRUE,0.956
"FI","R9","V10","V13","ipcrtiv","ipgdtim",0,-0.000122061552969749,0.00192978119915639,0,0,TRUE,0.996
"FI","R9","V10","V14","ipcrtiv","iphlppl",0.0487324749618042,0.0282845052895786,0.0278997750244298,0,0.0861724310138645,TRUE,0.42
"FI","R9","V10","V15","ipcrtiv","iplylfr",0,0.00018768365825942,0.00299391733134125,0,0,TRUE,0.996
"FI","R9","V10","V16","ipcrtiv","ipmodst",0,-9.17155513187099e-05,0.00205082207342506,0,0,TRUE,0.998
"FI","R9","V10","V17","ipcrtiv","iprspot",0,0.000172145420414264,0.00272241156331277,0,0,TRUE,0.996
"FI","R9","V10","V18","ipcrtiv","ipshabt",0.135170167918811,0.130743501962358,0.024114287199485,0.085874677984852,0.180308723102165,FALSE,0
"FI","R9","V10","V19","ipcrtiv","ipstrgv",0,0.00174405415183404,0.00785252334863526,0,0.0352903279144295,TRUE,0.95
"FI","R9","V10","V20","ipcrtiv","ipsuces",0,0,0,0,0,TRUE,1
"FI","R9","V10","V21","ipcrtiv","ipudrst",0,0.0182539004983786,0.0257547059430315,0,0.0796812954528984,TRUE,0.618
"FI","R9","V11","V12","ipeqopt","ipfrule",0,-0.000317269415934785,0.00355978950806679,0,0,TRUE,0.992
"FI","R9","V11","V13","ipeqopt","ipgdtim",0,0.000835957928530015,0.00529880877506288,0,0.0205960227807917,TRUE,0.974
"FI","R9","V11","V14","ipeqopt","iphlppl",0.16307509129855,0.157470339700165,0.0268767820437228,0.0962008512778054,0.209111657371099,FALSE,0
"FI","R9","V11","V15","ipeqopt","iplylfr",0.0348933346709211,0.0332314390191681,0.028188297151047,0,0.0899075161738991,TRUE,0.316
"FI","R9","V11","V16","ipeqopt","ipmodst",0,0.00660341911028861,0.0174355170704054,0,0.0616792413705229,TRUE,0.866
"FI","R9","V11","V17","ipeqopt","iprspot",0,-0.00261491950455777,0.0101056353483577,-0.0393325712589665,0,TRUE,0.93
"FI","R9","V11","V18","ipeqopt","ipshabt",0,0,0,0,0,TRUE,1
"FI","R9","V11","V19","ipeqopt","ipstrgv",0,0.0231520469587395,0.0284266749120513,0,0.0832243390160403,TRUE,0.554
"FI","R9","V11","V20","ipeqopt","ipsuces",0,-0.000213195759522648,0.00367212735287742,0,0,TRUE,0.996
"FI","R9","V11","V21","ipeqopt","ipudrst",0.205098423190118,0.205914820111012,0.0283165722386844,0.151418015370214,0.262548549685616,FALSE,0
"FI","R9","V12","V13","ipfrule","ipgdtim",0,0,0,0,0,TRUE,1
"FI","R9","V12","V14","ipfrule","iphlppl",0,0.00435128771969888,0.0126713430330237,0,0.0444740690021772,TRUE,0.884
"FI","R9","V12","V15","ipfrule","iplylfr",0,0.000728567932690029,0.00503401744287458,0,0,TRUE,0.978
"FI","R9","V12","V16","ipfrule","ipmodst",0.115371998922374,0.104161140744043,0.0298808327373133,0.0435075723913092,0.159405971887595,FALSE,0.012
"FI","R9","V12","V17","ipfrule","iprspot",0.0584836136642418,0.049238077573538,0.0286414460036167,0,0.106187361223782,TRUE,0.164
"FI","R9","V12","V18","ipfrule","ipshabt",0,-7.62073600487535e-05,0.00170404837454814,0,0,TRUE,0.998
"FI","R9","V12","V19","ipfrule","ipstrgv",0.0809813095815367,0.0731526131172998,0.031260640850991,0,0.128803965974264,TRUE,0.054
"FI","R9","V12","V20","ipfrule","ipsuces",0,0.000690896682854919,0.00595603421094458,0,0,TRUE,0.986
"FI","R9","V12","V21","ipfrule","ipudrst",0,0.00402499929335249,0.0133495873831712,0,0.0497276858900506,TRUE,0.906
"FI","R9","V13","V14","ipgdtim","iphlppl",0,0.0206680822736193,0.0264868577820659,0,0.0753412702224252,TRUE,0.584
"FI","R9","V13","V15","ipgdtim","iplylfr",0,0.0159595933122787,0.0253913139469104,0,0.0745146343670732,TRUE,0.692
"FI","R9","V13","V16","ipgdtim","ipmodst",0,0.000131798945900601,0.00213993285734942,0,0,TRUE,0.996
"FI","R9","V13","V17","ipgdtim","iprspot",0,0.00144217112934227,0.00709568190956187,0,0.0348462904231368,TRUE,0.958
"FI","R9","V13","V18","ipgdtim","ipshabt",0,0.000794825626339339,0.00574096465703452,0,0,TRUE,0.98
"FI","R9","V13","V19","ipgdtim","ipstrgv",0,5.85196397543607e-05,0.0013085389250955,0,0,TRUE,0.998
"FI","R9","V13","V20","ipgdtim","ipsuces",0,0.0182701970590439,0.0237705254586093,0,0.0717451486828879,TRUE,0.586
"FI","R9","V13","V21","ipgdtim","ipudrst",0,0.000491997178647138,0.00367740215859442,0,0,TRUE,0.982
"FI","R9","V14","V15","iphlppl","iplylfr",0.213070517469871,0.208503805606044,0.0295810614856706,0.146137648229599,0.265897523580897,FALSE,0
"FI","R9","V14","V16","iphlppl","ipmodst",0.0395025464722109,0.0249078027264191,0.0251603180885137,0,0.0759708931541513,TRUE,0.438
"FI","R9","V14","V17","iphlppl","iprspot",0,0,0,0,0,TRUE,1
"FI","R9","V14","V18","iphlppl","ipshabt",0,0,0,0,0,TRUE,1
"FI","R9","V14","V19","iphlppl","ipstrgv",0,0.0087550821103656,0.0166993379690766,0,0.0546363989266017,TRUE,0.76
"FI","R9","V14","V20","iphlppl","ipsuces",0,0.00900945570992296,0.0188072366066514,0,0.0615707589642039,TRUE,0.798
"FI","R9","V14","V21","iphlppl","ipudrst",0.124554155661039,0.122506631925551,0.0270964129081479,0.0698287004562357,0.173617512692322,FALSE,0
"FI","R9","V15","V16","iplylfr","ipmodst",0.0333473828292762,0.0204871759829483,0.0229242197385787,0,0.0728054860696659,TRUE,0.486
"FI","R9","V15","V17","iplylfr","iprspot",0,0.0025862715392554,0.0105993559431939,0,0.0434330735669788,TRUE,0.938
"FI","R9","V15","V18","iplylfr","ipshabt",0,0,0,0,0,TRUE,1
"FI","R9","V15","V19","iplylfr","ipstrgv",0.0473059595215472,0.0352465171316901,0.0270431105540361,0,0.0916663988427618,TRUE,0.258
"FI","R9","V15","V20","iplylfr","ipsuces",0,-0.000162538721223243,0.00363447629631058,0,0,TRUE,0.998
"FI","R9","V15","V21","iplylfr","ipudrst",0.109877680675191,0.10720854105825,0.0282905700974877,0.0522280119911238,0.164215944440066,FALSE,0.002
"FI","R9","V16","V17","ipmodst","iprspot",0,-0.0024073810352725,0.0107920854705211,-0.0471344836138646,0,TRUE,0.948
"FI","R9","V16","V18","ipmodst","ipshabt",0,-0.0338945028059356,0.0342124840945247,-0.0966133728918848,0,TRUE,0.466
"FI","R9","V16","V19","ipmodst","ipstrgv",0,0,0,0,0,TRUE,1
"FI","R9","V16","V20","ipmodst","ipsuces",0,-0.00121767136993588,0.0086327991011902,0,0,TRUE,0.98
"FI","R9","V16","V21","ipmodst","ipudrst",0.0671907459790926,0.0667469154688106,0.0299494090963022,0,0.121568892349213,TRUE,0.08
"FI","R9","V17","V18","iprspot","ipshabt",0.191864006342235,0.196459067252543,0.0271490806106004,0.143489320923112,0.250904240156882,FALSE,0
"FI","R9","V17","V19","iprspot","ipstrgv",0,-0.000669984861085314,0.00621041631154665,0,0,TRUE,0.988
"FI","R9","V17","V20","iprspot","ipsuces",0.157213271627668,0.160181435172176,0.0256152119357829,0.10732861538494,0.206338907338118,FALSE,0
"FI","R9","V17","V21","iprspot","ipudrst",0,-0.00505404243674179,0.0142738235148575,-0.0525905724531625,0,TRUE,0.878
"FI","R9","V18","V19","ipshabt","ipstrgv",0,-0.00238851000706758,0.0118257465102752,-0.0497785263174452,0,TRUE,0.958
"FI","R9","V18","V20","ipshabt","ipsuces",0.389260544970807,0.389766896792822,0.0247107141613141,0.340927301841631,0.436369231243584,FALSE,0
"FI","R9","V18","V21","ipshabt","ipudrst",0,-0.00379469621063712,0.0130231697631333,-0.0500610833070077,0,TRUE,0.912
"FI","R9","V19","V20","ipstrgv","ipsuces",0.0665798558214759,0.065197781171732,0.0253736913187883,0,0.112282555126969,TRUE,0.048
"FI","R9","V19","V21","ipstrgv","ipudrst",0,0.000830848685161868,0.0057796868528071,0,0.00655458828712204,TRUE,0.976
"FI","R9","V2","V10","impenv","ipcrtiv",0.0719252388023555,0.0636181496343261,0.0281116606240408,0,0.112744335512451,TRUE,0.068
"FI","R9","V2","V11","impenv","ipeqopt",0.115015924456425,0.120617881351,0.0308477292668701,0.0584236897400177,0.184928573583707,FALSE,0
"FI","R9","V2","V12","impenv","ipfrule",0,-0.000169075371920957,0.00277860698420249,0,0,TRUE,0.996
"FI","R9","V2","V13","impenv","ipgdtim",0,-0.00561399285807566,0.0166873863855586,-0.0643582234197234,0,TRUE,0.884
"FI","R9","V2","V14","impenv","iphlppl",0.0663530902990379,0.0643975951042193,0.0287556282267457,0,0.120229894459687,TRUE,0.042
"FI","R9","V2","V15","impenv","iplylfr",0.14028731295508,0.136714635854126,0.0291302925258366,0.0830592913103749,0.194098160892759,FALSE,0
"FI","R9","V2","V16","impenv","ipmodst",0,-0.0106526502232884,0.0219086058081028,-0.0704247232214212,0,TRUE,0.786
"FI","R9","V2","V17","impenv","iprspot",0,-0.000112754535253636,0.00178486599832495,0,0,TRUE,0.996
"FI","R9","V2","V18","impenv","ipshabt",0,-0.000895675623912045,0.00609999750575656,0,0,TRUE,0.978
"FI","R9","V2","V19","impenv","ipstrgv",0.0730928457314127,0.0715571027969794,0.0288041317190314,0,0.128987965363494,TRUE,0.04
"FI","R9","V2","V20","impenv","ipsuces",0,0,0,0,0,TRUE,1
"FI","R9","V2","V21","impenv","ipudrst",0.0658379549146853,0.0701592948472327,0.0300379302730285,0,0.128596051620537,TRUE,0.04
"FI","R9","V2","V3","impenv","impfree",0,0.00269683063447931,0.00936184561455137,0,0.0381133688843704,TRUE,0.918
"FI","R9","V2","V4","impenv","impfun",0,0.00829019587254976,0.019213900632648,0,0.0654028578423042,TRUE,0.826
"FI","R9","V2","V5","impenv","imprich",-0.0882863203579693,-0.0849336259138882,0.0256595699086463,-0.130504926179998,-0.0343128578997715,FALSE,0.008
"FI","R9","V2","V6","impenv","impsafe",0,0.00227874514290213,0.00875580514765493,0,0.0368566692205728,TRUE,0.928
"FI","R9","V2","V7","impenv","imptrad",0.103718260215386,0.111866853179005,0.0246970771183419,0.0649467749005287,0.159787456892244,FALSE,0
"FI","R9","V2","V8","impenv","ipadvnt",0,-0.0140720236843655,0.0230109060090269,-0.0699986664683403,0,TRUE,0.696
"FI","R9","V2","V9","impenv","ipbhprp",0,0.000389289404439043,0.00393509695261025,0,0,TRUE,0.988
"FI","R9","V20","V21","ipsuces","ipudrst",0,0.000627840175889449,0.00560471227055426,0,0,TRUE,0.986
"FI","R9","V3","V10","impfree","ipcrtiv",0.0830465021595862,0.0715751388737948,0.0275332545344603,0,0.120928022509851,TRUE,0.034
"FI","R9","V3","V11","impfree","ipeqopt",0,0.0034653671399474,0.0114645818275882,0,0.0441156106824516,TRUE,0.906
"FI","R9","V3","V12","impfree","ipfrule",-0.0504627410931243,-0.0375034639012119,0.0305861393231345,-0.0969884322292216,0,TRUE,0.328
"FI","R9","V3","V13","impfree","ipgdtim",0.0937475430906781,0.0935089884661696,0.0306412387101697,0,0.146608169014011,TRUE,0.038
"FI","R9","V3","V14","impfree","iphlppl",0,0.000525215724481648,0.00409916393454174,0,0,TRUE,0.982
"FI","R9","V3","V15","impfree","iplylfr",0,0.00158491277368147,0.0070130637497642,0,0.0285543569384307,TRUE,0.946
"FI","R9","V3","V16","impfree","ipmodst",0,5.75526282735785e-05,0.00128691589103498,0,0,TRUE,0.998
"FI","R9","V3","V17","impfree","iprspot",0,0.000527160959032667,0.00428675122326647,0,0,TRUE,0.984
"FI","R9","V3","V18","impfree","ipshabt",0,-8.25423784310784e-05,0.00184570369196404,0,0,TRUE,0.998
"FI","R9","V3","V19","impfree","ipstrgv",0,0.00528931854188413,0.0145046946648873,0,0.0511942638007424,TRUE,0.866
"FI","R9","V3","V20","impfree","ipsuces",0.0407737950223303,0.0364494456169911,0.0284992278043285,0,0.0901767088927869,TRUE,0.31
"FI","R9","V3","V21","impfree","ipudrst",0,0.0103859273893843,0.0196744779054787,0,0.0629122708112077,TRUE,0.76
"FI","R9","V3","V4","impfree","impfun",0,0.000553668909204521,0.00508944055652684,0,0,TRUE,0.988
"FI","R9","V3","V5","impfree","imprich",0,0,0,0,0,TRUE,1
"FI","R9","V3","V6","impfree","impsafe",0,0.00234797231311188,0.0109293959553579,0,0.0471691906181318,TRUE,0.952
"FI","R9","V3","V7","impfree","imptrad",0,-0.00500155310143282,0.013669765056204,-0.0485572866462642,0,TRUE,0.866
"FI","R9","V3","V8","impfree","ipadvnt",0.0396208603457971,0.0276622940580792,0.0284179225837423,0,0.0811582382104053,TRUE,0.472
"FI","R9","V3","V9","impfree","ipbhprp",0,6.89228938945836e-05,0.00154116275954294,0,0,TRUE,0.998
"FI","R9","V4","V10","impfun","ipcrtiv",0,-0.00324003626228266,0.0135702875036411,-0.0578666551261661,0,TRUE,0.942
"FI","R9","V4","V11","impfun","ipeqopt",0,0.00068233354408558,0.00569272215374389,0,0,TRUE,0.984
"FI","R9","V4","V12","impfun","ipfrule",0,0.000279097714135193,0.00382226608064835,0,0,TRUE,0.994
"FI","R9","V4","V13","impfun","ipgdtim",0.403411196536189,0.400444995657424,0.0249676540235221,0.354099339529187,0.447770121347322,FALSE,0
"FI","R9","V4","V14","impfun","iphlppl",0.0256501676871046,0.0178545066178374,0.023341793306922,0,0.0706125212759279,TRUE,0.576
"FI","R9","V4","V15","impfun","iplylfr",0.0551406959784046,0.0393716100158603,0.028292511267822,0,0.0916115015654066,TRUE,0.248
"FI","R9","V4","V16","impfun","ipmodst",0,-0.000339273784097034,0.00438407533370572,0,0,TRUE,0.994
"FI","R9","V4","V17","impfun","iprspot",0,-0.00021140075207463,0.00280990598503685,0,0,TRUE,0.994
"FI","R9","V4","V18","impfun","ipshabt",0,0,0,0,0,TRUE,1
"FI","R9","V4","V19","impfun","ipstrgv",0,0.00409635334954334,0.0119540802104163,0,0.0434999581380384,TRUE,0.884
"FI","R9","V4","V20","impfun","ipsuces",0.0679648671416389,0.0604991005949215,0.0259074065461619,0,0.106586128291153,TRUE,0.084
"FI","R9","V4","V21","impfun","ipudrst",0,0.00681508941139705,0.0161290738970066,0,0.0550419539200119,TRUE,0.83
"FI","R9","V4","V5","impfun","imprich",0,0,0,0,0,TRUE,1
"FI","R9","V4","V6","impfun","impsafe",0,0,0,0,0,TRUE,1
"FI","R9","V4","V7","impfun","imptrad",0,0.01087743651658,0.023943229730296,0,0.0808747429931424,TRUE,0.806
"FI","R9","V4","V8","impfun","ipadvnt",0.160987824477062,0.151530107564301,0.0258124958524465,0.0971002360312993,0.200232025441088,FALSE,0
"FI","R9","V4","V9","impfun","ipbhprp",0,-0.000153639779031027,0.0019860057199609,0,0,TRUE,0.994
"FI","R9","V5","V10","imprich","ipcrtiv",0.0433377255221741,0.0216764002053101,0.02813906547958,0,0.0816508883118738,TRUE,0.578
"FI","R9","V5","V11","imprich","ipeqopt",0,-0.000407983629296174,0.00387110942128401,0,0,TRUE,0.988
"FI","R9","V5","V12","imprich","ipfrule",0,5.33139633635998e-05,0.00119213646230943,0,0,TRUE,0.998
"FI","R9","V5","V13","imprich","ipgdtim",0.0407026346616542,0.0374431199843975,0.0310063949578866,0,0.0984223510813581,TRUE,0.326
"FI","R9","V5","V14","imprich","iphlppl",-0.0688255632400233,-0.0302020903045556,0.0360601569701476,-0.106321916887719,0,TRUE,0.546
"FI","R9","V5","V15","imprich","iplylfr",0,-0.000515462115905352,0.00398492170675874,0,0,TRUE,0.982
"FI","R9","V5","V16","imprich","ipmodst",-0.0190680332626799,-0.012640122740405,0.0195234842201487,-0.0613060859701191,0,TRUE,0.662
"FI","R9","V5","V17","imprich","iprspot",0.110331330730096,0.105485288043307,0.0242366708641899,0.0586755497606916,0.156089889416754,FALSE,0
"FI","R9","V5","V18","imprich","ipshabt",0.0358736009558891,0.0303676138214496,0.0281408308522838,0,0.0816372639328708,TRUE,0.412
"FI","R9","V5","V19","imprich","ipstrgv",0,4.8985582960873e-05,0.00109535093417968,0,0,TRUE,0.998
"FI","R9","V5","V20","imprich","ipsuces",0.22168190119902,0.221025455189346,0.0243794586488456,0.171738594198521,0.271470785411143,FALSE,0
"FI","R9","V5","V21","imprich","ipudrst",0,-0.0102262071786134,0.0200712028329242,-0.0616964825506956,0,TRUE,0.772
"FI","R9","V5","V6","imprich","impsafe",0,0.00318840042798981,0.0122440213798741,0,0.048646736974758,TRUE,0.928
"FI","R9","V5","V7","imprich","imptrad",-0.024517063021077,-0.0233627095014814,0.0261643398103626,-0.0810931066170709,0,TRUE,0.486
"FI","R9","V5","V8","imprich","ipadvnt",0.0976722368428355,0.086334117074063,0.0242449713592337,0.0353955164610587,0.133775141061214,FALSE,0.014
"FI","R9","V5","V9","imprich","ipbhprp",0,-0.00139294376538999,0.0068928818666771,-0.0321931139120858,0,TRUE,0.958
"FI","R9","V6","V10","impsafe","ipcrtiv",0,-0.000375229097044574,0.00363035567109638,0,0,TRUE,0.982
"FI","R9","V6","V11","impsafe","ipeqopt",0,0.0115457446503906,0.0211523477807816,0,0.0676259116083214,TRUE,0.742
"FI","R9","V6","V12","impsafe","ipfrule",0.0715088297494698,0.0713531814496796,0.0292798675438419,0,0.125332240750405,TRUE,0.034
"FI","R9","V6","V13","impsafe","ipgdtim",0,0.0199206622638933,0.0290195650604079,0,0.0835656455405071,TRUE,0.648
"FI","R9","V6","V14","impsafe","iphlppl",0,-7.52196650110727e-06,0.0014362260284054,0,0,TRUE,0.996
"FI","R9","V6","V15","impsafe","iplylfr",0.0570635726500947,0.0461910784112402,0.0280273858193394,0,0.101901745884096,TRUE,0.16
"FI","R9","V6","V16","impsafe","ipmodst",0.0592783662018878,0.0522754568164083,0.0286617385573021,0,0.108152325469135,TRUE,0.124
"FI","R9","V6","V17","impsafe","iprspot",0,0.00659734684379634,0.0169570473989888,0,0.0554317813045182,TRUE,0.858
"FI","R9","V6","V18","impsafe","ipshabt",0,0.00247845720781493,0.0126834750506152,0,0.064385393435248,TRUE,0.96
"FI","R9","V6","V19","impsafe","ipstrgv",0.20839818077625,0.202926819279907,0.0272476859696176,0.148713630113735,0.256433442180392,FALSE,0
"FI","R9","V6","V20","impsafe","ipsuces",0,0.00035185090607245,0.00399662591974774,0,0,TRUE,0.992
"FI","R9","V6","V21","impsafe","ipudrst",0,-0.000591998274197577,0.00550941129332579,0,0,TRUE,0.988
"FI","R9","V6","V7","impsafe","imptrad",0.0476732564394673,0.0522000062995606,0.0292872474809092,0,0.106684139240241,TRUE,0.122
"FI","R9","V6","V8","impsafe","ipadvnt",-0.118180737384997,-0.104903839872738,0.0341012309959762,-0.164817458657429,0,TRUE,0.032
"FI","R9","V6","V9","impsafe","ipbhprp",0.144835894464585,0.141369532046003,0.0307235670915789,0.0789349136508144,0.198121272412877,FALSE,0
"FI","R9","V7","V10","imptrad","ipcrtiv",0,0.00118632280119489,0.00800267756153078,0,0.0139400808238938,TRUE,0.976
"FI","R9","V7","V11","imptrad","ipeqopt",0,-0.0175539693437442,0.0290244703452373,-0.0899140834030699,0,TRUE,0.698
"FI","R9","V7","V12","imptrad","ipfrule",0.130773281914192,0.128792998959977,0.0274479860760012,0.0713725354520377,0.181358490838101,FALSE,0
"FI","R9","V7","V13","imptrad","ipgdtim",0,-0.00768056014458603,0.01982494353926,-0.0717140352915188,0,TRUE,0.854
"FI","R9","V7","V14","imptrad","iphlppl",0,0.028417932908012,0.0306591100600462,0,0.0942474024420354,TRUE,0.476
"FI","R9","V7","V15","imptrad","iplylfr",0.056046031360532,0.0546744271494035,0.0307963731402702,0,0.111546183108856,TRUE,0.138
"FI","R9","V7","V16","imptrad","ipmodst",0,0.000422329492708753,0.00401350971987732,0,0,TRUE,0.988
"FI","R9","V7","V17","imptrad","iprspot",0,0.00415139187551413,0.0136814127366173,0,0.0548929258285453,TRUE,0.906
"FI","R9","V7","V18","imptrad","ipshabt",0,-0.00677495982971813,0.0171608952561418,-0.061539936409112,0,TRUE,0.846
"FI","R9","V7","V19","imptrad","ipstrgv",0,0.0147368405066598,0.0210386956914492,0,0.0675014556113852,TRUE,0.614
"FI","R9","V7","V20","imptrad","ipsuces",0,0,0,0,0,TRUE,1
"FI","R9","V7","V21","imptrad","ipudrst",0,-0.0165607146617705,0.029322160804543,-0.0954375128944827,0,TRUE,0.724
"FI","R9","V7","V8","imptrad","ipadvnt",0,-0.0142729849518151,0.0221904793676334,-0.0751474926266285,0,TRUE,0.656
"FI","R9","V7","V9","imptrad","ipbhprp",0.0961977876111338,0.0932918314922526,0.0270190394064348,0.0401641905878226,0.147503019106697,FALSE,0.006
"FI","R9","V8","V10","ipadvnt","ipcrtiv",0,0.0125489005426655,0.0211349454544874,0,0.0641619667717361,TRUE,0.706
"FI","R9","V8","V11","ipadvnt","ipeqopt",0,0,0,0,0,TRUE,1
"FI","R9","V8","V12","ipadvnt","ipfrule",-0.0396127869749408,-0.0243251572144988,0.0259360139684986,-0.07517127692769,0,TRUE,0.486
"FI","R9","V8","V13","ipadvnt","ipgdtim",0.0929243649741706,0.0943814907282104,0.0272024516387751,0.0385840900246576,0.148738088704494,FALSE,0.004
"FI","R9","V8","V14","ipadvnt","iphlppl",0,-5.32760429867591e-05,0.00119128853690594,0,0,TRUE,0.998
"FI","R9","V8","V15","ipadvnt","iplylfr",0,0,0,0,0,TRUE,1
"FI","R9","V8","V16","ipadvnt","ipmodst",0,0.001218073717904,0.00865698017798487,0,0,TRUE,0.978
"FI","R9","V8","V17","ipadvnt","iprspot",0,0.0249188287861285,0.0284203515020399,0,0.0799250148853828,TRUE,0.512
"FI","R9","V8","V18","ipadvnt","ipshabt",0,0.011802000924732,0.0213636728264037,0,0.0672604113665231,TRUE,0.744
"FI","R9","V8","V19","ipadvnt","ipstrgv",0,-3.49598486351373e-05,0.000781725980312702,0,0,TRUE,0.998
"FI","R9","V8","V20","ipadvnt","ipsuces",0.113230408906068,0.114887042983646,0.0263571168035922,0.0644754212884547,0.168805644898475,FALSE,0
"FI","R9","V8","V21","ipadvnt","ipudrst",0,-0.000185914055398656,0.0029905666310804,0,0,TRUE,0.996
"FI","R9","V8","V9","ipadvnt","ipbhprp",0,-0.00996778602097001,0.018687863488221,-0.0608856163875268,0,TRUE,0.752
"FI","R9","V9","V10","ipbhprp","ipcrtiv",-0.0432083420994596,-0.024304459206167,0.0275474286283881,-0.0791145285529482,0,TRUE,0.514
"FI","R9","V9","V11","ipbhprp","ipeqopt",0,-0.000356563811593499,0.00483510475858684,0,0,TRUE,0.994
"FI","R9","V9","V12","ipbhprp","ipfrule",0.29993346186245,0.300135764563853,0.028187675205338,0.243824379466318,0.352711347840037,FALSE,0
"FI","R9","V9","V13","ipbhprp","ipgdtim",0,-0.000103951356380055,0.00232442299219109,0,0,TRUE,0.998
"FI","R9","V9","V14","ipbhprp","iphlppl",0,0.00417677564216324,0.0132459117173365,0,0.0510651578940679,TRUE,0.9
"FI","R9","V9","V15","ipbhprp","iplylfr",0,0.0171026240937038,0.0240932981654014,0,0.0741753747614165,TRUE,0.632
"FI","R9","V9","V16","ipbhprp","ipmodst",0.180224373788571,0.173649056267033,0.0276440642610821,0.122066435019561,0.226289453537401,FALSE,0
"FI","R9","V9","V17","ipbhprp","iprspot",0.109215772385145,0.104282918653034,0.0274758687602026,0.0499679402095664,0.155516187140502,FALSE,0.012
"FI","R9","V9","V18","ipbhprp","ipshabt",0,-6.81080971157416e-05,0.00152294334968955,0,0,TRUE,0.998
"FI","R9","V9","V19","ipbhprp","ipstrgv",0.0796336986831298,0.0746366941310286,0.0305890793629902,0,0.127191416605487,TRUE,0.052
"FI","R9","V9","V20","ipbhprp","ipsuces",0,9.39662353402079e-05,0.00210114889810448,0,0,TRUE,0.998
"FI","R9","V9","V21","ipbhprp","ipudrst",0,0,0,0,0,TRUE,1
"FR","R10","V1","V10","impdiff","ipcrtiv",0.157396321897947,0.157869570093461,0.0233889710956928,0.113528026195659,0.2063690225716,FALSE,0
"FR","R10","V1","V11","impdiff","ipeqopt",0,0.0118136631875511,0.0176693526535642,0,0.0564436944491674,TRUE,0.642
"FR","R10","V1","V12","impdiff","ipfrule",0,0.00149662007399274,0.00797397900374576,0,0.0284398418576291,TRUE,0.96
"FR","R10","V1","V13","impdiff","ipgdtim",0.0667345756738925,0.0619756949433059,0.0252417508207671,0,0.110231773093154,TRUE,0.036
"FR","R10","V1","V14","impdiff","iphlppl",0.0629793552065351,0.0604307128313432,0.0240614800145333,0,0.108455993853753,TRUE,0.034
"FR","R10","V1","V15","impdiff","iplylfr",0,-1.84412695257088e-05,0.00189370947396476,0,0,TRUE,0.996
"FR","R10","V1","V16","impdiff","ipmodst",0,-3.54717259656412e-05,0.00249841179777995,0,0,TRUE,0.996
"FR","R10","V1","V17","impdiff","iprspot",0,-0.000331158599029428,0.00381661657009167,0,0,TRUE,0.992
"FR","R10","V1","V18","impdiff","ipshabt",0.0628974939641029,0.0600894355047695,0.0240508446037722,0,0.10361633857701,TRUE,0.036
"FR","R10","V1","V19","impdiff","ipstrgv",0,0.00153358428703153,0.00641346282202491,0,0.0268753599076559,TRUE,0.942
"FR","R10","V1","V2","impdiff","impenv",0.055376426245282,0.0514977966335644,0.0248777419017246,0,0.0994671028787932,TRUE,0.082
"FR","R10","V1","V20","impdiff","ipsuces",0,0.00107365824606234,0.00552665266948409,0,0.0247740782665778,TRUE,0.96
"FR","R10","V1","V21","impdiff","ipudrst",0.0865442496791454,0.085625044201097,0.0232735852688874,0.0393797149478137,0.131971206549622,FALSE,0
"FR","R10","V1","V3","impdiff","impfree",0.0436207988980144,0.042778290499796,0.026038459772163,0,0.0929798316012993,TRUE,0.172
"FR","R10","V1","V4","impdiff","impfun",0.0912652557586549,0.0900856146534231,0.0246615985302127,0.043639784366837,0.140387358903073,FALSE,0.002
"FR","R10","V1","V5","impdiff","imprich",0,-0.000596357597362574,0.00568629815249804,0,0,TRUE,0.988
"FR","R10","V1","V6","impdiff","impsafe",0.0263177008299291,0.0139085876325535,0.0216242529474848,0,0.0667184125371095,TRUE,0.672
"FR","R10","V1","V7","impdiff","imptrad",0,0.00449648483427516,0.0130540899737565,0,0.0507058830170082,TRUE,0.876
"FR","R10","V1","V8","impdiff","ipadvnt",0.232613720230993,0.234138240522535,0.0224787768512634,0.189238233078904,0.276883138030351,FALSE,0
"FR","R10","V1","V9","impdiff","ipbhprp",0,-0.000931825901334839,0.00698693585906768,0,0,TRUE,0.98
"FR","R10","V10","V11","ipcrtiv","ipeqopt",0,0.0115161543535076,0.0192432380865339,0,0.0616411756739647,TRUE,0.69
"FR","R10","V10","V12","ipcrtiv","ipfrule",0,-0.00348149335210408,0.0117020254973057,-0.0437915590041744,0,TRUE,0.91
"FR","R10","V10","V13","ipcrtiv","ipgdtim",0,0.00187404626604474,0.00767654824768363,0,0.0321511927621008,TRUE,0.938
"FR","R10","V10","V14","ipcrtiv","iphlppl",0.0549968220102083,0.0451510167932336,0.0268416038424155,0,0.0927735100873498,TRUE,0.15
"FR","R10","V10","V15","ipcrtiv","iplylfr",0,7.68048626808566e-05,0.00171740893956932,0,0,TRUE,0.998
"FR","R10","V10","V16","ipcrtiv","ipmodst",0,-0.00048360514464212,0.00470061169116652,0,0,TRUE,0.988
"FR","R10","V10","V17","ipcrtiv","iprspot",0,0.000335425571428214,0.00322393656750762,0,0,TRUE,0.988
"FR","R10","V10","V18","ipcrtiv","ipshabt",0.0390892639577206,0.0278224456394173,0.0267859808680087,0,0.0782513578737278,TRUE,0.42
"FR","R10","V10","V19","ipcrtiv","ipstrgv",0,0.00315033606576081,0.00918301000442502,0,0.0342692615897333,TRUE,0.886
"FR","R10","V10","V20","ipcrtiv","ipsuces",0,0.00137819987964843,0.00689923747978364,0,0.0315408751668147,TRUE,0.96
"FR","R10","V10","V21","ipcrtiv","ipudrst",0,0.0212572118980821,0.0228627942556561,0,0.0701825149906977,TRUE,0.47
"FR","R10","V11","V12","ipeqopt","ipfrule",0,-0.00124398812936047,0.00641863622997195,-0.0261069183676338,0,TRUE,0.96
"FR","R10","V11","V13","ipeqopt","ipgdtim",0.0466832725108444,0.0427742712233812,0.0292327894449891,0,0.0977034767180683,TRUE,0.226
"FR","R10","V11","V14","ipeqopt","iphlppl",0.104176593632196,0.101510271971465,0.0258913674829284,0.0518562931555056,0.152392896264727,FALSE,0.002
"FR","R10","V11","V15","ipeqopt","iplylfr",0.0560143104637504,0.0572537969591218,0.025520399437668,0,0.107142661767291,TRUE,0.05
"FR","R10","V11","V16","ipeqopt","ipmodst",0.0462505014099192,0.0458741816012819,0.032902103831598,0,0.110306253492924,TRUE,0.23
"FR","R10","V11","V17","ipeqopt","iprspot",0,-0.00940538365977447,0.0206118485279585,-0.0691208792379811,0,TRUE,0.806
"FR","R10","V11","V18","ipeqopt","ipshabt",0.0437453340045785,0.0421457295023227,0.0336558759143317,0,0.105131369830811,TRUE,0.3
"FR","R10","V11","V19","ipeqopt","ipstrgv",0,0.0025145234449162,0.00985018890209,0,0.0415127242511785,TRUE,0.93
"FR","R10","V11","V20","ipeqopt","ipsuces",0,-0.000908648462521494,0.00629652074032818,0,0,TRUE,0.978
"FR","R10","V11","V21","ipeqopt","ipudrst",0.166751043739129,0.166627109821931,0.0262136833413317,0.112024242689476,0.215329295435147,FALSE,0
"FR","R10","V12","V13","ipfrule","ipgdtim",0,-0.00348689167221267,0.0122737873855084,-0.0481436939054157,0,TRUE,0.912
"FR","R10","V12","V14","ipfrule","iphlppl",0,-0.00150791565547925,0.00826829085446975,-0.0371291591686067,0,TRUE,0.966
"FR","R10","V12","V15","ipfrule","iplylfr",0,-0.000160198971921367,0.00257300374050805,0,0,TRUE,0.996
"FR","R10","V12","V16","ipfrule","ipmodst",0,0,0,0,0,TRUE,1
"FR","R10","V12","V17","ipfrule","iprspot",0.132607275556124,0.137642988258776,0.02642888314934,0.0837605773010214,0.188764061491202,FALSE,0
"FR","R10","V12","V18","ipfrule","ipshabt",0,0.000117755797641722,0.0020183488104687,0,0,TRUE,0.996
"FR","R10","V12","V19","ipfrule","ipstrgv",0.0531790439973592,0.0542270229254905,0.0268722322361993,0,0.108495451737013,TRUE,0.09
"FR","R10","V12","V20","ipfrule","ipsuces",0.0419520775986182,0.0426796904964342,0.0292778825758884,0,0.0976331906179328,TRUE,0.226
"FR","R10","V12","V21","ipfrule","ipudrst",0,-4.85811960906088e-05,0.00108630856886848,0,0,TRUE,0.998
"FR","R10","V13","V14","ipgdtim","iphlppl",0,0.00105923615667264,0.00536397913953635,0,0.0223179652416207,TRUE,0.96
"FR","R10","V13","V15","ipgdtim","iplylfr",0,0.00983671972401273,0.0172420001572755,0,0.0529943562469532,TRUE,0.726
"FR","R10","V13","V16","ipgdtim","ipmodst",0.0281523980479048,0.0177176464196793,0.0226336960921822,0,0.0655616450329466,TRUE,0.574
"FR","R10","V13","V17","ipgdtim","iprspot",0,0,0,0,0,TRUE,1
"FR","R10","V13","V18","ipgdtim","ipshabt",0,0.00526153944447114,0.0127134928922711,0,0.0427889306205187,TRUE,0.846
"FR","R10","V13","V19","ipgdtim","ipstrgv",0,0.00641304391916581,0.0146996999889709,0,0.0474148258318621,TRUE,0.818
"FR","R10","V13","V20","ipgdtim","ipsuces",0,0.000454185481431892,0.00404305044356577,0,0,TRUE,0.986
"FR","R10","V13","V21","ipgdtim","ipudrst",0.0270116996529075,0.0232149273290674,0.0238372748667313,0,0.073964004070235,TRUE,0.45
"FR","R10","V14","V15","iphlppl","iplylfr",0.280834679567909,0.277809931105215,0.0280054820665335,0.223796673472583,0.331718224596216,FALSE,0
"FR","R10","V14","V16","iphlppl","ipmodst",0.0813755328635278,0.0748562735881284,0.0274004917383036,0.00922855452401028,0.127011085920775,FALSE,0.024
"FR","R10","V14","V17","iphlppl","iprspot",0,0,0,0,0,TRUE,1
"FR","R10","V14","V18","iphlppl","ipshabt",0,0,0,0,0,TRUE,1
"FR","R10","V14","V19","iphlppl","ipstrgv",0.0497219878563285,0.0418747250313387,0.0286618307449314,0,0.0963097367846163,TRUE,0.22
"FR","R10","V14","V20","iphlppl","ipsuces",0,0.0015785632739418,0.0078179581250967,0,0.0359834821377255,TRUE,0.958
"FR","R10","V14","V21","iphlppl","ipudrst",0.139704899714871,0.13918399718268,0.0269516460722753,0.0834532794162581,0.187682253954227,FALSE,0
"FR","R10","V15","V16","iplylfr","ipmodst",0.0582099580493749,0.0548977831797693,0.0277593788562836,0,0.106176390902257,TRUE,0.088
"FR","R10","V15","V17","iplylfr","iprspot",0,0.0134195178557449,0.0215158287545047,0,0.0691720843805636,TRUE,0.672
"FR","R10","V15","V18","iplylfr","ipshabt",0,4.04889917779326e-05,0.000905361379558873,0,0,TRUE,0.998
"FR","R10","V15","V19","iplylfr","ipstrgv",0.0498245856069261,0.0473337878537036,0.026343683480678,0,0.101118389030762,TRUE,0.122
"FR","R10","V15","V20","iplylfr","ipsuces",0,0,0,0,0,TRUE,1
"FR","R10","V15","V21","iplylfr","ipudrst",0.0363993406403137,0.0339761753264109,0.026012000440053,0,0.0854315623713626,TRUE,0.268
"FR","R10","V16","V17","ipmodst","iprspot",0,-0.000339575229476885,0.00408422186774387,0,0,TRUE,0.992
"FR","R10","V16","V18","ipmodst","ipshabt",-0.0349133300280889,-0.0162226001112417,0.0245282960750246,-0.0715698295621805,0,TRUE,0.664
"FR","R10","V16","V19","ipmodst","ipstrgv",0.0293841292955208,0.0270727509574969,0.0255610272966866,0,0.0787248569903807,TRUE,0.386
"FR","R10","V16","V20","ipmodst","ipsuces",-0.0603487282639788,-0.0432714234110749,0.0377891079127077,-0.105905920205774,0,TRUE,0.398
"FR","R10","V16","V21","ipmodst","ipudrst",0.192077307931422,0.191495506757747,0.0255391525641263,0.139212038509271,0.239106211730148,FALSE,0
"FR","R10","V17","V18","iprspot","ipshabt",0.180541042121802,0.179092689911309,0.0249799131404261,0.131130758665382,0.228257488413733,FALSE,0
"FR","R10","V17","V19","iprspot","ipstrgv",0,0.015113387579184,0.0202232075404844,0,0.0646062624298285,TRUE,0.586
"FR","R10","V17","V20","iprspot","ipsuces",0.0833398281882849,0.0784484668260661,0.0261518468758246,0.0281487777182012,0.126294795770968,FALSE,0.004
"FR","R10","V17","V21","iprspot","ipudrst",0,-0.00389938361835264,0.0138309967681967,-0.0528113789685746,0,TRUE,0.918
"FR","R10","V18","V19","ipshabt","ipstrgv",0,5.63719117281462e-05,0.00126051426645753,0,0,TRUE,0.998
"FR","R10","V18","V20","ipshabt","ipsuces",0.314744460944884,0.31191393067657,0.0228128574686032,0.268895184508813,0.354889341490862,FALSE,0
"FR","R10","V18","V21","ipshabt","ipudrst",0,0,0,0,0,TRUE,1
"FR","R10","V19","V20","ipstrgv","ipsuces",0,0.00216476678509425,0.00837351618116331,0,0.0315629535451869,TRUE,0.93
"FR","R10","V19","V21","ipstrgv","ipudrst",0,0.00126689734578898,0.00675742682122133,0,0.0276181251594771,TRUE,0.962
"FR","R10","V2","V10","impenv","ipcrtiv",0.0745514705649054,0.064462472117626,0.0269675801993419,0,0.113389563401688,TRUE,0.046
"FR","R10","V2","V11","impenv","ipeqopt",0.128089980265998,0.126761792234896,0.0257783199010487,0.0781827683130785,0.180696581504251,FALSE,0
"FR","R10","V2","V12","impenv","ipfrule",0,-6.51850098275401e-05,0.00145758113088372,0,0,TRUE,0.998
"FR","R10","V2","V13","impenv","ipgdtim",0.0271370717388498,0.0178420395354767,0.0221908731201177,0,0.0682616905759929,TRUE,0.552
"FR","R10","V2","V14","impenv","iphlppl",0.0413980034937137,0.039720224141906,0.0266406132851371,0,0.0917851315848493,TRUE,0.208
"FR","R10","V2","V15","impenv","iplylfr",0.0762539186136084,0.0750475925128191,0.0285262758051265,0,0.128465222867407,TRUE,0.032
"FR","R10","V2","V16","impenv","ipmodst",0.0386943231795012,0.0334269745608363,0.0250532771723156,0,0.0868518636689441,TRUE,0.242
"FR","R10","V2","V17","impenv","iprspot",0,3.21576756652763e-05,0.00301169751372599,0,0,TRUE,0.996
"FR","R10","V2","V18","impenv","ipshabt",0,-0.000895153601908494,0.00632639170036935,0,0,TRUE,0.978
"FR","R10","V2","V19","impenv","ipstrgv",0.0924058788789312,0.0853096641548135,0.0269444516532504,0.0338756252757518,0.136235543117507,FALSE,0.004
"FR","R10","V2","V20","impenv","ipsuces",0,0.00553156877278826,0.0148551116602197,0,0.0536985563945517,TRUE,0.866
"FR","R10","V2","V21","impenv","ipudrst",0.086222937486673,0.0863316905334053,0.0266009739967307,0.0329670031333242,0.136402427625256,FALSE,0.006
"FR","R10","V2","V3","impenv","impfree",0,0.0132546365768069,0.0195240989745152,0,0.0582268985106768,TRUE,0.638
"FR","R10","V2","V4","impenv","impfun",0,7.73947906703007e-05,0.00173060013043159,0,0,TRUE,0.998
"FR","R10","V2","V5","impenv","imprich",-0.0969088800470028,-0.101208065682596,0.027887705600431,-0.15846614501636,-0.0462521505936834,FALSE,0.006
"FR","R10","V2","V6","impenv","impsafe",0,-0.00128393268537745,0.0079853040476164,-0.0248565062859223,0,TRUE,0.972
"FR","R10","V2","V7","impenv","imptrad",0,0.00879084150489583,0.0171914738968988,0,0.0575409269633529,TRUE,0.76
"FR","R10","V2","V8","impenv","ipadvnt",0,-0.00029907468118542,0.00472981410825014,0,0,TRUE,0.996
"FR","R10","V2","V9","impenv","ipbhprp",0,0.0180871890074663,0.0213675882937463,0,0.0671905798005319,TRUE,0.514
"FR","R10","V20","V21","ipsuces","ipudrst",0,-8.53594209047686e-05,0.00190869467663079,0,0,TRUE,0.998
"FR","R10","V3","V10","impfree","ipcrtiv",0.103363932251276,0.104362022659558,0.0255342928749667,0.0543969150877786,0.153971286878072,FALSE,0
"FR","R10","V3","V11","impfree","ipeqopt",0,0.000202232223537015,0.00205001040390971,0,0,TRUE,0.99
"FR","R10","V3","V12","impfree","ipfrule",0,-0.00126993340449572,0.0071619581559036,-0.0286632935358053,0,TRUE,0.966
"FR","R10","V3","V13","impfree","ipgdtim",0.100256542001792,0.097004385724357,0.0257581758721805,0.0460667931489035,0.149626188268452,FALSE,0.002
"FR","R10","V3","V14","impfree","iphlppl",0.0798144047034346,0.0796613018379714,0.0247830883204324,0.0338514771363669,0.130213809597266,FALSE,0.012
"FR","R10","V3","V15","impfree","iplylfr",0,0.00551968680163197,0.0141908129193196,0,0.0538587151799862,TRUE,0.85
"FR","R10","V3","V16","impfree","ipmodst",0,0.000188562382463242,0.00253678177091496,0,0,TRUE,0.994
"FR","R10","V3","V17","impfree","iprspot",0.0457922147007574,0.0522188887627014,0.026820846085919,0,0.101896058086345,TRUE,0.108
"FR","R10","V3","V18","impfree","ipshabt",0,0,0,0,0,TRUE,1
"FR","R10","V3","V19","impfree","ipstrgv",0.0181596088665124,0.0195013233481622,0.0227725552504765,0,0.070372882701325,TRUE,0.512
"FR","R10","V3","V20","impfree","ipsuces",0,0.000676788928652675,0.00484742113188674,0,0,TRUE,0.978
"FR","R10","V3","V21","impfree","ipudrst",0,0.000127458003794721,0.00173171343329949,0,0,TRUE,0.994
"FR","R10","V3","V4","impfree","impfun",0,-0.000188831576647082,0.00305817671208911,0,0,TRUE,0.996
"FR","R10","V3","V5","impfree","imprich",0,0.00676746003041196,0.014746620182041,0,0.0460569706182611,TRUE,0.804
"FR","R10","V3","V6","impfree","impsafe",0,0.0145664196792946,0.0208650904934005,0,0.0660636969192997,TRUE,0.624
"FR","R10","V3","V7","impfree","imptrad",0,-0.0173111844173187,0.0283883654470791,-0.0808335268791928,0,TRUE,0.702
"FR","R10","V3","V8","impfree","ipadvnt",0.0672936648670142,0.0750493804504017,0.0250207271760265,0.0244398833640246,0.123517026932919,FALSE,0.016
"FR","R10","V3","V9","impfree","ipbhprp",0,0.00208472978745721,0.0085582488728278,0,0.0338776161973209,TRUE,0.936
"FR","R10","V4","V10","impfun","ipcrtiv",0,-0.000404680230296621,0.00455609496964789,0,0,TRUE,0.992
"FR","R10","V4","V11","impfun","ipeqopt",0,-0.000223194738388805,0.00356666266981449,0,0,TRUE,0.996
"FR","R10","V4","V12","impfun","ipfrule",0,-0.00165273646162309,0.0081449013038332,-0.0341017759150223,0,TRUE,0.956
"FR","R10","V4","V13","impfun","ipgdtim",0.341992688767337,0.334295887480516,0.0211885371498366,0.2955194299312,0.375039708083563,FALSE,0
"FR","R10","V4","V14","impfun","iphlppl",0,0.0086577953437537,0.0165607656611,0,0.0526820075558396,TRUE,0.764
"FR","R10","V4","V15","impfun","iplylfr",0.108477358690391,0.102609238660243,0.0226254106151642,0.0562845162160652,0.144883752882449,FALSE,0
"FR","R10","V4","V16","impfun","ipmodst",0,-0.000212173349879499,0.00275986293114406,0,0,TRUE,0.994
"FR","R10","V4","V17","impfun","iprspot",0,-0.000591580561938625,0.00479866602133675,0,0,TRUE,0.984
"FR","R10","V4","V18","impfun","ipshabt",0,0,0,0,0,TRUE,1
"FR","R10","V4","V19","impfun","ipstrgv",0,0.000141226438302068,0.00227847826783309,0,0,TRUE,0.996
"FR","R10","V4","V20","impfun","ipsuces",0.0514991526761244,0.0444263121688638,0.0258770997020589,0,0.0925805286667288,TRUE,0.156
"FR","R10","V4","V21","impfun","ipudrst",0,0.00013156447750145,0.00208649912702414,0,0,TRUE,0.996
"FR","R10","V4","V5","impfun","imprich",0,0.003564040146895,0.0116615256047041,0,0.0442424771392296,TRUE,0.906
"FR","R10","V4","V6","impfun","impsafe",0,-0.000241658740050054,0.00273342290690985,0,0,TRUE,0.992
"FR","R10","V4","V7","impfun","imptrad",0.0249656104467313,0.0239519956529641,0.0265958846958875,0,0.0773300656204071,TRUE,0.488
"FR","R10","V4","V8","impfun","ipadvnt",0.194480560318958,0.18998438248214,0.0218058612724542,0.143799380163835,0.231599779068389,FALSE,0
"FR","R10","V4","V9","impfun","ipbhprp",0,-0.000108342821916003,0.00172207373604401,0,0,TRUE,0.996
"FR","R10","V5","V10","imprich","ipcrtiv",0,0.0301344823581893,0.0282419458692729,0,0.0840914367713838,TRUE,0.398
"FR","R10","V5","V11","imprich","ipeqopt",0,-0.014880507374795,0.0244552053019677,-0.0790191968774827,0,TRUE,0.692
"FR","R10","V5","V12","imprich","ipfrule",0,0.0164544411435727,0.0229301404278605,0,0.0727853522861541,TRUE,0.604
"FR","R10","V5","V13","imprich","ipgdtim",0.0312429591454183,0.0351312056257967,0.0289271054235401,0,0.0873351858317009,TRUE,0.342
"FR","R10","V5","V14","imprich","iphlppl",0,-0.00936872439178622,0.0217638140286724,-0.0746534425549123,0,TRUE,0.824
"FR","R10","V5","V15","imprich","iplylfr",0,-0.0095449339200914,0.0193676809612807,-0.0626343954881693,0,TRUE,0.776
"FR","R10","V5","V16","imprich","ipmodst",0,-0.0166310039930843,0.0219413678716772,-0.0669130987735581,0,TRUE,0.584
"FR","R10","V5","V17","imprich","iprspot",0.0423475871925824,0.0498632439761238,0.0275653089077135,0,0.102455524371053,TRUE,0.116
"FR","R10","V5","V18","imprich","ipshabt",0.0910880506633553,0.0890716971572491,0.0239354948198604,0.039697018131836,0.133349596313436,FALSE,0.004
"FR","R10","V5","V19","imprich","ipstrgv",0,0.00279534510169732,0.00986828939556255,0,0.0381331363771646,TRUE,0.92
"FR","R10","V5","V20","imprich","ipsuces",0.197879986476924,0.197263717825477,0.0248288848477228,0.149835411183118,0.24683780457013,FALSE,0
"FR","R10","V5","V21","imprich","ipudrst",0,-0.00100383330735882,0.00674508518033404,-0.0128681979823914,0,TRUE,0.976
"FR","R10","V5","V6","imprich","impsafe",0,0.0269653596220724,0.0258840971760829,0,0.0783275084212205,TRUE,0.416
"FR","R10","V5","V7","imprich","imptrad",0,0.00139168218336837,0.00741207128121775,0,0.0357188304774899,TRUE,0.964
"FR","R10","V5","V8","imprich","ipadvnt",0.0749168602387141,0.0894475006011517,0.0255623642476406,0.0383648115308593,0.143039047305647,FALSE,0.004
"FR","R10","V5","V9","imprich","ipbhprp",0,-0.00010689618492204,0.00239027136021069,0,0,TRUE,0.998
"FR","R10","V6","V10","impsafe","ipcrtiv",0,0.00337585251493159,0.0110688106043017,0,0.0446156807174138,TRUE,0.904
"FR","R10","V6","V11","impsafe","ipeqopt",0,0.000301722871081561,0.00341493801349835,0,0,TRUE,0.992
"FR","R10","V6","V12","impsafe","ipfrule",0.0149579541111291,0.0145226377057424,0.0207936045229349,0,0.0683497892299989,TRUE,0.602
"FR","R10","V6","V13","impsafe","ipgdtim",0.0298672208214287,0.0177824844916564,0.022654767663247,0,0.066858705134458,TRUE,0.572
"FR","R10","V6","V14","impsafe","iphlppl",0,0.000678708360059553,0.00456283899824978,0,0.00834644782104441,TRUE,0.976
"FR","R10","V6","V15","impsafe","iplylfr",0,0.00213342303341,0.0080667924706779,0,0.0304411055567593,TRUE,0.928
"FR","R10","V6","V16","impsafe","ipmodst",0.116624173155483,0.104006181586706,0.0269457017994874,0.0544663283735417,0.159512000654021,FALSE,0.002
"FR","R10","V6","V17","impsafe","iprspot",0,0.0193918259497332,0.0233707952107574,0,0.0716495228142513,TRUE,0.532
"FR","R10","V6","V18","impsafe","ipshabt",0.168770473080197,0.158188542270574,0.0237202056905921,0.11205085543383,0.206229591163417,FALSE,0
"FR","R10","V6","V19","impsafe","ipstrgv",0.247565880689223,0.243441014716328,0.0245388096117833,0.192834121659865,0.293278602136214,FALSE,0
"FR","R10","V6","V20","impsafe","ipsuces",0,0.000997205334800522,0.00643606651562,0,0.0235234845524679,TRUE,0.974
"FR","R10","V6","V21","impsafe","ipudrst",0,-0.000244105250115631,0.00408780009815356,0,0,TRUE,0.996
"FR","R10","V6","V7","impsafe","imptrad",0.0684024946021878,0.0679401434644958,0.0258080064346721,0,0.114445893763369,TRUE,0.038
"FR","R10","V6","V8","impsafe","ipadvnt",-0.141405541962339,-0.132192723693281,0.0282865040006284,-0.186131403842637,-0.0749358154466358,FALSE,0
"FR","R10","V6","V9","impsafe","ipbhprp",0.0447575882859394,0.0454375726779973,0.0253067930283012,0,0.0963028104502552,TRUE,0.114
"FR","R10","V7","V10","imptrad","ipcrtiv",0,0.000141504603111605,0.00244890378946332,0,0,TRUE,0.996
"FR","R10","V7","V11","imptrad","ipeqopt",0,-0.013605360400541,0.025622030830804,-0.0837389457239396,0,TRUE,0.752
"FR","R10","V7","V12","imptrad","ipfrule",0.0212154593371331,0.0270638098149136,0.024933480703521,0,0.079761945374095,TRUE,0.362
"FR","R10","V7","V13","imptrad","ipgdtim",0,-0.000508021165602709,0.00478456764814247,0,0,TRUE,0.988
"FR","R10","V7","V14","imptrad","iphlppl",0.0273616581816556,0.0294227417253151,0.0258337020559683,0,0.0841158453176056,TRUE,0.352
"FR","R10","V7","V15","imptrad","iplylfr",0.0354997064416151,0.0352719285741654,0.0259132360434968,0,0.0840338058940966,TRUE,0.252
"FR","R10","V7","V16","imptrad","ipmodst",0,0.0101860772288381,0.0171550621695183,0,0.0539912907843846,TRUE,0.708
"FR","R10","V7","V17","imptrad","iprspot",0.0990332669530819,0.105343126691918,0.0255389918194816,0.0585526177381573,0.158148760442729,FALSE,0
"FR","R10","V7","V18","imptrad","ipshabt",0,7.14971402416123e-05,0.00159872465777081,0,0,TRUE,0.998
"FR","R10","V7","V19","imptrad","ipstrgv",0.0898411005665522,0.0897082523367353,0.0260341305479048,0.03513010074961,0.139547173613079,FALSE,0.006
"FR","R10","V7","V20","imptrad","ipsuces",0,0.000101720446117186,0.00162247297176064,0,0,TRUE,0.996
"FR","R10","V7","V21","imptrad","ipudrst",0,0.0002343977039906,0.00268930148177074,0,0,TRUE,0.992
"FR","R10","V7","V8","imptrad","ipadvnt",0,-0.00892271144973571,0.0194046269058662,-0.0651746581499321,0,TRUE,0.802
"FR","R10","V7","V9","imptrad","ipbhprp",0.0878837975766013,0.0949648015626497,0.0266896699495883,0.0452600501285022,0.147109316925886,FALSE,0.002
"FR","R10","V8","V10","ipadvnt","ipcrtiv",0.0665314035958191,0.0652984103491198,0.026089955481681,0,0.117703675604233,TRUE,0.038
"FR","R10","V8","V11","ipadvnt","ipeqopt",0,0.0024021609861601,0.00972338011255214,0,0.038319566994046,TRUE,0.936
"FR","R10","V8","V12","ipadvnt","ipfrule",0,-0.00571960912299434,0.0157701274729494,-0.059018050158324,0,TRUE,0.868
"FR","R10","V8","V13","ipadvnt","ipgdtim",0,0.00297739387704121,0.00963602209206753,0,0.0359207216165401,TRUE,0.904
"FR","R10","V8","V14","ipadvnt","iphlppl",0,0.000152409516941933,0.00246334765597156,0,0,TRUE,0.996
"FR","R10","V8","V15","ipadvnt","iplylfr",0,-6.89409505721128e-05,0.00154156651912697,0,0,TRUE,0.998
"FR","R10","V8","V16","ipadvnt","ipmodst",0,-0.000966611122426808,0.00588396982743863,-0.0226831268237778,0,TRUE,0.97
"FR","R10","V8","V17","ipadvnt","iprspot",0,0.0151219658876979,0.0244877303662355,0,0.0770092354519805,TRUE,0.686
"FR","R10","V8","V18","ipadvnt","ipshabt",0.0299251525231892,0.0287905081534569,0.0271099428201785,0,0.0850643614564733,TRUE,0.384
"FR","R10","V8","V19","ipadvnt","ipstrgv",0,-8.65453214824393e-05,0.00193521221969307,0,0,TRUE,0.998
"FR","R10","V8","V20","ipadvnt","ipsuces",0.15076194876253,0.152024479504827,0.0254320416882178,0.105057462736015,0.207102111733034,FALSE,0
"FR","R10","V8","V21","ipadvnt","ipudrst",0,0.00713274612088539,0.0160333367435568,0,0.052742662725377,TRUE,0.816
"FR","R10","V8","V9","ipadvnt","ipbhprp",0,-0.0505562300708027,0.0320759859634913,-0.109749979982887,0,TRUE,0.198
"FR","R10","V9","V10","ipbhprp","ipcrtiv",0,0.00126673326387137,0.00634424776529499,0,0.0272721871547162,TRUE,0.958
"FR","R10","V9","V11","ipbhprp","ipeqopt",0,0.00761947379053629,0.0176750275365844,0,0.0567781232195611,TRUE,0.826
"FR","R10","V9","V12","ipbhprp","ipfrule",0.103612224741684,0.116517810955651,0.0219006306925588,0.0718369820235849,0.158043000503623,FALSE,0
"FR","R10","V9","V13","ipbhprp","ipgdtim",0,0.000187849317455565,0.00273622254289119,0,0,TRUE,0.994
"FR","R10","V9","V14","ipbhprp","iphlppl",0,0.00550484007183308,0.0135994972055404,0,0.0484766612002189,TRUE,0.84
"FR","R10","V9","V15","ipbhprp","iplylfr",0.0869305229963967,0.0888823458954097,0.0255542836262302,0.0436977543002132,0.137674400084959,FALSE,0.002
"FR","R10","V9","V16","ipbhprp","ipmodst",0.146075303701481,0.143647022831532,0.023776073527197,0.0976104140435123,0.185951012506352,FALSE,0
"FR","R10","V9","V17","ipbhprp","iprspot",0.176005270739846,0.188261816450944,0.0241328616144504,0.140852276977597,0.233818005569297,FALSE,0
"FR","R10","V9","V18","ipbhprp","ipshabt",0,0.00134760899147957,0.00768227976219908,0,0.0337363859617561,TRUE,0.968
"FR","R10","V9","V19","ipbhprp","ipstrgv",0.0844881312663613,0.0845704907796852,0.0261572276542337,0.0344353019219936,0.137975115184897,FALSE,0.004
"FR","R10","V9","V20","ipbhprp","ipsuces",0,0.00814479164763612,0.0178105745630406,0,0.0608936908376691,TRUE,0.806
"FR","R10","V9","V21","ipbhprp","ipudrst",0,0.0161111766835576,0.0238578964887275,0,0.0725743125040815,TRUE,0.652
"FR","R9","V1","V10","impdiff","ipcrtiv",0.115351522257733,0.113143439441732,0.0251303138446992,0.0628793488003472,0.162030913827029,FALSE,0
"FR","R9","V1","V11","impdiff","ipeqopt",0,0.00234051162373459,0.00883164914757682,0,0.0352762673265315,TRUE,0.928
"FR","R9","V1","V12","impdiff","ipfrule",0,0.00338273812658842,0.011068690260952,0,0.0400457192096135,TRUE,0.902
"FR","R9","V1","V13","impdiff","ipgdtim",0.0578309172669551,0.0591226604877399,0.0263246410733796,0,0.114028652107546,TRUE,0.054
"FR","R9","V1","V14","impdiff","iphlppl",0.0219142420506164,0.0185807921539438,0.0215313420822465,0,0.0656508285862544,TRUE,0.504
"FR","R9","V1","V15","impdiff","iplylfr",0.0384695866713413,0.0349049779567487,0.024905848218374,0,0.0849632062488596,TRUE,0.23
"FR","R9","V1","V16","impdiff","ipmodst",0,-0.000133413991969319,0.00211290339036099,0,0,TRUE,0.996
"FR","R9","V1","V17","impdiff","iprspot",0,-0.000123235434240952,0.00347176099073584,0,0,TRUE,0.994
"FR","R9","V1","V18","impdiff","ipshabt",0.0410317998696205,0.0379111468518675,0.0249963040322377,0,0.0877503569963631,TRUE,0.208
"FR","R9","V1","V19","impdiff","ipstrgv",0,0.00388341494241414,0.0111880257691098,0,0.038631327604889,TRUE,0.874
"FR","R9","V1","V2","impdiff","impenv",0,0.00192463485658707,0.00735691655033183,0,0.0297103802296183,TRUE,0.928
"FR","R9","V1","V20","impdiff","ipsuces",0,0.0136839476525792,0.0197539064800585,0,0.0613743270028748,TRUE,0.632
"FR","R9","V1","V21","impdiff","ipudrst",0.113423807941194,0.111639946008501,0.0247353610542821,0.0646884844589765,0.165336133947424,FALSE,0
"FR","R9","V1","V3","impdiff","impfree",0.0837909513163699,0.0845862859072515,0.0227380239298186,0.0420401344370164,0.130091207372733,FALSE,0
"FR","R9","V1","V4","impdiff","impfun",0.10623820558602,0.107786475370213,0.0255813492218368,0.0569340246301354,0.16078140436507,FALSE,0.002
"FR","R9","V1","V5","impdiff","imprich",0,-0.000860043403718737,0.00795085272212255,0,0,TRUE,0.986
"FR","R9","V1","V6","impdiff","impsafe",0,0.0107912514547601,0.0199725068884486,0,0.0644560955171352,TRUE,0.748
"FR","R9","V1","V7","impdiff","imptrad",0,0.00024655837474547,0.00333363802217357,0,0,TRUE,0.994
"FR","R9","V1","V8","impdiff","ipadvnt",0.225225049493989,0.226116896060181,0.0228510414379152,0.178806234571587,0.272418560889481,FALSE,0
"FR","R9","V1","V9","impdiff","ipbhprp",0,8.02575713560572e-05,0.00179461385261184,0,0,TRUE,0.998
"FR","R9","V10","V11","ipcrtiv","ipeqopt",0,0.00299772834447852,0.00989339082873324,0,0.0394656509356116,TRUE,0.908
"FR","R9","V10","V12","ipcrtiv","ipfrule",0,-0.000248208135820823,0.00327271416595841,0,0,TRUE,0.994
"FR","R9","V10","V13","ipcrtiv","ipgdtim",0,0.0152442041908432,0.0200870250325331,0,0.0640609484700043,TRUE,0.586
"FR","R9","V10","V14","ipcrtiv","iphlppl",0.064789427049032,0.0589388803642642,0.0265263562754659,0,0.110313990452307,TRUE,0.06
"FR","R9","V10","V15","ipcrtiv","iplylfr",0.01776868011481,0.0153945403137447,0.0204995390773281,0,0.0627469805298839,TRUE,0.584
"FR","R9","V10","V16","ipcrtiv","ipmodst",0,0.000413694095529334,0.00501850035740515,0,0,TRUE,0.984
"FR","R9","V10","V17","ipcrtiv","iprspot",0,0.000254974043384507,0.00377892536979646,0,0,TRUE,0.988
"FR","R9","V10","V18","ipcrtiv","ipshabt",0.0434727173275618,0.0383719493025972,0.0286365321722612,0,0.0875817348599786,TRUE,0.294
"FR","R9","V10","V19","ipcrtiv","ipstrgv",0,0.0158105891390575,0.0201816176395133,0,0.0601488052881764,TRUE,0.56
"FR","R9","V10","V20","ipcrtiv","ipsuces",0,0.0185472180682175,0.0239173757634866,0,0.0708332736466496,TRUE,0.58
"FR","R9","V10","V21","ipcrtiv","ipudrst",0.0649607878596924,0.0609999432948908,0.0280941908702462,0,0.117908579613195,TRUE,0.074
"FR","R9","V11","V12","ipeqopt","ipfrule",0,0.000513578422531391,0.004439940579126,0,0,TRUE,0.986
"FR","R9","V11","V13","ipeqopt","ipgdtim",0,0.016636718058908,0.0214188475194135,0,0.0608452755563478,TRUE,0.57
"FR","R9","V11","V14","ipeqopt","iphlppl",0.0836179536132954,0.0789958084725811,0.0242948977757519,0.0307444622680683,0.128409255784967,FALSE,0.008
"FR","R9","V11","V15","ipeqopt","iplylfr",0.0657540599044961,0.0597354279504235,0.0276847919872455,0,0.113764689023065,TRUE,0.048
"FR","R9","V11","V16","ipeqopt","ipmodst",0.042767364476064,0.0399041835101901,0.0250762387939212,0,0.091835570271409,TRUE,0.16
"FR","R9","V11","V17","ipeqopt","iprspot",0,-0.00210234203802426,0.0102763501017663,-0.0433964985734015,0,TRUE,0.952
"FR","R9","V11","V18","ipeqopt","ipshabt",0,0.00365290194204204,0.0127803185950979,0,0.0478646193054629,TRUE,0.912
"FR","R9","V11","V19","ipeqopt","ipstrgv",0.0315951542899311,0.043713790289514,0.0285752107106002,0,0.0963785591734514,TRUE,0.198
"FR","R9","V11","V20","ipeqopt","ipsuces",0,-0.00102332546266873,0.00693666643900191,-0.0102739124732261,0,TRUE,0.976
"FR","R9","V11","V21","ipeqopt","ipudrst",0.166354626769283,0.161857877820973,0.0262261742853711,0.110669507013585,0.21428539284496,FALSE,0
"FR","R9","V12","V13","ipfrule","ipgdtim",0,-0.00191212469750877,0.00942379807299707,-0.0363137280250408,0,TRUE,0.956
"FR","R9","V12","V14","ipfrule","iphlppl",0,0,0,0,0,TRUE,1
"FR","R9","V12","V15","ipfrule","iplylfr",0,-0.000258795776057743,0.0029828027566856,0,0,TRUE,0.992
"FR","R9","V12","V16","ipfrule","ipmodst",0,0.00584164358942067,0.0137020049576688,0,0.0487529176162209,TRUE,0.828
"FR","R9","V12","V17","ipfrule","iprspot",0.0866110205558547,0.0870334785485105,0.0255191222033304,0.0376462810237813,0.139427066758112,FALSE,0.002
"FR","R9","V12","V18","ipfrule","ipshabt",0,0.000320622254867034,0.00327231429839343,0,0,TRUE,0.99
"FR","R9","V12","V19","ipfrule","ipstrgv",0,0.0409557062341508,0.0262481025931823,0,0.0857313530299539,TRUE,0.194
"FR","R9","V12","V20","ipfrule","ipsuces",0.040396826928556,0.0500817778080463,0.0274218220734488,0,0.0999816709177828,TRUE,0.134
"FR","R9","V12","V21","ipfrule","ipudrst",0,0.000258325241388879,0.00289280370890278,0,0,TRUE,0.992
"FR","R9","V13","V14","ipgdtim","iphlppl",0,0.0211278672451905,0.0226777779323425,0,0.0704708837590611,TRUE,0.47
"FR","R9","V13","V15","ipgdtim","iplylfr",0,0.00158165199082534,0.00676736355218132,0,0.024005071572335,TRUE,0.94
"FR","R9","V13","V16","ipgdtim","ipmodst",0,0.0265104544230567,0.0277625547897592,0,0.0830866657216871,TRUE,0.452
"FR","R9","V13","V17","ipgdtim","iprspot",0,0.0257325000282621,0.02401344952192,0,0.0735078970265914,TRUE,0.4
"FR","R9","V13","V18","ipgdtim","ipshabt",0,0.00354023600759899,0.0105758042886649,0,0.0394923779449096,TRUE,0.886
"FR","R9","V13","V19","ipgdtim","ipstrgv",0,0.0125222956714603,0.0197863383654473,0,0.0607200678797244,TRUE,0.676
"FR","R9","V13","V20","ipgdtim","ipsuces",0,5.14734224945928e-05,0.00115098071732476,0,0,TRUE,0.998
"FR","R9","V13","V21","ipgdtim","ipudrst",0.0272266990725877,0.0274013205210749,0.0256019291240716,0,0.0779673661283303,TRUE,0.396
"FR","R9","V14","V15","iphlppl","iplylfr",0.266880516270602,0.266321932563946,0.0259544286755422,0.209431590970434,0.314360296247442,FALSE,0
"FR","R9","V14","V16","iphlppl","ipmodst",0.0456368264737387,0.0417580326854811,0.0271463174087567,0,0.091407943322264,TRUE,0.192
"FR","R9","V14","V17","iphlppl","iprspot",0,-0.00181132721067183,0.00998500567899261,-0.0381451521203039,0,TRUE,0.964
"FR","R9","V14","V18","iphlppl","ipshabt",0,6.48990521625463e-05,0.00145118692310758,0,0,TRUE,0.998
"FR","R9","V14","V19","iphlppl","ipstrgv",0,0.00952120632257557,0.0172097286550236,0,0.0571898628168095,TRUE,0.718
"FR","R9","V14","V20","iphlppl","ipsuces",0,0.0248061840687528,0.0270862785942375,0,0.0782384468627068,TRUE,0.49
"FR","R9","V14","V21","iphlppl","ipudrst",0.139342575992601,0.136645303955848,0.0259637652725208,0.081600568396589,0.186701708416393,FALSE,0
"FR","R9","V15","V16","iplylfr","ipmodst",0.0594383430243235,0.0564761456579216,0.028003285421236,0,0.111808162493536,TRUE,0.07
"FR","R9","V15","V17","iplylfr","iprspot",0.0474946391928814,0.045267766352681,0.0260575970536881,0,0.0981582633546319,TRUE,0.146
"FR","R9","V15","V18","iplylfr","ipshabt",0,-0.000106131313778326,0.00237316832149697,0,0,TRUE,0.998
"FR","R9","V15","V19","iplylfr","ipstrgv",0,0.00630332609108831,0.0132199372759124,0,0.0424244098805307,TRUE,0.786
"FR","R9","V15","V20","iplylfr","ipsuces",0,-0.000223194273794109,0.00288531741462963,0,0,TRUE,0.994
"FR","R9","V15","V21","iplylfr","ipudrst",0.043325946326216,0.0414339291274193,0.0297162968364004,0,0.0963551731523065,TRUE,0.22
"FR","R9","V16","V17","ipmodst","iprspot",0,-7.88594739953312e-05,0.00176335144523438,0,0,TRUE,0.998
"FR","R9","V16","V18","ipmodst","ipshabt",0,-0.00875199653055389,0.0190535373371295,-0.0614332982844396,0,TRUE,0.814
"FR","R9","V16","V19","ipmodst","ipstrgv",0,0.0245221343747592,0.0251327270549401,0,0.0795364412362251,TRUE,0.428
"FR","R9","V16","V20","ipmodst","ipsuces",0,-0.0709880430143674,0.0436080412641611,-0.138935563756176,0,TRUE,0.224
"FR","R9","V16","V21","ipmodst","ipudrst",0.167456367509258,0.16905399695138,0.0255786699826495,0.117761792766706,0.225364889741305,FALSE,0
"FR","R9","V17","V18","iprspot","ipshabt",0.122641044271467,0.125018111023361,0.0254262334848813,0.0729231972369035,0.175606939009396,FALSE,0
"FR","R9","V17","V19","iprspot","ipstrgv",0,0.00768117352827109,0.0147676870366102,0,0.0500008017521894,TRUE,0.754
"FR","R9","V17","V20","iprspot","ipsuces",0.0735633876190156,0.0778478866981808,0.0239632811400382,0.0312305931185246,0.123515817380819,FALSE,0.012
"FR","R9","V17","V21","iprspot","ipudrst",0,-0.0068992399243878,0.0176643914470057,-0.0630394394132615,0,TRUE,0.852
"FR","R9","V18","V19","ipshabt","ipstrgv",0,-0.000217445046782497,0.00282749752575529,0,0,TRUE,0.994
"FR","R9","V18","V20","ipshabt","ipsuces",0.328850692004708,0.328470172157681,0.0222060261431379,0.284804028246408,0.370339529720014,FALSE,0
"FR","R9","V18","V21","ipshabt","ipudrst",0,0,0,0,0,TRUE,1
"FR","R9","V19","V20","ipstrgv","ipsuces",0,0.00693353500658201,0.0144995381147892,0,0.0464811299169389,TRUE,0.792
"FR","R9","V19","V21","ipstrgv","ipudrst",0.0421199670875731,0.0474565399356692,0.0322962110587824,0,0.102033676346268,TRUE,0.252
"FR","R9","V2","V10","impenv","ipcrtiv",0.0658870298365134,0.0599436896682058,0.0265736928733367,0,0.109262483126841,TRUE,0.066
"FR","R9","V2","V11","impenv","ipeqopt",0.0841707764352064,0.0810334444152861,0.0272140573536717,0.0281147999571014,0.131479072364598,FALSE,0.014
"FR","R9","V2","V12","impenv","ipfrule",0,0.00176875443595241,0.00771452954354457,0,0.033458811083899,TRUE,0.944
"FR","R9","V2","V13","impenv","ipgdtim",0.0530369737556292,0.0591478935862043,0.0241484605184344,0,0.105633016865229,TRUE,0.058
"FR","R9","V2","V14","impenv","iphlppl",0.0194095765296503,0.0183524880098172,0.0222348204489184,0,0.0677739707169823,TRUE,0.528
"FR","R9","V2","V15","impenv","iplylfr",0.12793675389937,0.123139163807867,0.0254121013600249,0.070802660123271,0.172345071437815,FALSE,0
"FR","R9","V2","V16","impenv","ipmodst",0.0541444453818505,0.0532453730986557,0.0257469989379121,0,0.101297942156442,TRUE,0.064
"FR","R9","V2","V17","impenv","iprspot",0,0.002438843242835,0.00908554180577462,0,0.0359326309878716,TRUE,0.924
"FR","R9","V2","V18","impenv","ipshabt",0,-0.00132780588098898,0.00752259399650534,-0.0284156506056628,0,TRUE,0.966
"FR","R9","V2","V19","impenv","ipstrgv",0,0.0221096490974455,0.0229685241827186,0,0.0737448171639565,TRUE,0.428
"FR","R9","V2","V20","impenv","ipsuces",0,-4.91572479093925e-05,0.00109918947912211,0,0,TRUE,0.998
"FR","R9","V2","V21","impenv","ipudrst",0.108634475579665,0.108016989967671,0.0270973592199116,0.055239933581274,0.162470938044381,FALSE,0
"FR","R9","V2","V3","impenv","impfree",0,0.00254388613085539,0.00870910382998858,0,0.0372774034606673,TRUE,0.912
"FR","R9","V2","V4","impenv","impfun",0,-0.000281176512496471,0.0037374774671099,0,0,TRUE,0.994
"FR","R9","V2","V5","impenv","imprich",-0.051611321869788,-0.0448839796592044,0.0325530359317509,-0.102448830504438,0,TRUE,0.264
"FR","R9","V2","V6","impenv","impsafe",0,4.84601556293127e-05,0.00366561069101912,0,0,TRUE,0.992
"FR","R9","V2","V7","impenv","imptrad",0.0463016889394727,0.0444761578005533,0.030492486615939,0,0.101146000573242,TRUE,0.214
"FR","R9","V2","V8","impenv","ipadvnt",0,0.00102825810152816,0.00622367414042781,0,0.0283465410112297,TRUE,0.972
"FR","R9","V2","V9","impenv","ipbhprp",0.0256517606501042,0.0239467534238411,0.0239819618861841,0,0.0736473314526181,TRUE,0.424
"FR","R9","V20","V21","ipsuces","ipudrst",0,-0.000490435876737947,0.00500801095540448,0,0,TRUE,0.99
"FR","R9","V3","V10","impfree","ipcrtiv",0.067950519128655,0.0668168787365709,0.0260926776649414,0,0.116125850702736,TRUE,0.028
"FR","R9","V3","V11","impfree","ipeqopt",0.0163596282422117,0.0158933744232618,0.0200895725990478,0,0.0615155425239815,TRUE,0.55
"FR","R9","V3","V12","impfree","ipfrule",0,-0.000760454301587539,0.00536767493349941,0,0,TRUE,0.978
"FR","R9","V3","V13","impfree","ipgdtim",0.0649239430210517,0.0717135044042684,0.0282727954457204,0,0.127586423854671,TRUE,0.044
"FR","R9","V3","V14","impfree","iphlppl",0.0801841219359018,0.0813490989985414,0.0245739306743892,0.0337325547907723,0.131459821691244,FALSE,0.006
"FR","R9","V3","V15","impfree","iplylfr",0,0.00162861059942272,0.00724994600846541,0,0.0286432727066387,TRUE,0.944
"FR","R9","V3","V16","impfree","ipmodst",0.0394554885572303,0.0460066609510036,0.0286515386635348,0,0.0980071731156891,TRUE,0.184
"FR","R9","V3","V17","impfree","iprspot",0,0.00110630864357427,0.00624854849844736,0,0.02377258954515,TRUE,0.966
"FR","R9","V3","V18","impfree","ipshabt",0,0.00256932731681047,0.00974944415170487,0,0.0409248575270643,TRUE,0.93
"FR","R9","V3","V19","impfree","ipstrgv",0,0.0012084963953551,0.00645662353119482,0,0.0242170783815619,TRUE,0.958
"FR","R9","V3","V20","impfree","ipsuces",0,0.00340937842222916,0.0107756534905007,0,0.0407738957212663,TRUE,0.9
"FR","R9","V3","V21","impfree","ipudrst",0,0.000789025695161874,0.00505424823308248,0,0.0206276447344882,TRUE,0.974
"FR","R9","V3","V4","impfree","impfun",0,0.0179568574518828,0.0251370460270727,0,0.0731992823205868,TRUE,0.63
"FR","R9","V3","V5","impfree","imprich",0,0.00236336032577454,0.00937477780759137,0,0.0362269790031666,TRUE,0.932
"FR","R9","V3","V6","impfree","impsafe",0,0.0022624917837914,0.00866708598671752,0,0.0383862127378321,TRUE,0.93
"FR","R9","V3","V7","impfree","imptrad",0,-0.026043082777914,0.0336859507701143,-0.0993119878679421,0,TRUE,0.588
"FR","R9","V3","V8","impfree","ipadvnt",0,0.00394018777692722,0.0118751457324534,0,0.0447525568285064,TRUE,0.888
"FR","R9","V3","V9","impfree","ipbhprp",0,0.000334220511640078,0.00357240478607485,0,0,TRUE,0.99
"FR","R9","V4","V10","impfun","ipcrtiv",0,0.000253929848351227,0.00328466414219511,0,0,TRUE,0.994
"FR","R9","V4","V11","impfun","ipeqopt",0,0.000430502333219782,0.00527654751305451,0,0,TRUE,0.992
"FR","R9","V4","V12","impfun","ipfrule",0,-0.000950736057256731,0.00629497556018792,-0.0231504540708628,0,TRUE,0.974
"FR","R9","V4","V13","impfun","ipgdtim",0.311840320411021,0.320386379188993,0.0224283262733921,0.279219044262418,0.364037189943064,FALSE,0
"FR","R9","V4","V14","impfun","iphlppl",0,0.000230166360197588,0.00261418456000058,0,0,TRUE,0.992
"FR","R9","V4","V15","impfun","iplylfr",0.07637496539666,0.0767124556896152,0.0231393643643507,0.033856790170384,0.118941107414158,FALSE,0.014
"FR","R9","V4","V16","impfun","ipmodst",0,0,0,0,0,TRUE,1
"FR","R9","V4","V17","impfun","iprspot",0,0,0,0,0,TRUE,1
"FR","R9","V4","V18","impfun","ipshabt",0.023260430134073,0.0237813118792964,0.0242897056240698,0,0.0719932329149495,TRUE,0.442
"FR","R9","V4","V19","impfun","ipstrgv",0,0.000570862691178968,0.00484970739578315,0,0,TRUE,0.986
"FR","R9","V4","V20","impfun","ipsuces",0.0418939938881201,0.0486986592862176,0.0267724129587601,0,0.0982512909360009,TRUE,0.138
"FR","R9","V4","V21","impfun","ipudrst",0,0.000141690839093558,0.00226370833956869,0,0,TRUE,0.996
"FR","R9","V4","V5","impfun","imprich",0,0.00631568044110919,0.0151220551441851,0,0.0524710788980476,TRUE,0.832
"FR","R9","V4","V6","impfun","impsafe",0,8.26212781165529e-05,0.00184746794256528,0,0,TRUE,0.998
"FR","R9","V4","V7","impfun","imptrad",0,0.00357058497381367,0.0127370172255116,0,0.0519032772819443,TRUE,0.918
"FR","R9","V4","V8","impfun","ipadvnt",0.191199180462759,0.193766605427827,0.024140594179446,0.144403896976936,0.243612327792589,FALSE,0
"FR","R9","V4","V9","impfun","ipbhprp",0,-6.90479041657586e-05,0.00154395807418527,0,0,TRUE,0.998
"FR","R9","V5","V10","imprich","ipcrtiv",0.0227169888898662,0.0208424279348908,0.0255710451493115,0,0.0808091557964059,TRUE,0.54
"FR","R9","V5","V11","imprich","ipeqopt",0,-0.00312260010504412,0.0113922549155537,-0.0471856785140093,0,TRUE,0.92
"FR","R9","V5","V12","imprich","ipfrule",0.0411147349986751,0.0388956639570185,0.0299859454748956,0,0.0972768208528679,TRUE,0.276
"FR","R9","V5","V13","imprich","ipgdtim",0,0.0224046281075052,0.0275728944349718,0,0.0769731661459769,TRUE,0.562
"FR","R9","V5","V14","imprich","iphlppl",-0.0691545459726527,-0.0614191009072948,0.0371831453294003,-0.123091809570573,0,TRUE,0.2
"FR","R9","V5","V15","imprich","iplylfr",0,-0.00033878869804916,0.00369351505513379,0,0,TRUE,0.99
"FR","R9","V5","V16","imprich","ipmodst",-0.0410719723926485,-0.040253697945866,0.0291178249001856,-0.0959240717145248,0,TRUE,0.244
"FR","R9","V5","V17","imprich","iprspot",0.0395757726062749,0.0393686371309055,0.0266497513988642,0,0.0901373320345835,TRUE,0.204
"FR","R9","V5","V18","imprich","ipshabt",0.0706262378347572,0.0720802207929412,0.0260293235637329,0,0.124667682434098,TRUE,0.028
"FR","R9","V5","V19","imprich","ipstrgv",0,0.0124631897259205,0.0211881601559472,0,0.0683978458845266,TRUE,0.71
"FR","R9","V5","V20","imprich","ipsuces",0.147598176761879,0.151892281669349,0.0267578708662253,0.0990196204036746,0.206962191817384,FALSE,0
"FR","R9","V5","V21","imprich","ipudrst",0,-0.000202036774556096,0.00434700105039726,0,0,TRUE,0.988
"FR","R9","V5","V6","imprich","impsafe",0.031356620011638,0.0288849514191712,0.0276584895210197,0,0.0856442335400371,TRUE,0.412
"FR","R9","V5","V7","imprich","imptrad",0,5.65407166686645e-05,0.0043281127170067,0,0,TRUE,0.992
"FR","R9","V5","V8","imprich","ipadvnt",0.100829916566311,0.100667958285078,0.0251001043245026,0.0489370620326926,0.153843952382008,FALSE,0.002
"FR","R9","V5","V9","imprich","ipbhprp",0,-0.00608278792862471,0.0166132474398614,-0.0620633809766742,0,TRUE,0.868
"FR","R9","V6","V10","impsafe","ipcrtiv",0,0.000779408489333553,0.00483269431227623,0,0.0178074570900573,TRUE,0.972
"FR","R9","V6","V11","impsafe","ipeqopt",0,0.000812409876904657,0.00569498307248144,0,0,TRUE,0.978
"FR","R9","V6","V12","impsafe","ipfrule",0.0502483793397342,0.0470351173213688,0.0253679530044033,0,0.0963593686910861,TRUE,0.108
"FR","R9","V6","V13","impsafe","ipgdtim",0,0.00315571138808208,0.0109075378955638,0,0.0425453650447187,TRUE,0.914
"FR","R9","V6","V14","impsafe","iphlppl",0.0375107756160239,0.0339931352042186,0.0253840601298445,0,0.08253587904974,TRUE,0.26
"FR","R9","V6","V15","impsafe","iplylfr",0.0338716476826035,0.0280958727817338,0.0256762899759908,0,0.0806572874108235,TRUE,0.36
"FR","R9","V6","V16","impsafe","ipmodst",0.0772047135560745,0.0794850690027138,0.0292961520248189,0.0222923001748564,0.136555939732295,FALSE,0.018
"FR","R9","V6","V17","impsafe","iprspot",0.0275373851880536,0.0272925453553869,0.0240827727219469,0,0.0776739135541473,TRUE,0.34
"FR","R9","V6","V18","impsafe","ipshabt",0.147918447480213,0.14834302474403,0.0228878253173689,0.102631408718069,0.193510105181705,FALSE,0
"FR","R9","V6","V19","impsafe","ipstrgv",0.198493698821292,0.210035447562899,0.0250132245964058,0.159893469414596,0.2647393352378,FALSE,0
"FR","R9","V6","V20","impsafe","ipsuces",0,0.0063103415235334,0.0145446723131936,0,0.0515496357229075,TRUE,0.822
"FR","R9","V6","V21","impsafe","ipudrst",0,-0.00334348374817812,0.0133321852912023,-0.0579631933816779,0,TRUE,0.934
"FR","R9","V6","V7","impsafe","imptrad",0.0468751648239525,0.0442510569521342,0.0264766883541633,0,0.0948535417291603,TRUE,0.152
"FR","R9","V6","V8","impsafe","ipadvnt",-0.0883649893008949,-0.093913437290321,0.0305769109339002,-0.150097096450423,0,TRUE,0.03
"FR","R9","V6","V9","impsafe","ipbhprp",0.111932397328237,0.114142082775812,0.0260855959088558,0.0630524132680423,0.166842453485454,FALSE,0
"FR","R9","V7","V10","imptrad","ipcrtiv",0,-0.000563241433740243,0.00433690520551071,0,0,TRUE,0.982
"FR","R9","V7","V11","imptrad","ipeqopt",0,-0.00686214315797798,0.0189713201622467,-0.0689684088532836,0,TRUE,0.874
"FR","R9","V7","V12","imptrad","ipfrule",0.0293196519899185,0.026900376203324,0.0241459328611914,0,0.0766570894458195,TRUE,0.346
"FR","R9","V7","V13","imptrad","ipgdtim",0,-0.00783523671242568,0.019988614757722,-0.0713421897879674,0,TRUE,0.848
"FR","R9","V7","V14","imptrad","iphlppl",0.102868049347048,0.0988085590796594,0.0253274512499828,0.0493185162854577,0.147736929514548,FALSE,0.002
"FR","R9","V7","V15","imptrad","iplylfr",0.0483805499664939,0.0424533999231012,0.0256810369598872,0,0.0883216965839848,TRUE,0.16
"FR","R9","V7","V16","imptrad","ipmodst",0.059199246132723,0.0584345004923074,0.0285623318668948,0,0.111737548606134,TRUE,0.096
"FR","R9","V7","V17","imptrad","iprspot",0.0925544735798356,0.0922952578945803,0.0248964895431322,0.0424912570655457,0.143007561952623,FALSE,0.006
"FR","R9","V7","V18","imptrad","ipshabt",0,-8.30664112993213e-05,0.00185742142312239,0,0,TRUE,0.998
"FR","R9","V7","V19","imptrad","ipstrgv",0.114542314905857,0.132571559076262,0.0259875615001082,0.0820184615362916,0.18528152402284,FALSE,0
"FR","R9","V7","V20","imptrad","ipsuces",0,0.0223013939596743,0.0249766465423829,0,0.073371299471544,TRUE,0.5
"FR","R9","V7","V21","imptrad","ipudrst",0,-0.00187022026128818,0.00993694393758157,-0.040874930446013,0,TRUE,0.962
"FR","R9","V7","V8","imptrad","ipadvnt",0,-0.00688344275842016,0.0164198009442667,-0.0580692329289015,0,TRUE,0.832
"FR","R9","V7","V9","imptrad","ipbhprp",0.053589037239886,0.0538359489251625,0.0263123769561511,0,0.102136822461321,TRUE,0.096
"FR","R9","V8","V10","ipadvnt","ipcrtiv",0.0353785547764196,0.0326065564942149,0.0270970344695852,0,0.0842561426530091,TRUE,0.334
"FR","R9","V8","V11","ipadvnt","ipeqopt",0,-0.00277297976140386,0.0111868833955904,-0.0482807208089273,0,TRUE,0.936
"FR","R9","V8","V12","ipadvnt","ipfrule",0,-0.000110486658492335,0.00247055678995665,0,0,TRUE,0.998
"FR","R9","V8","V13","ipadvnt","ipgdtim",0,0.0193498884924031,0.0218578904283223,0,0.0639168360249867,TRUE,0.502
"FR","R9","V8","V14","ipadvnt","iphlppl",0,0.000175964330170203,0.00285622811441852,0,0,TRUE,0.996
"FR","R9","V8","V15","ipadvnt","iplylfr",0,0,0,0,0,TRUE,1
"FR","R9","V8","V16","ipadvnt","ipmodst",0,-0.00166597486567912,0.00810612459883688,-0.0329896927999814,0,TRUE,0.954
"FR","R9","V8","V17","ipadvnt","iprspot",0,0.00189072264856851,0.00835726659661016,0,0.0404804662249544,TRUE,0.948
"FR","R9","V8","V18","ipadvnt","ipshabt",0.0561128753585464,0.0565715393896513,0.0275459575564607,0,0.109527340763189,TRUE,0.082
"FR","R9","V8","V19","ipadvnt","ipstrgv",0,-8.26893420950843e-05,0.00184898989939343,0,0,TRUE,0.998
"FR","R9","V8","V20","ipadvnt","ipsuces",0.0927479694477131,0.100548572442425,0.0261254360926007,0.0509069881540437,0.149256269734602,FALSE,0
"FR","R9","V8","V21","ipadvnt","ipudrst",0,0.00359542018685106,0.0116716606101722,0,0.0437492055846396,TRUE,0.904
"FR","R9","V8","V9","ipadvnt","ipbhprp",0,-0.0157019689384441,0.0225294431634762,-0.0684755075339041,0,TRUE,0.626
"FR","R9","V9","V10","ipbhprp","ipcrtiv",0,-0.00116264812364145,0.0073410857216158,-0.0275157690199325,0,TRUE,0.972
"FR","R9","V9","V11","ipbhprp","ipeqopt",0,0.000169107218738692,0.00191834383992695,0,0,TRUE,0.992
"FR","R9","V9","V12","ipbhprp","ipfrule",0.10503573940874,0.104828019113667,0.0243206014019552,0.0569109715357745,0.152203738370818,FALSE,0.002
"FR","R9","V9","V13","ipbhprp","ipgdtim",0,0.000193170114637468,0.00218234773624719,0,0,TRUE,0.992
"FR","R9","V9","V14","ipbhprp","iphlppl",0,0.00789132179512788,0.0148451452402899,0,0.0453126987081765,TRUE,0.76
"FR","R9","V9","V15","ipbhprp","iplylfr",0.0647685720635604,0.0636537445276581,0.0251317734336445,0,0.110977935026273,TRUE,0.034
"FR","R9","V9","V16","ipbhprp","ipmodst",0.159755722020436,0.157979525346398,0.024576664535358,0.111212823026681,0.207774096690269,FALSE,0
"FR","R9","V9","V17","ipbhprp","iprspot",0.165738796676324,0.17019623274473,0.0257546215790243,0.121414136386235,0.224839672589006,FALSE,0
"FR","R9","V9","V18","ipbhprp","ipshabt",0,0.000308308718332137,0.00358154614435269,0,0,TRUE,0.992
"FR","R9","V9","V19","ipbhprp","ipstrgv",0.116577753074536,0.12289000726172,0.026471758688686,0.0758329425751839,0.175775349730546,FALSE,0
"FR","R9","V9","V20","ipbhprp","ipsuces",0,0.00195036243680682,0.00885045476904581,0,0.0362370643536743,TRUE,0.948
"FR","R9","V9","V21","ipbhprp","ipudrst",0,0.00525435888937929,0.0137825770506574,0,0.050550560437761,TRUE,0.862
"GB","R10","V1","V10","impdiff","ipcrtiv",0.156187892088876,0.157671053835273,0.0311588194673255,0.0955194197163178,0.213405817229047,FALSE,0
"GB","R10","V1","V11","impdiff","ipeqopt",0,0.00627083797918068,0.0159050402950815,0,0.0562351009299378,TRUE,0.85
"GB","R10","V1","V12","impdiff","ipfrule",0,0.000881453112384215,0.00684344433423619,0,0,TRUE,0.982
"GB","R10","V1","V13","impdiff","ipgdtim",0.0661570453591603,0.0624950517842206,0.0344568385917886,0,0.131613825737302,TRUE,0.124
"GB","R10","V1","V14","impdiff","iphlppl",0,-8.0803939913299e-05,0.00180683102495945,0,0,TRUE,0.998
"GB","R10","V1","V15","impdiff","iplylfr",0,0.0010287940481961,0.00653949855509964,0,0.0230843127321294,TRUE,0.972
"GB","R10","V1","V16","impdiff","ipmodst",0,-3.69301850257991e-05,0.000825784041393316,0,0,TRUE,0.998
"GB","R10","V1","V17","impdiff","iprspot",0,0.001381034858946,0.0074005384848201,0,0.0324674835662417,TRUE,0.964
"GB","R10","V1","V18","impdiff","ipshabt",0,0.0114792697454338,0.0223743591269161,0,0.0753301658666887,TRUE,0.77
"GB","R10","V1","V19","impdiff","ipstrgv",0,4.83443426710036e-05,0.00108101236539908,0,0,TRUE,0.998
"GB","R10","V1","V2","impdiff","impenv",0,0.00390042335997764,0.0122936276001823,0,0.0442815588302814,TRUE,0.898
"GB","R10","V1","V20","impdiff","ipsuces",0,0.00872727635373901,0.0180415018180315,0,0.0620379232554389,TRUE,0.786
"GB","R10","V1","V21","impdiff","ipudrst",0.0277066929944516,0.0268517535310275,0.0289399261081002,0,0.084220581316635,TRUE,0.49
"GB","R10","V1","V3","impdiff","impfree",0,0.0032498478526696,0.0124779422568819,0,0.0459362142927196,TRUE,0.93
"GB","R10","V1","V4","impdiff","impfun",0.100446664930434,0.102744443217691,0.0338400530240788,0.0368350185875671,0.165182096943377,FALSE,0.012
"GB","R10","V1","V5","impdiff","imprich",0,0,0,0,0,TRUE,1
"GB","R10","V1","V6","impdiff","impsafe",0,0.000341419352083298,0.00393118296703578,0,0,TRUE,0.992
"GB","R10","V1","V7","impdiff","imptrad",0,0.00190678319630608,0.00936553671883188,0,0.0365915359484357,TRUE,0.954
"GB","R10","V1","V8","impdiff","ipadvnt",0.29537047517953,0.29188045197817,0.0288180930514164,0.236827275897398,0.349298599958645,FALSE,0
"GB","R10","V1","V9","impdiff","ipbhprp",0,0,0,0,0,TRUE,1
"GB","R10","V10","V11","ipcrtiv","ipeqopt",0,0.000557307008047324,0.00420123135782447,0,0,TRUE,0.982
"GB","R10","V10","V12","ipcrtiv","ipfrule",0,-0.00476855605694977,0.0165630967099583,-0.0665554313645809,0,TRUE,0.912
"GB","R10","V10","V13","ipcrtiv","ipgdtim",0,0,0,0,0,TRUE,1
"GB","R10","V10","V14","ipcrtiv","iphlppl",0,0.0158930440297532,0.0273013649341308,0,0.0834165022366053,TRUE,0.716
"GB","R10","V10","V15","ipcrtiv","iplylfr",0,8.11496196542795e-05,0.00339512971834927,0,0,TRUE,0.992
"GB","R10","V10","V16","ipcrtiv","ipmodst",0,-0.000379553139427999,0.00428551924937067,0,0,TRUE,0.992
"GB","R10","V10","V17","ipcrtiv","iprspot",0,4.85399164757291e-05,0.00108538552861892,0,0,TRUE,0.998
"GB","R10","V10","V18","ipcrtiv","ipshabt",0.0302131161671842,0.0163137129063884,0.0261824226111706,0,0.0827763828984537,TRUE,0.684
"GB","R10","V10","V19","ipcrtiv","ipstrgv",0,0.000243265450928256,0.00328850769203442,0,0,TRUE,0.994
"GB","R10","V10","V20","ipcrtiv","ipsuces",0,0.00398525988745847,0.0138907148716545,0,0.0551021834448076,TRUE,0.918
"GB","R10","V10","V21","ipcrtiv","ipudrst",0,0.00958343959737231,0.0202394494442662,0,0.0676604921841142,TRUE,0.786
"GB","R10","V11","V12","ipeqopt","ipfrule",0,-0.00124027214994923,0.00755493528676565,-0.0311757358764231,0,TRUE,0.972
"GB","R10","V11","V13","ipeqopt","ipgdtim",0,0.000346269008892324,0.00415022952143795,0,0,TRUE,0.992
"GB","R10","V11","V14","ipeqopt","iphlppl",0.108773034406712,0.107116578109569,0.0355700094982215,0.0396349311644029,0.17564311274611,FALSE,0.01
"GB","R10","V11","V15","ipeqopt","iplylfr",0.0257420646767738,0.0235622036440035,0.0291452125466605,0,0.0883637195218767,TRUE,0.534
"GB","R10","V11","V16","ipeqopt","ipmodst",0.036447541864743,0.0272693788658309,0.0313968534453807,0,0.09605158704986,TRUE,0.502
"GB","R10","V11","V17","ipeqopt","iprspot",0,-0.000529652840706634,0.00539184196498023,0,0,TRUE,0.99
"GB","R10","V11","V18","ipeqopt","ipshabt",0.0554648998431207,0.0263879616233146,0.0306089319738298,0,0.0850898950844722,TRUE,0.536
"GB","R10","V11","V19","ipeqopt","ipstrgv",0,0.00297442904700633,0.0115627331196891,0,0.0486916057559131,TRUE,0.93
"GB","R10","V11","V20","ipeqopt","ipsuces",0,0,0,0,0,TRUE,1
"GB","R10","V11","V21","ipeqopt","ipudrst",0.155687238217771,0.152645077392982,0.0339508665239666,0.0897234574300488,0.220951814531178,FALSE,0.002
"GB","R10","V12","V13","ipfrule","ipgdtim",0,0.000552539400701943,0.00520876734096298,0,0,TRUE,0.988
"GB","R10","V12","V14","ipfrule","iphlppl",0,0.000904932100489262,0.00726516468268358,0,0,TRUE,0.982
"GB","R10","V12","V15","ipfrule","iplylfr",0,0.000169883392723397,0.00268423438886731,0,0,TRUE,0.996
"GB","R10","V12","V16","ipfrule","ipmodst",0,0.00470735001338972,0.0153603667615929,0,0.0593186472576172,TRUE,0.904
"GB","R10","V12","V17","ipfrule","iprspot",0.122577667382113,0.11038652332165,0.0318017614709848,0.0530653930285453,0.172966971341849,FALSE,0.01
"GB","R10","V12","V18","ipfrule","ipshabt",0,0.000259110876000989,0.00348208058990056,0,0,TRUE,0.994
"GB","R10","V12","V19","ipfrule","ipstrgv",0.0529538035819369,0.0476308186755461,0.0348249002017913,0,0.114395800426976,TRUE,0.256
"GB","R10","V12","V20","ipfrule","ipsuces",0,0,0,0,0,TRUE,1
"GB","R10","V12","V21","ipfrule","ipudrst",0,8.15820560973438e-05,0.00182423023177862,0,0,TRUE,0.998
"GB","R10","V13","V14","ipgdtim","iphlppl",0,0,0,0,0,TRUE,1
"GB","R10","V13","V15","ipgdtim","iplylfr",0,0.00156875821451112,0.00963697908689469,0,0.041880559179865,TRUE,0.972
"GB","R10","V13","V16","ipgdtim","ipmodst",0,-0.000358271377826251,0.00407660771142809,0,0,TRUE,0.992
"GB","R10","V13","V17","ipgdtim","iprspot",0.0250697903676386,0.0192500319869255,0.0251043409802512,0,0.0764285543677269,TRUE,0.574
"GB","R10","V13","V18","ipgdtim","ipshabt",0.115597329306069,0.106228789676601,0.0286250479609515,0.0520078049387594,0.163956948380421,FALSE,0.002
"GB","R10","V13","V19","ipgdtim","ipstrgv",0,0.00179332410040747,0.00812723846218044,0,0.0359541788672427,TRUE,0.95
"GB","R10","V13","V20","ipgdtim","ipsuces",0.0687907943884012,0.0686463446057235,0.0359137760879814,0,0.134679795340266,TRUE,0.12
"GB","R10","V13","V21","ipgdtim","ipudrst",0,-0.000227574359622629,0.00359547721650113,0,0,TRUE,0.996
"GB","R10","V14","V15","iphlppl","iplylfr",0.224492155013955,0.21838353883655,0.035501907760231,0.144294923161164,0.289245243916024,FALSE,0
"GB","R10","V14","V16","iphlppl","ipmodst",0,0.0279384640747303,0.0317814731634736,0,0.100337478723561,TRUE,0.504
"GB","R10","V14","V17","iphlppl","iprspot",0,0,0,0,0,TRUE,1
"GB","R10","V14","V18","iphlppl","ipshabt",0,0.000586304018633473,0.00471653155285928,0,0,TRUE,0.984
"GB","R10","V14","V19","iphlppl","ipstrgv",0,0.0172189095888508,0.0245610040706363,0,0.0787612805708517,TRUE,0.612
"GB","R10","V14","V20","iphlppl","ipsuces",0,0.00803579526315172,0.0185659585948311,0,0.0642460634078626,TRUE,0.828
"GB","R10","V14","V21","iphlppl","ipudrst",0.171826345677079,0.17183859046611,0.0364826282128256,0.0980524211941061,0.243011822341499,FALSE,0
"GB","R10","V15","V16","iplylfr","ipmodst",0.0394166722795382,0.0372318242866006,0.0316781533536032,0,0.099829250237772,TRUE,0.322
"GB","R10","V15","V17","iplylfr","iprspot",0.0457290258186098,0.0351638237429913,0.031737356239995,0,0.0969891774767156,TRUE,0.384
"GB","R10","V15","V18","iplylfr","ipshabt",0,0.00182461957530123,0.0090027896228208,0,0.0412570096694083,TRUE,0.958
"GB","R10","V15","V19","iplylfr","ipstrgv",0.0756980051233871,0.0704400757028944,0.0343635005625373,0,0.135718929550015,TRUE,0.072
"GB","R10","V15","V20","iplylfr","ipsuces",0,8.53081486438663e-05,0.00190754819402342,0,0,TRUE,0.998
"GB","R10","V15","V21","iplylfr","ipudrst",0.0849884467168296,0.0840174490904105,0.0355851444191129,0,0.153396644108276,TRUE,0.034
"GB","R10","V16","V17","ipmodst","iprspot",0,-0.00016081699649164,0.00359597736092652,0,0,TRUE,0.998
"GB","R10","V16","V18","ipmodst","ipshabt",0,0,0,0,0,TRUE,1
"GB","R10","V16","V19","ipmodst","ipstrgv",0,0.01108328043332,0.0195249425107899,0,0.0616737645431169,TRUE,0.712
"GB","R10","V16","V20","ipmodst","ipsuces",0,-0.000504928922275557,0.00515812540106793,0,0,TRUE,0.99
"GB","R10","V16","V21","ipmodst","ipudrst",0.118924856950777,0.120956845939929,0.033144591193687,0.0564375242878495,0.1838704926858,FALSE,0.002
"GB","R10","V17","V18","iprspot","ipshabt",0.168331933120607,0.154727212642959,0.0333455874465519,0.0872741633245914,0.221191011628808,FALSE,0
"GB","R10","V17","V19","iprspot","ipstrgv",0.0277660538344198,0.0224412988075102,0.0253407613581042,0,0.0748130748343434,TRUE,0.5
"GB","R10","V17","V20","iprspot","ipsuces",0.161540590159094,0.160694177976762,0.0326116079506257,0.0944426309276247,0.223742602727345,FALSE,0
"GB","R10","V17","V21","iprspot","ipudrst",0,-0.000441782130264974,0.00499086575763796,0,0,TRUE,0.992
"GB","R10","V18","V19","ipshabt","ipstrgv",0,0,0,0,0,TRUE,1
"GB","R10","V18","V20","ipshabt","ipsuces",0.345838100451809,0.346553615881063,0.0282763662162122,0.282447740308213,0.402890663201087,FALSE,0
"GB","R10","V18","V21","ipshabt","ipudrst",0,0,0,0,0,TRUE,1
"GB","R10","V19","V20","ipstrgv","ipsuces",0,0.00492222664553134,0.0136584010235368,0,0.0492604879995085,TRUE,0.876
"GB","R10","V19","V21","ipstrgv","ipudrst",0,0.0172785400187111,0.0257678290418361,0,0.0788638418035034,TRUE,0.646
"GB","R10","V2","V10","impenv","ipcrtiv",0.0724498689885403,0.062447718748371,0.0352668752524628,0,0.123710566156295,TRUE,0.146
"GB","R10","V2","V11","impenv","ipeqopt",0.14943871754584,0.130555174980337,0.0351587974758012,0.0606881278116782,0.19760244572881,FALSE,0.002
"GB","R10","V2","V12","impenv","ipfrule",-0.038528325283605,-0.0172131994382643,0.0280047899473514,-0.0851338456760079,0,TRUE,0.694
"GB","R10","V2","V13","impenv","ipgdtim",0,0,0,0,0,TRUE,1
"GB","R10","V2","V14","impenv","iphlppl",0.0520686994314524,0.0465190594172584,0.0365008559695987,0,0.120377059840532,TRUE,0.276
"GB","R10","V2","V15","impenv","iplylfr",0.100523202130862,0.0973870513170212,0.0355400429352932,0,0.169801122851802,TRUE,0.026
"GB","R10","V2","V16","impenv","ipmodst",0,0.00522894569197707,0.0147075414290955,0,0.0522630576760091,TRUE,0.87
"GB","R10","V2","V17","impenv","iprspot",0,0.000368409665023225,0.00372209761183987,0,0,TRUE,0.99
"GB","R10","V2","V18","impenv","ipshabt",0,-7.18040398298095e-05,0.00160558714118556,0,0,TRUE,0.998
"GB","R10","V2","V19","impenv","ipstrgv",0.0261759016670537,0.0225726465677685,0.0278225841286523,0,0.0821878766605621,TRUE,0.544
"GB","R10","V2","V20","impenv","ipsuces",0,0.000134465747200397,0.00300674551385391,0,0,TRUE,0.998
"GB","R10","V2","V21","impenv","ipudrst",0.118973728639121,0.118065321230764,0.0340027104471768,0.0505629071239062,0.185217396347674,FALSE,0.002
"GB","R10","V2","V3","impenv","impfree",0.0735415248660795,0.064834085785095,0.0349595508233453,0,0.131174787650052,TRUE,0.118
"GB","R10","V2","V4","impenv","impfun",0,0.00141944506637345,0.00762811460422532,0,0.0329562349284257,TRUE,0.962
"GB","R10","V2","V5","impenv","imprich",-0.0361751011874923,-0.0239242553849119,0.0310502523803675,-0.0907505972039129,0,TRUE,0.59
"GB","R10","V2","V6","impenv","impsafe",0,0.000470094478769606,0.00552669642799011,0,0,TRUE,0.984
"GB","R10","V2","V7","impenv","imptrad",0.0975765708524318,0.0854377638531208,0.037363025064554,0,0.150213156632129,TRUE,0.072
"GB","R10","V2","V8","impenv","ipadvnt",0,8.27963701836078e-05,0.00185138312020784,0,0,TRUE,0.998
"GB","R10","V2","V9","impenv","ipbhprp",0,0.0012441491144777,0.00764507398823076,0,0.0298083045459575,TRUE,0.972
"GB","R10","V20","V21","ipsuces","ipudrst",0,0,0,0,0,TRUE,1
"GB","R10","V3","V10","impfree","ipcrtiv",0.057255815342977,0.0558406383111382,0.0321040360036504,0,0.118239172006524,TRUE,0.132
"GB","R10","V3","V11","impfree","ipeqopt",0.0496616612564656,0.0403596843400568,0.0335227648326246,0,0.103571938805993,TRUE,0.304
"GB","R10","V3","V12","impfree","ipfrule",0,-0.0197354039448286,0.0324268630946872,-0.10063961252249,0,TRUE,0.696
"GB","R10","V3","V13","impfree","ipgdtim",0.0516884398454808,0.0411400588367394,0.0360834367849419,0,0.107551546387709,TRUE,0.38
"GB","R10","V3","V14","impfree","iphlppl",0.127821433687876,0.126414376577142,0.0322579837790462,0.0608622080939794,0.190021489791541,FALSE,0
"GB","R10","V3","V15","impfree","iplylfr",0,0.0116858269651415,0.0215782419570509,0,0.0713059789480455,TRUE,0.736
"GB","R10","V3","V16","impfree","ipmodst",0,0.0110203698181468,0.023577840601415,0,0.0729300640169844,TRUE,0.79
"GB","R10","V3","V17","impfree","iprspot",0,0.00275459071631686,0.0116547466264472,0,0.0514403938678424,TRUE,0.942
"GB","R10","V3","V18","impfree","ipshabt",0,0.00158076162322206,0.00835208225401296,0,0.0398654250816697,TRUE,0.964
"GB","R10","V3","V19","impfree","ipstrgv",0.0386930095735572,0.0390282065731087,0.0355256265493788,0,0.114196080055649,TRUE,0.366
"GB","R10","V3","V20","impfree","ipsuces",0,0.000429152504845124,0.00439573650935259,0,0,TRUE,0.99
"GB","R10","V3","V21","impfree","ipudrst",0,0.00545692556068138,0.015161051581867,0,0.0528368380836023,TRUE,0.874
"GB","R10","V3","V4","impfree","impfun",0,0.0183942723883495,0.0263086049307621,0,0.0776770217139715,TRUE,0.63
"GB","R10","V3","V5","impfree","imprich",0,0.000188641680319481,0.00309430022128252,0,0,TRUE,0.996
"GB","R10","V3","V6","impfree","impsafe",0,0.0173876438415583,0.0286398740253112,0,0.0913037556796398,TRUE,0.686
"GB","R10","V3","V7","impfree","imptrad",0,-0.00746944478139489,0.0205969639694059,-0.0751839453442923,0,TRUE,0.87
"GB","R10","V3","V8","impfree","ipadvnt",0.044227540184425,0.032361987731478,0.0323477988514511,0,0.090464581572266,TRUE,0.46
"GB","R10","V3","V9","impfree","ipbhprp",0,-0.00102498028141717,0.00863554090296166,0,0,TRUE,0.984
"GB","R10","V4","V10","impfun","ipcrtiv",0,0.000199659278951596,0.00225754898664094,0,0,TRUE,0.992
"GB","R10","V4","V11","impfun","ipeqopt",0,0.00966030037875735,0.0201523395795096,0,0.0603224793459313,TRUE,0.794
"GB","R10","V4","V12","impfun","ipfrule",0,-0.000134646793209798,0.00214053801909399,0,0,TRUE,0.996
"GB","R10","V4","V13","impfun","ipgdtim",0.251880799584146,0.254393478072843,0.0290422799510205,0.192816467883707,0.310328248753591,FALSE,0
"GB","R10","V4","V14","impfun","iphlppl",0,0.0157471864297624,0.0264978722485067,0,0.081136846882723,TRUE,0.712
"GB","R10","V4","V15","impfun","iplylfr",0.0250431954551657,0.0226717788023435,0.0268345666406742,0,0.079159810637741,TRUE,0.518
"GB","R10","V4","V16","impfun","ipmodst",0,-0.000386419208305444,0.00498969907469164,0,0,TRUE,0.994
"GB","R10","V4","V17","impfun","iprspot",0,0,0,0,0,TRUE,1
"GB","R10","V4","V18","impfun","ipshabt",0,0,0,0,0,TRUE,1
"GB","R10","V4","V19","impfun","ipstrgv",0.0407787944176032,0.0405053533083401,0.0329195104029418,0,0.102191979057682,TRUE,0.328
"GB","R10","V4","V20","impfun","ipsuces",0,0.0142180116321619,0.0224209854525816,0,0.0682617654834539,TRUE,0.686
"GB","R10","V4","V21","impfun","ipudrst",0,0.00602749700125103,0.0151112472461817,0,0.0532848820807466,TRUE,0.846
"GB","R10","V4","V5","impfun","imprich",0,0.000906775030835144,0.00622370846958782,0,0,TRUE,0.978
"GB","R10","V4","V6","impfun","impsafe",0,0.00431894842577438,0.0145755056219277,0,0.0594214905598887,TRUE,0.912
"GB","R10","V4","V7","impfun","imptrad",0.0735090879066809,0.0878769265919264,0.0370130072618943,0,0.161586394976048,TRUE,0.06
"GB","R10","V4","V8","impfun","ipadvnt",0.207118264724686,0.208652442552291,0.0289224917391522,0.149013732682155,0.26510719929398,FALSE,0
"GB","R10","V4","V9","impfun","ipbhprp",0,-0.00160192474089708,0.00988003144197824,-0.0358656071951881,0,TRUE,0.972
"GB","R10","V5","V10","imprich","ipcrtiv",0,0.00292512060771851,0.0123307584923133,0,0.0543699905630064,TRUE,0.942
"GB","R10","V5","V11","imprich","ipeqopt",0,-0.000612411355663309,0.00490383545254964,0,0,TRUE,0.984
"GB","R10","V5","V12","imprich","ipfrule",0,0.00201575781733657,0.00979236025916772,0,0.044285678803383,TRUE,0.956
"GB","R10","V5","V13","imprich","ipgdtim",0.134505424751001,0.134042040984494,0.0292607040562032,0.0760222152192453,0.190959643657264,FALSE,0.002
"GB","R10","V5","V14","imprich","iphlppl",0,-0.00330061383117511,0.0132142590351083,-0.0572525616882441,0,TRUE,0.938
"GB","R10","V5","V15","imprich","iplylfr",0,0,0,0,0,TRUE,1
"GB","R10","V5","V16","imprich","ipmodst",0,-0.00185874557032548,0.00926602964612706,-0.0398108338843762,0,TRUE,0.958
"GB","R10","V5","V17","imprich","iprspot",0,0.00229593176912114,0.0102642058105663,0,0.0413502433318212,TRUE,0.946
"GB","R10","V5","V18","imprich","ipshabt",0.0687909427442099,0.0563943397473066,0.0374685533425268,0,0.119339520348246,TRUE,0.226
"GB","R10","V5","V19","imprich","ipstrgv",0,0,0,0,0,TRUE,1
"GB","R10","V5","V20","imprich","ipsuces",0.173604016994259,0.178747291129645,0.0332350306235064,0.110533980892067,0.240635248339157,FALSE,0
"GB","R10","V5","V21","imprich","ipudrst",0,-0.0023201591974965,0.0107458062115355,-0.0448379268762621,0,TRUE,0.948
"GB","R10","V5","V6","imprich","impsafe",0,-6.68843887617897e-05,0.00149558039904885,0,0,TRUE,0.998
"GB","R10","V5","V7","imprich","imptrad",0,0.000135045147115797,0.00213352760316019,0,0,TRUE,0.996
"GB","R10","V5","V8","imprich","ipadvnt",0.0419256917805138,0.0337223481781158,0.0323588711319322,0,0.100520568183587,TRUE,0.406
"GB","R10","V5","V9","imprich","ipbhprp",0,-0.000136576305227939,0.0022069876475714,0,0,TRUE,0.996
"GB","R10","V6","V10","impsafe","ipcrtiv",0,0.000446654886846324,0.00429787411870086,0,0,TRUE,0.988
"GB","R10","V6","V11","impsafe","ipeqopt",0,0.00217361946756096,0.0091176021533625,0,0.0380570883725751,TRUE,0.942
"GB","R10","V6","V12","impsafe","ipfrule",0.105131623354968,0.0987019347018121,0.0305361014256098,0.0366717727945018,0.155673432709853,FALSE,0.012
"GB","R10","V6","V13","impsafe","ipgdtim",0,0.00976681937866557,0.0211887636358701,0,0.0661827139353505,TRUE,0.808
"GB","R10","V6","V14","impsafe","iphlppl",0.0315558394025686,0.0268430992644751,0.0296043833422262,0,0.0881776767472408,TRUE,0.488
"GB","R10","V6","V15","impsafe","iplylfr",0,0.018628788324173,0.0251295061239543,0,0.0811712259263595,TRUE,0.588
"GB","R10","V6","V16","impsafe","ipmodst",0.0716786660596679,0.0675452421770578,0.0345783710392901,0,0.132217848808845,TRUE,0.102
"GB","R10","V6","V17","impsafe","iprspot",0,0.00775176679157127,0.0188562239065233,0,0.0629455691158105,TRUE,0.84
"GB","R10","V6","V18","impsafe","ipshabt",0.0639848197496372,0.0308516229172729,0.0378096222628475,0,0.10352637061003,TRUE,0.572
"GB","R10","V6","V19","impsafe","ipstrgv",0.191961645880724,0.187942802558468,0.0332336789293884,0.125580182010587,0.249061854996254,FALSE,0
"GB","R10","V6","V20","impsafe","ipsuces",0,0.000796084021490563,0.00637604599919911,0,0,TRUE,0.984
"GB","R10","V6","V21","impsafe","ipudrst",0,0.000652187796977932,0.00592663932584207,0,0,TRUE,0.986
"GB","R10","V6","V7","impsafe","imptrad",0,0.0092834028262409,0.0185694321770159,0,0.0646022238325017,TRUE,0.772
"GB","R10","V6","V8","impsafe","ipadvnt",-0.124997137795786,-0.107041498293912,0.0460854607708059,-0.186327229393033,0,TRUE,0.084
"GB","R10","V6","V9","impsafe","ipbhprp",0.0317798525415823,0.0273282840798051,0.0301783831675215,0,0.0939952701134933,TRUE,0.476
"GB","R10","V7","V10","imptrad","ipcrtiv",0,4.54029124522579e-05,0.0010152399861972,0,0,TRUE,0.998
"GB","R10","V7","V11","imptrad","ipeqopt",-0.0968424774231784,-0.064845943501297,0.0517904746038502,-0.158352601129546,0,TRUE,0.326
"GB","R10","V7","V12","imptrad","ipfrule",0.0473107876880916,0.0365535334461285,0.0339150405581324,0,0.103259518962706,TRUE,0.388
"GB","R10","V7","V13","imptrad","ipgdtim",0,0,0,0,0,TRUE,1
"GB","R10","V7","V14","imptrad","iphlppl",0,0.00763246166963913,0.018139315406423,0,0.0616262818270668,TRUE,0.828
"GB","R10","V7","V15","imptrad","iplylfr",0.0679244413486351,0.067716303419928,0.0317800619261859,0,0.128713777785012,TRUE,0.076
"GB","R10","V7","V16","imptrad","ipmodst",0,0.0054262717279873,0.0161301010080667,0,0.0606195850019299,TRUE,0.88
"GB","R10","V7","V17","imptrad","iprspot",0.0590523504122189,0.0546200166516366,0.0331350824601948,0,0.120520262785201,TRUE,0.164
"GB","R10","V7","V18","imptrad","ipshabt",0,-0.00210293361102084,0.0107296112709336,-0.0490094211339588,0,TRUE,0.96
"GB","R10","V7","V19","imptrad","ipstrgv",0.0931637516231477,0.0919433516616402,0.0322070680917547,0.036936295689891,0.159950303710071,FALSE,0.02
"GB","R10","V7","V20","imptrad","ipsuces",0,-9.86551974434024e-05,0.00220599727817111,0,0,TRUE,0.998
"GB","R10","V7","V21","imptrad","ipudrst",0,0,0,0,0,TRUE,1
"GB","R10","V7","V8","imptrad","ipadvnt",0,-0.000104185104622838,0.00232964976179594,0,0,TRUE,0.998
"GB","R10","V7","V9","imptrad","ipbhprp",0.142161538108747,0.14123699563599,0.0332918156386735,0.0755733008944407,0.207254038732348,FALSE,0.002
"GB","R10","V8","V10","ipadvnt","ipcrtiv",0.0370220707272581,0.0250893828908236,0.0292301741127972,0,0.0894274578823467,TRUE,0.52
"GB","R10","V8","V11","ipadvnt","ipeqopt",0,0,0,0,0,TRUE,1
"GB","R10","V8","V12","ipadvnt","ipfrule",0,-0.000181827217858182,0.0028786511164338,0,0,TRUE,0.996
"GB","R10","V8","V13","ipadvnt","ipgdtim",0.0567894049127343,0.0528273489895868,0.033607459116616,0,0.114454211726051,TRUE,0.188
"GB","R10","V8","V14","ipadvnt","iphlppl",0,-0.000108274711489491,0.00242109615134679,0,0,TRUE,0.998
"GB","R10","V8","V15","ipadvnt","iplylfr",0,-0.000238648816169872,0.00316311223734521,0,0,TRUE,0.994
"GB","R10","V8","V16","ipadvnt","ipmodst",0,0,0,0,0,TRUE,1
"GB","R10","V8","V17","ipadvnt","iprspot",0.0358468410806479,0.0205874238446094,0.0275970187915954,0,0.0811282231866121,TRUE,0.6
"GB","R10","V8","V18","ipadvnt","ipshabt",0,0,0,0,0,TRUE,1
"GB","R10","V8","V19","ipadvnt","ipstrgv",0,0,0,0,0,TRUE,1
"GB","R10","V8","V20","ipadvnt","ipsuces",0.0983730178031854,0.0960688117329889,0.0313016224853777,0.0339596861122581,0.155684796182763,FALSE,0.012
"GB","R10","V8","V21","ipadvnt","ipudrst",0,0.00142642155162803,0.0081936993928605,0,0.0329855869157458,TRUE,0.968
"GB","R10","V8","V9","ipadvnt","ipbhprp",0,-0.00259446254884998,0.010930500986202,-0.0433046340140921,0,TRUE,0.942
"GB","R10","V9","V10","ipbhprp","ipcrtiv",0,-0.00348089561665741,0.0141259617857131,-0.0567542968348463,0,TRUE,0.936
"GB","R10","V9","V11","ipbhprp","ipeqopt",0.0445214069348124,0.0272163654608582,0.0331052178591791,0,0.0985071714071832,TRUE,0.54
"GB","R10","V9","V12","ipbhprp","ipfrule",0.26777723536135,0.260711032242462,0.0297226267221335,0.202651983424021,0.317406222357473,FALSE,0
"GB","R10","V9","V13","ipbhprp","ipgdtim",0,0,0,0,0,TRUE,1
"GB","R10","V9","V14","ipbhprp","iphlppl",0.0288781740522886,0.0271044531941397,0.0293469235751676,0,0.0945661079061231,TRUE,0.47
"GB","R10","V9","V15","ipbhprp","iplylfr",0.055564988871492,0.0512440791032851,0.0340881351073578,0,0.116320678635221,TRUE,0.204
"GB","R10","V9","V16","ipbhprp","ipmodst",0.124936456576193,0.117201317552802,0.0334072911726441,0.0514441362892714,0.179900000735938,FALSE,0.006
"GB","R10","V9","V17","ipbhprp","iprspot",0.0894745487520815,0.0823066361400586,0.0323032000339567,0,0.140898669082717,TRUE,0.032
"GB","R10","V9","V18","ipbhprp","ipshabt",0,0.00046286003487876,0.00468266859553311,0,0,TRUE,0.99
"GB","R10","V9","V19","ipbhprp","ipstrgv",0.124694740253607,0.122516442521667,0.0333330017110102,0.0610249330203717,0.185809573864146,FALSE,0.004
"GB","R10","V9","V20","ipbhprp","ipsuces",0,0.000846037533936867,0.00609856202980089,0,0,TRUE,0.98
"GB","R10","V9","V21","ipbhprp","ipudrst",0,0.000419969755797784,0.00373241312798527,0,0,TRUE,0.986
"GB","R9","V1","V10","impdiff","ipcrtiv",0.15910293952367,0.153342780536551,0.0230321146182256,0.107004611598645,0.197026839634101,FALSE,0
"GB","R9","V1","V11","impdiff","ipeqopt",0.0372439605596659,0.0338452449704125,0.0222153050064659,0,0.0738544837902801,TRUE,0.22
"GB","R9","V1","V12","impdiff","ipfrule",0,0.000796140950158069,0.0056631325658982,0,0,TRUE,0.978
"GB","R9","V1","V13","impdiff","ipgdtim",0.067157123610116,0.0632051956286607,0.027758195468627,0,0.115178907187135,TRUE,0.072
"GB","R9","V1","V14","impdiff","iphlppl",0.0344191386529987,0.0243345356260726,0.02127751067664,0,0.0672040015665347,TRUE,0.35
"GB","R9","V1","V15","impdiff","iplylfr",0,0.0080487709016356,0.0143401770837135,0,0.0477625892195851,TRUE,0.732
"GB","R9","V1","V16","impdiff","ipmodst",0,-0.000581143991035593,0.00468721670982028,0,0,TRUE,0.984
"GB","R9","V1","V17","impdiff","iprspot",0,-0.000201801177937679,0.00262656888194277,0,0,TRUE,0.994
"GB","R9","V1","V18","impdiff","ipshabt",0.0498709199131608,0.0431901865178222,0.0222532424453374,0,0.08333273550116,TRUE,0.12
"GB","R9","V1","V19","impdiff","ipstrgv",0,0.00378232446354005,0.0107157232676743,0,0.0386616631358535,TRUE,0.878
"GB","R9","V1","V2","impdiff","impenv",0.0161042058412524,0.0147479585445408,0.019791110350251,0,0.0580550104787657,TRUE,0.6
"GB","R9","V1","V20","impdiff","ipsuces",0,0.00151467747436079,0.00698549026160809,0,0.0270266287719368,TRUE,0.948
"GB","R9","V1","V21","impdiff","ipudrst",0.0653390209394527,0.0632895865270247,0.0233619032530074,0.0188615114117177,0.110900065088751,FALSE,0.022
"GB","R9","V1","V3","impdiff","impfree",0,0.016714675727204,0.0207622330833073,0,0.0614918524104574,TRUE,0.57
"GB","R9","V1","V4","impdiff","impfun",0.143975588327716,0.141417951512299,0.022425870065071,0.0966038936621436,0.183661092791476,FALSE,0
"GB","R9","V1","V5","impdiff","imprich",0,0.000157921479783468,0.00210488329201664,0,0,TRUE,0.994
"GB","R9","V1","V6","impdiff","impsafe",0.0377553769436173,0.0214942749285738,0.0234771651392279,0,0.0671790600280467,TRUE,0.488
"GB","R9","V1","V7","impdiff","imptrad",0,-0.000111859728322504,0.00185281045483571,0,0,TRUE,0.996
"GB","R9","V1","V8","impdiff","ipadvnt",0.289488654569366,0.283722880707851,0.021913417668174,0.243984289959161,0.326775925239897,FALSE,0
"GB","R9","V1","V9","impdiff","ipbhprp",0,-0.000370553043168503,0.00345159407209334,0,0,TRUE,0.988
"GB","R9","V10","V11","ipcrtiv","ipeqopt",0.0340580065919292,0.0310157381953654,0.0236466809147226,0,0.0790666061510669,TRUE,0.258
"GB","R9","V10","V12","ipcrtiv","ipfrule",0,0.000445955630557888,0.00432457304307492,0,0,TRUE,0.988
"GB","R9","V10","V13","ipcrtiv","ipgdtim",-0.0580925543579048,-0.0459860090736503,0.0370555638300185,-0.10653897702235,0,TRUE,0.34
"GB","R9","V10","V14","ipcrtiv","iphlppl",0.0158011951435608,0.00899483231812834,0.0153794477778609,0,0.0482456557257097,TRUE,0.712
"GB","R9","V10","V15","ipcrtiv","iplylfr",0,0.000523858158592144,0.00470831079412795,0,0,TRUE,0.978
"GB","R9","V10","V16","ipcrtiv","ipmodst",0,-7.31087491164905e-05,0.0016347613277445,0,0,TRUE,0.998
"GB","R9","V10","V17","ipcrtiv","iprspot",0,-0.00168538592764132,0.00762429863853505,-0.0310035120720356,0,TRUE,0.948
"GB","R9","V10","V18","ipcrtiv","ipshabt",0.070436028861636,0.067730360670863,0.022459659765974,0.0230190975268971,0.108406658911907,FALSE,0.018
"GB","R9","V10","V19","ipcrtiv","ipstrgv",0,-0.000104715263317887,0.0025995994769055,0,0,TRUE,0.994
"GB","R9","V10","V20","ipcrtiv","ipsuces",0.0445300114077413,0.0308428100719278,0.0273686378508941,0,0.0788229114376449,TRUE,0.386
"GB","R9","V10","V21","ipcrtiv","ipudrst",0.0656687274772022,0.0638216159244399,0.0220920257954171,0.0225876413630967,0.108345118875663,FALSE,0.012
"GB","R9","V11","V12","ipeqopt","ipfrule",0,-0.000746459408332423,0.0051680705454331,0,0,TRUE,0.978
"GB","R9","V11","V13","ipeqopt","ipgdtim",0,-0.000491706932339441,0.00429256923701772,0,0,TRUE,0.986
"GB","R9","V11","V14","ipeqopt","iphlppl",0.119325923557408,0.114300640345794,0.022905636115912,0.0677559196173203,0.159498203665012,FALSE,0
"GB","R9","V11","V15","ipeqopt","iplylfr",0,0.00172559571266357,0.00690911289842675,0,0.0288348741650676,TRUE,0.934
"GB","R9","V11","V16","ipeqopt","ipmodst",0.0273061166035559,0.0383631903511509,0.0252475540583161,0,0.0870332294873052,TRUE,0.196
"GB","R9","V11","V17","ipeqopt","iprspot",0,-0.00730585512338549,0.0165046970066152,-0.0552362638555414,0,TRUE,0.818
"GB","R9","V11","V18","ipeqopt","ipshabt",0,0.0100296818645836,0.0175572861175797,0,0.0573311657320479,TRUE,0.722
"GB","R9","V11","V19","ipeqopt","ipstrgv",0,-0.000101319503200124,0.00163990732860121,0,0,TRUE,0.996
"GB","R9","V11","V20","ipeqopt","ipsuces",0,0,0,0,0,TRUE,1
"GB","R9","V11","V21","ipeqopt","ipudrst",0.188589289292083,0.190368508659876,0.0247835456022207,0.138863255191251,0.240200011306968,FALSE,0
"GB","R9","V12","V13","ipfrule","ipgdtim",0,-0.000130799387684086,0.00207762840609771,0,0,TRUE,0.996
"GB","R9","V12","V14","ipfrule","iphlppl",0,-0.0097076087911116,0.0211881134909469,-0.0728970921077864,0,TRUE,0.802
"GB","R9","V12","V15","ipfrule","iplylfr",0,-0.000859854058086721,0.00641669226668851,0,0,TRUE,0.98
"GB","R9","V12","V16","ipfrule","ipmodst",0,0.0161456453475938,0.0222265792490998,0,0.0632319319429467,TRUE,0.61
"GB","R9","V12","V17","ipfrule","iprspot",0.129914905751266,0.133501491590471,0.0231447743780313,0.0881138073662166,0.181744358358449,FALSE,0
"GB","R9","V12","V18","ipfrule","ipshabt",0,0,0,0,0,TRUE,1
"GB","R9","V12","V19","ipfrule","ipstrgv",0.025846195830511,0.0285467426066269,0.0237462529375461,0,0.0750847988220054,TRUE,0.332
"GB","R9","V12","V20","ipfrule","ipsuces",0,0.0114829590091284,0.0203432535227154,0,0.0659162945302083,TRUE,0.722
"GB","R9","V12","V21","ipfrule","ipudrst",0,0.00186089456141723,0.00860750477082039,0,0.0342472034940617,TRUE,0.95
"GB","R9","V13","V14","ipgdtim","iphlppl",0,0.000107016717818801,0.00269519283137698,0,0,TRUE,0.992
"GB","R9","V13","V15","ipgdtim","iplylfr",0,0.0011941466421237,0.00669567751981335,0,0.0287082876875361,TRUE,0.966
"GB","R9","V13","V16","ipgdtim","ipmodst",0,3.02732769876524e-05,0.00187895377624217,0,0,TRUE,0.996
"GB","R9","V13","V17","ipgdtim","iprspot",0.0204814553694811,0.0217293463991141,0.0225536034369398,0,0.0702740981710391,TRUE,0.45
"GB","R9","V13","V18","ipgdtim","ipshabt",0.0655995955020939,0.0644857520721623,0.0225868451744757,0.0222669689324579,0.107752508238762,FALSE,0.014
"GB","R9","V13","V19","ipgdtim","ipstrgv",0,0.00118192572359768,0.00621327318639486,0,0.0292422436168085,TRUE,0.964
"GB","R9","V13","V20","ipgdtim","ipsuces",0.0783650947067854,0.0760493388615743,0.0235218025657008,0.0277150456529846,0.120932274092609,FALSE,0.012
"GB","R9","V13","V21","ipgdtim","ipudrst",0,-6.84444553596071e-05,0.00153046454867031,0,0,TRUE,0.998
"GB","R9","V14","V15","iphlppl","iplylfr",0.271671104717044,0.270102374680307,0.0249076303616365,0.2195337148462,0.319973110074737,FALSE,0
"GB","R9","V14","V16","iphlppl","ipmodst",0.0628901229060523,0.0607110196598393,0.0240250234793822,0,0.104405852704872,TRUE,0.038
"GB","R9","V14","V17","iphlppl","iprspot",0,0,0,0,0,TRUE,1
"GB","R9","V14","V18","iphlppl","ipshabt",0,0.000107356872561478,0.00172964108282447,0,0,TRUE,0.996
"GB","R9","V14","V19","iphlppl","ipstrgv",0,0.0108164702162442,0.0171251063789424,0,0.0548744217496287,TRUE,0.668
"GB","R9","V14","V20","iphlppl","ipsuces",0.0600352434072302,0.0324822275312357,0.0261066944451645,0,0.0789622776726336,TRUE,0.328
"GB","R9","V14","V21","iphlppl","ipudrst",0.138111033840794,0.133152158421684,0.0249527269754125,0.0833185967198396,0.181916097846117,FALSE,0
"GB","R9","V15","V16","iplylfr","ipmodst",0.0317575200282183,0.0348417604467921,0.0242610280388015,0,0.0816816911116957,TRUE,0.222
"GB","R9","V15","V17","iplylfr","iprspot",0.0770765530088252,0.0751033611962754,0.0214413916006824,0.037010019284695,0.115734578633339,FALSE,0.012
"GB","R9","V15","V18","iplylfr","ipshabt",0,0.00028409492882755,0.00294046096857094,0,0,TRUE,0.99
"GB","R9","V15","V19","iplylfr","ipstrgv",0.0699962441446836,0.0664565170185342,0.0230744654761137,0.0233939329982414,0.113546605139168,FALSE,0.008
"GB","R9","V15","V20","iplylfr","ipsuces",0,0,0,0,0,TRUE,1
"GB","R9","V15","V21","iplylfr","ipudrst",0.0692181238055717,0.068049179566868,0.0223078362240844,0.0233183398093291,0.108666030695506,FALSE,0.01
"GB","R9","V16","V17","ipmodst","iprspot",0,-0.0028383851610386,0.0109549614487976,-0.0462267222302429,0,TRUE,0.932
"GB","R9","V16","V18","ipmodst","ipshabt",0,-0.00315126386386316,0.0112166730138666,-0.0470621050162378,0,TRUE,0.92
"GB","R9","V16","V19","ipmodst","ipstrgv",0,0.0147590077339214,0.0193422953664407,0,0.0609602516716023,TRUE,0.568
"GB","R9","V16","V20","ipmodst","ipsuces",0,0.000157641323604657,0.00249803577616774,0,0,TRUE,0.996
"GB","R9","V16","V21","ipmodst","ipudrst",0.132635619183111,0.138256478425583,0.0231868635220618,0.0919610498774699,0.181734426616559,FALSE,0
"GB","R9","V17","V18","iprspot","ipshabt",0.116962391715699,0.120039493465876,0.0226621795629538,0.0763620382933904,0.169189822733276,FALSE,0
"GB","R9","V17","V19","iprspot","ipstrgv",0,0.00333915890124781,0.00991077097361556,0,0.0368592444038629,TRUE,0.882
"GB","R9","V17","V20","iprspot","ipsuces",0.186221015669872,0.182973461709314,0.0216826266162533,0.138068449955215,0.224059123288393,FALSE,0
"GB","R9","V17","V21","iprspot","ipudrst",0,-0.00428050283551818,0.0130826602807038,-0.0478396867439954,0,TRUE,0.896
"GB","R9","V18","V19","ipshabt","ipstrgv",0,-0.000253300305004228,0.00423970876515182,0,0,TRUE,0.996
"GB","R9","V18","V20","ipshabt","ipsuces",0.31492135743347,0.31057633467255,0.0216143473368556,0.267132759251707,0.352567655970672,FALSE,0
"GB","R9","V18","V21","ipshabt","ipudrst",0,0.000444703435971706,0.00358028555593376,0,0,TRUE,0.984
"GB","R9","V19","V20","ipstrgv","ipsuces",0.0552203288893687,0.0443552926117118,0.0242309651871063,0,0.0849734918158149,TRUE,0.166
"GB","R9","V19","V21","ipstrgv","ipudrst",0,0.00331996476245716,0.0107196293378348,0,0.0390611147785398,TRUE,0.9
"GB","R9","V2","V10","impenv","ipcrtiv",0.0868983781866986,0.0869797326028541,0.0239447263823115,0.0406567932262775,0.131893940396542,FALSE,0
"GB","R9","V2","V11","impenv","ipeqopt",0.0724981778053024,0.0754161078385058,0.0250968984779879,0.030407954249847,0.123646392726563,FALSE,0.012
"GB","R9","V2","V12","impenv","ipfrule",0,0,0,0,0,TRUE,1
"GB","R9","V2","V13","impenv","ipgdtim",0,-0.00182573043283735,0.0086518698152248,-0.0331334914469823,0,TRUE,0.95
"GB","R9","V2","V14","impenv","iphlppl",0.0381573392914037,0.0348507780805962,0.0260676813046972,0,0.0869539019929309,TRUE,0.244
"GB","R9","V2","V15","impenv","iplylfr",0.0690932501518708,0.0653153159038433,0.02570474977674,0.014334285725405,0.115496846466395,FALSE,0.022
"GB","R9","V2","V16","impenv","ipmodst",0,0.0150912499055326,0.0192846394788312,0,0.0609982138550027,TRUE,0.562
"GB","R9","V2","V17","impenv","iprspot",0,-0.0041060030214642,0.0128530114950662,-0.0462725260648607,0,TRUE,0.89
"GB","R9","V2","V18","impenv","ipshabt",0,0.00197899119379482,0.00883524492554398,0,0.0410378054169158,TRUE,0.948
"GB","R9","V2","V19","impenv","ipstrgv",0.0568026202971537,0.0576742939736022,0.0258858840558805,0,0.106105391497746,TRUE,0.05
"GB","R9","V2","V20","impenv","ipsuces",-0.0225393747814405,-0.0152453199486037,0.0250858936065571,-0.0765634823756215,0,TRUE,0.7
"GB","R9","V2","V21","impenv","ipudrst",0.0912957809558722,0.0915388417141902,0.0254064291776024,0.0409474856103646,0.141270920476606,FALSE,0.002
"GB","R9","V2","V3","impenv","impfree",0,0.00460755070370086,0.0121581629048273,0,0.04062956324342,TRUE,0.854
"GB","R9","V2","V4","impenv","impfun",0,0.00262906023735977,0.00860396743702294,0,0.0319689385146357,TRUE,0.906
"GB","R9","V2","V5","impenv","imprich",0,-0.00604531217622012,0.0131377930272881,-0.0423460782409315,0,TRUE,0.808
"GB","R9","V2","V6","impenv","impsafe",0,0.00024664262863065,0.00251090856396034,0,0,TRUE,0.99
"GB","R9","V2","V7","impenv","imptrad",0.103089296005815,0.111710664220234,0.025224553681913,0.0632498493655129,0.167601825959308,FALSE,0
"GB","R9","V2","V8","impenv","ipadvnt",0,0.00195488670837425,0.00815685565949253,0,0.0315273791871622,TRUE,0.94
"GB","R9","V2","V9","impenv","ipbhprp",0,0.0127028148799767,0.0188405361347147,0,0.0572002370148288,TRUE,0.642
"GB","R9","V20","V21","ipsuces","ipudrst",0,0.000160825570903665,0.00208830820619282,0,0,TRUE,0.994
"GB","R9","V3","V10","impfree","ipcrtiv",0.127018520992336,0.125952873004438,0.0224227077541514,0.0816906459892909,0.17464026657684,FALSE,0
"GB","R9","V3","V11","impfree","ipeqopt",0,0.00737068187057463,0.0140597197296047,0,0.0430784893680413,TRUE,0.752
"GB","R9","V3","V12","impfree","ipfrule",0,-0.00570272461504812,0.0162006081176356,-0.0580953504488381,0,TRUE,0.876
"GB","R9","V3","V13","impfree","ipgdtim",0.0397969340273062,0.0367813589886793,0.0297659225631541,0,0.088267883202137,TRUE,0.346
"GB","R9","V3","V14","impfree","iphlppl",0.130939597082085,0.123493352050531,0.024479393733114,0.0746767812532776,0.171699549771294,FALSE,0
"GB","R9","V3","V15","impfree","iplylfr",0,0.0124639792618529,0.017691894025889,0,0.0528362388044714,TRUE,0.622
"GB","R9","V3","V16","impfree","ipmodst",0,0.00488009771156949,0.013253873064678,0,0.0477107638071054,TRUE,0.862
"GB","R9","V3","V17","impfree","iprspot",0,0.0106002698787148,0.0196151079667405,0,0.0639686882162817,TRUE,0.734
"GB","R9","V3","V18","impfree","ipshabt",0,4.80099626901416e-05,0.00107353540172385,0,0,TRUE,0.998
"GB","R9","V3","V19","impfree","ipstrgv",0.0298284400112994,0.0315249038329992,0.0244457071534123,0,0.0758995384899986,TRUE,0.286
"GB","R9","V3","V20","impfree","ipsuces",0.0174610116045014,0.0139646966041237,0.0193409198122267,0,0.0566846214598294,TRUE,0.62
"GB","R9","V3","V21","impfree","ipudrst",0,0.0110867572932661,0.0178360271569232,0,0.0542400328567271,TRUE,0.676
"GB","R9","V3","V4","impfree","impfun",0,0.0150333398406969,0.0221733251471816,0,0.0642759005862624,TRUE,0.644
"GB","R9","V3","V5","impfree","imprich",0,-0.000369357748411626,0.00419185557342266,0,0,TRUE,0.992
"GB","R9","V3","V6","impfree","impsafe",0,0.0165931073131346,0.0215579147048986,0,0.0659590898042405,TRUE,0.574
"GB","R9","V3","V7","impfree","imptrad",0,-0.00301698633303297,0.0114649550906342,-0.0485496216193413,0,TRUE,0.928
"GB","R9","V3","V8","impfree","ipadvnt",0.0409951986198974,0.0381150064174004,0.0258295922187333,0,0.0862894779613141,TRUE,0.234
"GB","R9","V3","V9","impfree","ipbhprp",0,-0.00197331164502692,0.00940584061228766,-0.0370059407392597,0,TRUE,0.952
"GB","R9","V4","V10","impfun","ipcrtiv",0,0.00106469896265923,0.00576076016796882,0,0.0232615993136681,TRUE,0.964
"GB","R9","V4","V11","impfun","ipeqopt",0,0,0,0,0,TRUE,1
"GB","R9","V4","V12","impfun","ipfrule",0,0,0,0,0,TRUE,1
"GB","R9","V4","V13","impfun","ipgdtim",0.313486516121661,0.314271914575898,0.0196456495519708,0.276587457508985,0.350098792574611,FALSE,0
"GB","R9","V4","V14","impfun","iphlppl",0,0.00135602674020727,0.00624456474318026,0,0.0247158179499637,TRUE,0.95
"GB","R9","V4","V15","impfun","iplylfr",0.0491585848773336,0.0411603100876268,0.0222017550420411,0,0.0780163362426472,TRUE,0.148
"GB","R9","V4","V16","impfun","ipmodst",0,0.000137394277269378,0.0018200774572089,0,0,TRUE,0.994
"GB","R9","V4","V17","impfun","iprspot",0,0,0,0,0,TRUE,1
"GB","R9","V4","V18","impfun","ipshabt",0,0.000850469927878004,0.00503907050084189,0,0.0210440809825035,TRUE,0.97
"GB","R9","V4","V19","impfun","ipstrgv",0.0245863463511252,0.0185613920584827,0.0213244529374968,0,0.0629994995626793,TRUE,0.516
"GB","R9","V4","V20","impfun","ipsuces",0,0.00563056284038731,0.0128918240355962,0,0.0428735451013407,TRUE,0.822
"GB","R9","V4","V21","impfun","ipudrst",0,0,0,0,0,TRUE,1
"GB","R9","V4","V5","impfun","imprich",0,0,0,0,0,TRUE,1
"GB","R9","V4","V6","impfun","impsafe",0,0.00872164510286279,0.0166998883541667,0,0.0504674144972894,TRUE,0.764
"GB","R9","V4","V7","impfun","imptrad",0.0922287204022912,0.10487136888375,0.0258538346413355,0.0573726002096652,0.158042579793119,FALSE,0.002
"GB","R9","V4","V8","impfun","ipadvnt",0.198808032360557,0.199168283188466,0.0229736257493379,0.154464913261755,0.245854930824816,FALSE,0
"GB","R9","V4","V9","impfun","ipbhprp",0,0.000466375363311502,0.00413622980721939,0,0,TRUE,0.986
"GB","R9","V5","V10","imprich","ipcrtiv",0.0415514641140146,0.0269523169809797,0.0256929747747999,0,0.0750973440328312,TRUE,0.418
"GB","R9","V5","V11","imprich","ipeqopt",0,-5.24985106398191e-05,0.00117390238508132,0,0,TRUE,0.998
"GB","R9","V5","V12","imprich","ipfrule",0,0.00919116087372835,0.0181081648725944,0,0.056901685234578,TRUE,0.772
"GB","R9","V5","V13","imprich","ipgdtim",0.155210980932295,0.151406045208498,0.0246383671475348,0.101859314001512,0.198950938471368,FALSE,0
"GB","R9","V5","V14","imprich","iphlppl",-0.0843839847578424,-0.0481465427565482,0.036236021568751,-0.108001664274864,0,TRUE,0.31
"GB","R9","V5","V15","imprich","iplylfr",0,-0.00572383092237488,0.0147249017021277,-0.0521019950383181,0,TRUE,0.856
"GB","R9","V5","V16","imprich","ipmodst",0,-0.0229267920175932,0.0227604914591723,-0.0674131468395958,0,TRUE,0.432
"GB","R9","V5","V17","imprich","iprspot",0.0661380853444695,0.058506681164313,0.0229140916173735,0,0.101983815257307,TRUE,0.04
"GB","R9","V5","V18","imprich","ipshabt",0.0558528037717922,0.0518995764789873,0.0245681804987768,0,0.096970621008173,TRUE,0.084
"GB","R9","V5","V19","imprich","ipstrgv",0,0.0010718074181141,0.00647250398877551,0,0.0216083403654314,TRUE,0.968
"GB","R9","V5","V20","imprich","ipsuces",0.198733109465499,0.192591701342596,0.0236001660973922,0.151555812419205,0.240889553901217,FALSE,0
"GB","R9","V5","V21","imprich","ipudrst",0,-0.00884865405233586,0.0177118810489777,-0.0579218692634386,0,TRUE,0.776
"GB","R9","V5","V6","imprich","impsafe",0,-0.000103424288816227,0.00165752648323065,0,0,TRUE,0.996
"GB","R9","V5","V7","imprich","imptrad",0,-7.49325128686319e-05,0.00189246181110144,0,0,TRUE,0.994
"GB","R9","V5","V8","imprich","ipadvnt",0.0638072927141033,0.0565312458160289,0.0232080536507007,0,0.0995890177683261,TRUE,0.048
"GB","R9","V5","V9","imprich","ipbhprp",0,-6.22038100731407e-05,0.00139091947783029,0,0,TRUE,0.998
"GB","R9","V6","V10","impsafe","ipcrtiv",0,0.000413068101177367,0.00391470467312737,0,0,TRUE,0.988
"GB","R9","V6","V11","impsafe","ipeqopt",0,0.0130834109774955,0.0186671312286143,0,0.0574742744299393,TRUE,0.634
"GB","R9","V6","V12","impsafe","ipfrule",0.0517437005575768,0.0475493117305152,0.0229109925946049,0,0.0912246984678134,TRUE,0.088
"GB","R9","V6","V13","impsafe","ipgdtim",0,0.0130618997391897,0.0213390994174692,0,0.0665025221249851,TRUE,0.696
"GB","R9","V6","V14","impsafe","iphlppl",0.040358261178253,0.0236477163748263,0.0240195405810507,0,0.0718103299566902,TRUE,0.448
"GB","R9","V6","V15","impsafe","iplylfr",0.021384108924827,0.0182232069994588,0.0202841235482969,0,0.0620375856380996,TRUE,0.484
"GB","R9","V6","V16","impsafe","ipmodst",0.0772439767034668,0.0800533450562181,0.0248434966100443,0.0273447830430038,0.131221295398533,FALSE,0.01
"GB","R9","V6","V17","impsafe","iprspot",0,0.00891873818154945,0.0152199200525516,0,0.0475120573187482,TRUE,0.714
"GB","R9","V6","V18","impsafe","ipshabt",0.120616575139122,0.116191728410921,0.0201606505819398,0.0778320507108922,0.157638059181848,FALSE,0
"GB","R9","V6","V19","impsafe","ipstrgv",0.21590013137315,0.215336657767222,0.0224449620487713,0.169302382697989,0.257892295032792,FALSE,0
"GB","R9","V6","V20","impsafe","ipsuces",0,4.62788797270385e-05,0.00103482720992195,0,0,TRUE,0.998
"GB","R9","V6","V21","impsafe","ipudrst",0,-5.0545012813792e-05,0.00113022084575237,0,0,TRUE,0.998
"GB","R9","V6","V7","impsafe","imptrad",0,0.00467614856864848,0.0120210190061931,0,0.0413579214450751,TRUE,0.848
"GB","R9","V6","V8","impsafe","ipadvnt",-0.178851570524207,-0.156035489911676,0.0293427199042487,-0.206256068075125,-0.0990973032614455,FALSE,0
"GB","R9","V6","V9","impsafe","ipbhprp",0.11750014007452,0.118326420395461,0.0213600497757985,0.0775362573100804,0.158735927665996,FALSE,0
"GB","R9","V7","V10","imptrad","ipcrtiv",0,0.00063765522165182,0.00469143756306854,0,0,TRUE,0.98
"GB","R9","V7","V11","imptrad","ipeqopt",0,-0.00689990636910189,0.0168132041622878,-0.0600643434023903,0,TRUE,0.838
"GB","R9","V7","V12","imptrad","ipfrule",0.0763543874708493,0.0834773637711991,0.0228320192103223,0.0395732659775454,0.130543267057229,FALSE,0.006
"GB","R9","V7","V13","imptrad","ipgdtim",0,-0.0103554629972743,0.0202892967285475,-0.0628702284327318,0,TRUE,0.772
"GB","R9","V7","V14","imptrad","iphlppl",0,0.0106028779883678,0.0200330550406195,0,0.0669252676562533,TRUE,0.746
"GB","R9","V7","V15","imptrad","iplylfr",0.0697883402404902,0.0728797366506058,0.025231125792922,0.0232057183216849,0.123154918376861,FALSE,0.014
"GB","R9","V7","V16","imptrad","ipmodst",0,0.000873492892184679,0.0050399582448421,0,0.0180701384282009,TRUE,0.968
"GB","R9","V7","V17","imptrad","iprspot",0.0332606202013397,0.0424439135574101,0.0259856485066172,0,0.0898564240334987,TRUE,0.172
"GB","R9","V7","V18","imptrad","ipshabt",0,-0.00951650257070152,0.0193063611625707,-0.0631360564593374,0,TRUE,0.778
"GB","R9","V7","V19","imptrad","ipstrgv",0.121283911890479,0.125962982378782,0.0218771501763806,0.0814107790032993,0.169345523082097,FALSE,0
"GB","R9","V7","V20","imptrad","ipsuces",0,-0.000109500358656122,0.00244850245515696,0,0,TRUE,0.998
"GB","R9","V7","V21","imptrad","ipudrst",0,-0.00406615117735823,0.0128558557900235,-0.0499826165851842,0,TRUE,0.9
"GB","R9","V7","V8","imptrad","ipadvnt",0,-0.00237858933891526,0.00914215946127216,-0.0380702618948245,0,TRUE,0.93
"GB","R9","V7","V9","imptrad","ipbhprp",0.121456472988877,0.122372178959212,0.0235756044354263,0.076834255655619,0.166405150064868,FALSE,0
"GB","R9","V8","V10","ipadvnt","ipcrtiv",0.0822834704489082,0.0773746186248547,0.0233138653087199,0.0337346880345638,0.123643875432495,FALSE,0.012
"GB","R9","V8","V11","ipadvnt","ipeqopt",0,0,0,0,0,TRUE,1
"GB","R9","V8","V12","ipadvnt","ipfrule",0,-0.0196434501344403,0.0259148352966051,-0.0771716502253314,0,TRUE,0.598
"GB","R9","V8","V13","ipadvnt","ipgdtim",0.0850844561297038,0.0852629122868744,0.0242168751965646,0.0393653744949048,0.135715051852306,FALSE,0.006
"GB","R9","V8","V14","ipadvnt","iphlppl",0,0.001959841472052,0.0082559678587014,0,0.0325295285582946,TRUE,0.942
"GB","R9","V8","V15","ipadvnt","iplylfr",0,-5.9535504384798e-06,0.00170963862189593,0,0,TRUE,0.996
"GB","R9","V8","V16","ipadvnt","ipmodst",0,-0.00022799855647443,0.00256211463340605,0,0,TRUE,0.992
"GB","R9","V8","V17","ipadvnt","iprspot",0,0,0,0,0,TRUE,1
"GB","R9","V8","V18","ipadvnt","ipshabt",0,0.0154046085598168,0.0202519605718238,0,0.0619040018445803,TRUE,0.584
"GB","R9","V8","V19","ipadvnt","ipstrgv",0,0.00037967129406033,0.00354698251881934,0,0,TRUE,0.988
"GB","R9","V8","V20","ipadvnt","ipsuces",0.138440095317775,0.13229645677437,0.0202394179683325,0.09236133750701,0.169802022882699,FALSE,0
"GB","R9","V8","V21","ipadvnt","ipudrst",0,0.000242510248348781,0.00249213337053386,0,0,TRUE,0.99
"GB","R9","V8","V9","ipadvnt","ipbhprp",-0.0463681825352877,-0.0491068749556441,0.0232683108119247,-0.092055198895212,0,TRUE,0.096
"GB","R9","V9","V10","ipbhprp","ipcrtiv",0,-0.0171571889948103,0.0220681929745759,-0.0649200997781403,0,TRUE,0.584
"GB","R9","V9","V11","ipbhprp","ipeqopt",0,0.0032225525145786,0.011526341815948,0,0.0454043609236959,TRUE,0.916
"GB","R9","V9","V12","ipbhprp","ipfrule",0.228162769077551,0.230891267089264,0.0209495725208104,0.189617571858139,0.272818118198896,FALSE,0
"GB","R9","V9","V13","ipbhprp","ipgdtim",0,-0.000158708430221447,0.00206515931207184,0,0,TRUE,0.994
"GB","R9","V9","V14","ipbhprp","iphlppl",0.0420476020059916,0.0362185677239733,0.0264566477970132,0,0.089576808920651,TRUE,0.244
"GB","R9","V9","V15","ipbhprp","iplylfr",0.042422129337939,0.0418716021471227,0.0241872511199243,0,0.0858163025952795,TRUE,0.136
"GB","R9","V9","V16","ipbhprp","ipmodst",0.152820889319499,0.160524970913502,0.0234906858294906,0.113762250602662,0.206554580061702,FALSE,0
"GB","R9","V9","V17","ipbhprp","iprspot",0.133505786721207,0.13988063116447,0.0219293768491714,0.0954997587489111,0.182801256049981,FALSE,0
"GB","R9","V9","V18","ipbhprp","ipshabt",0,6.08886091561958e-05,0.0013615106912867,0,0,TRUE,0.998
"GB","R9","V9","V19","ipbhprp","ipstrgv",0.0674496085056202,0.0700440886372459,0.0241249835468202,0.0249169539897041,0.116280752310402,FALSE,0.018
"GB","R9","V9","V20","ipbhprp","ipsuces",0,0.000239771927719224,0.00275183001269771,0,0,TRUE,0.992
"GB","R9","V9","V21","ipbhprp","ipudrst",0,0.000330390492644232,0.00288400559598588,0,0,TRUE,0.986
"HR","R10","V1","V10","impdiff","ipcrtiv",0.195464817613049,0.188894051521885,0.0269595177798562,0.128492203219811,0.236942502880361,FALSE,0
"HR","R10","V1","V11","impdiff","ipeqopt",0,-7.10705370206467e-05,0.00158918551975581,0,0,TRUE,0.998
"HR","R10","V1","V12","impdiff","ipfrule",0.0284855578658056,0.0238493938049182,0.0282969646141433,0,0.0937607630295108,TRUE,0.506
"HR","R10","V1","V13","impdiff","ipgdtim",0.0795094254230367,0.0737931124761077,0.0297181042179457,0,0.13071931540899,TRUE,0.05
"HR","R10","V1","V14","impdiff","iphlppl",0,0.0125773079074502,0.0207828613871873,0,0.0628027883662375,TRUE,0.704
"HR","R10","V1","V15","impdiff","iplylfr",0,0,0,0,0,TRUE,1
"HR","R10","V1","V16","impdiff","ipmodst",0,0,0,0,0,TRUE,1
"HR","R10","V1","V17","impdiff","iprspot",0,-0.00136629357025279,0.0100435135619347,0,0,TRUE,0.98
"HR","R10","V1","V18","impdiff","ipshabt",0.113135433511573,0.110318988123893,0.0254783773898026,0.0631667006277434,0.162958114903315,FALSE,0
"HR","R10","V1","V19","impdiff","ipstrgv",0,-0.000115928451253736,0.00259223897529624,0,0,TRUE,0.998
"HR","R10","V1","V2","impdiff","impenv",0,0.00129043277811585,0.00699381755167098,0,0.030811807293622,TRUE,0.964
"HR","R10","V1","V20","impdiff","ipsuces",0.0797539187568768,0.0792599408301767,0.0298253704792205,0,0.135329880859389,TRUE,0.026
"HR","R10","V1","V21","impdiff","ipudrst",0,0.00263641230541123,0.010088645971104,0,0.0386205083158076,TRUE,0.926
"HR","R10","V1","V3","impdiff","impfree",0,4.5551976110585e-05,0.00101857315092714,0,0,TRUE,0.998
"HR","R10","V1","V4","impdiff","impfun",0.159516868040687,0.158103269255,0.0315309978853217,0.0983688166172088,0.221126507655361,FALSE,0
"HR","R10","V1","V5","impdiff","imprich",0,0.000362347734749809,0.00333031479112994,0,0,TRUE,0.988
"HR","R10","V1","V6","impdiff","impsafe",0,0,0,0,0,TRUE,1
"HR","R10","V1","V7","impdiff","imptrad",0,-0.000186740068692939,0.00297059366980517,0,0,TRUE,0.996
"HR","R10","V1","V8","impdiff","ipadvnt",0.253565973669184,0.249444601799926,0.0235780081290053,0.201523971150467,0.29543477777728,FALSE,0
"HR","R10","V1","V9","impdiff","ipbhprp",0,-0.00261606465860212,0.0109022718460893,-0.0459033351029554,0,TRUE,0.94
"HR","R10","V10","V11","ipcrtiv","ipeqopt",0,0.013976333940948,0.0236701308914651,0,0.0693560443345052,TRUE,0.716
"HR","R10","V10","V12","ipcrtiv","ipfrule",0,-0.00157428449924279,0.00928705051075138,-0.0360269637367573,0,TRUE,0.97
"HR","R10","V10","V13","ipcrtiv","ipgdtim",0.0560559879802943,0.0479740714635749,0.0309758681825179,0,0.107092645406642,TRUE,0.174
"HR","R10","V10","V14","ipcrtiv","iphlppl",0.0518537490500732,0.0447999449870033,0.0295656247652811,0,0.0980366309398327,TRUE,0.2
"HR","R10","V10","V15","ipcrtiv","iplylfr",0,0.00106005124394816,0.00713369707292698,0,0.0182260534307619,TRUE,0.974
"HR","R10","V10","V16","ipcrtiv","ipmodst",0,-0.000424196472784001,0.00430413441221095,0,0,TRUE,0.99
"HR","R10","V10","V17","ipcrtiv","iprspot",0,-0.0151642985289432,0.0289823112388048,-0.0902526756994351,0,TRUE,0.762
"HR","R10","V10","V18","ipcrtiv","ipshabt",0,0.0082069224338445,0.0177904454446094,0,0.056057621267669,TRUE,0.8
"HR","R10","V10","V19","ipcrtiv","ipstrgv",0,0.00615648894921782,0.0156943807416226,0,0.0571096534509315,TRUE,0.846
"HR","R10","V10","V20","ipcrtiv","ipsuces",0.0555122844401485,0.0539977340722058,0.0305470371940582,0,0.115128706680106,TRUE,0.146
"HR","R10","V10","V21","ipcrtiv","ipudrst",0.0749478933341801,0.0668404947283327,0.0286111872714668,0,0.118735085408509,TRUE,0.06
"HR","R10","V11","V12","ipeqopt","ipfrule",0,9.35335019713598e-05,0.00147774038571495,0,0,TRUE,0.996
"HR","R10","V11","V13","ipeqopt","ipgdtim",0,0.000168425305616757,0.00270897289444964,0,0,TRUE,0.996
"HR","R10","V11","V14","ipeqopt","iphlppl",0.0691211468342446,0.0623017172086894,0.0306222868641689,0,0.121808507049269,TRUE,0.08
"HR","R10","V11","V15","ipeqopt","iplylfr",0.125537238236356,0.124948879572127,0.0353760715643549,0.0561809639822986,0.194160646462528,FALSE,0.002
"HR","R10","V11","V16","ipeqopt","ipmodst",0,0.00161928361663977,0.00704155371983853,0,0.0285901597620953,TRUE,0.946
"HR","R10","V11","V17","ipeqopt","iprspot",0,-0.0122329619401497,0.0268727231867716,-0.0888803142087591,0,TRUE,0.806
"HR","R10","V11","V18","ipeqopt","ipshabt",0,0.00628277245344711,0.0176264998707665,0,0.0673495988153097,TRUE,0.874
"HR","R10","V11","V19","ipeqopt","ipstrgv",0.0553170505605921,0.0532954653595214,0.0323654811792349,0,0.118001825324812,TRUE,0.148
"HR","R10","V11","V20","ipeqopt","ipsuces",0,-0.000332747981664173,0.00456331992835108,0,0,TRUE,0.994
"HR","R10","V11","V21","ipeqopt","ipudrst",0.192876505958471,0.189119889762775,0.0306127772007682,0.130537422365271,0.25545538740416,FALSE,0
"HR","R10","V12","V13","ipfrule","ipgdtim",0,-0.000647538096254871,0.00614358016435331,0,0,TRUE,0.988
"HR","R10","V12","V14","ipfrule","iphlppl",0,0.000202702027530918,0.00226894767030381,0,0,TRUE,0.992
"HR","R10","V12","V15","ipfrule","iplylfr",0,0.0014900071576236,0.0076750488837533,0,0.0319790768672866,TRUE,0.96
"HR","R10","V12","V16","ipfrule","ipmodst",0.137368661574174,0.12678731776742,0.0267042829447687,0.0737674105355713,0.181329233001945,FALSE,0
"HR","R10","V12","V17","ipfrule","iprspot",0.0515475910723071,0.0544101942726365,0.0321128394421007,0,0.117889554786675,TRUE,0.146
"HR","R10","V12","V18","ipfrule","ipshabt",0,0.0204247806705838,0.0300730252455794,0,0.0906445877800334,TRUE,0.662
"HR","R10","V12","V19","ipfrule","ipstrgv",0,0.016541471153107,0.0255269983908041,0,0.0787734145381036,TRUE,0.65
"HR","R10","V12","V20","ipfrule","ipsuces",0,0.0154956560596251,0.0230620540130956,0,0.071775201073749,TRUE,0.654
"HR","R10","V12","V21","ipfrule","ipudrst",0,0.00275458348526903,0.0110197543381845,0,0.0428614339913495,TRUE,0.934
"HR","R10","V13","V14","ipgdtim","iphlppl",0.0289084753709824,0.0212308276572543,0.0248477073586441,0,0.0786942315528558,TRUE,0.51
"HR","R10","V13","V15","ipgdtim","iplylfr",0.0766949074841235,0.0674944127885733,0.0291237416158259,0,0.118940395564996,TRUE,0.056
"HR","R10","V13","V16","ipgdtim","ipmodst",0,7.17184686003888e-05,0.00160367371032654,0,0,TRUE,0.998
"HR","R10","V13","V17","ipgdtim","iprspot",0.048841455617736,0.0587896031283562,0.033737864238877,0,0.120882681489494,TRUE,0.142
"HR","R10","V13","V18","ipgdtim","ipshabt",0,0.0142869412010465,0.0238109654416559,0,0.0728997840134779,TRUE,0.712
"HR","R10","V13","V19","ipgdtim","ipstrgv",0.0350720569453821,0.0373893073533786,0.0306147736365274,0,0.102628816042221,TRUE,0.304
"HR","R10","V13","V20","ipgdtim","ipsuces",0.111359054066671,0.110407225879774,0.0309417941019948,0.0512376320628562,0.168817130903544,FALSE,0.002
"HR","R10","V13","V21","ipgdtim","ipudrst",0,0.00246326050902163,0.00990911072805397,0,0.0361471101099559,TRUE,0.932
"HR","R10","V14","V15","iphlppl","iplylfr",0.214377812262552,0.217909246297001,0.0353210857864107,0.147086303753822,0.280298477960708,FALSE,0
"HR","R10","V14","V16","iphlppl","ipmodst",0.0610970620381174,0.0478183759179715,0.0308057700335564,0,0.106460843092971,TRUE,0.194
"HR","R10","V14","V17","iphlppl","iprspot",0,0.00144023333044818,0.00786077519106114,0,0.0335824164426579,TRUE,0.964
"HR","R10","V14","V18","iphlppl","ipshabt",0,-0.00433787423922229,0.0167453320066164,-0.0662924728104509,0,TRUE,0.932
"HR","R10","V14","V19","iphlppl","ipstrgv",0.0610112885765387,0.0568319699620042,0.0333521632536746,0,0.123498330115268,TRUE,0.132
"HR","R10","V14","V20","iphlppl","ipsuces",0.0463037353317311,0.0288288377885361,0.0299433459800437,0,0.0921185815091619,TRUE,0.45
"HR","R10","V14","V21","iphlppl","ipudrst",0.183313849195852,0.183273378459078,0.0335831194154337,0.114732938411151,0.253748172504496,FALSE,0
"HR","R10","V15","V16","iplylfr","ipmodst",0,0,0,0,0,TRUE,1
"HR","R10","V15","V17","iplylfr","iprspot",0,0.0102896245646912,0.0214358199018527,0,0.0746870536784157,TRUE,0.782
"HR","R10","V15","V18","iplylfr","ipshabt",0,-0.000105157160247182,0.00235138558633536,0,0,TRUE,0.998
"HR","R10","V15","V19","iplylfr","ipstrgv",0.0281154099742217,0.0282512749498884,0.0309119562849275,0,0.0986900178528683,TRUE,0.464
"HR","R10","V15","V20","iplylfr","ipsuces",0,0.00401124349954977,0.0123019650653959,0,0.0436099106515897,TRUE,0.892
"HR","R10","V15","V21","iplylfr","ipudrst",0.0945913933378921,0.0914370011731275,0.0354662704030902,0,0.159845473516954,TRUE,0.026
"HR","R10","V16","V17","ipmodst","iprspot",0,0.00160439016002526,0.00841480080068055,0,0.0368584227179751,TRUE,0.962
"HR","R10","V16","V18","ipmodst","ipshabt",0,-0.00471026827843123,0.0144278363356028,-0.0513005636746737,0,TRUE,0.896
"HR","R10","V16","V19","ipmodst","ipstrgv",0.0240405711814846,0.0255963903398774,0.0286179603209651,0,0.0899902562162655,TRUE,0.47
"HR","R10","V16","V20","ipmodst","ipsuces",0,-0.000757389967684912,0.00589321360205598,0,0,TRUE,0.982
"HR","R10","V16","V21","ipmodst","ipudrst",0.16834636916296,0.159671355852805,0.0288535768254786,0.102407376835856,0.212698088541951,FALSE,0
"HR","R10","V17","V18","iprspot","ipshabt",0.137595716076957,0.147517943558732,0.02882051496815,0.0932105213300705,0.205270651356267,FALSE,0
"HR","R10","V17","V19","iprspot","ipstrgv",0,0.0175337137592766,0.0243579493790281,0,0.0741302388728834,TRUE,0.61
"HR","R10","V17","V20","iprspot","ipsuces",0.096494116253812,0.100465024140188,0.029689513521216,0.0441026612219768,0.160486990949949,FALSE,0.004
"HR","R10","V17","V21","iprspot","ipudrst",0,-0.000289259824920329,0.00382308277986162,0,0,TRUE,0.994
"HR","R10","V18","V19","ipshabt","ipstrgv",0,0,0,0,0,TRUE,1
"HR","R10","V18","V20","ipshabt","ipsuces",0.276771172743368,0.275585798683985,0.02516944115762,0.225646138362574,0.323868387166554,FALSE,0
"HR","R10","V18","V21","ipshabt","ipudrst",0,0,0,0,0,TRUE,1
"HR","R10","V19","V20","ipstrgv","ipsuces",0.0602878334864759,0.0647905634685994,0.026769051993657,0,0.119867766103056,TRUE,0.05
"HR","R10","V19","V21","ipstrgv","ipudrst",0,0.00940282606984607,0.0185178252458231,0,0.0642355169061384,TRUE,0.77
"HR","R10","V2","V10","impenv","ipcrtiv",0,0.0208821668471538,0.0252818887951649,0,0.0741555706585699,TRUE,0.544
"HR","R10","V2","V11","impenv","ipeqopt",0.0955909163793021,0.0909042303906594,0.0341980374765147,0.0221257720632028,0.157008076130065,FALSE,0.022
"HR","R10","V2","V12","impenv","ipfrule",0,0,0,0,0,TRUE,1
"HR","R10","V2","V13","impenv","ipgdtim",0,0,0,0,0,TRUE,1
"HR","R10","V2","V14","impenv","iphlppl",0.0760035345082284,0.074135952589908,0.0348636490150526,0,0.140628332462085,TRUE,0.062
"HR","R10","V2","V15","impenv","iplylfr",0.137966651110657,0.136999569073221,0.0353294563635375,0.0675982626363247,0.207786274492601,FALSE,0
"HR","R10","V2","V16","impenv","ipmodst",0,0.00321097040845145,0.010134554536425,0,0.035896601875713,TRUE,0.896
"HR","R10","V2","V17","impenv","iprspot",0,-0.00058884705481462,0.00563981119034062,0,0,TRUE,0.988
"HR","R10","V2","V18","impenv","ipshabt",0,0,0,0,0,TRUE,1
"HR","R10","V2","V19","impenv","ipstrgv",0.109623237957895,0.110580213932365,0.0327139031488599,0.0451447742091456,0.175314541593664,FALSE,0.004
"HR","R10","V2","V20","impenv","ipsuces",0,0,0,0,0,TRUE,1
"HR","R10","V2","V21","impenv","ipudrst",0.0968665316244958,0.0912051943112921,0.0297159724524086,0.0350105912529733,0.148278484514926,FALSE,0.012
"HR","R10","V2","V3","impenv","impfree",0,0.0113133873731061,0.0204684270844662,0,0.0676554775658549,TRUE,0.728
"HR","R10","V2","V4","impenv","impfun",0,0,0,0,0,TRUE,1
"HR","R10","V2","V5","impenv","imprich",0,-0.00733655371442668,0.0178868831445932,-0.0637965782859538,0,TRUE,0.84
"HR","R10","V2","V6","impenv","impsafe",0,0.00942019274929036,0.0195684069158817,0,0.0665964173185992,TRUE,0.768
"HR","R10","V2","V7","impenv","imptrad",0.119464085779934,0.119787791305191,0.0327981324412553,0.057508764916745,0.186359611281691,FALSE,0.006
"HR","R10","V2","V8","impenv","ipadvnt",0,-4.50378775784167e-05,0.00100707755827653,0,0,TRUE,0.998
"HR","R10","V2","V9","impenv","ipbhprp",0.107386603589871,0.110014791725612,0.0334266650261985,0.0421999824779596,0.171744777558578,FALSE,0.008
"HR","R10","V20","V21","ipsuces","ipudrst",0,0.000488911378614445,0.00370925041012614,0,0,TRUE,0.982
"HR","R10","V3","V10","impfree","ipcrtiv",0,0.0129343811289808,0.0199630796710453,0,0.0627313870844286,TRUE,0.654
"HR","R10","V3","V11","impfree","ipeqopt",0.0372057589278578,0.0395560785200122,0.0326151284669581,0,0.103613867966289,TRUE,0.324
"HR","R10","V3","V12","impfree","ipfrule",0,-0.000180634656560102,0.00298717485810657,0,0,TRUE,0.996
"HR","R10","V3","V13","impfree","ipgdtim",0.150764150054642,0.151023780557455,0.0282430267330199,0.10016238901415,0.211602852168834,FALSE,0
"HR","R10","V3","V14","impfree","iphlppl",0.0953213232763973,0.0918513132376914,0.0290095607034386,0.0359301364563741,0.149872306094396,FALSE,0.004
"HR","R10","V3","V15","impfree","iplylfr",0.114407084877488,0.112129695801088,0.0308489236128892,0.0519123621709839,0.173583196747323,FALSE,0.006
"HR","R10","V3","V16","impfree","ipmodst",0,-0.00103474492466135,0.0077941369889883,0,0,TRUE,0.98
"HR","R10","V3","V17","impfree","iprspot",0,0.000719498275177039,0.00531110648565725,0,0,TRUE,0.98
"HR","R10","V3","V18","impfree","ipshabt",0,-0.000345219382239526,0.00399229143906062,0,0,TRUE,0.992
"HR","R10","V3","V19","impfree","ipstrgv",0.0289841085627952,0.0362345792394713,0.0287785469466863,0,0.0942940598022104,TRUE,0.272
"HR","R10","V3","V20","impfree","ipsuces",0.067183830471239,0.0717481492521396,0.0264217988682385,0.0209336771388102,0.123333412405149,FALSE,0.018
"HR","R10","V3","V21","impfree","ipudrst",0.045567176235817,0.0452544322199951,0.0304412531953446,0,0.106237813419467,TRUE,0.204
"HR","R10","V3","V4","impfree","impfun",0,0.00771643574224368,0.0156059781727462,0,0.0506465973055835,TRUE,0.78
"HR","R10","V3","V5","impfree","imprich",0,8.24868401273051e-05,0.00133493668316552,0,0,TRUE,0.996
"HR","R10","V3","V6","impfree","impsafe",0.0216058466422362,0.0309404216420845,0.0281113227133845,0,0.0871489402460898,TRUE,0.364
"HR","R10","V3","V7","impfree","imptrad",0,-0.000833822716373908,0.00690545763183554,0,0,TRUE,0.984
"HR","R10","V3","V8","impfree","ipadvnt",0,0.0114677033336237,0.0215056634355701,0,0.0666344676931462,TRUE,0.754
"HR","R10","V3","V9","impfree","ipbhprp",0,6.61794457194459e-05,0.00147981739341938,0,0,TRUE,0.998
"HR","R10","V4","V10","impfun","ipcrtiv",0.0405607263411868,0.0401476384927453,0.0293096360451933,0,0.0971608563520427,TRUE,0.266
"HR","R10","V4","V11","impfun","ipeqopt",0,0,0,0,0,TRUE,1
"HR","R10","V4","V12","impfun","ipfrule",0,4.46111140400027e-05,0.000997534835454413,0,0,TRUE,0.998
"HR","R10","V4","V13","impfun","ipgdtim",0.169218223460242,0.16492389126996,0.0292881182808215,0.10627115833214,0.225471021023346,FALSE,0
"HR","R10","V4","V14","impfun","iphlppl",0,0.000508816028651882,0.00442978936335585,0,0,TRUE,0.986
"HR","R10","V4","V15","impfun","iplylfr",0,0.0114043015062742,0.0209469301066495,0,0.0661430726579602,TRUE,0.746
"HR","R10","V4","V16","impfun","ipmodst",0,-0.000236028368440761,0.00306864101454613,0,0,TRUE,0.994
"HR","R10","V4","V17","impfun","iprspot",0,-0.00687829773882309,0.0225797794990625,-0.0886249400496397,0,TRUE,0.906
"HR","R10","V4","V18","impfun","ipshabt",0,0.000897003733341452,0.00559637086764873,0,0.0228202644357828,TRUE,0.974
"HR","R10","V4","V19","impfun","ipstrgv",0,0.000781597698420482,0.00576662527250683,0,0,TRUE,0.98
"HR","R10","V4","V20","impfun","ipsuces",0.110581667259232,0.112051874266951,0.0286756381041698,0.0580935976336068,0.166701093759498,FALSE,0
"HR","R10","V4","V21","impfun","ipudrst",0,0,0,0,0,TRUE,1
"HR","R10","V4","V5","impfun","imprich",0,0.00158462772733992,0.00854870906084271,0,0.0356300993229533,TRUE,0.962
"HR","R10","V4","V6","impfun","impsafe",0,-9.40008104137726e-05,0.00210192202025266,0,0,TRUE,0.998
"HR","R10","V4","V7","impfun","imptrad",0,0.00455662599532384,0.0146427884792802,0,0.0566224963926487,TRUE,0.902
"HR","R10","V4","V8","impfun","ipadvnt",0.206596429784931,0.215968571317093,0.0272179353659486,0.165697924197058,0.272761010629987,FALSE,0
"HR","R10","V4","V9","impfun","ipbhprp",0,0.00178276387966861,0.00960330416342446,0,0.037925767629219,TRUE,0.962
"HR","R10","V5","V10","imprich","ipcrtiv",0,0.000365090830010528,0.00377506631950031,0,0,TRUE,0.99
"HR","R10","V5","V11","imprich","ipeqopt",-0.0542383588342795,-0.0554214635666022,0.0350722470602413,-0.116650009867712,0,TRUE,0.21
"HR","R10","V5","V12","imprich","ipfrule",0,0.00520308898976728,0.0161443900488181,0,0.0607103957220329,TRUE,0.892
"HR","R10","V5","V13","imprich","ipgdtim",0,0.0188978406145422,0.0252284888989529,0,0.07663127877637,TRUE,0.598
"HR","R10","V5","V14","imprich","iphlppl",-0.0809749501391225,-0.0700892668782868,0.0389596882951432,-0.1326208286881,0,TRUE,0.174
"HR","R10","V5","V15","imprich","iplylfr",0,-0.00139001065193162,0.00816924802881614,-0.0335191534557058,0,TRUE,0.97
"HR","R10","V5","V16","imprich","ipmodst",-0.0508156493216171,-0.0511024600051207,0.0314506103286194,-0.113843633012927,0,TRUE,0.166
"HR","R10","V5","V17","imprich","iprspot",0,0.0287074917905249,0.0285874343552398,0,0.0854981415211243,TRUE,0.444
"HR","R10","V5","V18","imprich","ipshabt",0.163127614775199,0.174600882253118,0.0254202535669303,0.124345743969962,0.221138771294465,FALSE,0
"HR","R10","V5","V19","imprich","ipstrgv",0,0,0,0,0,TRUE,1
"HR","R10","V5","V20","imprich","ipsuces",0.0533180518555128,0.0628551172238031,0.0288909157535793,0,0.111407590930131,TRUE,0.098
"HR","R10","V5","V21","imprich","ipudrst",0,-0.00235184223868251,0.0113340635816142,-0.0448688829893279,0,TRUE,0.954
"HR","R10","V5","V6","imprich","impsafe",0,0.00160490361788086,0.00901556063991621,0,0.0390755218419608,TRUE,0.966
"HR","R10","V5","V7","imprich","imptrad",0,-0.0183685348856753,0.0257261715475863,-0.0788576599655425,0,TRUE,0.61
"HR","R10","V5","V8","imprich","ipadvnt",0.149151657056552,0.147093237949419,0.0278719716064294,0.08805589687244,0.198951799147038,FALSE,0
"HR","R10","V5","V9","imprich","ipbhprp",0,-0.00149387228716323,0.00796178731879916,-0.0304263924864904,0,TRUE,0.962
"HR","R10","V6","V10","impsafe","ipcrtiv",0,-0.000484179292875719,0.00499489246264809,0,0,TRUE,0.99
"HR","R10","V6","V11","impsafe","ipeqopt",0.1331152889568,0.133724839200129,0.031957522806631,0.0708009243111777,0.198222560132479,FALSE,0
"HR","R10","V6","V12","impsafe","ipfrule",0,0.000861206407399546,0.00535667733896061,0,0.0198692227696201,TRUE,0.972
"HR","R10","V6","V13","impsafe","ipgdtim",0,0.0020410077178083,0.00914707389105646,0,0.0385165535070695,TRUE,0.948
"HR","R10","V6","V14","impsafe","iphlppl",0,0.0139565680204944,0.0224463301647375,0,0.0702031321929024,TRUE,0.674
"HR","R10","V6","V15","impsafe","iplylfr",0.0621328986917536,0.0564932351419987,0.0367394427017843,0,0.128404585468509,TRUE,0.188
"HR","R10","V6","V16","impsafe","ipmodst",0,0.00218140180813524,0.00876340669937943,0,0.0373223642970321,TRUE,0.934
"HR","R10","V6","V17","impsafe","iprspot",0,0.0129152327488208,0.0213374495211047,0,0.0657028382314322,TRUE,0.696
"HR","R10","V6","V18","impsafe","ipshabt",0.0608634414102529,0.0670913460600261,0.0272779720816173,0,0.120332154775823,TRUE,0.056
"HR","R10","V6","V19","impsafe","ipstrgv",0.197053169322105,0.193522593808977,0.0335646575978108,0.129699822591548,0.262857944990764,FALSE,0
"HR","R10","V6","V20","impsafe","ipsuces",0,3.47983427373688e-05,0.00346818965704445,0,0,TRUE,0.992
"HR","R10","V6","V21","impsafe","ipudrst",0,0.000299670480171916,0.00315296650007008,0,0,TRUE,0.99
"HR","R10","V6","V7","impsafe","imptrad",0.0632243203218601,0.0597945518839265,0.0293701579175693,0,0.117515161752734,TRUE,0.08
"HR","R10","V6","V8","impsafe","ipadvnt",0,-0.0179819073762086,0.0283611223717394,-0.0857690089589874,0,TRUE,0.676
"HR","R10","V6","V9","impsafe","ipbhprp",0.114045253997987,0.113507375046188,0.030902258962599,0.0525844938125736,0.169487828809665,FALSE,0
"HR","R10","V7","V10","imptrad","ipcrtiv",0,7.22441660697098e-05,0.00161542866309655,0,0,TRUE,0.998
"HR","R10","V7","V11","imptrad","ipeqopt",0,0,0,0,0,TRUE,1
"HR","R10","V7","V12","imptrad","ipfrule",0.0761468083224553,0.0682369637637902,0.0286836240626762,0,0.12275633202176,TRUE,0.044
"HR","R10","V7","V13","imptrad","ipgdtim",0,-0.0040388727419061,0.0142566058564289,-0.0569121408086644,0,TRUE,0.92
"HR","R10","V7","V14","imptrad","iphlppl",0.0568036357282567,0.0467903620386081,0.0318537440621638,0,0.104586655484361,TRUE,0.214
"HR","R10","V7","V15","imptrad","iplylfr",0,0.0156862362679184,0.0223153105896809,0,0.0726036795772375,TRUE,0.618
"HR","R10","V7","V16","imptrad","ipmodst",0.0734157017568164,0.0688664588610723,0.0306927282237405,0,0.126109924289649,TRUE,0.048
"HR","R10","V7","V17","imptrad","iprspot",0.0754312139569898,0.0806311759348516,0.0318537717229705,0,0.141431173885819,TRUE,0.036
"HR","R10","V7","V18","imptrad","ipshabt",0,0.00117730443288936,0.00738696457789207,0,0.0257114383572662,TRUE,0.972
"HR","R10","V7","V19","imptrad","ipstrgv",0.064767870911442,0.0650151073600364,0.034836027982295,0,0.129333456818943,TRUE,0.09
"HR","R10","V7","V20","imptrad","ipsuces",0,0.0013385334277918,0.00851950770508406,0,0.0268805886385092,TRUE,0.972
"HR","R10","V7","V21","imptrad","ipudrst",0,-0.000286127411686384,0.00369646835061747,0,0,TRUE,0.994
"HR","R10","V7","V8","imptrad","ipadvnt",-0.0530907028636411,-0.0453112099641462,0.0328230607571803,-0.111950064197779,0,TRUE,0.242
"HR","R10","V7","V9","imptrad","ipbhprp",0.11493263257445,0.116739602069901,0.0333959602388203,0.0503403832261789,0.180656592614014,FALSE,0.008
"HR","R10","V8","V10","ipadvnt","ipcrtiv",0,0.00222477908904496,0.00991523898869712,0,0.0348662711825113,TRUE,0.942
"HR","R10","V8","V11","ipadvnt","ipeqopt",0,0,0,0,0,TRUE,1
"HR","R10","V8","V12","ipadvnt","ipfrule",0,-0.00610988338590625,0.0182440817213477,-0.0669795792161399,0,TRUE,0.888
"HR","R10","V8","V13","ipadvnt","ipgdtim",0,0.00807573629921429,0.0173946986182248,0,0.061625876031659,TRUE,0.8
"HR","R10","V8","V14","ipadvnt","iphlppl",0,0,0,0,0,TRUE,1
"HR","R10","V8","V15","ipadvnt","iplylfr",0,-0.000971257172909786,0.00721909623789934,0,0,TRUE,0.98
"HR","R10","V8","V16","ipadvnt","ipmodst",-0.0414236052384877,-0.0312970488476562,0.0272550064254998,-0.0812498258223004,0,TRUE,0.35
"HR","R10","V8","V17","ipadvnt","iprspot",0,0.0360177752966514,0.04100225318183,0,0.111784242053738,TRUE,0.512
"HR","R10","V8","V18","ipadvnt","ipshabt",0,0.00756686969217689,0.0171798859816563,0,0.0570096685928948,TRUE,0.818
"HR","R10","V8","V19","ipadvnt","ipstrgv",0,-0.0107438197799893,0.022627739112796,-0.071576813377069,0,TRUE,0.798
"HR","R10","V8","V20","ipadvnt","ipsuces",0.0378089145070135,0.0387479097966735,0.030508814141958,0,0.0992344776803658,TRUE,0.292
"HR","R10","V8","V21","ipadvnt","ipudrst",0,0,0,0,0,TRUE,1
"HR","R10","V8","V9","ipadvnt","ipbhprp",0,-0.0282777880465679,0.0295697421676865,-0.0904173861361059,0,TRUE,0.468
"HR","R10","V9","V10","ipbhprp","ipcrtiv",0,-0.000154005763757327,0.00243348114519286,0,0,TRUE,0.996
"HR","R10","V9","V11","ipbhprp","ipeqopt",0,0.00940426842575244,0.0183852382209993,0,0.0623810536344157,TRUE,0.762
"HR","R10","V9","V12","ipbhprp","ipfrule",0,0.0232432388459603,0.027921497842694,0,0.0825347472400047,TRUE,0.552
"HR","R10","V9","V13","ipbhprp","ipgdtim",0,0.000121090442529932,0.0027076646092246,0,0,TRUE,0.998
"HR","R10","V9","V14","ipbhprp","iphlppl",0.0518264905434456,0.049191542875241,0.0308623457979394,0,0.105985518617552,TRUE,0.168
"HR","R10","V9","V15","ipbhprp","iplylfr",0.140656004053763,0.138954427863614,0.0364087305340576,0.0683640099852937,0.206372503728235,FALSE,0
"HR","R10","V9","V16","ipbhprp","ipmodst",0.155104167468238,0.152343568143458,0.0334925814779632,0.0903373779268027,0.215290041936098,FALSE,0
"HR","R10","V9","V17","ipbhprp","iprspot",0.104223840631561,0.120555501234945,0.0289188949145401,0.0682098504197426,0.175228884714473,FALSE,0.002
"HR","R10","V9","V18","ipbhprp","ipshabt",0,0,0,0,0,TRUE,1
"HR","R10","V9","V19","ipbhprp","ipstrgv",0.09861676009896,0.0917052034328461,0.0324094463997477,0.0314396446185615,0.157246228231069,FALSE,0.008
"HR","R10","V9","V20","ipbhprp","ipsuces",0,0.000621792898438907,0.00530167061513937,0,0,TRUE,0.984
"HR","R10","V9","V21","ipbhprp","ipudrst",0,0.00611052492206093,0.0153882689840198,0,0.0549895262636585,TRUE,0.846
"HR","R9","V1","V10","impdiff","ipcrtiv",0.183112708436424,0.178515282859617,0.0273132369802003,0.12543948938406,0.232601899772454,FALSE,0
"HR","R9","V1","V11","impdiff","ipeqopt",0,9.72517972612314e-05,0.00217461629610141,0,0,TRUE,0.998
"HR","R9","V1","V12","impdiff","ipfrule",0,0.00633044125278642,0.0177381582577387,0,0.0621828608165617,TRUE,0.878
"HR","R9","V1","V13","impdiff","ipgdtim",0.0744965437308895,0.066674156284897,0.0294552207783242,0,0.124184981512721,TRUE,0.07
"HR","R9","V1","V14","impdiff","iphlppl",0,0.00336942501483127,0.0120033695004651,0,0.0444779623631123,TRUE,0.918
"HR","R9","V1","V15","impdiff","iplylfr",0,0,0,0,0,TRUE,1
"HR","R9","V1","V16","impdiff","ipmodst",0,-0.000116068509237494,0.00259537076702099,0,0,TRUE,0.998
"HR","R9","V1","V17","impdiff","iprspot",0,-0.00353887965911456,0.0153494921160269,-0.0647292939888841,0,TRUE,0.946
"HR","R9","V1","V18","impdiff","ipshabt",0.103925115533597,0.0970988251009898,0.0295308765507954,0.0411181859097867,0.156484691394261,FALSE,0.012
"HR","R9","V1","V19","impdiff","ipstrgv",0,4.46017256076431e-05,0.00099732490372483,0,0,TRUE,0.998
"HR","R9","V1","V2","impdiff","impenv",0,0.0119507522587274,0.0190279120025408,0,0.0606117504224161,TRUE,0.686
"HR","R9","V1","V20","impdiff","ipsuces",0.100265714779576,0.101152182745516,0.0292106637751216,0.0449795877834364,0.160713720185725,FALSE,0
"HR","R9","V1","V21","impdiff","ipudrst",0,0.00345148133010918,0.0110968139889436,0,0.0396648746734349,TRUE,0.9
"HR","R9","V1","V3","impdiff","impfree",0,0.000152230124229458,0.00200430031875709,0,0,TRUE,0.994
"HR","R9","V1","V4","impdiff","impfun",0.207942557525229,0.202963156823942,0.0259276689474797,0.152452159458104,0.254756943068474,FALSE,0
"HR","R9","V1","V5","impdiff","imprich",0,0.00658707948363044,0.0164105702024119,0,0.0552676990039295,TRUE,0.846
"HR","R9","V1","V6","impdiff","impsafe",0,6.47635552463745e-05,0.00144815711995457,0,0,TRUE,0.998
"HR","R9","V1","V7","impdiff","imptrad",0,0,0,0,0,TRUE,1
"HR","R9","V1","V8","impdiff","ipadvnt",0.239020684714651,0.235322418251169,0.0232988550166532,0.190400492556075,0.281900632101103,FALSE,0
"HR","R9","V1","V9","impdiff","ipbhprp",0,0.00305168598219709,0.0115226496081391,0,0.0456150348906978,TRUE,0.928
"HR","R9","V10","V11","ipcrtiv","ipeqopt",0,0.0245910015711325,0.0280788270208995,0,0.0879844711468426,TRUE,0.492
"HR","R9","V10","V12","ipcrtiv","ipfrule",0,0.00379479995946407,0.0133578414058633,0,0.0570185761182274,TRUE,0.912
"HR","R9","V10","V13","ipcrtiv","ipgdtim",0,0.00494159092327864,0.0130814385889969,0,0.0500008755249448,TRUE,0.86
"HR","R9","V10","V14","ipcrtiv","iphlppl",0.0355140776426754,0.0367523114712762,0.0307908155418371,0,0.0902853252453324,TRUE,0.344
"HR","R9","V10","V15","ipcrtiv","iplylfr",0,0,0,0,0,TRUE,1
"HR","R9","V10","V16","ipcrtiv","ipmodst",0,-0.00105709634063249,0.0063529842125412,-0.0242861190793499,0,TRUE,0.97
"HR","R9","V10","V17","ipcrtiv","iprspot",0,-0.0315714660079767,0.0356233039925598,-0.103343133814858,0,TRUE,0.51
"HR","R9","V10","V18","ipcrtiv","ipshabt",0,0.00541698111123336,0.0143656978225834,0,0.0539774538133067,TRUE,0.86
"HR","R9","V10","V19","ipcrtiv","ipstrgv",0,-0.000308407947411704,0.0050111370168338,0,0,TRUE,0.986
"HR","R9","V10","V20","ipcrtiv","ipsuces",0.0615410689060546,0.065248237644683,0.0284842599132306,0,0.118351882802741,TRUE,0.052
"HR","R9","V10","V21","ipcrtiv","ipudrst",0.0620609293951706,0.0672537730373396,0.0258162366452861,0,0.113908828021402,TRUE,0.034
"HR","R9","V11","V12","ipeqopt","ipfrule",0,0.00102076411279017,0.00601797641532483,0,0.027323335209357,TRUE,0.97
"HR","R9","V11","V13","ipeqopt","ipgdtim",0,-0.000604371295094061,0.00615008364945673,0,0,TRUE,0.99
"HR","R9","V11","V14","ipeqopt","iphlppl",0.0633934476362104,0.0635921766832467,0.0329086742230984,0,0.127720453994121,TRUE,0.1
"HR","R9","V11","V15","ipeqopt","iplylfr",0.122220451146989,0.125301969981355,0.031644528210672,0.0666152806568563,0.188075248087816,FALSE,0.004
"HR","R9","V11","V16","ipeqopt","ipmodst",0,0.00497236658108505,0.0134416304089575,0,0.0492996420676924,TRUE,0.86
"HR","R9","V11","V17","ipeqopt","iprspot",0,-0.00192130283618389,0.0106724296916555,-0.0461100999102382,0,TRUE,0.966
"HR","R9","V11","V18","ipeqopt","ipshabt",0,0.0188357844339629,0.0274769568317145,0,0.0817658506086144,TRUE,0.638
"HR","R9","V11","V19","ipeqopt","ipstrgv",0.0785878284684685,0.078745319222139,0.0341823421119845,0,0.146267990983774,TRUE,0.038
"HR","R9","V11","V20","ipeqopt","ipsuces",0,-7.38367127083156e-06,0.00289575339688276,0,0,TRUE,0.996
"HR","R9","V11","V21","ipeqopt","ipudrst",0.118705837796341,0.121900536615377,0.0302997330688649,0.0610860765527342,0.182981054428687,FALSE,0
"HR","R9","V12","V13","ipfrule","ipgdtim",0,-0.0374979324154783,0.0428660320860484,-0.124517426269365,0,TRUE,0.518
"HR","R9","V12","V14","ipfrule","iphlppl",0,-0.0018741513379584,0.00987291384678537,-0.0430376674867218,0,TRUE,0.962
"HR","R9","V12","V15","ipfrule","iplylfr",0,0,0,0,0,TRUE,1
"HR","R9","V12","V16","ipfrule","ipmodst",0.153248973739984,0.154562675299947,0.0264796186242099,0.103212499697555,0.208514992072399,FALSE,0
"HR","R9","V12","V17","ipfrule","iprspot",0,0.00394516138360386,0.0127710866401872,0,0.047980265744786,TRUE,0.904
"HR","R9","V12","V18","ipfrule","ipshabt",0,0.00181958650791177,0.00889145185561412,0,0.0374025029527162,TRUE,0.956
"HR","R9","V12","V19","ipfrule","ipstrgv",0.0718545551010498,0.0680450452044753,0.0294014639247086,0,0.123751832140633,TRUE,0.052
"HR","R9","V12","V20","ipfrule","ipsuces",0,0.00719956771913895,0.0153018928089453,0,0.0533875598344154,TRUE,0.79
"HR","R9","V12","V21","ipfrule","ipudrst",0,0.000468642646780719,0.00415794493871698,0,0,TRUE,0.984
"HR","R9","V13","V14","ipgdtim","iphlppl",0,0.000614710609591927,0.00529646452860063,0,0,TRUE,0.986
"HR","R9","V13","V15","ipgdtim","iplylfr",0,0,0,0,0,TRUE,1
"HR","R9","V13","V16","ipgdtim","ipmodst",0,0.00166069119204564,0.00882504560142192,0,0.0344212051561476,TRUE,0.962
"HR","R9","V13","V17","ipgdtim","iprspot",0.0398300355660023,0.0344923964385352,0.0323440114181054,0,0.0984444779779094,TRUE,0.406
"HR","R9","V13","V18","ipgdtim","ipshabt",0.0875711529175229,0.0879980379953419,0.0287053143400211,0.0351199935695501,0.146326255830646,FALSE,0.012
"HR","R9","V13","V19","ipgdtim","ipstrgv",0.0756479071339928,0.0624229678147655,0.0263132310587297,0,0.112234929166085,TRUE,0.046
"HR","R9","V13","V20","ipgdtim","ipsuces",0.11090575713876,0.110199904098105,0.0296885063886726,0.0524986124864983,0.170375274773061,FALSE,0.002
"HR","R9","V13","V21","ipgdtim","ipudrst",0.03576000462948,0.0305211949344476,0.0260357582459954,0,0.0831450594917008,TRUE,0.334
"HR","R9","V14","V15","iphlppl","iplylfr",0.269236727883581,0.265941129570803,0.033249022655261,0.204695939873604,0.333369613100979,FALSE,0
"HR","R9","V14","V16","iphlppl","ipmodst",0.0749466294013559,0.0699467613337003,0.0262274926417752,0,0.116566104136402,TRUE,0.036
"HR","R9","V14","V17","iphlppl","iprspot",0,0.00313204531933834,0.0128435760690337,0,0.0482525028754483,TRUE,0.936
"HR","R9","V14","V18","iphlppl","ipshabt",0,-0.00133304587416372,0.00871673708215544,-0.0308737234795197,0,TRUE,0.974
"HR","R9","V14","V19","iphlppl","ipstrgv",0.0509981631981213,0.0432131266702066,0.0322590611539212,0,0.105074649635057,TRUE,0.268
"HR","R9","V14","V20","iphlppl","ipsuces",0.101391134562748,0.0954218320933601,0.0242151305594546,0.0463574395574999,0.138861292282922,FALSE,0.008
"HR","R9","V14","V21","iphlppl","ipudrst",0.139661865017867,0.137936032686459,0.0328433416988116,0.0732196805628287,0.203377309527867,FALSE,0
"HR","R9","V15","V16","iplylfr","ipmodst",0,0,0,0,0,TRUE,1
"HR","R9","V15","V17","iplylfr","iprspot",0,0.0242845828743711,0.0314607300636271,0,0.0916364666747012,TRUE,0.588
"HR","R9","V15","V18","iplylfr","ipshabt",0,-0.00198255686652737,0.0113430903759018,-0.0424022522530488,0,TRUE,0.966
"HR","R9","V15","V19","iplylfr","ipstrgv",0,0.00900234273528674,0.01959320854048,0,0.0684775383132743,TRUE,0.806
"HR","R9","V15","V20","iplylfr","ipsuces",0,0.00278202858801091,0.0111426808728977,0,0.0448257323742113,TRUE,0.932
"HR","R9","V15","V21","iplylfr","ipudrst",0.0421436799832611,0.0398371811196207,0.033464099947238,0,0.102111155965484,TRUE,0.354
"HR","R9","V16","V17","ipmodst","iprspot",0,-0.00151560536469919,0.00888767034068373,-0.0374328288718196,0,TRUE,0.97
"HR","R9","V16","V18","ipmodst","ipshabt",0,-0.000854003041565475,0.00563024007888753,-0.00986617127706479,0,TRUE,0.976
"HR","R9","V16","V19","ipmodst","ipstrgv",0,0.00664583986310343,0.0154828851186971,0,0.0533534713067944,TRUE,0.816
"HR","R9","V16","V20","ipmodst","ipsuces",0,0.000256175483978632,0.0033269993025432,0,0,TRUE,0.994
"HR","R9","V16","V21","ipmodst","ipudrst",0.147762485577742,0.145024644594664,0.0254775514897734,0.0958480110715014,0.198614942911134,FALSE,0
"HR","R9","V17","V18","iprspot","ipshabt",0.224479839942852,0.230283261280007,0.0252262836058133,0.181307948792321,0.2800322120655,FALSE,0
"HR","R9","V17","V19","iprspot","ipstrgv",0,0.00189093672750851,0.00785967861722351,0,0.0318462626542052,TRUE,0.938
"HR","R9","V17","V20","iprspot","ipsuces",0.0896311668809255,0.0931139775631947,0.028763488105053,0.0374004598660268,0.146127264711413,FALSE,0.008
"HR","R9","V17","V21","iprspot","ipudrst",0,-0.0120919844952156,0.0251931567655942,-0.0821845057619032,0,TRUE,0.796
"HR","R9","V18","V19","ipshabt","ipstrgv",0,-0.000285735811349121,0.00378719471360584,0,0,TRUE,0.994
"HR","R9","V18","V20","ipshabt","ipsuces",0.197525661962158,0.197877546083485,0.0274812874975499,0.148704279891336,0.251777312227777,FALSE,0
"HR","R9","V18","V21","ipshabt","ipudrst",0,-3.86078490624494e-05,0.000863297749686885,0,0,TRUE,0.998
"HR","R9","V19","V20","ipstrgv","ipsuces",0.064107186447034,0.0571611071225942,0.0290619049066175,0,0.110900186752028,TRUE,0.098
"HR","R9","V19","V21","ipstrgv","ipudrst",0.108018197251693,0.101329799255274,0.0325299199762845,0.0386212047297943,0.164855510269405,FALSE,0.002
"HR","R9","V2","V10","impenv","ipcrtiv",0,0.0105548458660722,0.0203618788604552,0,0.0645437509231512,TRUE,0.756
"HR","R9","V2","V11","impenv","ipeqopt",0.0611993184433513,0.0655750160725459,0.0316540602747295,0,0.129898589414998,TRUE,0.068
"HR","R9","V2","V12","impenv","ipfrule",0,0.000520385701043,0.00426046836292008,0,0,TRUE,0.984
"HR","R9","V2","V13","impenv","ipgdtim",0,0.000425921248432084,0.00400520997299653,0,0,TRUE,0.988
"HR","R9","V2","V14","impenv","iphlppl",0.0487072828878504,0.0470803154113835,0.0306297473569536,0,0.107109849081393,TRUE,0.178
"HR","R9","V2","V15","impenv","iplylfr",0.262113962982329,0.262807298388631,0.0320313426809857,0.199848499547723,0.325193014218521,FALSE,0
"HR","R9","V2","V16","impenv","ipmodst",0,0.000686948686456508,0.00513759277737768,0,0,TRUE,0.978
"HR","R9","V2","V17","impenv","iprspot",0,0.00221471481779734,0.00988993241840105,0,0.0453884169588663,TRUE,0.95
"HR","R9","V2","V18","impenv","ipshabt",0,0,0,0,0,TRUE,1
"HR","R9","V2","V19","impenv","ipstrgv",0.119282892309242,0.116170210742628,0.0326265865526117,0.0565614492400105,0.180789552531285,FALSE,0
"HR","R9","V2","V20","impenv","ipsuces",0,-0.00126008320469785,0.00822674165605173,-0.0138265828249326,0,TRUE,0.976
"HR","R9","V2","V21","impenv","ipudrst",0.0379374005089572,0.0369877297232692,0.0310943852165473,0,0.100588553263625,TRUE,0.294
"HR","R9","V2","V3","impenv","impfree",0.029198045754834,0.0304597634042391,0.0281776209066097,0,0.0866745486257281,TRUE,0.378
"HR","R9","V2","V4","impenv","impfun",0,0.0106399449955914,0.0184512460869811,0,0.0613250905050749,TRUE,0.72
"HR","R9","V2","V5","impenv","imprich",0,-0.00204165643459519,0.00968989409540768,-0.0379960982849616,0,TRUE,0.954
"HR","R9","V2","V6","impenv","impsafe",0.0417243941364937,0.045082849587658,0.0312127917792096,0,0.108297125500133,TRUE,0.2
"HR","R9","V2","V7","impenv","imptrad",0.0946452278461354,0.0985115774784995,0.0284603988592314,0.0413497361443757,0.154550795799318,FALSE,0.006
"HR","R9","V2","V8","impenv","ipadvnt",0,-0.000341541035289751,0.00430137097369054,0,0,TRUE,0.992
"HR","R9","V2","V9","impenv","ipbhprp",0.0177246534338258,0.0253904259607219,0.0255563929320957,0,0.0791528040641146,TRUE,0.41
"HR","R9","V20","V21","ipsuces","ipudrst",0,-8.80627324706088e-05,0.00196914256088659,0,0,TRUE,0.998
"HR","R9","V3","V10","impfree","ipcrtiv",0.0878058130396577,0.0876482469118653,0.0293015924164525,0.0328854268343079,0.147380838376099,FALSE,0.008
"HR","R9","V3","V11","impfree","ipeqopt",0.0356138354615332,0.0403314775895992,0.0288400759213312,0,0.095323406726226,TRUE,0.24
"HR","R9","V3","V12","impfree","ipfrule",0,-0.000455799975208912,0.00468579043291851,0,0,TRUE,0.99
"HR","R9","V3","V13","impfree","ipgdtim",0.140703099966096,0.134111350825907,0.0255682521785992,0.0792582497447556,0.182677311920575,FALSE,0
"HR","R9","V3","V14","impfree","iphlppl",0.17548287194613,0.171581406018099,0.0303363290124362,0.115445109952606,0.230037037676731,FALSE,0
"HR","R9","V3","V15","impfree","iplylfr",0.0545552762458922,0.0519347081400526,0.0326729456424696,0,0.114639686885577,TRUE,0.204
"HR","R9","V3","V16","impfree","ipmodst",0,-5.41593860250068e-05,0.00121104068771567,0,0,TRUE,0.998
"HR","R9","V3","V17","impfree","iprspot",0,-7.3603103642438e-05,0.00226449747376719,0,0,TRUE,0.994
"HR","R9","V3","V18","impfree","ipshabt",0,0.000244152435620214,0.00288013370765721,0,0,TRUE,0.992
"HR","R9","V3","V19","impfree","ipstrgv",0.021864512635957,0.0207201306928947,0.0250072226770945,0,0.0758937095847508,TRUE,0.516
"HR","R9","V3","V20","impfree","ipsuces",0.100018129741504,0.100483596593131,0.0266040572090429,0.0399593999984788,0.15098751893836,FALSE,0.004
"HR","R9","V3","V21","impfree","ipudrst",0,0.00882752808631005,0.016150746855338,0,0.0518616096048308,TRUE,0.736
"HR","R9","V3","V4","impfree","impfun",0,0.000198230285092924,0.0022549895132527,0,0,TRUE,0.992
"HR","R9","V3","V5","impfree","imprich",0,-0.00028396116602163,0.00379462436158994,0,0,TRUE,0.994
"HR","R9","V3","V6","impfree","impsafe",0.0751898687133129,0.0700886323724847,0.0277665258397565,0,0.125964500574047,TRUE,0.028
"HR","R9","V3","V7","impfree","imptrad",0,-0.000341697764382776,0.00442010710161835,0,0,TRUE,0.994
"HR","R9","V3","V8","impfree","ipadvnt",0,0.000464458971934067,0.00399083221896787,0,0,TRUE,0.986
"HR","R9","V3","V9","impfree","ipbhprp",0,0.000189783572139453,0.0025649133394298,0,0,TRUE,0.994
"HR","R9","V4","V10","impfun","ipcrtiv",0.0263608498409014,0.0276466443759663,0.0260901238573972,0,0.0823108348720195,TRUE,0.384
"HR","R9","V4","V11","impfun","ipeqopt",0,0.00107330289235395,0.00720209437420194,0,0.0203424780921865,TRUE,0.974
"HR","R9","V4","V12","impfun","ipfrule",0.0326626875735214,0.0363607572052956,0.0299487076372131,0,0.093165075001699,TRUE,0.326
"HR","R9","V4","V13","impfun","ipgdtim",0.222515073995052,0.21761288880915,0.0240214169484488,0.168864527689828,0.266090169832513,FALSE,0
"HR","R9","V4","V14","impfun","iphlppl",0,-0.00116097771738977,0.00828240496071946,0,0,TRUE,0.978
"HR","R9","V4","V15","impfun","iplylfr",0,0.000335000821455484,0.00380349143509269,0,0,TRUE,0.992
"HR","R9","V4","V16","impfun","ipmodst",0,0.000130998158011381,0.00292920786240707,0,0,TRUE,0.998
"HR","R9","V4","V17","impfun","iprspot",0,-0.00809352723348768,0.0204819919262423,-0.0694625950652334,0,TRUE,0.854
"HR","R9","V4","V18","impfun","ipshabt",0,-0.000250516819212802,0.00334012406412523,0,0,TRUE,0.994
"HR","R9","V4","V19","impfun","ipstrgv",0,0.00213257242993147,0.00820672077317057,0,0.0332416657591758,TRUE,0.93
"HR","R9","V4","V20","impfun","ipsuces",0.0736115384444765,0.071218699432735,0.029804884446111,0,0.121764972054912,TRUE,0.066
"HR","R9","V4","V21","impfun","ipudrst",0,0.0146930221418067,0.021428959156506,0,0.066139447482735,TRUE,0.642
"HR","R9","V4","V5","impfun","imprich",0,0,0,0,0,TRUE,1
"HR","R9","V4","V6","impfun","impsafe",0,0,0,0,0,TRUE,1
"HR","R9","V4","V7","impfun","imptrad",0.078854059420426,0.0930187198704833,0.0323516956858836,0,0.147871637578756,TRUE,0.04
"HR","R9","V4","V8","impfun","ipadvnt",0.156403875218898,0.162382595900863,0.0245688575195577,0.117452746332217,0.214996847630411,FALSE,0
"HR","R9","V4","V9","impfun","ipbhprp",0,0.000222852268077079,0.00302883471644784,0,0,TRUE,0.994
"HR","R9","V5","V10","imprich","ipcrtiv",0,0.0203493047160994,0.0254844106003675,0,0.0761118054903544,TRUE,0.572
"HR","R9","V5","V11","imprich","ipeqopt",0,-0.026207678779489,0.0310503868048296,-0.0919100613054434,0,TRUE,0.542
"HR","R9","V5","V12","imprich","ipfrule",0,0.021662888052596,0.0274783888534864,0,0.0821969048510389,TRUE,0.572
"HR","R9","V5","V13","imprich","ipgdtim",0.0591901517060889,0.0569615121339837,0.0285430815000989,0,0.106729093056381,TRUE,0.114
"HR","R9","V5","V14","imprich","iphlppl",-0.0404568268226147,-0.0351856762793423,0.0327024777330445,-0.0938685713835669,0,TRUE,0.414
"HR","R9","V5","V15","imprich","iplylfr",0,-0.0143706612372632,0.0266087367800811,-0.0827849251173889,0,TRUE,0.754
"HR","R9","V5","V16","imprich","ipmodst",-0.0954342233097321,-0.0943473067529178,0.0265189117580152,-0.15307834385386,-0.0446742880860357,FALSE,0.002
"HR","R9","V5","V17","imprich","iprspot",0.0521132689897775,0.0675509987017949,0.0332415292624866,0,0.126875374690243,TRUE,0.116
"HR","R9","V5","V18","imprich","ipshabt",0.112629886595167,0.110562427447017,0.0244068300274888,0.0576596744077321,0.155975514718078,FALSE,0
"HR","R9","V5","V19","imprich","ipstrgv",0,0.000114163007085316,0.00183273373658493,0,0,TRUE,0.996
"HR","R9","V5","V20","imprich","ipsuces",0.0528556863208689,0.0569784759783082,0.0229408100329578,0,0.0989250092737356,TRUE,0.054
"HR","R9","V5","V21","imprich","ipudrst",0,-0.000575600908936586,0.00494942817300057,0,0,TRUE,0.986
"HR","R9","V5","V6","imprich","impsafe",0,0.000597882826721491,0.00562344847210995,0,0,TRUE,0.988
"HR","R9","V5","V7","imprich","imptrad",0,-0.00982820440570579,0.0192224576583578,-0.0609776703858314,0,TRUE,0.768
"HR","R9","V5","V8","imprich","ipadvnt",0.236728736857769,0.23071739574058,0.0263589132072691,0.177019974376639,0.281370827833912,FALSE,0
"HR","R9","V5","V9","imprich","ipbhprp",0,-0.00898168783233019,0.019161898058069,-0.0627592299199589,0,TRUE,0.802
"HR","R9","V6","V10","impsafe","ipcrtiv",0,-0.000674192327210594,0.00549231501712653,0,0,TRUE,0.984
"HR","R9","V6","V11","impsafe","ipeqopt",0.129224035385521,0.133842639752434,0.0367968370258962,0.0582990437312774,0.206368520925031,FALSE,0
"HR","R9","V6","V12","impsafe","ipfrule",0.0510961401601105,0.0475149362104131,0.0289570352328071,0,0.103547975461041,TRUE,0.17
"HR","R9","V6","V13","impsafe","ipgdtim",0.0311284737020655,0.0240238571661569,0.0254365846636173,0,0.0782961480225618,TRUE,0.46
"HR","R9","V6","V14","impsafe","iphlppl",0.0651537465298258,0.0625239018830904,0.0338462734168104,0,0.126770466891779,TRUE,0.118
"HR","R9","V6","V15","impsafe","iplylfr",0.06774434658146,0.0654893526349701,0.0324798064032278,0,0.123047103596401,TRUE,0.108
"HR","R9","V6","V16","impsafe","ipmodst",0,-7.4317145428005e-05,0.00166178189070757,0,0,TRUE,0.998
"HR","R9","V6","V17","impsafe","iprspot",0.065395409977161,0.0617690431352412,0.0276737931995739,0,0.111919770765071,TRUE,0.074
"HR","R9","V6","V18","impsafe","ipshabt",0.110742921594041,0.110023739990654,0.0253988221043577,0.0595809963127652,0.160479933493818,FALSE,0
"HR","R9","V6","V19","impsafe","ipstrgv",0.118591619873883,0.119261518578611,0.029505313484438,0.0638719549360648,0.175421076137478,FALSE,0.002
"HR","R9","V6","V20","impsafe","ipsuces",0,9.70426951333063e-05,0.00157444860985768,0,0,TRUE,0.996
"HR","R9","V6","V21","impsafe","ipudrst",0,0.0179135589570126,0.0241048105235317,0,0.0729426328055484,TRUE,0.578
"HR","R9","V6","V7","impsafe","imptrad",0,0.00205625557240581,0.00827837436176766,0,0.0309599480746328,TRUE,0.932
"HR","R9","V6","V8","impsafe","ipadvnt",-0.0664153943224018,-0.0628074597813829,0.0318985700141311,-0.119534388824553,0,TRUE,0.136
"HR","R9","V6","V9","impsafe","ipbhprp",0.0985361748245447,0.0977330056688783,0.0289883567595853,0.0384159638114778,0.15481182226225,FALSE,0.002
"HR","R9","V7","V10","imptrad","ipcrtiv",0,-0.0139722401811268,0.024901877775852,-0.0803090048005843,0,TRUE,0.73
"HR","R9","V7","V11","imptrad","ipeqopt",0,0.0253873387297138,0.0268137932659612,0,0.0812783290089678,TRUE,0.452
"HR","R9","V7","V12","imptrad","ipfrule",0.0720226992616257,0.0809065788942563,0.0275155863857035,0.0258327556387409,0.132424021600709,FALSE,0.02
"HR","R9","V7","V13","imptrad","ipgdtim",0,0.000149418539695367,0.00283531287381187,0,0,TRUE,0.99
"HR","R9","V7","V14","imptrad","iphlppl",0,-2.49210810885242e-05,0.00178496601826772,0,0,TRUE,0.996
"HR","R9","V7","V15","imptrad","iplylfr",0,0.000518243197325538,0.00421886011055955,0,0,TRUE,0.984
"HR","R9","V7","V16","imptrad","ipmodst",0.0421989699440717,0.0389860148313726,0.0296481215207772,0,0.101032089357039,TRUE,0.248
"HR","R9","V7","V17","imptrad","iprspot",0.0516608883649938,0.0626897309012407,0.0298375396962862,0,0.117843822171238,TRUE,0.1
"HR","R9","V7","V18","imptrad","ipshabt",0,0.0028323251883401,0.0109836972199637,0,0.0439600260893063,TRUE,0.93
"HR","R9","V7","V19","imptrad","ipstrgv",0.122803165713537,0.120511825921528,0.0283114780193912,0.0632185314566659,0.17472252111344,FALSE,0
"HR","R9","V7","V20","imptrad","ipsuces",0,0.00177300059196689,0.00833402446369949,0,0.0366091873284142,TRUE,0.952
"HR","R9","V7","V21","imptrad","ipudrst",0,0.0133402886673769,0.0208193441375963,0,0.0661353816461627,TRUE,0.662
"HR","R9","V7","V8","imptrad","ipadvnt",0,-0.0263852210962601,0.0294243010722956,-0.0877004958641169,0,TRUE,0.498
"HR","R9","V7","V9","imptrad","ipbhprp",0.16280129207918,0.160985834475308,0.0296932132500689,0.103537379214728,0.217361135909649,FALSE,0
"HR","R9","V8","V10","ipadvnt","ipcrtiv",0.0310889221978097,0.0335616173208456,0.029264972384098,0,0.0861684736470573,TRUE,0.376
"HR","R9","V8","V11","ipadvnt","ipeqopt",0,0.000353584411027102,0.00472326225684274,0,0,TRUE,0.994
"HR","R9","V8","V12","ipadvnt","ipfrule",0,0.000255218138735938,0.00394753329006967,0,0,TRUE,0.992
"HR","R9","V8","V13","ipadvnt","ipgdtim",0,0.0127808218857847,0.0203675792811477,0,0.0633096393090301,TRUE,0.68
"HR","R9","V8","V14","ipadvnt","iphlppl",0,0,0,0,0,TRUE,1
"HR","R9","V8","V15","ipadvnt","iplylfr",0,-0.000222482021625632,0.00352495283054777,0,0,TRUE,0.996
"HR","R9","V8","V16","ipadvnt","ipmodst",0,-0.00142533004853117,0.0067819055247922,-0.0280144617871496,0,TRUE,0.954
"HR","R9","V8","V17","ipadvnt","iprspot",0,0.0132403786392263,0.0268491458304047,0,0.084229003538063,TRUE,0.782
"HR","R9","V8","V18","ipadvnt","ipshabt",0,0.0084236786410396,0.0163976522708714,0,0.0531016901913828,TRUE,0.768
"HR","R9","V8","V19","ipadvnt","ipstrgv",0,-0.0221159632376343,0.0267435722541492,-0.0779639262126194,0,TRUE,0.554
"HR","R9","V8","V20","ipadvnt","ipsuces",0.0399317339041279,0.0387920560206005,0.0267976297642489,0,0.0902963543861856,TRUE,0.24
"HR","R9","V8","V21","ipadvnt","ipudrst",0,6.3350513396646e-05,0.00141656054364411,0,0,TRUE,0.998
"HR","R9","V8","V9","ipadvnt","ipbhprp",0,-0.0298054415603299,0.0329220755686928,-0.0915312486010025,0,TRUE,0.508
"HR","R9","V9","V10","ipbhprp","ipcrtiv",0,0,0,0,0,TRUE,1
"HR","R9","V9","V11","ipbhprp","ipeqopt",0,0.00224095312384646,0.00875812206688768,0,0.0319426791906712,TRUE,0.926
"HR","R9","V9","V12","ipbhprp","ipfrule",0,0.000420453644626466,0.00392169504247643,0,0,TRUE,0.988
"HR","R9","V9","V13","ipbhprp","ipgdtim",0,0.00209802396659071,0.00892380796006783,0,0.0363742667968049,TRUE,0.942
"HR","R9","V9","V14","ipbhprp","iphlppl",0,0.00238724159287098,0.00940261091914129,0,0.0386964142257403,TRUE,0.932
"HR","R9","V9","V15","ipbhprp","iplylfr",0.148404864471914,0.146958098863308,0.0293013931305089,0.0869932682375864,0.204404931235763,FALSE,0
"HR","R9","V9","V16","ipbhprp","ipmodst",0.205180739670559,0.207807847625317,0.0278412815790081,0.152708691571647,0.258413072029364,FALSE,0
"HR","R9","V9","V17","ipbhprp","iprspot",0.175737233237375,0.186921089436172,0.0263609302886105,0.135990231769092,0.245411694374816,FALSE,0
"HR","R9","V9","V18","ipbhprp","ipshabt",0,0,0,0,0,TRUE,1
"HR","R9","V9","V19","ipbhprp","ipstrgv",0.0682821202133886,0.065466336587167,0.0289439663717397,0,0.122716528188019,TRUE,0.048
"HR","R9","V9","V20","ipbhprp","ipsuces",0,0.000408353496819156,0.0047080439280538,0,0,TRUE,0.99
"HR","R9","V9","V21","ipbhprp","ipudrst",0,0.0101273321550542,0.0176989536252761,0,0.0577401493223821,TRUE,0.712
"HU","R10","V1","V10","impdiff","ipcrtiv",0.246862170616894,0.248603924198533,0.0271328325869741,0.196834074638992,0.302848468335286,FALSE,0
"HU","R10","V1","V11","impdiff","ipeqopt",0,0.00314323661613588,0.0106143990619601,0,0.039486636967322,TRUE,0.912
"HU","R10","V1","V12","impdiff","ipfrule",0,0.00727834001818952,0.0171677631209764,0,0.0586830291242115,TRUE,0.828
"HU","R10","V1","V13","impdiff","ipgdtim",0.0717684386232029,0.0752867694532502,0.0296180113209608,0.0210636765301434,0.134187299648201,FALSE,0.016
"HU","R10","V1","V14","impdiff","iphlppl",0,0.00326992987436526,0.010156779599564,0,0.039461551640171,TRUE,0.896
"HU","R10","V1","V15","impdiff","iplylfr",0,0,0,0,0,TRUE,1
"HU","R10","V1","V16","impdiff","ipmodst",0,-9.41018150983514e-05,0.0021041805536603,0,0,TRUE,0.998
"HU","R10","V1","V17","impdiff","iprspot",0,-0.00060178344092018,0.00543300378199624,0,0,TRUE,0.986
"HU","R10","V1","V18","impdiff","ipshabt",0.0893279721639457,0.0919733778705526,0.0265599465746761,0.0418378422848052,0.143116525773217,FALSE,0.002
"HU","R10","V1","V19","impdiff","ipstrgv",0,0,0,0,0,TRUE,1
"HU","R10","V1","V2","impdiff","impenv",0,5.00827482252195e-05,0.00111988429531598,0,0,TRUE,0.998
"HU","R10","V1","V20","impdiff","ipsuces",0.117929583091828,0.118272132794994,0.0277760583195021,0.0594906798637038,0.174190609396923,FALSE,0
"HU","R10","V1","V21","impdiff","ipudrst",0,0.0108011079907813,0.0191271296334138,0,0.0610282056618353,TRUE,0.73
"HU","R10","V1","V3","impdiff","impfree",0,0.0154723782372319,0.0223775700048054,0,0.0689713648453432,TRUE,0.636
"HU","R10","V1","V4","impdiff","impfun",0.0681320254022409,0.067941487051748,0.0286798190135672,0,0.122448657318849,TRUE,0.026
"HU","R10","V1","V5","impdiff","imprich",0,0.00138714554916826,0.00726483030350038,0,0.0321483723723557,TRUE,0.962
"HU","R10","V1","V6","impdiff","impsafe",0,0.00109477984781255,0.00601739991623378,0,0.0257475509514938,TRUE,0.966
"HU","R10","V1","V7","impdiff","imptrad",0,0,0,0,0,TRUE,1
"HU","R10","V1","V8","impdiff","ipadvnt",0.12717145888848,0.137830435274323,0.0254337920619381,0.0838903187840196,0.185390699673659,FALSE,0
"HU","R10","V1","V9","impdiff","ipbhprp",0,0.000194636259579126,0.00257008073645195,0,0,TRUE,0.994
"HU","R10","V10","V11","ipcrtiv","ipeqopt",0,0.00654251352011023,0.0147820191570458,0,0.0482184750302854,TRUE,0.816
"HU","R10","V10","V12","ipcrtiv","ipfrule",0,-0.00420596516018921,0.0149903059506325,-0.0611115311317067,0,TRUE,0.918
"HU","R10","V10","V13","ipcrtiv","ipgdtim",0,0.0100662568797953,0.0183247976539653,0,0.0610226765026648,TRUE,0.722
"HU","R10","V10","V14","ipcrtiv","iphlppl",0.0571731351477669,0.0594314215751864,0.0303870606760271,0,0.119737413546726,TRUE,0.096
"HU","R10","V10","V15","ipcrtiv","iplylfr",0,3.82900835235154e-05,0.000856192296227251,0,0,TRUE,0.998
"HU","R10","V10","V16","ipcrtiv","ipmodst",0,-0.00312569229742883,0.0118611667015397,-0.0487782669004254,0,TRUE,0.93
"HU","R10","V10","V17","ipcrtiv","iprspot",0,-0.011041528010556,0.0249433979292569,-0.081487248416049,0,TRUE,0.82
"HU","R10","V10","V18","ipcrtiv","ipshabt",0.114276233178571,0.114382625826633,0.0268966867770634,0.0576913199454799,0.164948879784931,FALSE,0
"HU","R10","V10","V19","ipcrtiv","ipstrgv",0,0.000104611372181443,0.00172596935392419,0,0,TRUE,0.996
"HU","R10","V10","V20","ipcrtiv","ipsuces",0.0808976474080898,0.0822039224950536,0.0285218563718538,0.0290416303838269,0.136703766129882,FALSE,0.008
"HU","R10","V10","V21","ipcrtiv","ipudrst",0.0864040083256647,0.0788526796535629,0.0256125896453241,0.0285572568250797,0.123090092213587,FALSE,0.01
"HU","R10","V11","V12","ipeqopt","ipfrule",0,0.00306264273831895,0.0109490489761806,0,0.0454813736020865,TRUE,0.918
"HU","R10","V11","V13","ipeqopt","ipgdtim",0,0,0,0,0,TRUE,1
"HU","R10","V11","V14","ipeqopt","iphlppl",0.0721593852036267,0.0707707660450883,0.031483302071104,0,0.130101910252993,TRUE,0.048
"HU","R10","V11","V15","ipeqopt","iplylfr",0.0379958389050456,0.0340408065953825,0.0273615752798359,0,0.0883946490020337,TRUE,0.27
"HU","R10","V11","V16","ipeqopt","ipmodst",0,0.0118110882955102,0.0199018331791552,0,0.0643815465354589,TRUE,0.698
"HU","R10","V11","V17","ipeqopt","iprspot",0,-0.00473004987830038,0.015196927619551,-0.0586756748108669,0,TRUE,0.906
"HU","R10","V11","V18","ipeqopt","ipshabt",0.0889697626855843,0.0909794452364705,0.0267051530567124,0.0425811545654131,0.146129932505707,FALSE,0.008
"HU","R10","V11","V19","ipeqopt","ipstrgv",0.079171028453705,0.0762407692668377,0.0257373298191147,0.0274371172598248,0.122904765991435,FALSE,0.006
"HU","R10","V11","V20","ipeqopt","ipsuces",0,0,0,0,0,TRUE,1
"HU","R10","V11","V21","ipeqopt","ipudrst",0.154333539279439,0.151384038312882,0.0279780624920567,0.0943964766940709,0.205046872843942,FALSE,0
"HU","R10","V12","V13","ipfrule","ipgdtim",0,-0.00225175548647705,0.0103127178600821,-0.0418401820532906,0,TRUE,0.95
"HU","R10","V12","V14","ipfrule","iphlppl",0,0.00579917984202,0.0152032854624906,0,0.056927168235977,TRUE,0.852
"HU","R10","V12","V15","ipfrule","iplylfr",0,-0.000140483021371691,0.00230331786731641,0,0,TRUE,0.996
"HU","R10","V12","V16","ipfrule","ipmodst",0.086373537799148,0.0881702157130681,0.0259551649764842,0.0402499528938755,0.13862114590403,FALSE,0.012
"HU","R10","V12","V17","ipfrule","iprspot",0,-0.00140593549253016,0.00839803864360504,-0.0324918158550198,0,TRUE,0.97
"HU","R10","V12","V18","ipfrule","ipshabt",0,0.0128494181283663,0.0228167420065936,0,0.0715783059043626,TRUE,0.726
"HU","R10","V12","V19","ipfrule","ipstrgv",0,0.00462662020617658,0.0152560794133193,0,0.0577575888519699,TRUE,0.904
"HU","R10","V12","V20","ipfrule","ipsuces",0,0.000859029962198063,0.00585548982968691,0,0.00746313869995389,TRUE,0.976
"HU","R10","V12","V21","ipfrule","ipudrst",0.0851163862224206,0.0750486967503618,0.0269286154323696,0.020062801429188,0.125300779354651,FALSE,0.02
"HU","R10","V13","V14","ipgdtim","iphlppl",0,0.00768876989734657,0.01627368050061,0,0.0533622113091311,TRUE,0.79
"HU","R10","V13","V15","ipgdtim","iplylfr",0.0293245369305645,0.0221297724580315,0.0252082081258215,0,0.074547863401938,TRUE,0.52
"HU","R10","V13","V16","ipgdtim","ipmodst",0,-0.00288271235883678,0.0113429670395472,-0.046246204179387,0,TRUE,0.932
"HU","R10","V13","V17","ipgdtim","iprspot",0.0168601948749162,0.0221320797980435,0.0239573685687179,0,0.0733806164848453,TRUE,0.462
"HU","R10","V13","V18","ipgdtim","ipshabt",0,0.00502999296743056,0.0133357076352147,0,0.0488843388493145,TRUE,0.862
"HU","R10","V13","V19","ipgdtim","ipstrgv",0,0.00887439899740112,0.0175010160091844,0,0.0612511591030019,TRUE,0.772
"HU","R10","V13","V20","ipgdtim","ipsuces",0.0801420078303434,0.0722562426309853,0.0289254628671066,0,0.127184153453604,TRUE,0.034
"HU","R10","V13","V21","ipgdtim","ipudrst",0.0474460257280576,0.0392736604886027,0.0295621544001748,0,0.0930225334475661,TRUE,0.27
"HU","R10","V14","V15","iphlppl","iplylfr",0.0988676641382611,0.093645445767944,0.0272993607580337,0.0397233596963833,0.142370764969141,FALSE,0.004
"HU","R10","V14","V16","iphlppl","ipmodst",0.055676456671058,0.0576052024081895,0.0301780884032792,0,0.117907216473749,TRUE,0.104
"HU","R10","V14","V17","iphlppl","iprspot",0,0.00287704135937686,0.0112321789453445,0,0.0467381528306957,TRUE,0.93
"HU","R10","V14","V18","iphlppl","ipshabt",0,0.00705870632796443,0.0161224853683343,0,0.0548289714383161,TRUE,0.818
"HU","R10","V14","V19","iphlppl","ipstrgv",0,0.00583618281472795,0.013658559413228,0,0.0491750117583022,TRUE,0.82
"HU","R10","V14","V20","iphlppl","ipsuces",0.0439232069711462,0.0399687604214187,0.0286141799827757,0,0.0944769642520049,TRUE,0.242
"HU","R10","V14","V21","iphlppl","ipudrst",0.197088261522693,0.196446836997421,0.0266126671555551,0.148218617703383,0.253858262096553,FALSE,0
"HU","R10","V15","V16","iplylfr","ipmodst",0,0.00568845934321531,0.0139270875955336,0,0.0505540970018399,TRUE,0.838
"HU","R10","V15","V17","iplylfr","iprspot",0.0441177828825869,0.0341145920886725,0.0287046567050284,0,0.0889158962032346,TRUE,0.336
"HU","R10","V15","V18","iplylfr","ipshabt",0,0.00363621469241034,0.01197477596284,0,0.0453514152610241,TRUE,0.908
"HU","R10","V15","V19","iplylfr","ipstrgv",0.12508415433038,0.122050467464591,0.0280175601842464,0.066390296726484,0.179715582078498,FALSE,0
"HU","R10","V15","V20","iplylfr","ipsuces",0,0,0,0,0,TRUE,1
"HU","R10","V15","V21","iplylfr","ipudrst",0.0314742971267431,0.0226789003781958,0.0251225574126081,0,0.0781380152905158,TRUE,0.496
"HU","R10","V16","V17","ipmodst","iprspot",0,0,0,0,0,TRUE,1
"HU","R10","V16","V18","ipmodst","ipshabt",0,-0.000399543985478809,0.0041246914094813,0,0,TRUE,0.99
"HU","R10","V16","V19","ipmodst","ipstrgv",0,7.31660427376761e-05,0.00163604245206098,0,0,TRUE,0.998
"HU","R10","V16","V20","ipmodst","ipsuces",0,-6.79051029180117e-05,0.00151840426143793,0,0,TRUE,0.998
"HU","R10","V16","V21","ipmodst","ipudrst",0.102431083629424,0.096453381475889,0.0255850739912234,0.0405045290334074,0.1435636190096,FALSE,0.002
"HU","R10","V17","V18","iprspot","ipshabt",0.194938305602824,0.197958207728297,0.0273232345436991,0.142966257456967,0.249345185846928,FALSE,0
"HU","R10","V17","V19","iprspot","ipstrgv",0,0,0,0,0,TRUE,1
"HU","R10","V17","V20","iprspot","ipsuces",0.0962351531674158,0.0971211285961061,0.0293469466783578,0.0415101913225497,0.157047804045386,FALSE,0.008
"HU","R10","V17","V21","iprspot","ipudrst",0,-4.70583827899785e-05,0.00266273304144545,0,0,TRUE,0.996
"HU","R10","V18","V19","ipshabt","ipstrgv",0,0,0,0,0,TRUE,1
"HU","R10","V18","V20","ipshabt","ipsuces",0.253423674659671,0.246561994811049,0.0258888530353293,0.194997823512914,0.294936113059446,FALSE,0
"HU","R10","V18","V21","ipshabt","ipudrst",0,0.000421377616519389,0.00333708659368455,0,0,TRUE,0.984
"HU","R10","V19","V20","ipstrgv","ipsuces",0,0.00561550961519525,0.0151791859315507,0,0.0519130791825667,TRUE,0.866
"HU","R10","V19","V21","ipstrgv","ipudrst",0,0.0127245261708295,0.0190169180870963,0,0.0587010113098821,TRUE,0.648
"HU","R10","V2","V10","impenv","ipcrtiv",0.0266480687217697,0.0255728406927138,0.0254602377553724,0,0.0757087131906607,TRUE,0.434
"HU","R10","V2","V11","impenv","ipeqopt",0.0607972341324502,0.058527421204557,0.0284129374704989,0,0.117804964658519,TRUE,0.074
"HU","R10","V2","V12","impenv","ipfrule",0,-0.00740479469916495,0.0196984279653734,-0.0660509106142919,0,TRUE,0.862
"HU","R10","V2","V13","impenv","ipgdtim",0.035107619422485,0.0366100740039125,0.0286305927591509,0,0.0931579208221116,TRUE,0.304
"HU","R10","V2","V14","impenv","iphlppl",0.0787933234989488,0.073399100904024,0.0275741467265935,0.0180709882548486,0.122965464473764,FALSE,0.02
"HU","R10","V2","V15","impenv","iplylfr",0.247945945114627,0.245630872155825,0.0267565878276877,0.193114172303505,0.299904706150942,FALSE,0
"HU","R10","V2","V16","impenv","ipmodst",0.0427948256109129,0.043265478207714,0.0295715749859675,0,0.102011154111021,TRUE,0.208
"HU","R10","V2","V17","impenv","iprspot",0,-0.000651194523765434,0.00565564880257693,0,0,TRUE,0.986
"HU","R10","V2","V18","impenv","ipshabt",0,0.000127625192748226,0.00210416160657011,0,0,TRUE,0.996
"HU","R10","V2","V19","impenv","ipstrgv",0.0756516218014915,0.0727299868595111,0.0270700690081517,0.023509463702175,0.122241308655444,FALSE,0.01
"HU","R10","V2","V20","impenv","ipsuces",0,0.000195394307995019,0.00258904233260865,0,0,TRUE,0.994
"HU","R10","V2","V21","impenv","ipudrst",0.0240330308367072,0.0241142720689087,0.0248841565011814,0,0.0778594133672146,TRUE,0.44
"HU","R10","V2","V3","impenv","impfree",0.0220795242546553,0.0244957251324925,0.0261494442363639,0,0.0836550848804882,TRUE,0.44
"HU","R10","V2","V4","impenv","impfun",0.10316757263612,0.0995590685208335,0.0262102792407356,0.0436866963424117,0.151549916236861,FALSE,0.002
"HU","R10","V2","V5","impenv","imprich",0,-0.0091606211181533,0.0199672342188925,-0.0648740558342189,0,TRUE,0.806
"HU","R10","V2","V6","impenv","impsafe",0.0691671857576599,0.0665799359347254,0.0271651493587089,0,0.123010439019213,TRUE,0.034
"HU","R10","V2","V7","impenv","imptrad",0.0929568789400329,0.0885915753259961,0.0266868635769245,0.0364503663867186,0.137102618361318,FALSE,0.02
"HU","R10","V2","V8","impenv","ipadvnt",0,-0.0060920613908231,0.0157869166621241,-0.0541007966554431,0,TRUE,0.856
"HU","R10","V2","V9","impenv","ipbhprp",0.0559685188432947,0.0534816233921965,0.027974257922648,0,0.109013471546136,TRUE,0.102
"HU","R10","V20","V21","ipsuces","ipudrst",0,0.0101288614738816,0.0178054673836246,0,0.0594360262888231,TRUE,0.722
"HU","R10","V3","V10","impfree","ipcrtiv",0.0619508986385061,0.060083564175067,0.0283474857910581,0,0.116912693841245,TRUE,0.066
"HU","R10","V3","V11","impfree","ipeqopt",0.0479738363929962,0.0477520680455614,0.0299730586069456,0,0.102550688997858,TRUE,0.192
"HU","R10","V3","V12","impfree","ipfrule",0,-0.0138937474667,0.0261755750025722,-0.0785240428989628,0,TRUE,0.756
"HU","R10","V3","V13","impfree","ipgdtim",0.118663191601981,0.115951865774881,0.0264476130067442,0.0647998197288103,0.170072199156754,FALSE,0
"HU","R10","V3","V14","impfree","iphlppl",0.0464000824726567,0.0457424135946195,0.0288624185342768,0,0.103312444488561,TRUE,0.156
"HU","R10","V3","V15","impfree","iplylfr",0.0677183313407581,0.0645170979858073,0.027947428577347,0,0.11312957525824,TRUE,0.058
"HU","R10","V3","V16","impfree","ipmodst",0,-0.000204119466207452,0.00323291025300704,0,0,TRUE,0.996
"HU","R10","V3","V17","impfree","iprspot",0,0.0187138957800072,0.0237948170949705,0,0.0706426940713281,TRUE,0.566
"HU","R10","V3","V18","impfree","ipshabt",0,0.00612463638798952,0.0157789276065139,0,0.0536664694355423,TRUE,0.846
"HU","R10","V3","V19","impfree","ipstrgv",0.0145267969552307,0.0155360922898466,0.021504411577392,0,0.068421773082168,TRUE,0.598
"HU","R10","V3","V20","impfree","ipsuces",0,0.0182070625894476,0.0238407184520626,0,0.0715695868475691,TRUE,0.594
"HU","R10","V3","V21","impfree","ipudrst",0.047884130529728,0.0445559512336144,0.0257873126085235,0,0.0963317673900068,TRUE,0.138
"HU","R10","V3","V4","impfree","impfun",0.132509488810993,0.127436305711213,0.028293677233856,0.0729829960690526,0.182782315653311,FALSE,0
"HU","R10","V3","V5","impfree","imprich",0,0.00208100645573373,0.00906301210017407,0,0.0393926049105637,TRUE,0.946
"HU","R10","V3","V6","impfree","impsafe",0.0561801290320111,0.0498840906155486,0.0291439707463355,0,0.105769621449647,TRUE,0.138
"HU","R10","V3","V7","impfree","imptrad",0,0.0199660773618217,0.0253720025133562,0,0.0748547443145077,TRUE,0.56
"HU","R10","V3","V8","impfree","ipadvnt",0,0.00578200688202742,0.0156194072894073,0,0.0544791025543734,TRUE,0.866
"HU","R10","V3","V9","impfree","ipbhprp",0,-0.00048862438379829,0.00629702042028452,0,0,TRUE,0.994
"HU","R10","V4","V10","impfun","ipcrtiv",0.03781336389936,0.0362207035837866,0.0269573277719273,0,0.0874807243202503,TRUE,0.248
"HU","R10","V4","V11","impfun","ipeqopt",0,0.00314804333384164,0.0106812804812838,0,0.0403286957852129,TRUE,0.908
"HU","R10","V4","V12","impfun","ipfrule",0,0.000777617466104226,0.00534181208751212,0,0.00659631094230615,TRUE,0.976
"HU","R10","V4","V13","impfun","ipgdtim",0.232813438731391,0.23079003016206,0.0284562426596384,0.176750214611188,0.290141266436205,FALSE,0
"HU","R10","V4","V14","impfun","iphlppl",0,0.00229616607584373,0.00854989434266319,0,0.0321842465392627,TRUE,0.924
"HU","R10","V4","V15","impfun","iplylfr",0.0855328730390432,0.0763402767616813,0.0252041028702066,0.0256242560391509,0.126684053159586,FALSE,0.014
"HU","R10","V4","V16","impfun","ipmodst",0,0,0,0,0,TRUE,1
"HU","R10","V4","V17","impfun","iprspot",0,3.96173429548399e-05,0.000885870719349445,0,0,TRUE,0.998
"HU","R10","V4","V18","impfun","ipshabt",0,0.00439868391920944,0.0114458057822255,0,0.0401157494668044,TRUE,0.856
"HU","R10","V4","V19","impfun","ipstrgv",0.021573960490929,0.018230019851867,0.0234883996005328,0,0.0697864471103707,TRUE,0.572
"HU","R10","V4","V20","impfun","ipsuces",0.101798637245925,0.0992209912354563,0.0258860774140448,0.0449957780263798,0.153481891314787,FALSE,0
"HU","R10","V4","V21","impfun","ipudrst",0,0.00467526793080794,0.0135731292018862,0,0.050323364402577,TRUE,0.876
"HU","R10","V4","V5","impfun","imprich",0,0.000326090526736052,0.0034650466634968,0,0,TRUE,0.99
"HU","R10","V4","V6","impfun","impsafe",0,0.00213762058960175,0.00819661364446297,0,0.0319717977467899,TRUE,0.93
"HU","R10","V4","V7","impfun","imptrad",0.11420566597624,0.102439626825022,0.0301128863313627,0.0428222603796752,0.16084066939727,FALSE,0.008
"HU","R10","V4","V8","impfun","ipadvnt",0.0727154311145344,0.0574981112159473,0.0328566580062115,0,0.116159015855765,TRUE,0.172
"HU","R10","V4","V9","impfun","ipbhprp",0,0.00869970093824859,0.017636712492056,0,0.0576165838114076,TRUE,0.778
"HU","R10","V5","V10","imprich","ipcrtiv",0.0916409142133254,0.0871493716719575,0.029964944910799,0,0.142776650633687,TRUE,0.028
"HU","R10","V5","V11","imprich","ipeqopt",0,-0.00124552180135963,0.00716435479607138,-0.0296902119149042,0,TRUE,0.968
"HU","R10","V5","V12","imprich","ipfrule",0.0325317860133038,0.0268030385672422,0.0287497441405995,0,0.0857317056089585,TRUE,0.462
"HU","R10","V5","V13","imprich","ipgdtim",0.0475119493642187,0.0486382225208005,0.0316666931563028,0,0.107398913899855,TRUE,0.204
"HU","R10","V5","V14","imprich","iphlppl",0,-0.0284039450969764,0.038610039679152,-0.114731729374755,0,TRUE,0.608
"HU","R10","V5","V15","imprich","iplylfr",-0.0485687653605829,-0.0206237016426216,0.0305715843299694,-0.0891116598371966,0,TRUE,0.662
"HU","R10","V5","V16","imprich","ipmodst",0,0.000464315800255525,0.0047523775277194,0,0,TRUE,0.99
"HU","R10","V5","V17","imprich","iprspot",0.0817021622216428,0.0798400583603307,0.0300995742968753,0,0.129655568513545,TRUE,0.038
"HU","R10","V5","V18","imprich","ipshabt",0.0929500701272695,0.0949603422337294,0.0270161965508184,0.0424454115036592,0.144959191369223,FALSE,0.016
"HU","R10","V5","V19","imprich","ipstrgv",0,-0.00145391655605994,0.00801043702500213,-0.0327166449851211,0,TRUE,0.964
"HU","R10","V5","V20","imprich","ipsuces",0.111671064821765,0.10905055358785,0.0276757046143254,0.0547345180893179,0.163015096055805,FALSE,0.002
"HU","R10","V5","V21","imprich","ipudrst",-0.0309945490247051,-0.011258824326924,0.0230965617534046,-0.0739244971908788,0,TRUE,0.79
"HU","R10","V5","V6","imprich","impsafe",0,4.33847639295383e-06,0.0020424776884894,0,0,TRUE,0.996
"HU","R10","V5","V7","imprich","imptrad",0,0.00200913683747318,0.00962156641425623,0,0.0444321409215559,TRUE,0.956
"HU","R10","V5","V8","imprich","ipadvnt",0.178537449527501,0.181790932050118,0.0262041453610597,0.13003235083407,0.23680982006054,FALSE,0
"HU","R10","V5","V9","imprich","ipbhprp",0,-0.00844673454247897,0.0213863657983174,-0.0753750908415889,0,TRUE,0.844
"HU","R10","V6","V10","impsafe","ipcrtiv",0,0.000201491638291056,0.00262441651333831,0,0,TRUE,0.994
"HU","R10","V6","V11","impsafe","ipeqopt",0.185929725186295,0.182140107019535,0.0287101005082702,0.125031737722181,0.239198861317562,FALSE,0
"HU","R10","V6","V12","impsafe","ipfrule",0,-6.78671783631924e-05,0.00151755624261201,0,0,TRUE,0.998
"HU","R10","V6","V13","impsafe","ipgdtim",0,0.0097576292667548,0.0174934128507447,0,0.0513682829421352,TRUE,0.734
"HU","R10","V6","V14","impsafe","iphlppl",0,0.0110240172959769,0.0178061666741915,0,0.0572356918630394,TRUE,0.676
"HU","R10","V6","V15","impsafe","iplylfr",0.127314182620131,0.122137903078283,0.0285213228002687,0.0682210611946397,0.181439952439728,FALSE,0
"HU","R10","V6","V16","impsafe","ipmodst",0.0273625395999014,0.0227120141265286,0.02451787164635,0,0.074530350788081,TRUE,0.456
"HU","R10","V6","V17","impsafe","iprspot",0,-8.65992090441904e-05,0.00193641718220524,0,0,TRUE,0.998
"HU","R10","V6","V18","impsafe","ipshabt",0,0.0180253914325396,0.0241925529948601,0,0.0743380800236483,TRUE,0.602
"HU","R10","V6","V19","impsafe","ipstrgv",0.201030882225426,0.194897629744666,0.0270929483058682,0.135990615905789,0.245287116555071,FALSE,0
"HU","R10","V6","V20","impsafe","ipsuces",0,0,0,0,0,TRUE,1
"HU","R10","V6","V21","impsafe","ipudrst",0.0218222990922468,0.0155629653483458,0.0207348077760298,0,0.0658304690355144,TRUE,0.582
"HU","R10","V6","V7","impsafe","imptrad",0.0281222221359225,0.0215487655391011,0.0235522331003815,0,0.0707250040774976,TRUE,0.476
"HU","R10","V6","V8","impsafe","ipadvnt",-0.157292189067557,-0.140590688118562,0.0278938855638821,-0.193599363164179,-0.0893230815220125,FALSE,0.006
"HU","R10","V6","V9","impsafe","ipbhprp",0.0437250187767928,0.0383789732709591,0.0271498554098919,0,0.0923400497311105,TRUE,0.226
"HU","R10","V7","V10","imptrad","ipcrtiv",-0.0324367724454171,-0.0225079905636892,0.0306807991632605,-0.0920426069616287,0,TRUE,0.606
"HU","R10","V7","V11","imptrad","ipeqopt",0,-0.000684473984319739,0.00604199482029082,0,0,TRUE,0.986
"HU","R10","V7","V12","imptrad","ipfrule",0,0.0102131182466756,0.0196734322861421,0,0.0632859355454044,TRUE,0.754
"HU","R10","V7","V13","imptrad","ipgdtim",0,-1.29570346602191e-05,0.00142352985958469,0,0,TRUE,0.996
"HU","R10","V7","V14","imptrad","iphlppl",0,0.00223665038665888,0.00854348371695599,0,0.0353809077808607,TRUE,0.928
"HU","R10","V7","V15","imptrad","iplylfr",0,0.00071511900243078,0.00470226101225636,0,0.00929365947076386,TRUE,0.976
"HU","R10","V7","V16","imptrad","ipmodst",0.133606876314748,0.129550396685632,0.0271675079089565,0.0710844797101751,0.181852433508757,FALSE,0
"HU","R10","V7","V17","imptrad","iprspot",0.15743240916406,0.147370473870252,0.0265606157998928,0.0893984202358407,0.197462906387278,FALSE,0
"HU","R10","V7","V18","imptrad","ipshabt",0,0.00162995828629006,0.00821107183289472,0,0.0304200104978895,TRUE,0.956
"HU","R10","V7","V19","imptrad","ipstrgv",0,0.00135391591690797,0.00752929612299859,0,0.0308783199161602,TRUE,0.966
"HU","R10","V7","V20","imptrad","ipsuces",0,0.00115079024688336,0.00629591969807805,0,0.0300981242334345,TRUE,0.966
"HU","R10","V7","V21","imptrad","ipudrst",0,0.000883598300612693,0.00580266605406131,0,0.00981388410637741,TRUE,0.976
"HU","R10","V7","V8","imptrad","ipadvnt",-0.0808794183671689,-0.0537957105020496,0.0341177378094148,-0.110593280875066,0,TRUE,0.22
"HU","R10","V7","V9","imptrad","ipbhprp",0.0400131142915702,0.0345080378567994,0.0276734688508278,0,0.0901259934906166,TRUE,0.302
"HU","R10","V8","V10","ipadvnt","ipcrtiv",0.0355442634663009,0.0268730085812328,0.0266917226581107,0,0.0860521410873425,TRUE,0.426
"HU","R10","V8","V11","ipadvnt","ipeqopt",0,-0.00437403053208188,0.0136551015911306,-0.0519624886183785,0,TRUE,0.898
"HU","R10","V8","V12","ipadvnt","ipfrule",0.0874395860667217,0.0730182310387768,0.0347935034117558,0,0.13248213677866,TRUE,0.118
"HU","R10","V8","V13","ipadvnt","ipgdtim",0.0946277271110153,0.0989322869148953,0.0258225184740671,0.0504002485496504,0.145828746532713,FALSE,0.008
"HU","R10","V8","V14","ipadvnt","iphlppl",0,-0.000303217063680228,0.00391393698605562,0,0,TRUE,0.994
"HU","R10","V8","V15","ipadvnt","iplylfr",0,-0.000138076398030082,0.00224527045455185,0,0,TRUE,0.996
"HU","R10","V8","V16","ipadvnt","ipmodst",-0.0419872583574124,-0.029435657483998,0.0262820372807958,-0.0824385512081967,0,TRUE,0.364
"HU","R10","V8","V17","ipadvnt","iprspot",0.0741476004216181,0.0611619570277453,0.0304416030043765,0,0.114066268686605,TRUE,0.116
"HU","R10","V8","V18","ipadvnt","ipshabt",0,0.0149314721643724,0.0231683116323338,0,0.0711140007340374,TRUE,0.674
"HU","R10","V8","V19","ipadvnt","ipstrgv",0,-0.0135706329469205,0.0285479149038704,-0.0926723356408099,0,TRUE,0.796
"HU","R10","V8","V20","ipadvnt","ipsuces",0.166196583469467,0.167678510885374,0.0244557428629958,0.120835594051439,0.214619615823038,FALSE,0
"HU","R10","V8","V21","ipadvnt","ipudrst",0,0.000686506042178538,0.00557991918881554,0,0,TRUE,0.984
"HU","R10","V8","V9","ipadvnt","ipbhprp",0,-0.00837533957052738,0.0203658553627635,-0.0700600326779318,0,TRUE,0.844
"HU","R10","V9","V10","ipbhprp","ipcrtiv",0,0.000439527454890667,0.00455058921500729,0,0,TRUE,0.99
"HU","R10","V9","V11","ipbhprp","ipeqopt",0,0.0031817453406672,0.0094647009136968,0,0.0359807946579052,TRUE,0.888
"HU","R10","V9","V12","ipbhprp","ipfrule",0.0491479471704347,0.0421435961925247,0.0320032327351431,0,0.0990037291247104,TRUE,0.288
"HU","R10","V9","V13","ipbhprp","ipgdtim",0,0.000117134262936406,0.00203331430513388,0,0,TRUE,0.996
"HU","R10","V9","V14","ipbhprp","iphlppl",0.0762584421129749,0.0703103004294754,0.0273070890753409,0,0.126881596101159,TRUE,0.026
"HU","R10","V9","V15","ipbhprp","iplylfr",0.145598290717715,0.140529432032317,0.026766399388642,0.0888161699719844,0.19147361095942,FALSE,0
"HU","R10","V9","V16","ipbhprp","ipmodst",0.214020029700459,0.211357361624299,0.0271255177088642,0.158747433548051,0.264192384336482,FALSE,0
"HU","R10","V9","V17","ipbhprp","iprspot",0.0947693905858314,0.0935621984638084,0.0272891797958804,0.0348463083461584,0.15048457190697,FALSE,0.006
"HU","R10","V9","V18","ipbhprp","ipshabt",0,0.00817545323333651,0.0164848759636982,0,0.0573743013458183,TRUE,0.776
"HU","R10","V9","V19","ipbhprp","ipstrgv",0.181445914331368,0.173479116100071,0.0246926538401191,0.124911521147134,0.222451246268605,FALSE,0
"HU","R10","V9","V20","ipbhprp","ipsuces",0,0.00331378760948092,0.0113182534099221,0,0.0454274621588906,TRUE,0.912
"HU","R10","V9","V21","ipbhprp","ipudrst",0.0352409703854196,0.0306214458832665,0.0270062395402853,0,0.0845633708963969,TRUE,0.346
"HU","R9","V1","V10","impdiff","ipcrtiv",0.205878762043971,0.200737407427026,0.0265695498809396,0.146836160392746,0.25365222432606,FALSE,0
"HU","R9","V1","V11","impdiff","ipeqopt",0,0.000150087666011203,0.00196396113632271,0,0,TRUE,0.994
"HU","R9","V1","V12","impdiff","ipfrule",0,0.00843332567111731,0.0183361532031849,0,0.0611783406105883,TRUE,0.806
"HU","R9","V1","V13","impdiff","ipgdtim",0.105525575513112,0.102992070037612,0.0255390821096032,0.0514636754503074,0.14979073967548,FALSE,0
"HU","R9","V1","V14","impdiff","iphlppl",0,0.000421710773872396,0.00368376900456203,0,0,TRUE,0.986
"HU","R9","V1","V15","impdiff","iplylfr",0,5.3121989847554e-05,0.00118784380399184,0,0,TRUE,0.998
"HU","R9","V1","V16","impdiff","ipmodst",0,-0.000498902494400932,0.00511695070028914,0,0,TRUE,0.99
"HU","R9","V1","V17","impdiff","iprspot",0,0,0,0,0,TRUE,1
"HU","R9","V1","V18","impdiff","ipshabt",0.066741551095632,0.0607982104364945,0.0287609274548899,0,0.11589307005432,TRUE,0.074
"HU","R9","V1","V19","impdiff","ipstrgv",0,0.00160401181964301,0.00749135933655132,0,0.0328709764119628,TRUE,0.952
"HU","R9","V1","V2","impdiff","impenv",0,0.000884790844479922,0.00536850992963982,0,0.0232805299460081,TRUE,0.972
"HU","R9","V1","V20","impdiff","ipsuces",0.0441462326154666,0.0402761374215234,0.0274641318262852,0,0.0919791870466346,TRUE,0.212
"HU","R9","V1","V21","impdiff","ipudrst",0.0390807969738271,0.0270137104755394,0.0273255791035774,0,0.0828809674473025,TRUE,0.44
"HU","R9","V1","V3","impdiff","impfree",0,0.000749918320995631,0.0049676442865958,0,0.00861960536199359,TRUE,0.976
"HU","R9","V1","V4","impdiff","impfun",0.137222557737803,0.134397319241302,0.0276377693548818,0.077146496752331,0.186744798492105,FALSE,0
"HU","R9","V1","V5","impdiff","imprich",0.047847113632421,0.0458478188058557,0.0284522320207375,0,0.0998933941572518,TRUE,0.168
"HU","R9","V1","V6","impdiff","impsafe",0,0.000118621364069985,0.00187621645215068,0,0,TRUE,0.996
"HU","R9","V1","V7","impdiff","imptrad",0,0.000148024095475116,0.00196444229351919,0,0,TRUE,0.994
"HU","R9","V1","V8","impdiff","ipadvnt",0.15697931598227,0.155793159481114,0.0238792233643527,0.109458213122782,0.204271190322801,FALSE,0
"HU","R9","V1","V9","impdiff","ipbhprp",0,0,0,0,0,TRUE,1
"HU","R9","V10","V11","ipcrtiv","ipeqopt",0,-0.00021540540343623,0.00281642508436227,0,0,TRUE,0.994
"HU","R9","V10","V12","ipcrtiv","ipfrule",0,0.000147728913274562,0.00236149706309845,0,0,TRUE,0.996
"HU","R9","V10","V13","ipcrtiv","ipgdtim",0,0.000557250977361521,0.00388605680800698,0,0,TRUE,0.978
"HU","R9","V10","V14","ipcrtiv","iphlppl",0.0198763864332764,0.0160654604939391,0.0221651047979197,0,0.0653911417044801,TRUE,0.606
"HU","R9","V10","V15","ipcrtiv","iplylfr",0,0,0,0,0,TRUE,1
"HU","R9","V10","V16","ipcrtiv","ipmodst",0,8.08629643382987e-05,0.00180815085122577,0,0,TRUE,0.998
"HU","R9","V10","V17","ipcrtiv","iprspot",0,-6.94379290074883e-05,0.00155267929477548,0,0,TRUE,0.998
"HU","R9","V10","V18","ipcrtiv","ipshabt",0.160181239679643,0.155638287704821,0.027389837112921,0.0984514925795028,0.209807300586311,FALSE,0
"HU","R9","V10","V19","ipcrtiv","ipstrgv",0,0.000519093670057902,0.004491030563819,0,0,TRUE,0.984
"HU","R9","V10","V20","ipcrtiv","ipsuces",0.112062218895307,0.111497981601545,0.027308490853466,0.0529388526910839,0.163773909315759,FALSE,0
"HU","R9","V10","V21","ipcrtiv","ipudrst",0,0.0137211165461765,0.0209466361893306,0,0.0608347486324886,TRUE,0.672
"HU","R9","V11","V12","ipeqopt","ipfrule",0,0.000385978211069939,0.00385390594760746,0,0,TRUE,0.99
"HU","R9","V11","V13","ipeqopt","ipgdtim",0,-0.000548174448725175,0.00573894967025707,0,0,TRUE,0.99
"HU","R9","V11","V14","ipeqopt","iphlppl",0,0.00786568974457587,0.0153491140729314,0,0.050102152745283,TRUE,0.752
"HU","R9","V11","V15","ipeqopt","iplylfr",0.0847019025184361,0.0804376023007098,0.0288410217241996,0.0154087651302734,0.135806860464833,FALSE,0.024
"HU","R9","V11","V16","ipeqopt","ipmodst",0.064456844407337,0.0652879128228427,0.0266125419610964,0,0.119028853670199,TRUE,0.042
"HU","R9","V11","V17","ipeqopt","iprspot",0,-0.00371725368313578,0.0143937330097767,-0.0628830843209854,0,TRUE,0.932
"HU","R9","V11","V18","ipeqopt","ipshabt",0.035170163717831,0.023364249549107,0.027763790379681,0,0.0821461624293373,TRUE,0.53
"HU","R9","V11","V19","ipeqopt","ipstrgv",0.138194817625532,0.130213506055488,0.0269807236393625,0.0724392164885561,0.182573432415181,FALSE,0
"HU","R9","V11","V20","ipeqopt","ipsuces",0,4.23838023879765e-05,0.000947730632844335,0,0,TRUE,0.998
"HU","R9","V11","V21","ipeqopt","ipudrst",0.0689346373311011,0.0590694072630439,0.0280449374256432,0,0.114280902125237,TRUE,0.056
"HU","R9","V12","V13","ipfrule","ipgdtim",0,-0.000478863345281653,0.00427582498034378,0,0,TRUE,0.986
"HU","R9","V12","V14","ipfrule","iphlppl",0,0.000447656916158265,0.0050533499454388,0,0,TRUE,0.99
"HU","R9","V12","V15","ipfrule","iplylfr",0,-0.00622663491572523,0.016870292179362,-0.0630234112500394,0,TRUE,0.866
"HU","R9","V12","V16","ipfrule","ipmodst",0.0331298128063078,0.0383723665553127,0.0320559688159201,0,0.0963504774963509,TRUE,0.34
"HU","R9","V12","V17","ipfrule","iprspot",0,0.012495527556942,0.0225133385179093,0,0.0693492617692619,TRUE,0.74
"HU","R9","V12","V18","ipfrule","ipshabt",0,0.00193253834322354,0.00921016793500716,0,0.0393967509118376,TRUE,0.954
"HU","R9","V12","V19","ipfrule","ipstrgv",0.0405364821449873,0.0327345207966672,0.029777250715165,0,0.0947419848755343,TRUE,0.374
"HU","R9","V12","V20","ipfrule","ipsuces",0,0.00370853764970779,0.0139434303967731,0,0.0594086347762726,TRUE,0.93
"HU","R9","V12","V21","ipfrule","ipudrst",0.0637781508099812,0.0557337544847729,0.0303045664055232,0,0.109239170817524,TRUE,0.142
"HU","R9","V13","V14","ipgdtim","iphlppl",0,-1.54697440854213e-05,0.00250767126955097,0,0,TRUE,0.996
"HU","R9","V13","V15","ipgdtim","iplylfr",0,0.00229559766471151,0.00958106316087029,0,0.0361968571605716,TRUE,0.938
"HU","R9","V13","V16","ipgdtim","ipmodst",0,-0.00462212195560807,0.01374142695642,-0.0513217884373097,0,TRUE,0.884
"HU","R9","V13","V17","ipgdtim","iprspot",0.0691616339514292,0.0634053380469039,0.0284713606976648,0,0.119368030542716,TRUE,0.056
"HU","R9","V13","V18","ipgdtim","ipshabt",0.081928860300383,0.0781657847650402,0.0283521238589056,0.0105481715161327,0.131277882666709,FALSE,0.024
"HU","R9","V13","V19","ipgdtim","ipstrgv",0,-0.000135035451654613,0.00230319199343802,0,0,TRUE,0.996
"HU","R9","V13","V20","ipgdtim","ipsuces",0.134299094347964,0.131865359552102,0.0275350351591117,0.0818382931535187,0.189037194501585,FALSE,0
"HU","R9","V13","V21","ipgdtim","ipudrst",0,-0.000152445658178421,0.00199992050753965,0,0,TRUE,0.994
"HU","R9","V14","V15","iphlppl","iplylfr",0.0989591306037954,0.0952259339839154,0.0282427326229654,0.0379757384354183,0.150587386758875,FALSE,0.01
"HU","R9","V14","V16","iphlppl","ipmodst",0.0859751770852106,0.0855954035187156,0.0291568010338638,0.0302852773851092,0.142055828059118,FALSE,0.016
"HU","R9","V14","V17","iphlppl","iprspot",0,0,0,0,0,TRUE,1
"HU","R9","V14","V18","iphlppl","ipshabt",0,4.28483534059169e-05,0.000958118309395648,0,0,TRUE,0.998
"HU","R9","V14","V19","iphlppl","ipstrgv",0.0421740825525595,0.0365642574039772,0.0275342763701353,0,0.0942872681543249,TRUE,0.228
"HU","R9","V14","V20","iphlppl","ipsuces",0.067846909634369,0.0571524438175581,0.0276070270111267,0,0.114786622075922,TRUE,0.088
"HU","R9","V14","V21","iphlppl","ipudrst",0.172008894695775,0.166159000361664,0.0277682447504989,0.112976968437334,0.221160129948496,FALSE,0
"HU","R9","V15","V16","iplylfr","ipmodst",0,0,0,0,0,TRUE,1
"HU","R9","V15","V17","iplylfr","iprspot",0,0.0259012300003144,0.0286949629110254,0,0.0808424966733345,TRUE,0.504
"HU","R9","V15","V18","iplylfr","ipshabt",0,0.00285667412997656,0.0101028727821547,0,0.0400571749414138,TRUE,0.918
"HU","R9","V15","V19","iplylfr","ipstrgv",0.127513212659972,0.121493026992751,0.0273897070960791,0.067243278919897,0.171894623408932,FALSE,0
"HU","R9","V15","V20","iplylfr","ipsuces",0,0,0,0,0,TRUE,1
"HU","R9","V15","V21","iplylfr","ipudrst",0,0.019328501222167,0.0247068737545803,0,0.0735035934845287,TRUE,0.572
"HU","R9","V16","V17","ipmodst","iprspot",0,0.0187109988195476,0.0279797553096297,0,0.0822635350127137,TRUE,0.65
"HU","R9","V16","V18","ipmodst","ipshabt",0,-0.00457352733551233,0.0164017378795641,-0.0641166443691187,0,TRUE,0.92
"HU","R9","V16","V19","ipmodst","ipstrgv",0,0.00142728800545569,0.00638880008195861,0,0.0268092820940666,TRUE,0.948
"HU","R9","V16","V20","ipmodst","ipsuces",0,-0.00198659026728632,0.00960642031179313,-0.0464491609369201,0,TRUE,0.956
"HU","R9","V16","V21","ipmodst","ipudrst",0.12888821350927,0.12485066118763,0.0280318962115464,0.0688675991825218,0.179516922192477,FALSE,0
"HU","R9","V17","V18","iprspot","ipshabt",0.160154068563796,0.155754141684905,0.0264343966779533,0.098457142597903,0.201901971816059,FALSE,0
"HU","R9","V17","V19","iprspot","ipstrgv",0,0,0,0,0,TRUE,1
"HU","R9","V17","V20","iprspot","ipsuces",0.162439955780182,0.156202933578431,0.0282461223950982,0.101386308127008,0.216772890732737,FALSE,0
"HU","R9","V17","V21","iprspot","ipudrst",0,-7.34089682297977e-05,0.0016414744311995,0,0,TRUE,0.998
"HU","R9","V18","V19","ipshabt","ipstrgv",0,0.00936664753787907,0.0164243099357967,0,0.0518596209888591,TRUE,0.72
"HU","R9","V18","V20","ipshabt","ipsuces",0.254286171622053,0.253212929875815,0.0262846615998007,0.1991360431167,0.304977433450248,FALSE,0
"HU","R9","V18","V21","ipshabt","ipudrst",0.0255137317302503,0.0144107024621848,0.0218884713095323,0,0.0656068707117112,TRUE,0.666
"HU","R9","V19","V20","ipstrgv","ipsuces",0,0.00535599506268746,0.0140941018323497,0,0.0527735039141567,TRUE,0.858
"HU","R9","V19","V21","ipstrgv","ipudrst",0.081533165483269,0.0740251875938381,0.0272221772689787,0.0220398381428772,0.125745506366874,FALSE,0.018
"HU","R9","V2","V10","impenv","ipcrtiv",0,0.0176398706667085,0.0229118663259109,0,0.067953299512967,TRUE,0.582
"HU","R9","V2","V11","impenv","ipeqopt",0,0.0148339791639983,0.0212923337584312,0,0.0646849224344481,TRUE,0.626
"HU","R9","V2","V12","impenv","ipfrule",0,-5.45096653064187e-05,0.00121887317055914,0,0,TRUE,0.998
"HU","R9","V2","V13","impenv","ipgdtim",0,0.000163981978956225,0.00221328574060107,0,0,TRUE,0.994
"HU","R9","V2","V14","impenv","iphlppl",0.0751916289451268,0.072720044716718,0.0299556997209993,0,0.127549157122415,TRUE,0.04
"HU","R9","V2","V15","impenv","iplylfr",0.269432646329661,0.269260709950781,0.0283620008175015,0.213821954567549,0.327034184366254,FALSE,0
"HU","R9","V2","V16","impenv","ipmodst",0,0.0142441164256459,0.0210764879548597,0,0.0664506353554924,TRUE,0.648
"HU","R9","V2","V17","impenv","iprspot",0,0,0,0,0,TRUE,1
"HU","R9","V2","V18","impenv","ipshabt",0,0.00560336301212428,0.0133938272239796,0,0.0445145997620468,TRUE,0.836
"HU","R9","V2","V19","impenv","ipstrgv",0.0290351646908872,0.0302866136515683,0.0266983233647627,0,0.0848520117416001,TRUE,0.358
"HU","R9","V2","V20","impenv","ipsuces",0,0.000104226763487039,0.00170266878962545,0,0,TRUE,0.996
"HU","R9","V2","V21","impenv","ipudrst",0.0326617977321057,0.030861098360259,0.028523516233773,0,0.0894040050427797,TRUE,0.376
"HU","R9","V2","V3","impenv","impfree",0.0740469843960023,0.0807829911479331,0.0289574179375835,0.00926780910057391,0.135845470524007,FALSE,0.024
"HU","R9","V2","V4","impenv","impfun",0.0501997242493238,0.0520646683664404,0.0271761986859672,0,0.10496392607373,TRUE,0.112
"HU","R9","V2","V5","impenv","imprich",0,-0.00240354744949921,0.0112571159056188,-0.0498662395820077,0,TRUE,0.952
"HU","R9","V2","V6","impenv","impsafe",0.138714408386735,0.136569670101908,0.0308166350383915,0.0777428225071448,0.198959752651421,FALSE,0
"HU","R9","V2","V7","impenv","imptrad",0.102485091634629,0.105344253815805,0.026161131704411,0.0540527808368946,0.156949343205572,FALSE,0.002
"HU","R9","V2","V8","impenv","ipadvnt",0,-0.000551334086025181,0.00487321158227212,0,0,TRUE,0.986
"HU","R9","V2","V9","impenv","ipbhprp",0.06374279866341,0.0661872044998441,0.0291086531959017,0,0.123236914161053,TRUE,0.04
"HU","R9","V20","V21","ipsuces","ipudrst",0,0.000559547755220912,0.00393987553846102,0,0,TRUE,0.98
"HU","R9","V3","V10","impfree","ipcrtiv",0.0328802154726059,0.0297242330947973,0.026565443261071,0,0.0862001913901095,TRUE,0.346
"HU","R9","V3","V11","impfree","ipeqopt",0.0159658427732748,0.0196442697780643,0.0240694060366453,0,0.0739775214400933,TRUE,0.536
"HU","R9","V3","V12","impfree","ipfrule",-0.104895281674411,-0.116751455345829,0.0353564024873995,-0.179116784050834,0,TRUE,0.026
"HU","R9","V3","V13","impfree","ipgdtim",0.0993359093211714,0.0975924946145086,0.0274993390474722,0.0416695566488446,0.153432433937224,FALSE,0.004
"HU","R9","V3","V14","impfree","iphlppl",0,0.0116956795942719,0.0180044486760368,0,0.0534393472571551,TRUE,0.662
"HU","R9","V3","V15","impfree","iplylfr",0.0593751405571777,0.0558352676008788,0.0300540742428511,0,0.118828716155416,TRUE,0.098
"HU","R9","V3","V16","impfree","ipmodst",0,-0.000957283638063529,0.00757099732581686,0,0,TRUE,0.982
"HU","R9","V3","V17","impfree","iprspot",0,0.00133218595496063,0.00722821661432872,0,0.030727305861459,TRUE,0.964
"HU","R9","V3","V18","impfree","ipshabt",0.0347825707350121,0.0307952267682545,0.0289475584229369,0,0.0914314351786635,TRUE,0.388
"HU","R9","V3","V19","impfree","ipstrgv",0.0777108757393249,0.071689678212108,0.0290625093191372,0,0.128706708816691,TRUE,0.038
"HU","R9","V3","V20","impfree","ipsuces",0,0.0160222458096377,0.0239949748746096,0,0.073350619393321,TRUE,0.662
"HU","R9","V3","V21","impfree","ipudrst",0,0.0109501966414927,0.0190311699997162,0,0.0587627135859907,TRUE,0.71
"HU","R9","V3","V4","impfree","impfun",0.167799037069167,0.163768971848386,0.0272101140953861,0.109996508270355,0.218378328250459,FALSE,0
"HU","R9","V3","V5","impfree","imprich",0,0.000116332317542292,0.00260126970004655,0,0,TRUE,0.998
"HU","R9","V3","V6","impfree","impsafe",0.0991243378434901,0.100161052020266,0.0284261907437625,0.0402026971092348,0.153375941074758,FALSE,0.006
"HU","R9","V3","V7","impfree","imptrad",0,3.02698013144906e-05,0.00509571317694746,0,0,TRUE,0.982
"HU","R9","V3","V8","impfree","ipadvnt",0,0.00617820748749161,0.0162379914452177,0,0.0584837570737866,TRUE,0.862
"HU","R9","V3","V9","impfree","ipbhprp",0,0.000219286919724579,0.00304716444336364,0,0,TRUE,0.994
"HU","R9","V4","V10","impfun","ipcrtiv",0.0771699051995898,0.0755582040186699,0.0280202871958287,0.0206807312934933,0.131023806597884,FALSE,0.02
"HU","R9","V4","V11","impfun","ipeqopt",0,0.00144663357021197,0.00711073418704335,0,0.026735210481428,TRUE,0.954
"HU","R9","V4","V12","impfun","ipfrule",0,-0.00143383453849898,0.00791068309180825,-0.034326095690236,0,TRUE,0.966
"HU","R9","V4","V13","impfun","ipgdtim",0.181181637851835,0.18188500979526,0.027598927168723,0.128702181756749,0.234896430447063,FALSE,0
"HU","R9","V4","V14","impfun","iphlppl",0,0.0107740218596749,0.0180601162010054,0,0.0554339304889902,TRUE,0.708
"HU","R9","V4","V15","impfun","iplylfr",0.0603270222821273,0.0565200244855366,0.0285356553798933,0,0.109977625408466,TRUE,0.092
"HU","R9","V4","V16","impfun","ipmodst",0,0.000377550663853199,0.0043123573361824,0,0,TRUE,0.992
"HU","R9","V4","V17","impfun","iprspot",0,4.8685394646196e-05,0.00108863851940299,0,0,TRUE,0.998
"HU","R9","V4","V18","impfun","ipshabt",0.0229695974718422,0.0214943297386344,0.0245946683449974,0,0.0754958970830938,TRUE,0.492
"HU","R9","V4","V19","impfun","ipstrgv",0.0243941543340069,0.0212771877348717,0.0243888264593696,0,0.0773167422138432,TRUE,0.494
"HU","R9","V4","V20","impfun","ipsuces",0,0.0140036976125369,0.0211175765327359,0,0.067948647538957,TRUE,0.648
"HU","R9","V4","V21","impfun","ipudrst",0,0.001099434110007,0.00623776903969874,0,0.0213075471499481,TRUE,0.962
"HU","R9","V4","V5","impfun","imprich",0,0.001361567764569,0.00674048801003816,0,0.0298664068879452,TRUE,0.958
"HU","R9","V4","V6","impfun","impsafe",0,0.00350443489517531,0.0106097982174786,0,0.0393919921203506,TRUE,0.892
"HU","R9","V4","V7","impfun","imptrad",0.0460242587827158,0.0420093623868076,0.0288954563265449,0,0.0966993244064385,TRUE,0.228
"HU","R9","V4","V8","impfun","ipadvnt",0,0.00210846838300666,0.00984258825105012,0,0.040079096720548,TRUE,0.948
"HU","R9","V4","V9","impfun","ipbhprp",0,-0.000792480891147024,0.00748513655284235,0,0,TRUE,0.988
"HU","R9","V5","V10","imprich","ipcrtiv",0.0346920874713844,0.0359540437756588,0.0272791712277319,0,0.0888424283652068,TRUE,0.272
"HU","R9","V5","V11","imprich","ipeqopt",0,0.000658811448833313,0.00581743289344292,0,0,TRUE,0.986
"HU","R9","V5","V12","imprich","ipfrule",0,0.0163721481168713,0.030023570945617,0,0.090994872312323,TRUE,0.754
"HU","R9","V5","V13","imprich","ipgdtim",0.0287614466544285,0.0273114028049456,0.0253130297068916,0,0.0774559110802951,TRUE,0.39
"HU","R9","V5","V14","imprich","iphlppl",0,-0.00126893323383176,0.00789368011245048,-0.03504357789844,0,TRUE,0.974
"HU","R9","V5","V15","imprich","iplylfr",0,0,0,0,0,TRUE,1
"HU","R9","V5","V16","imprich","ipmodst",0,-0.00845575907698985,0.019428475131169,-0.0626431389973539,0,TRUE,0.824
"HU","R9","V5","V17","imprich","iprspot",0,0.0139503564210599,0.0242529284301498,0,0.0734276081324516,TRUE,0.726
"HU","R9","V5","V18","imprich","ipshabt",0.0644138715460985,0.0572621118138597,0.0310279704667255,0,0.113928389006366,TRUE,0.144
"HU","R9","V5","V19","imprich","ipstrgv",0,0.000192561794224699,0.00249583441697271,0,0,TRUE,0.994
"HU","R9","V5","V20","imprich","ipsuces",0.189293979751185,0.184990437163646,0.0264724212999191,0.133626608052434,0.236742374970025,FALSE,0
"HU","R9","V5","V21","imprich","ipudrst",0,0.000159895434122805,0.00264472424539229,0,0,TRUE,0.996
"HU","R9","V5","V6","imprich","impsafe",0,0,0,0,0,TRUE,1
"HU","R9","V5","V7","imprich","imptrad",0,-0.000403486103474276,0.00427410554471508,0,0,TRUE,0.99
"HU","R9","V5","V8","imprich","ipadvnt",0.232392068381978,0.230064082330695,0.026564358971227,0.181774341495071,0.281243254768865,FALSE,0
"HU","R9","V5","V9","imprich","ipbhprp",0,-0.0153280922647148,0.0247384998537582,-0.075592808361725,0,TRUE,0.692
"HU","R9","V6","V10","impsafe","ipcrtiv",0,0.00454890698699659,0.0135831880051133,0,0.0503226899795823,TRUE,0.886
"HU","R9","V6","V11","impsafe","ipeqopt",0.142577623096995,0.139765738390028,0.0290527798771879,0.0823013955394463,0.194246834108054,FALSE,0
"HU","R9","V6","V12","impsafe","ipfrule",0,-0.00293954401788468,0.0126938520404817,-0.0510802678348747,0,TRUE,0.942
"HU","R9","V6","V13","impsafe","ipgdtim",0,0.00326672146080735,0.0117802656391571,0,0.0462596451431818,TRUE,0.92
"HU","R9","V6","V14","impsafe","iphlppl",0,0.00877170124024297,0.0169879081171491,0,0.055541855189623,TRUE,0.762
"HU","R9","V6","V15","impsafe","iplylfr",0.154195182937914,0.152568597017258,0.027307206877769,0.0955997596647099,0.203413230544672,FALSE,0
"HU","R9","V6","V16","impsafe","ipmodst",0.0164125099553347,0.0212724219499909,0.0244359134146109,0,0.0778794286369133,TRUE,0.496
"HU","R9","V6","V17","impsafe","iprspot",0,-0.000301263643705614,0.00413397185665173,0,0,TRUE,0.994
"HU","R9","V6","V18","impsafe","ipshabt",0,0.00420415993076273,0.0123973905427886,0,0.04493093661368,TRUE,0.888
"HU","R9","V6","V19","impsafe","ipstrgv",0.0990355453120551,0.0951316059889572,0.0294270519718727,0.0356957325961313,0.155295227044277,FALSE,0.004
"HU","R9","V6","V20","impsafe","ipsuces",0,0,0,0,0,TRUE,1
"HU","R9","V6","V21","impsafe","ipudrst",0,0.0116284106603652,0.0190001146747766,0,0.0596258709783188,TRUE,0.694
"HU","R9","V6","V7","impsafe","imptrad",0.0429245903466537,0.0369687789891129,0.029666765577077,0,0.0917318989603565,TRUE,0.314
"HU","R9","V6","V8","impsafe","ipadvnt",-0.0843943328315218,-0.0888452167284349,0.0289241671332386,-0.140504770241966,0,TRUE,0.04
"HU","R9","V6","V9","impsafe","ipbhprp",0.141000424491871,0.138951838621121,0.0261412709450449,0.0850364311704607,0.189646376943016,FALSE,0
"HU","R9","V7","V10","imptrad","ipcrtiv",0,-0.000261891496803026,0.00351723378244383,0,0,TRUE,0.994
"HU","R9","V7","V11","imptrad","ipeqopt",0,0,0,0,0,TRUE,1
"HU","R9","V7","V12","imptrad","ipfrule",0.0627095561025017,0.0593360425924388,0.0307292501601622,0,0.109147489853616,TRUE,0.126
"HU","R9","V7","V13","imptrad","ipgdtim",0,0,0,0,0,TRUE,1
"HU","R9","V7","V14","imptrad","iphlppl",0.0502407224930348,0.0449352222815511,0.0290028170025914,0,0.102685863958057,TRUE,0.18
"HU","R9","V7","V15","imptrad","iplylfr",0,0.0064768776328366,0.0164850655349983,0,0.0587842356096398,TRUE,0.854
"HU","R9","V7","V16","imptrad","ipmodst",0.0751793877678887,0.0754045736986135,0.0290939025447761,0,0.128038721740704,TRUE,0.026
"HU","R9","V7","V17","imptrad","iprspot",0.128614840656077,0.124263216819596,0.0264767608181392,0.0691213264602666,0.17709882573105,FALSE,0
"HU","R9","V7","V18","imptrad","ipshabt",0,0.00070802355000121,0.00446606975222051,0,0.0181649241534784,TRUE,0.974
"HU","R9","V7","V19","imptrad","ipstrgv",0.0805982177375204,0.0745235069676652,0.0249897520471326,0.0252596536422247,0.122290442259993,FALSE,0.008
"HU","R9","V7","V20","imptrad","ipsuces",0,0.00115812644362501,0.00609251705025178,0,0.0259632601818198,TRUE,0.962
"HU","R9","V7","V21","imptrad","ipudrst",0.0151765756939108,0.014897681205159,0.0205131294458046,0,0.0681108804147761,TRUE,0.582
"HU","R9","V7","V8","imptrad","ipadvnt",0,-0.0115522050598796,0.0219335659683514,-0.0677413356278448,0,TRUE,0.764
"HU","R9","V7","V9","imptrad","ipbhprp",0.0491153063903678,0.0467905212515725,0.0307466122609594,0,0.114950873016344,TRUE,0.176
"HU","R9","V8","V10","ipadvnt","ipcrtiv",0.0781015268418092,0.0725545289346331,0.0268686541034454,0,0.119257710077261,TRUE,0.03
"HU","R9","V8","V11","ipadvnt","ipeqopt",0,-0.00286155345984125,0.010086705210623,-0.0417505631868051,0,TRUE,0.92
"HU","R9","V8","V12","ipadvnt","ipfrule",0,0.0143314865226359,0.0259513552820501,0,0.0747161440889777,TRUE,0.752
"HU","R9","V8","V13","ipadvnt","ipgdtim",0.0569958469794855,0.0509965106949808,0.0251426794786418,0,0.0959774284198088,TRUE,0.092
"HU","R9","V8","V14","ipadvnt","iphlppl",0,-0.00255706175331848,0.0106275351139738,-0.041560410254286,0,TRUE,0.936
"HU","R9","V8","V15","ipadvnt","iplylfr",-0.0946338868726124,-0.0860412381451912,0.0292947422425896,-0.131933491098257,0,TRUE,0.054
"HU","R9","V8","V16","ipadvnt","ipmodst",-0.0782794016186374,-0.0736690094744129,0.0269094816412013,-0.123141925926049,0,TRUE,0.044
"HU","R9","V8","V17","ipadvnt","iprspot",0,0.00437302314157997,0.0131300840962869,0,0.0495799036881492,TRUE,0.892
"HU","R9","V8","V18","ipadvnt","ipshabt",0,0,0,0,0,TRUE,1
"HU","R9","V8","V19","ipadvnt","ipstrgv",0,-0.00180418679364354,0.00902431455088068,-0.0346012527424702,0,TRUE,0.956
"HU","R9","V8","V20","ipadvnt","ipsuces",0.106802828442842,0.101745371772763,0.0263929545908075,0.0503915381562278,0.158811916682392,FALSE,0.002
"HU","R9","V8","V21","ipadvnt","ipudrst",0,0.00129498054251227,0.00867572475998503,0,0.0104427915528088,TRUE,0.976
"HU","R9","V8","V9","ipadvnt","ipbhprp",0,8.31565353137746e-05,0.00185943665734962,0,0,TRUE,0.998
"HU","R9","V9","V10","ipbhprp","ipcrtiv",0,-0.00033127595717472,0.00379015138935257,0,0,TRUE,0.992
"HU","R9","V9","V11","ipbhprp","ipeqopt",0.0536524075645107,0.0496226637250643,0.0279975506364012,0,0.104715444994445,TRUE,0.118
"HU","R9","V9","V12","ipbhprp","ipfrule",0.0666035768752211,0.0653653149780574,0.0298932912590232,0,0.118709247381009,TRUE,0.08
"HU","R9","V9","V13","ipbhprp","ipgdtim",0,0.000157384693966974,0.00259250392668668,0,0,TRUE,0.996
"HU","R9","V9","V14","ipbhprp","iphlppl",0.109273560319061,0.108011404577633,0.0280993184577105,0.0519086530539428,0.162891469393331,FALSE,0
"HU","R9","V9","V15","ipbhprp","iplylfr",0.0769718223861445,0.0765149647076031,0.0272049737308977,0.0217246171053795,0.12814663227997,FALSE,0.018
"HU","R9","V9","V16","ipbhprp","ipmodst",0.17250928041805,0.170036843542407,0.0290938558178013,0.113343602968182,0.227527679234389,FALSE,0
"HU","R9","V9","V17","ipbhprp","iprspot",0.108234695156215,0.106094994475285,0.0282723068280969,0.0467319797865487,0.161883833103573,FALSE,0.004
"HU","R9","V9","V18","ipbhprp","ipshabt",0,0.00267340028259627,0.0104251832194193,0,0.0424332415497428,TRUE,0.932
"HU","R9","V9","V19","ipbhprp","ipstrgv",0,0.00337045560260885,0.0102088550160987,0,0.0378512895950627,TRUE,0.886
"HU","R9","V9","V20","ipbhprp","ipsuces",0,5.67263698781305e-05,0.00126844019164296,0,0,TRUE,0.998
"HU","R9","V9","V21","ipbhprp","ipudrst",0.0663741751932822,0.062447154634581,0.0293531626992871,0,0.117095585219061,TRUE,0.066
"IE","R10","V1","V10","impdiff","ipcrtiv",0.173152340067743,0.177817985398132,0.0269814664467021,0.124260465673563,0.231170266292976,FALSE,0
"IE","R10","V1","V11","impdiff","ipeqopt",0,0.000130846344500508,0.00219432572115456,0,0,TRUE,0.996
"IE","R10","V1","V12","impdiff","ipfrule",0,0.0177087993194831,0.0239039142855354,0,0.0726115266209327,TRUE,0.602
"IE","R10","V1","V13","impdiff","ipgdtim",0.0576937351157396,0.0608815898918476,0.0293421910893334,0,0.117434652991917,TRUE,0.074
"IE","R10","V1","V14","impdiff","iphlppl",0,0.0041059688333211,0.012990033847337,0,0.0478584973131255,TRUE,0.898
"IE","R10","V1","V15","impdiff","iplylfr",0,-0.0044187758893931,0.0166401393615423,-0.0678894901534614,0,TRUE,0.926
"IE","R10","V1","V16","impdiff","ipmodst",0,0.0087332101181417,0.0196017822058484,0,0.0673593486346283,TRUE,0.814
"IE","R10","V1","V17","impdiff","iprspot",0,-0.000355759643905062,0.00422493159572608,0,0,TRUE,0.992
"IE","R10","V1","V18","impdiff","ipshabt",0,0.00391023045710375,0.0131353622211913,0,0.0465232653069304,TRUE,0.906
"IE","R10","V1","V19","impdiff","ipstrgv",0,-0.000198036075368549,0.00260467700580508,0,0,TRUE,0.994
"IE","R10","V1","V2","impdiff","impenv",0,0.00455548244401375,0.0137770804579919,0,0.0517013675623527,TRUE,0.892
"IE","R10","V1","V20","impdiff","ipsuces",0.0394101647365687,0.0397076722220055,0.0279751083704484,0,0.0962757359939866,TRUE,0.222
"IE","R10","V1","V21","impdiff","ipudrst",0,0.0102785329226149,0.0206057195152044,0,0.0689297936346239,TRUE,0.768
"IE","R10","V1","V3","impdiff","impfree",0,0,0,0,0,TRUE,1
"IE","R10","V1","V4","impdiff","impfun",0.137416732673846,0.137814245963909,0.0281901106480311,0.0803934376741428,0.19150796990157,FALSE,0
"IE","R10","V1","V5","impdiff","imprich",0,0.021390305456403,0.0250708371689832,0,0.0741648619942821,TRUE,0.528
"IE","R10","V1","V6","impdiff","impsafe",0,-0.00753332007892646,0.0192092273908067,-0.0657436099049928,0,TRUE,0.854
"IE","R10","V1","V7","impdiff","imptrad",0,-7.72772522720406e-05,0.00172797189194683,0,0,TRUE,0.998
"IE","R10","V1","V8","impdiff","ipadvnt",0.24189928554778,0.245778884963639,0.0278644476692469,0.192238205502948,0.3018210046106,FALSE,0
"IE","R10","V1","V9","impdiff","ipbhprp",0,-4.06102966591169e-05,0.000908073839162179,0,0,TRUE,0.998
"IE","R10","V10","V11","ipcrtiv","ipeqopt",0.0875200151507284,0.0803441431084546,0.0325522913397657,0,0.142030233198443,TRUE,0.052
"IE","R10","V10","V12","ipcrtiv","ipfrule",0,1.87202376224852e-05,0.00273841111729473,0,0,TRUE,0.996
"IE","R10","V10","V13","ipcrtiv","ipgdtim",0,0.00022107530279324,0.00253443099282398,0,0,TRUE,0.992
"IE","R10","V10","V14","ipcrtiv","iphlppl",0.0508073828175685,0.0477247249458468,0.0293741958580204,0,0.102404943569774,TRUE,0.18
"IE","R10","V10","V15","ipcrtiv","iplylfr",0,0.00063347245340367,0.00510437577786819,0,0,TRUE,0.984
"IE","R10","V10","V16","ipcrtiv","ipmodst",0,-0.000281813159326619,0.00364369829482716,0,0,TRUE,0.994
"IE","R10","V10","V17","ipcrtiv","iprspot",0,-0.00510906458042963,0.0160998900756991,-0.0666048068009571,0,TRUE,0.898
"IE","R10","V10","V18","ipcrtiv","ipshabt",0.113552638567278,0.110338983010295,0.0255101837168047,0.0638281708567702,0.16082659734701,FALSE,0
"IE","R10","V10","V19","ipcrtiv","ipstrgv",0,-0.0116188827109036,0.0235976325456232,-0.071837665683216,0,TRUE,0.782
"IE","R10","V10","V20","ipcrtiv","ipsuces",0,0.00118165159843209,0.00690512169429817,0,0.031672822128326,TRUE,0.97
"IE","R10","V10","V21","ipcrtiv","ipudrst",0.0431759431713847,0.0435292260837173,0.0271251778665729,0,0.0941892327197379,TRUE,0.172
"IE","R10","V11","V12","ipeqopt","ipfrule",0,-0.0017607702592686,0.0083173035696388,-0.0342146247796024,0,TRUE,0.952
"IE","R10","V11","V13","ipeqopt","ipgdtim",0,0.00110920343063473,0.00698645569497591,0,0.0254488450327612,TRUE,0.972
"IE","R10","V11","V14","ipeqopt","iphlppl",0.128666145082381,0.123788853542789,0.0311745964149806,0.0642849519400163,0.1887769104953,FALSE,0
"IE","R10","V11","V15","ipeqopt","iplylfr",0.0642106154820642,0.0623163343559393,0.0335445802562461,0,0.124717712346982,TRUE,0.104
"IE","R10","V11","V16","ipeqopt","ipmodst",0.0522409098231555,0.0483325246631282,0.0340009416626381,0,0.110987918551899,TRUE,0.246
"IE","R10","V11","V17","ipeqopt","iprspot",0,-0.00789481970902146,0.018376513869637,-0.0615988106903706,0,TRUE,0.828
"IE","R10","V11","V18","ipeqopt","ipshabt",0,0,0,0,0,TRUE,1
"IE","R10","V11","V19","ipeqopt","ipstrgv",0,0.00359640216865423,0.0115574290795877,0,0.0449439422183901,TRUE,0.902
"IE","R10","V11","V20","ipeqopt","ipsuces",0,-0.00163592167691989,0.00792196183962152,-0.0337898544610764,0,TRUE,0.956
"IE","R10","V11","V21","ipeqopt","ipudrst",0.150230231599752,0.14930026374538,0.0300039662869742,0.0925546145020637,0.210712362383994,FALSE,0
"IE","R10","V12","V13","ipfrule","ipgdtim",0,5.29018960820525e-05,0.00118292235778099,0,0,TRUE,0.998
"IE","R10","V12","V14","ipfrule","iphlppl",0,0,0,0,0,TRUE,1
"IE","R10","V12","V15","ipfrule","iplylfr",0,-0.0114836028366628,0.023585769905212,-0.0773995944574964,0,TRUE,0.788
"IE","R10","V12","V16","ipfrule","ipmodst",0.0811854472006479,0.0880685067379909,0.0290946136713492,0.030248030563841,0.146337452021951,FALSE,0.02
"IE","R10","V12","V17","ipfrule","iprspot",0.121016289565141,0.119411295075095,0.0273376709473506,0.0679087173668677,0.177060420053279,FALSE,0
"IE","R10","V12","V18","ipfrule","ipshabt",0,0.00308183854911774,0.010942817422481,0,0.0441961695054608,TRUE,0.918
"IE","R10","V12","V19","ipfrule","ipstrgv",0,4.34664532848505e-05,0.000971939442857447,0,0,TRUE,0.998
"IE","R10","V12","V20","ipfrule","ipsuces",0.0280096767011661,0.0255048823392068,0.025076803643811,0,0.0770798644149323,TRUE,0.412
"IE","R10","V12","V21","ipfrule","ipudrst",0,0.000107967158532963,0.00241421905817201,0,0,TRUE,0.998
"IE","R10","V13","V14","ipgdtim","iphlppl",0,0,0,0,0,TRUE,1
"IE","R10","V13","V15","ipgdtim","iplylfr",0,-0.000100214891517734,0.0022408730979142,0,0,TRUE,0.998
"IE","R10","V13","V16","ipgdtim","ipmodst",0,5.02704634277523e-05,0.00112408173484871,0,0,TRUE,0.998
"IE","R10","V13","V17","ipgdtim","iprspot",0.101639574939187,0.0976679797616481,0.0282617407884312,0.0476154481340742,0.150541086507962,FALSE,0.006
"IE","R10","V13","V18","ipgdtim","ipshabt",0.11292117624992,0.111076625955258,0.0273567281708529,0.0588649462920146,0.167050007510306,FALSE,0
"IE","R10","V13","V19","ipgdtim","ipstrgv",0,0.000281466581168643,0.00329414261644653,0,0,TRUE,0.992
"IE","R10","V13","V20","ipgdtim","ipsuces",0.0492486424618524,0.0475059791817113,0.0300377738144814,0,0.106711335744404,TRUE,0.17
"IE","R10","V13","V21","ipgdtim","ipudrst",0,-0.000198822979309155,0.0026046541148664,0,0,TRUE,0.994
"IE","R10","V14","V15","iphlppl","iplylfr",0.188966546271253,0.188711119492573,0.0285436934614294,0.133345093049524,0.243399022641504,FALSE,0
"IE","R10","V14","V16","iphlppl","ipmodst",0.0824014636606759,0.0799714328473451,0.0292441133555687,0,0.134706788643239,TRUE,0.026
"IE","R10","V14","V17","iphlppl","iprspot",0,0.000239850294154244,0.00292520139858028,0,0,TRUE,0.992
"IE","R10","V14","V18","iphlppl","ipshabt",0,-0.000706774525190452,0.0063383215756528,0,0,TRUE,0.986
"IE","R10","V14","V19","iphlppl","ipstrgv",0.0374490168817522,0.0367646609263884,0.0292364529048338,0,0.0969434470354425,TRUE,0.276
"IE","R10","V14","V20","iphlppl","ipsuces",0,0,0,0,0,TRUE,1
"IE","R10","V14","V21","iphlppl","ipudrst",0.0878981607735185,0.0881269223307527,0.0307536836216371,0.029559214455556,0.146126329041521,FALSE,0.012
"IE","R10","V15","V16","iplylfr","ipmodst",0,0.00444568021716834,0.0134307988663154,0,0.0498828971105376,TRUE,0.89
"IE","R10","V15","V17","iplylfr","iprspot",0.0437203507493868,0.048143121409248,0.0288963842713655,0,0.101054529617923,TRUE,0.158
"IE","R10","V15","V18","iplylfr","ipshabt",0,0.000443507237549601,0.00388161437542181,0,0,TRUE,0.986
"IE","R10","V15","V19","iplylfr","ipstrgv",0.10550988580183,0.102184538617583,0.0303530792214492,0.0434995954089589,0.159769382497817,FALSE,0.006
"IE","R10","V15","V20","iplylfr","ipsuces",0,0,0,0,0,TRUE,1
"IE","R10","V15","V21","iplylfr","ipudrst",0.140446241093111,0.142585075938754,0.0297123959682989,0.0876894174746114,0.202128784142662,FALSE,0
"IE","R10","V16","V17","ipmodst","iprspot",0,-0.000570140233209695,0.0053727844129257,0,0,TRUE,0.986
"IE","R10","V16","V18","ipmodst","ipshabt",0,0,0,0,0,TRUE,1
"IE","R10","V16","V19","ipmodst","ipstrgv",0.0506539246087624,0.0542223765558566,0.0313151417032448,0,0.115361748368039,TRUE,0.122
"IE","R10","V16","V20","ipmodst","ipsuces",0,-0.000851403406998837,0.00647629198580495,0,0,TRUE,0.982
"IE","R10","V16","V21","ipmodst","ipudrst",0.0989194287539985,0.100726541043747,0.0279893788196933,0.0482179435779665,0.152497217709366,FALSE,0.006
"IE","R10","V17","V18","iprspot","ipshabt",0.158368289267706,0.159310448509761,0.0268681251679971,0.107198533758574,0.21415380087426,FALSE,0
"IE","R10","V17","V19","iprspot","ipstrgv",0.0396421121400521,0.0464013731655732,0.0292032059388963,0,0.103262205264639,TRUE,0.18
"IE","R10","V17","V20","iprspot","ipsuces",0.131246614290608,0.12993988658324,0.0262218899372696,0.0783609854139738,0.17869713314303,FALSE,0
"IE","R10","V17","V21","iprspot","ipudrst",0,-0.00771215087135033,0.020210269836474,-0.0662310635007305,0,TRUE,0.856
"IE","R10","V18","V19","ipshabt","ipstrgv",0,8.32145064273655e-05,0.00132161057721501,0,0,TRUE,0.996
"IE","R10","V18","V20","ipshabt","ipsuces",0.245754976935156,0.240860178316074,0.026917638162601,0.188079781952878,0.296328069214619,FALSE,0
"IE","R10","V18","V21","ipshabt","ipudrst",0,0.00100404189661333,0.00590863256818269,0,0.0240777186221953,TRUE,0.968
"IE","R10","V19","V20","ipstrgv","ipsuces",0,-0.000344820206768238,0.00345385049317618,0,0,TRUE,0.99
"IE","R10","V19","V21","ipstrgv","ipudrst",0.0824610681592712,0.0843893725394328,0.0328744392972576,0.0183221550167966,0.146883136159594,FALSE,0.022
"IE","R10","V2","V10","impenv","ipcrtiv",0,0.0188084098169761,0.0249419550666603,0,0.073950447592634,TRUE,0.588
"IE","R10","V2","V11","impenv","ipeqopt",0.126902868086588,0.123373153609144,0.0315874300417631,0.0631839328444996,0.183000676571702,FALSE,0
"IE","R10","V2","V12","impenv","ipfrule",0,-0.000196410951051321,0.00311298817502395,0,0,TRUE,0.996
"IE","R10","V2","V13","impenv","ipgdtim",0,-0.000294648094856965,0.00379920017669587,0,0,TRUE,0.994
"IE","R10","V2","V14","impenv","iphlppl",0.135032193019079,0.132422015959721,0.0311418922376404,0.0772310960253468,0.19646638120061,FALSE,0
"IE","R10","V2","V15","impenv","iplylfr",0.168447236432448,0.166202053669926,0.0307010691898359,0.107794398798998,0.227600725262349,FALSE,0
"IE","R10","V2","V16","impenv","ipmodst",0,0.00229723161121216,0.00906808232696089,0,0.0382383806331899,TRUE,0.934
"IE","R10","V2","V17","impenv","iprspot",0,0.00169736224046849,0.0080639158922629,0,0.0341102476801515,TRUE,0.954
"IE","R10","V2","V18","impenv","ipshabt",0,-6.30854260294085e-05,0.00141063300991292,0,0,TRUE,0.998
"IE","R10","V2","V19","impenv","ipstrgv",0.0693496161990863,0.0701949354680015,0.0315021794513442,0,0.135929925142511,TRUE,0.05
"IE","R10","V2","V20","impenv","ipsuces",0,-0.000208716037396691,0.00336428999517776,0,0,TRUE,0.996
"IE","R10","V2","V21","impenv","ipudrst",0.0743714549094768,0.075888395586422,0.0289836585433489,0.0186142502348243,0.132528837202643,FALSE,0.022
"IE","R10","V2","V3","impenv","impfree",0.12745749235809,0.125002406058055,0.0281090739646933,0.0659189050235341,0.179959318717018,FALSE,0
"IE","R10","V2","V4","impenv","impfun",0,0.00150369466257231,0.00768503327089762,0,0.0317648506786177,TRUE,0.958
"IE","R10","V2","V5","impenv","imprich",0,-0.0155992054760558,0.0269266311292232,-0.0850643400846005,0,TRUE,0.72
"IE","R10","V2","V6","impenv","impsafe",0,0.00496923273160644,0.0129068977932267,0,0.0446773216709648,TRUE,0.856
"IE","R10","V2","V7","impenv","imptrad",0.10674101820199,0.101507849451447,0.0266453537589233,0.0454421144653025,0.150008962569071,FALSE,0.002
"IE","R10","V2","V8","impenv","ipadvnt",0,0.000287236673552732,0.00383999732482782,0,0,TRUE,0.994
"IE","R10","V2","V9","impenv","ipbhprp",0.0187930395051875,0.0208811629739902,0.0236557288817109,0,0.0760418257954253,TRUE,0.492
"IE","R10","V20","V21","ipsuces","ipudrst",0,-0.000717519740768154,0.00518725214285499,0,0,TRUE,0.98
"IE","R10","V3","V10","impfree","ipcrtiv",0.042475441273273,0.0397072558337391,0.0264788229924222,0,0.0942099951922277,TRUE,0.194
"IE","R10","V3","V11","impfree","ipeqopt",0.0322831369178859,0.0296478721127367,0.0249675537672718,0,0.0769670088527414,TRUE,0.316
"IE","R10","V3","V12","impfree","ipfrule",0,-0.0044050613306223,0.0132231319110111,-0.0490929658765368,0,TRUE,0.886
"IE","R10","V3","V13","impfree","ipgdtim",0.0929644159577326,0.0889552823956491,0.0240730048768254,0.0443105132524034,0.135663863362978,FALSE,0.01
"IE","R10","V3","V14","impfree","iphlppl",0.055096618949163,0.0526142426484867,0.0290892801041096,0,0.106473479318203,TRUE,0.118
"IE","R10","V3","V15","impfree","iplylfr",0.123360776702548,0.122563472229516,0.0291259456758136,0.0672263097087085,0.184514965558454,FALSE,0
"IE","R10","V3","V16","impfree","ipmodst",0.0328405030975219,0.0346543020303588,0.0290634021496083,0,0.0910949278324631,TRUE,0.32
"IE","R10","V3","V17","impfree","iprspot",0,0,0,0,0,TRUE,1
"IE","R10","V3","V18","impfree","ipshabt",0,0.000529159149642495,0.00400450829285608,0,0,TRUE,0.982
"IE","R10","V3","V19","impfree","ipstrgv",0.023860829918368,0.0282002149382222,0.0263904431265674,0,0.0829780234402797,TRUE,0.378
"IE","R10","V3","V20","impfree","ipsuces",0,7.42826498430993e-05,0.00166101054597984,0,0,TRUE,0.998
"IE","R10","V3","V21","impfree","ipudrst",0.0891100730518551,0.0881950813134117,0.0283106121586568,0.0334916370773615,0.141433958860812,FALSE,0.012
"IE","R10","V3","V4","impfree","impfun",0.026800693650132,0.0225116478538218,0.0237030912254557,0,0.0724067951335091,TRUE,0.454
"IE","R10","V3","V5","impfree","imprich",0,-0.00203426585628442,0.00971488826577684,-0.0436466370421552,0,TRUE,0.954
"IE","R10","V3","V6","impfree","impsafe",0.148863731587861,0.141031073381619,0.0292059210784206,0.0804757777792056,0.199608279229431,FALSE,0
"IE","R10","V3","V7","impfree","imptrad",0,-0.000167408040806411,0.00264464512869348,0,0,TRUE,0.996
"IE","R10","V3","V8","impfree","ipadvnt",0,0,0,0,0,TRUE,1
"IE","R10","V3","V9","impfree","ipbhprp",0,-0.00156361806895799,0.00913301018098617,-0.0331458415321874,0,TRUE,0.968
"IE","R10","V4","V10","impfun","ipcrtiv",0.0648473239952928,0.060332220755023,0.0281302456626788,0,0.115174009370829,TRUE,0.068
"IE","R10","V4","V11","impfun","ipeqopt",0,0.000913710569007474,0.00550224810161583,0,0.021706886396807,TRUE,0.97
"IE","R10","V4","V12","impfun","ipfrule",0,-0.0187838978680892,0.0285494675374748,-0.0834736784630181,0,TRUE,0.664
"IE","R10","V4","V13","impfun","ipgdtim",0.215008211021564,0.210917106323246,0.0285264551295299,0.152199751664411,0.263210199888888,FALSE,0
"IE","R10","V4","V14","impfun","iphlppl",0.0818362623701531,0.076017748172967,0.0258228177587346,0.0247301299876901,0.126742425024474,FALSE,0.016
"IE","R10","V4","V15","impfun","iplylfr",0.0645515528893048,0.0605407498241863,0.0310520930522334,0,0.112962351431913,TRUE,0.138
"IE","R10","V4","V16","impfun","ipmodst",0,8.39926452874258e-05,0.00221378212679103,0,0,TRUE,0.994
"IE","R10","V4","V17","impfun","iprspot",0,-0.000120556449713387,0.00269572416685168,0,0,TRUE,0.998
"IE","R10","V4","V18","impfun","ipshabt",0,0.00543024447517329,0.0140420655361192,0,0.0512328770134596,TRUE,0.85
"IE","R10","V4","V19","impfun","ipstrgv",0,0,0,0,0,TRUE,1
"IE","R10","V4","V20","impfun","ipsuces",0.104021255158637,0.0953072430318231,0.0282308030681562,0.0414822344604126,0.14948602212647,FALSE,0.01
"IE","R10","V4","V21","impfun","ipudrst",0,0,0,0,0,TRUE,1
"IE","R10","V4","V5","impfun","imprich",0,0.000138990610957014,0.00220095423400495,0,0,TRUE,0.996
"IE","R10","V4","V6","impfun","impsafe",0,-0.00106266717853506,0.00731252254223059,0,0,TRUE,0.978
"IE","R10","V4","V7","impfun","imptrad",0.108197702461551,0.0890181412352818,0.0284925293815492,0.034409114570487,0.144205275632658,FALSE,0.012
"IE","R10","V4","V8","impfun","ipadvnt",0.131715892332289,0.133424301261096,0.0276841590645653,0.0829925758101602,0.191991550201883,FALSE,0
"IE","R10","V4","V9","impfun","ipbhprp",0,-0.000153088648596166,0.002539887856947,0,0,TRUE,0.996
"IE","R10","V5","V10","imprich","ipcrtiv",0,0.0223521708934664,0.0276285103067941,0,0.0812482685968273,TRUE,0.554
"IE","R10","V5","V11","imprich","ipeqopt",-0.0428775168404621,-0.038692509847533,0.0336516330448799,-0.10534587862842,0,TRUE,0.358
"IE","R10","V5","V12","imprich","ipfrule",0.0724616143003004,0.0840476982115513,0.0326290908083002,0,0.140584335822586,TRUE,0.056
"IE","R10","V5","V13","imprich","ipgdtim",0.101313739815443,0.107209172239738,0.0264389611731419,0.0554321226159183,0.157877912665422,FALSE,0
"IE","R10","V5","V14","imprich","iphlppl",0,-0.00309304348000009,0.0123984497942972,-0.0526593438240146,0,TRUE,0.938
"IE","R10","V5","V15","imprich","iplylfr",0,-0.0118408922303813,0.0225623124291266,-0.0666890354056525,0,TRUE,0.766
"IE","R10","V5","V16","imprich","ipmodst",0,-0.0122363695756327,0.0199708443350887,-0.0604433285627373,0,TRUE,0.684
"IE","R10","V5","V17","imprich","iprspot",0,0.0229624752942065,0.0262294269965021,0,0.0780365804804336,TRUE,0.514
"IE","R10","V5","V18","imprich","ipshabt",0.0616927545221132,0.066823710100166,0.028839494242253,0,0.121055689088748,TRUE,0.054
"IE","R10","V5","V19","imprich","ipstrgv",0,-0.00012044296383245,0.00155484231083845,0,0,TRUE,0.994
"IE","R10","V5","V20","imprich","ipsuces",0.178402757140275,0.174563194295387,0.027544541216838,0.119265219243887,0.228189235833929,FALSE,0
"IE","R10","V5","V21","imprich","ipudrst",0,-0.0076796222921772,0.0178851327959076,-0.0586052756081195,0,TRUE,0.826
"IE","R10","V5","V6","imprich","impsafe",0,-3.77611455117711e-05,0.000844364882725812,0,0,TRUE,0.998
"IE","R10","V5","V7","imprich","imptrad",0,-7.73122385471475e-05,0.00172875420884101,0,0,TRUE,0.998
"IE","R10","V5","V8","imprich","ipadvnt",0.111634823182791,0.120032732227967,0.0267401854893065,0.0675852010421286,0.173816536666685,FALSE,0
"IE","R10","V5","V9","imprich","ipbhprp",0,-0.0127607134342547,0.0241993311139874,-0.0767423992955777,0,TRUE,0.756
"IE","R10","V6","V10","impsafe","ipcrtiv",0,0.00115476621700403,0.00615410788232512,0,0.0296799434604001,TRUE,0.964
"IE","R10","V6","V11","impsafe","ipeqopt",0.16272443567531,0.152613327269972,0.0285073815177757,0.0997809307628849,0.212332066639973,FALSE,0
"IE","R10","V6","V12","impsafe","ipfrule",0,0.00328590695879816,0.0127474811382015,0,0.0513111878647513,TRUE,0.93
"IE","R10","V6","V13","impsafe","ipgdtim",0,0.00204310532556319,0.00946394690818956,0,0.0389602804726453,TRUE,0.948
"IE","R10","V6","V14","impsafe","iphlppl",0,0.00203494999359399,0.00825666313907037,0,0.0328327683188816,TRUE,0.936
"IE","R10","V6","V15","impsafe","iplylfr",0,0.0180522441389346,0.0219403452165697,0,0.0668753045703416,TRUE,0.528
"IE","R10","V6","V16","impsafe","ipmodst",0,0.000145656692620148,0.00190597743509395,0,0,TRUE,0.994
"IE","R10","V6","V17","impsafe","iprspot",0,0.00554135663277374,0.015063308030807,0,0.0555247616016874,TRUE,0.866
"IE","R10","V6","V18","impsafe","ipshabt",0.103112571100396,0.0934486380388269,0.0267790352705993,0.0408788235107281,0.142502418984987,FALSE,0.008
"IE","R10","V6","V19","impsafe","ipstrgv",0.212093266193494,0.210630079595724,0.02802567077473,0.161043693372454,0.263293062842547,FALSE,0
"IE","R10","V6","V20","impsafe","ipsuces",0,0,0,0,0,TRUE,1
"IE","R10","V6","V21","impsafe","ipudrst",0.0383998842540541,0.038324653622756,0.0296211320954592,0,0.10074921187348,TRUE,0.256
"IE","R10","V6","V7","impsafe","imptrad",0,0.00266528414850247,0.00930736545177872,0,0.0368963721827255,TRUE,0.914
"IE","R10","V6","V8","impsafe","ipadvnt",0,-0.018397845717604,0.0266741917569178,-0.0786824054762771,0,TRUE,0.646
"IE","R10","V6","V9","impsafe","ipbhprp",0.0862562262877491,0.0813078989095908,0.0276570535412902,0.0203708465539039,0.133049885709739,FALSE,0.022
"IE","R10","V7","V10","imptrad","ipcrtiv",0,-0.000229247340296332,0.00311353121419694,0,0,TRUE,0.994
"IE","R10","V7","V11","imptrad","ipeqopt",0,-8.28401454805497e-05,0.00185236196560481,0,0,TRUE,0.998
"IE","R10","V7","V12","imptrad","ipfrule",0.13741265411395,0.13328494096636,0.0279444332270865,0.0767239851482363,0.192222706134152,FALSE,0
"IE","R10","V7","V13","imptrad","ipgdtim",-0.0485716469280766,-0.0267703878594256,0.0330237996385229,-0.0949114670530681,0,TRUE,0.562
"IE","R10","V7","V14","imptrad","iphlppl",0,0.000407453655094875,0.00347764699080066,0,0,TRUE,0.986
"IE","R10","V7","V15","imptrad","iplylfr",0,0.00782266821991043,0.0167506165219976,0,0.0552363180498045,TRUE,0.796
"IE","R10","V7","V16","imptrad","ipmodst",0,0.0114074444852515,0.0184512199730658,0,0.0591246471140992,TRUE,0.672
"IE","R10","V7","V17","imptrad","iprspot",0.118544984012371,0.11601145014169,0.0280638420411609,0.0599368141428054,0.170668971540364,FALSE,0.002
"IE","R10","V7","V18","imptrad","ipshabt",0,-9.72667001192953e-05,0.00217494953413831,0,0,TRUE,0.998
"IE","R10","V7","V19","imptrad","ipstrgv",0.0773971063168344,0.0747750608701923,0.0277606135588028,0.0178025456168148,0.128723528834904,FALSE,0.022
"IE","R10","V7","V20","imptrad","ipsuces",0,6.66938200275042e-05,0.00149131915260636,0,0,TRUE,0.998
"IE","R10","V7","V21","imptrad","ipudrst",0,0.0078025089384225,0.0180400390408578,0,0.0586672074876601,TRUE,0.826
"IE","R10","V7","V8","imptrad","ipadvnt",0,-0.000185422189708738,0.00312595259790872,0,0,TRUE,0.996
"IE","R10","V7","V9","imptrad","ipbhprp",0.126578404413224,0.124646988921166,0.0277454369216793,0.0683233369646013,0.177136991250042,FALSE,0
"IE","R10","V8","V10","ipadvnt","ipcrtiv",0,0.00999963677752023,0.01888984242408,0,0.0585616692097661,TRUE,0.76
"IE","R10","V8","V11","ipadvnt","ipeqopt",0,0,0,0,0,TRUE,1
"IE","R10","V8","V12","ipadvnt","ipfrule",0,0,0,0,0,TRUE,1
"IE","R10","V8","V13","ipadvnt","ipgdtim",0.161060623092752,0.164299153650849,0.0268531031314969,0.11220765883768,0.219852695849156,FALSE,0
"IE","R10","V8","V14","ipadvnt","iphlppl",0,0.00202744449217533,0.00921535607168249,0,0.0403182576256719,TRUE,0.95
"IE","R10","V8","V15","ipadvnt","iplylfr",0,8.88733759053131e-05,0.00198726909914172,0,0,TRUE,0.998
"IE","R10","V8","V16","ipadvnt","ipmodst",0,-0.00113302078390416,0.00705700911858155,-0.0282849450630992,0,TRUE,0.972
"IE","R10","V8","V17","ipadvnt","iprspot",0,0.0036830423601774,0.0120147937668985,0,0.0461836467138494,TRUE,0.904
"IE","R10","V8","V18","ipadvnt","ipshabt",0,0.0199735618339505,0.0248669804183713,0,0.0734403586221677,TRUE,0.56
"IE","R10","V8","V19","ipadvnt","ipstrgv",0,-0.0012875312566672,0.00728285207192498,-0.033227368465236,0,TRUE,0.968
"IE","R10","V8","V20","ipadvnt","ipsuces",0.158926846565604,0.156828455174371,0.028643130409619,0.104268859384108,0.214624718317616,FALSE,0
"IE","R10","V8","V21","ipadvnt","ipudrst",0,0,0,0,0,TRUE,1
"IE","R10","V8","V9","ipadvnt","ipbhprp",0,-0.00138622739380627,0.00819579084055964,-0.0354567113652156,0,TRUE,0.97
"IE","R10","V9","V10","ipbhprp","ipcrtiv",0,0,0,0,0,TRUE,1
"IE","R10","V9","V11","ipbhprp","ipeqopt",0,-0.000133315321297422,0.00298102120863261,0,0,TRUE,0.998
"IE","R10","V9","V12","ipbhprp","ipfrule",0.206827773346875,0.209048086393656,0.0276351781612939,0.151651966593864,0.261516699961235,FALSE,0
"IE","R10","V9","V13","ipbhprp","ipgdtim",0,0.000431853242066759,0.00546353650327484,0,0,TRUE,0.992
"IE","R10","V9","V14","ipbhprp","iphlppl",0.0290207202697608,0.0282797566643793,0.0263378600501827,0,0.0832294008826316,TRUE,0.376
"IE","R10","V9","V15","ipbhprp","iplylfr",0.0471601899593288,0.0453905509112373,0.0310983003673781,0,0.104710669893658,TRUE,0.214
"IE","R10","V9","V16","ipbhprp","ipmodst",0.103718500951279,0.106122406105666,0.026093123225514,0.0536938845200116,0.154781931890134,FALSE,0
"IE","R10","V9","V17","ipbhprp","iprspot",0.170225053415851,0.170700764600174,0.0281734635588551,0.113047291963573,0.225693267986024,FALSE,0
"IE","R10","V9","V18","ipbhprp","ipshabt",0,0.00106814644762687,0.00573288685348551,0,0.025599913017724,TRUE,0.964
"IE","R10","V9","V19","ipbhprp","ipstrgv",0,0.00947967543997168,0.0176409431564515,0,0.0595625554139809,TRUE,0.74
"IE","R10","V9","V20","ipbhprp","ipsuces",0,0.0205358726560088,0.0266734256498798,0,0.0817855525465975,TRUE,0.578
"IE","R10","V9","V21","ipbhprp","ipudrst",0,-0.000198919513812548,0.00325842089264262,0,0,TRUE,0.996
"IE","R9","V1","V10","impdiff","ipcrtiv",0.186867972215749,0.185178463653328,0.0228657923733012,0.141032659926092,0.233063785286186,FALSE,0
"IE","R9","V1","V11","impdiff","ipeqopt",0,0,0,0,0,TRUE,1
"IE","R9","V1","V12","impdiff","ipfrule",0,0.00817430405319481,0.0191086669651283,0,0.0695140984354015,TRUE,0.822
"IE","R9","V1","V13","impdiff","ipgdtim",0.10579045093711,0.10655347046058,0.0235710170181471,0.0570230269785801,0.150032949510748,FALSE,0
"IE","R9","V1","V14","impdiff","iphlppl",0,0.0119102064121564,0.017895186932954,0,0.0552563701513769,TRUE,0.656
"IE","R9","V1","V15","impdiff","iplylfr",0,4.53376025842037e-05,0.0010137796131515,0,0,TRUE,0.998
"IE","R9","V1","V16","impdiff","ipmodst",0,0.00119415678330512,0.00663976127555255,0,0.0275743506501497,TRUE,0.966
"IE","R9","V1","V17","impdiff","iprspot",0,-0.00958127969266077,0.0236968287578524,-0.0838519786615352,0,TRUE,0.844
"IE","R9","V1","V18","impdiff","ipshabt",0,0.0114813593111172,0.0186688150143318,0,0.0550211390348784,TRUE,0.704
"IE","R9","V1","V19","impdiff","ipstrgv",0,7.79267190324874e-05,0.00174249441020168,0,0,TRUE,0.998
"IE","R9","V1","V2","impdiff","impenv",0.021754905795202,0.016258391036234,0.0218377519675297,0,0.0650942079794694,TRUE,0.596
"IE","R9","V1","V20","impdiff","ipsuces",0.0369109887018755,0.0310370270116167,0.0262749557047764,0,0.0846597374587169,TRUE,0.334
"IE","R9","V1","V21","impdiff","ipudrst",0.058243191014556,0.0523758322376677,0.0234643317278058,0,0.0955110717179263,TRUE,0.07
"IE","R9","V1","V3","impdiff","impfree",0,0.0056022748000162,0.0126147405069169,0,0.0431201851137076,TRUE,0.814
"IE","R9","V1","V4","impdiff","impfun",0.120456840761187,0.116611624262194,0.0244053165364117,0.0692003664191029,0.164957122289173,FALSE,0
"IE","R9","V1","V5","impdiff","imprich",0,0.0128183453804439,0.0206563145437358,0,0.0634410837311167,TRUE,0.692
"IE","R9","V1","V6","impdiff","impsafe",0,0,0,0,0,TRUE,1
"IE","R9","V1","V7","impdiff","imptrad",0,0,0,0,0,TRUE,1
"IE","R9","V1","V8","impdiff","ipadvnt",0.286800005730084,0.288280261356351,0.0232591748962099,0.236775277480507,0.33285656916993,FALSE,0
"IE","R9","V1","V9","impdiff","ipbhprp",0,0,0,0,0,TRUE,1
"IE","R9","V10","V11","ipcrtiv","ipeqopt",0.0847559295376984,0.0933912673003401,0.0261849724488231,0.0440639762902506,0.142341839456073,FALSE,0.006
"IE","R9","V10","V12","ipcrtiv","ipfrule",0,-0.00376348101121025,0.0123353550634813,-0.0478916194280014,0,TRUE,0.908
"IE","R9","V10","V13","ipcrtiv","ipgdtim",0,-0.00123668905422799,0.00694955488010961,-0.0302933927276964,0,TRUE,0.966
"IE","R9","V10","V14","ipcrtiv","iphlppl",0,0.0080988859094941,0.0148069143919228,0,0.0477010100427126,TRUE,0.732
"IE","R9","V10","V15","ipcrtiv","iplylfr",0,5.45379987342082e-05,0.00121950672526487,0,0,TRUE,0.998
"IE","R9","V10","V16","ipcrtiv","ipmodst",0,-0.000722198559069416,0.00601057044941869,0,0,TRUE,0.984
"IE","R9","V10","V17","ipcrtiv","iprspot",0,-0.0132097753244667,0.0250800502236362,-0.0794859819843904,0,TRUE,0.756
"IE","R9","V10","V18","ipcrtiv","ipshabt",0,0.00560064802638482,0.012427558722384,0,0.0406421359475158,TRUE,0.81
"IE","R9","V10","V19","ipcrtiv","ipstrgv",0,0.00234151540276551,0.00819489682180568,0,0.0324414418553085,TRUE,0.916
"IE","R9","V10","V20","ipcrtiv","ipsuces",0.0312607298937034,0.0251903618804515,0.0245793465575175,0,0.0731087979358022,TRUE,0.424
"IE","R9","V10","V21","ipcrtiv","ipudrst",0,0.0108812524584055,0.016942589702672,0,0.053214044291293,TRUE,0.662
"IE","R9","V11","V12","ipeqopt","ipfrule",0,-0.00183093346826733,0.00860146960351478,-0.0319793495437176,0,TRUE,0.948
"IE","R9","V11","V13","ipeqopt","ipgdtim",0,-0.000228725440498576,0.00283448143317385,0,0,TRUE,0.992
"IE","R9","V11","V14","ipeqopt","iphlppl",0.111912847990857,0.113608954621123,0.023005937160249,0.06932448615845,0.15430900641878,FALSE,0
"IE","R9","V11","V15","ipeqopt","iplylfr",0.0307683021543134,0.0320338731225994,0.0247741956363476,0,0.0765256609495018,TRUE,0.29
"IE","R9","V11","V16","ipeqopt","ipmodst",0.028582769037394,0.0305092484367682,0.0263036998451941,0,0.0882493626733697,TRUE,0.322
"IE","R9","V11","V17","ipeqopt","iprspot",-0.034831769040187,-0.0397005645642452,0.0321177372191105,-0.0977195483060224,0,TRUE,0.316
"IE","R9","V11","V18","ipeqopt","ipshabt",0,0.0345693572274012,0.0341966616704605,0,0.0952666066650985,TRUE,0.446
"IE","R9","V11","V19","ipeqopt","ipstrgv",0,0.0125665341932652,0.0187283913227788,0,0.0592947878140994,TRUE,0.648
"IE","R9","V11","V20","ipeqopt","ipsuces",0,-0.00811176477235379,0.01978565260868,-0.0708700372190983,0,TRUE,0.838
"IE","R9","V11","V21","ipeqopt","ipudrst",0.187004993444469,0.184766563822617,0.0258098160555784,0.132833675482303,0.234419658230124,FALSE,0
"IE","R9","V12","V13","ipfrule","ipgdtim",0,0.000182069997483636,0.00239645547249334,0,0,TRUE,0.994
"IE","R9","V12","V14","ipfrule","iphlppl",0,0,0,0,0,TRUE,1
"IE","R9","V12","V15","ipfrule","iplylfr",0,-7.26844072030255e-05,0.0016252727541024,0,0,TRUE,0.998
"IE","R9","V12","V16","ipfrule","ipmodst",0.0589170390771464,0.061709449411806,0.0271889349380097,0,0.112510599426617,TRUE,0.066
"IE","R9","V12","V17","ipfrule","iprspot",0.0735278646951815,0.0764258998160657,0.025194827301734,0.0298394783449206,0.124472448137519,FALSE,0.018
"IE","R9","V12","V18","ipfrule","ipshabt",0,-0.000501976254525648,0.00514070025922518,0,0,TRUE,0.99
"IE","R9","V12","V19","ipfrule","ipstrgv",0,0.00307800845827046,0.00937202558311967,0,0.0350863258029026,TRUE,0.888
"IE","R9","V12","V20","ipfrule","ipsuces",0,0.0133154848604304,0.0218278615094455,0,0.0694014677812116,TRUE,0.684
"IE","R9","V12","V21","ipfrule","ipudrst",0.0353098787601622,0.0441169309764316,0.0292431074925001,0,0.0990041763685941,TRUE,0.202
"IE","R9","V13","V14","ipgdtim","iphlppl",0,-0.000171433425206036,0.00306511420089772,0,0,TRUE,0.996
"IE","R9","V13","V15","ipgdtim","iplylfr",0,-5.47142524842473e-05,0.00122344787892864,0,0,TRUE,0.998
"IE","R9","V13","V16","ipgdtim","ipmodst",0,-0.000152062109356695,0.00242947233464514,0,0,TRUE,0.996
"IE","R9","V13","V17","ipgdtim","iprspot",0.0977036794811386,0.0994231126238758,0.0232293786982332,0.0493079719584179,0.141570946541684,FALSE,0
"IE","R9","V13","V18","ipgdtim","ipshabt",0.0388202315808512,0.0334079015159877,0.02552009513439,0,0.0849161086028433,TRUE,0.274
"IE","R9","V13","V19","ipgdtim","ipstrgv",0,0.000662845273506802,0.00468192589870418,0,0,TRUE,0.978
"IE","R9","V13","V20","ipgdtim","ipsuces",0.0509784790167416,0.0463446163499272,0.0254683253224788,0,0.0984454523365621,TRUE,0.11
"IE","R9","V13","V21","ipgdtim","ipudrst",0,0.000191883627854428,0.00256603207171737,0,0,TRUE,0.994
"IE","R9","V14","V15","iphlppl","iplylfr",0.262753048942913,0.259989191688427,0.0238791125841398,0.213290417212947,0.303808408509516,FALSE,0
"IE","R9","V14","V16","iphlppl","ipmodst",0.0872687938028291,0.086891998742013,0.0262069492170752,0.0359729469652289,0.139058988922852,FALSE,0.01
"IE","R9","V14","V17","iphlppl","iprspot",0,-0.000570667787008596,0.00540267658709761,0,0,TRUE,0.988
"IE","R9","V14","V18","iphlppl","ipshabt",0,0.000687666195921907,0.00473343190444175,0,0.00935589553870051,TRUE,0.976
"IE","R9","V14","V19","iphlppl","ipstrgv",0.0272478706035776,0.0270244048489818,0.0245282085598185,0,0.0772859740580741,TRUE,0.362
"IE","R9","V14","V20","iphlppl","ipsuces",0.0413424646525151,0.0353668369591955,0.0265222534739309,0,0.0858723499986558,TRUE,0.282
"IE","R9","V14","V21","iphlppl","ipudrst",0.143340559649667,0.140089984632096,0.025641346144744,0.089013711262791,0.191799596333479,FALSE,0
"IE","R9","V15","V16","iplylfr","ipmodst",0,0.00716412941454504,0.0139026526108452,0,0.0454734971232293,TRUE,0.766
"IE","R9","V15","V17","iplylfr","iprspot",0.0270744834716909,0.0313089928688622,0.02758846429416,0,0.0852885509369733,TRUE,0.364
"IE","R9","V15","V18","iplylfr","ipshabt",0,0,0,0,0,TRUE,1
"IE","R9","V15","V19","iplylfr","ipstrgv",0.122937209558956,0.118585705668077,0.0280606368617883,0.0620599536267301,0.176057714676861,FALSE,0
"IE","R9","V15","V20","iplylfr","ipsuces",0,-0.000396031013214933,0.004037487386135,0,0,TRUE,0.99
"IE","R9","V15","V21","iplylfr","ipudrst",0.0593573349143346,0.0597098383560105,0.0235725830032205,0,0.104626259563628,TRUE,0.028
"IE","R9","V16","V17","ipmodst","iprspot",0,-0.00419550097262618,0.0136823212104496,-0.0509990569394133,0,TRUE,0.906
"IE","R9","V16","V18","ipmodst","ipshabt",0,-0.000722863201519307,0.00562471016298087,0,0,TRUE,0.982
"IE","R9","V16","V19","ipmodst","ipstrgv",0.0153611417359474,0.0154762212165017,0.0193032562323704,0,0.0575771950493515,TRUE,0.55
"IE","R9","V16","V20","ipmodst","ipsuces",0,-0.000943624177705367,0.00677641775369897,0,0,TRUE,0.98
"IE","R9","V16","V21","ipmodst","ipudrst",0.136310230425029,0.134223767494937,0.0261507032106198,0.0847913598532532,0.187842483039709,FALSE,0
"IE","R9","V17","V18","iprspot","ipshabt",0.145252123507898,0.140323912320971,0.0223131696669688,0.0982032181509162,0.182926674847897,FALSE,0
"IE","R9","V17","V19","iprspot","ipstrgv",0.100082265211941,0.0949014293301465,0.022860563502985,0.0483495081906563,0.136643784209624,FALSE,0.002
"IE","R9","V17","V20","iprspot","ipsuces",0.193082280449504,0.192327358473108,0.0220516380911896,0.150022644731044,0.236657437165117,FALSE,0
"IE","R9","V17","V21","iprspot","ipudrst",0,-0.000767925104187551,0.00561735647186997,0,0,TRUE,0.98
"IE","R9","V18","V19","ipshabt","ipstrgv",0,0.00310041099204686,0.00964873029163975,0,0.0375472206710216,TRUE,0.896
"IE","R9","V18","V20","ipshabt","ipsuces",0.281738250028436,0.278958611872572,0.0239938261159562,0.228718233910064,0.326567677807181,FALSE,0
"IE","R9","V18","V21","ipshabt","ipudrst",0,0.000903863993979715,0.00511701981270665,0,0.0249964990887428,TRUE,0.968
"IE","R9","V19","V20","ipstrgv","ipsuces",0.0540772256903786,0.0373356405945254,0.0252091486228476,0,0.0819349120299652,TRUE,0.244
"IE","R9","V19","V21","ipstrgv","ipudrst",0.0661584166942362,0.0623447126327449,0.0235491710342015,0.0082595249143444,0.105656946540274,FALSE,0.024
"IE","R9","V2","V10","impenv","ipcrtiv",0.062983501644752,0.0659889987634063,0.0236562625770736,0.0156461741395316,0.109183307334192,FALSE,0.022
"IE","R9","V2","V11","impenv","ipeqopt",0.0687876097053691,0.0697594192502705,0.0225248697681493,0.0249568042440691,0.1137137403821,FALSE,0.002
"IE","R9","V2","V12","impenv","ipfrule",0,-0.00042011294796013,0.0039718631691668,0,0,TRUE,0.988
"IE","R9","V2","V13","impenv","ipgdtim",0,-0.00229496271825246,0.00940491650417933,-0.0377627847849413,0,TRUE,0.938
"IE","R9","V2","V14","impenv","iphlppl",0.0843723901255368,0.0817013485519639,0.0253707554274392,0.0349453279455177,0.138312011464069,FALSE,0.002
"IE","R9","V2","V15","impenv","iplylfr",0.173784042833622,0.173050526108871,0.0258855815199794,0.123779082633943,0.226593250590815,FALSE,0
"IE","R9","V2","V16","impenv","ipmodst",0,0.00172154948621133,0.00691157828375629,0,0.0290842065118004,TRUE,0.936
"IE","R9","V2","V17","impenv","iprspot",0,-8.61669117780379e-06,0.0028663933073353,0,0,TRUE,0.996
"IE","R9","V2","V18","impenv","ipshabt",0,0,0,0,0,TRUE,1
"IE","R9","V2","V19","impenv","ipstrgv",0.0662859975891366,0.0597700132333892,0.0258569308304528,0,0.109669485151362,TRUE,0.048
"IE","R9","V2","V20","impenv","ipsuces",0,-0.000119799502465569,0.00190237468822781,0,0,TRUE,0.996
"IE","R9","V2","V21","impenv","ipudrst",0.096511007230855,0.0952059705102568,0.0244311634551047,0.0479683851421367,0.147765782658206,FALSE,0
"IE","R9","V2","V3","impenv","impfree",0.0771602990006527,0.0838326658094616,0.0236398453152351,0.0378898705664498,0.134836765382609,FALSE,0.002
"IE","R9","V2","V4","impenv","impfun",0,0.00108067896002159,0.00576909610601331,0,0.0216033334851228,TRUE,0.962
"IE","R9","V2","V5","impenv","imprich",-0.0492390525272608,-0.0432858026020507,0.0267624534134144,-0.0867160555608598,0,TRUE,0.194
"IE","R9","V2","V6","impenv","impsafe",0,0.00291131018848868,0.00989392533701861,0,0.0352533478600017,TRUE,0.91
"IE","R9","V2","V7","impenv","imptrad",0.127946251957088,0.124042931790721,0.025977268922928,0.0709245840731306,0.175793431209092,FALSE,0
"IE","R9","V2","V8","impenv","ipadvnt",0,0.000393839166666109,0.0041525497359275,0,0,TRUE,0.99
"IE","R9","V2","V9","impenv","ipbhprp",0,0.00709685126835254,0.0153248881509105,0,0.0538908602152921,TRUE,0.798
"IE","R9","V20","V21","ipsuces","ipudrst",0,0.000549287407637848,0.00411222117164953,0,0,TRUE,0.982
"IE","R9","V3","V10","impfree","ipcrtiv",0.113500098232889,0.12247298335554,0.0231732339031171,0.0725348095340952,0.168847007957203,FALSE,0
"IE","R9","V3","V11","impfree","ipeqopt",0.034352734279045,0.0390934804926438,0.0241343367877648,0,0.0861265161062918,TRUE,0.152
"IE","R9","V3","V12","impfree","ipfrule",0,-0.0166311604807717,0.0243649297130048,-0.0723463538164078,0,TRUE,0.646
"IE","R9","V3","V13","impfree","ipgdtim",0.0579515879092691,0.0636126994697998,0.0284631849456757,0,0.112146606629538,TRUE,0.104
"IE","R9","V3","V14","impfree","iphlppl",0.0861148603315355,0.0864787131647068,0.0230896631420819,0.0387649535967487,0.132751370852941,FALSE,0.004
"IE","R9","V3","V15","impfree","iplylfr",0.0718691107395125,0.0791558131013831,0.0242251710420624,0.033332437121513,0.12656596761711,FALSE,0.008
"IE","R9","V3","V16","impfree","ipmodst",0,0.0266332945276942,0.0262781729257814,0,0.0830287572052071,TRUE,0.416
"IE","R9","V3","V17","impfree","iprspot",0,-0.00018527989594466,0.00250717886342343,0,0,TRUE,0.994
"IE","R9","V3","V18","impfree","ipshabt",0,0.0185011187223279,0.0213261766586647,0,0.0659300065000767,TRUE,0.502
"IE","R9","V3","V19","impfree","ipstrgv",0,0.000814654749050978,0.00455101995957745,0,0.0202586793701913,TRUE,0.966
"IE","R9","V3","V20","impfree","ipsuces",0,0.000803538186852108,0.00508320340187867,0,0.0169315515153246,TRUE,0.972
"IE","R9","V3","V21","impfree","ipudrst",0.091824677798718,0.0946253726952343,0.0244228723619244,0.0495826890370278,0.145119436653239,FALSE,0.002
"IE","R9","V3","V4","impfree","impfun",0.042619373472727,0.0437035014092562,0.0249753462433476,0,0.0941893548667634,TRUE,0.124
"IE","R9","V3","V5","impfree","imprich",0,-0.000923250719917367,0.00564052621543236,-0.0226887154198746,0,TRUE,0.972
"IE","R9","V3","V6","impfree","impsafe",0,0.018391242579422,0.0232040830344085,0,0.0685200506208987,TRUE,0.55
"IE","R9","V3","V7","impfree","imptrad",0,-0.0107632167753199,0.0216266867003513,-0.0709903651919065,0,TRUE,0.776
"IE","R9","V3","V8","impfree","ipadvnt",0,0.000147571986723005,0.00191315672617113,0,0,TRUE,0.994
"IE","R9","V3","V9","impfree","ipbhprp",0,-0.000497292370018526,0.00459016110819799,0,0,TRUE,0.988
"IE","R9","V4","V10","impfun","ipcrtiv",0,0.00207272711218127,0.00765680837895226,0,0.0281845700856848,TRUE,0.924
"IE","R9","V4","V11","impfun","ipeqopt",0,0.011362633743252,0.0195165841424936,0,0.0571646828206317,TRUE,0.712
"IE","R9","V4","V12","impfun","ipfrule",0,-0.00547385256332872,0.0168033420921286,-0.06176246000336,0,TRUE,0.896
"IE","R9","V4","V13","impfun","ipgdtim",0.245056924785367,0.245504839223258,0.0238499045092033,0.197567818642279,0.291457670642387,FALSE,0
"IE","R9","V4","V14","impfun","iphlppl",0,0.00362988974995609,0.0113781203464996,0,0.0401623610177277,TRUE,0.894
"IE","R9","V4","V15","impfun","iplylfr",0.102068378789905,0.100560467992269,0.0201383248435868,0.0607704031527377,0.141333317323173,FALSE,0
"IE","R9","V4","V16","impfun","ipmodst",0,0.000907601441856216,0.0057184149217241,0,0.0195490916849824,TRUE,0.972
"IE","R9","V4","V17","impfun","iprspot",0,-0.000124173248024542,0.00364170389563912,0,0,TRUE,0.996
"IE","R9","V4","V18","impfun","ipshabt",0,0.0144024417302712,0.0201776376969633,0,0.0627063867414273,TRUE,0.612
"IE","R9","V4","V19","impfun","ipstrgv",0,0.00351732799629329,0.0101157012604584,0,0.0358210808147064,TRUE,0.88
"IE","R9","V4","V20","impfun","ipsuces",0.037847102843682,0.0333999049238471,0.024586632780019,0,0.0842433068692495,TRUE,0.258
"IE","R9","V4","V21","impfun","ipudrst",0,0.000865483110999712,0.00473585591408587,0,0.0222503765647601,TRUE,0.966
"IE","R9","V4","V5","impfun","imprich",0,-0.000364836925636141,0.0042207698060513,0,0,TRUE,0.992
"IE","R9","V4","V6","impfun","impsafe",0,0.0016310158705913,0.00719664984324279,0,0.0304031530326669,TRUE,0.948
"IE","R9","V4","V7","impfun","imptrad",0.0596364857750213,0.0552941627384421,0.0396083594077429,0,0.125909377596356,TRUE,0.268
"IE","R9","V4","V8","impfun","ipadvnt",0.16877717131704,0.175493914291237,0.022923201227342,0.128881154908223,0.218782434977459,FALSE,0
"IE","R9","V4","V9","impfun","ipbhprp",0,0.00195808541158773,0.00818682922085682,0,0.0347897531023407,TRUE,0.94
"IE","R9","V5","V10","imprich","ipcrtiv",0,0.0224348163291539,0.0252393420747483,0,0.0738469369172066,TRUE,0.51
"IE","R9","V5","V11","imprich","ipeqopt",0,-0.00578606866922402,0.0134473838633341,-0.047164625257192,0,TRUE,0.822
"IE","R9","V5","V12","imprich","ipfrule",0.028450508336457,0.0374539018725204,0.0306658923215875,0,0.0991445877582587,TRUE,0.326
"IE","R9","V5","V13","imprich","ipgdtim",0.137608751850595,0.137228991293599,0.022407884117178,0.0922468293545265,0.179579313820856,FALSE,0
"IE","R9","V5","V14","imprich","iphlppl",0,-0.0299858337781743,0.0334829861074995,-0.0924336240100775,0,TRUE,0.524
"IE","R9","V5","V15","imprich","iplylfr",0,-0.0136944767429787,0.0205818072708287,-0.0628736194232108,0,TRUE,0.658
"IE","R9","V5","V16","imprich","ipmodst",-0.0280310784497338,-0.0251259350513629,0.0242126027530084,-0.0715853995666375,0,TRUE,0.414
"IE","R9","V5","V17","imprich","iprspot",0.0345124572176308,0.0318948726972242,0.0255947484233988,0,0.0815572415810587,TRUE,0.31
"IE","R9","V5","V18","imprich","ipshabt",0.0818783986213654,0.0760217105247239,0.0236172755282423,0.0316642183635032,0.124550996479975,FALSE,0.004
"IE","R9","V5","V19","imprich","ipstrgv",0,4.92691444879855e-05,0.00110169156268395,0,0,TRUE,0.998
"IE","R9","V5","V20","imprich","ipsuces",0.215330401332256,0.208310562777579,0.0246909558745122,0.15952985347603,0.253741941378736,FALSE,0
"IE","R9","V5","V21","imprich","ipudrst",0,-0.0135629953655768,0.0240992995346664,-0.0745121192078731,0,TRUE,0.736
"IE","R9","V5","V6","imprich","impsafe",0,0.0125574432778275,0.0221520178212612,0,0.0688757296311104,TRUE,0.726
"IE","R9","V5","V7","imprich","imptrad",0,-0.0101038292031817,0.0192590344230248,-0.0624526944132557,0,TRUE,0.756
"IE","R9","V5","V8","imprich","ipadvnt",0.0654683364419575,0.07171010619647,0.0239960218284609,0.021875449944311,0.11984882947764,FALSE,0.02
"IE","R9","V5","V9","imprich","ipbhprp",0,-0.000244824563403339,0.00329441876572923,0,0,TRUE,0.994
"IE","R9","V6","V10","impsafe","ipcrtiv",0,0.000825286497422515,0.00506830790411297,0,0.0197900691099284,TRUE,0.972
"IE","R9","V6","V11","impsafe","ipeqopt",0.0970645659943766,0.0944993242691391,0.0231645834899521,0.0491563589658218,0.14116364045067,FALSE,0.002
"IE","R9","V6","V12","impsafe","ipfrule",0.0231022420354882,0.0229698949326347,0.0221511253416494,0,0.0698426008325417,TRUE,0.402
"IE","R9","V6","V13","impsafe","ipgdtim",0,0.00309787351368924,0.0110033468621885,0,0.0432292118180308,TRUE,0.92
"IE","R9","V6","V14","impsafe","iphlppl",0,0.001500172917855,0.00720186602655136,0,0.0279604621477499,TRUE,0.954
"IE","R9","V6","V15","impsafe","iplylfr",0.0335791017726687,0.0328830138183848,0.0257109312137754,0,0.0850710497144483,TRUE,0.286
"IE","R9","V6","V16","impsafe","ipmodst",0.0675708039103148,0.0647370354469985,0.0264967139767146,0,0.114383696405521,TRUE,0.042
"IE","R9","V6","V17","impsafe","iprspot",0,0.0239576656263885,0.0254935284369513,0,0.0734475860145006,TRUE,0.476
"IE","R9","V6","V18","impsafe","ipshabt",0.0952307527684226,0.0831278216448124,0.0222816681698817,0.0395789434582762,0.124293428010149,FALSE,0.004
"IE","R9","V6","V19","impsafe","ipstrgv",0.257570460435392,0.252329017714655,0.0252468668985477,0.200668425817359,0.298756555750364,FALSE,0
"IE","R9","V6","V20","impsafe","ipsuces",0,0,0,0,0,TRUE,1
"IE","R9","V6","V21","impsafe","ipudrst",0,0.0015427616800364,0.00709759232799579,0,0.0289982377048499,TRUE,0.95
"IE","R9","V6","V7","impsafe","imptrad",0,0.0110109123667259,0.0178361107849418,0,0.0586292093859138,TRUE,0.682
"IE","R9","V6","V8","impsafe","ipadvnt",-0.104014316568865,-0.110933058362399,0.0260293983922958,-0.159636037254299,-0.0621361425410229,FALSE,0.004
"IE","R9","V6","V9","impsafe","ipbhprp",0.0777741144330276,0.0756115213718082,0.0255359486293341,0.0222111996458432,0.12575294600783,FALSE,0.022
"IE","R9","V7","V10","imptrad","ipcrtiv",0,0.00127056664352006,0.00687872225241345,0,0.0296922763173302,TRUE,0.964
"IE","R9","V7","V11","imptrad","ipeqopt",0,-0.00185191042980036,0.00947191408071849,-0.040091062337239,0,TRUE,0.96
"IE","R9","V7","V12","imptrad","ipfrule",0.148138568565044,0.152204692915426,0.0250669636616556,0.102985144004779,0.205387699317909,FALSE,0
"IE","R9","V7","V13","imptrad","ipgdtim",-0.0172248841058259,-0.017626019203698,0.0250063483264537,-0.0752000292686909,0,TRUE,0.636
"IE","R9","V7","V14","imptrad","iphlppl",0.0488778891181915,0.0505196380313487,0.0271607197103225,0,0.101267148948976,TRUE,0.122
"IE","R9","V7","V15","imptrad","iplylfr",0,0.00533145752872485,0.0124328776725962,0,0.0445799488301477,TRUE,0.824
"IE","R9","V7","V16","imptrad","ipmodst",0.0379645341952812,0.0362624993700555,0.0268174855976924,0,0.0898187925004182,TRUE,0.246
"IE","R9","V7","V17","imptrad","iprspot",0.0625083754576831,0.0656073431843971,0.0314526774631323,0,0.124974031818471,TRUE,0.1
"IE","R9","V7","V18","imptrad","ipshabt",0,-0.00064579076768711,0.00505511349374941,0,0,TRUE,0.982
"IE","R9","V7","V19","imptrad","ipstrgv",0.0744928535512036,0.0687012411232767,0.0256757169966402,0.0156812881010789,0.118137086569652,FALSE,0.02
"IE","R9","V7","V20","imptrad","ipsuces",0,-0.00105157517047961,0.00693884027717168,-0.0131359761489015,0,TRUE,0.976
"IE","R9","V7","V21","imptrad","ipudrst",0,-0.000827115713286538,0.0066166445808677,0,0,TRUE,0.98
"IE","R9","V7","V8","imptrad","ipadvnt",0,-0.0151027847540566,0.0223691020618832,-0.0663589639861963,0,TRUE,0.654
"IE","R9","V7","V9","imptrad","ipbhprp",0.173704803664275,0.170549775462786,0.0257748767244213,0.120474130812918,0.226777389923292,FALSE,0
"IE","R9","V8","V10","ipadvnt","ipcrtiv",0,0.024476156711787,0.023712011309147,0,0.0736836698814766,TRUE,0.414
"IE","R9","V8","V11","ipadvnt","ipeqopt",0,0.000228518353206848,0.00258492546417876,0,0,TRUE,0.992
"IE","R9","V8","V12","ipadvnt","ipfrule",0,-0.0162238506546713,0.0245994617841615,-0.0770603291750072,0,TRUE,0.656
"IE","R9","V8","V13","ipadvnt","ipgdtim",0.0798416811504764,0.0835535728385944,0.024241680830738,0.0382440514685415,0.132497784733007,FALSE,0.004
"IE","R9","V8","V14","ipadvnt","iphlppl",0,0.0011533119204176,0.00647106979471657,0,0.0274306139193408,TRUE,0.966
"IE","R9","V8","V15","ipadvnt","iplylfr",0,0,0,0,0,TRUE,1
"IE","R9","V8","V16","ipadvnt","ipmodst",0,-6.30905551409461e-05,0.002833202842357,0,0,TRUE,0.992
"IE","R9","V8","V17","ipadvnt","iprspot",0,0.0198494626534912,0.0284227387942848,0,0.0837926115990115,TRUE,0.636
"IE","R9","V8","V18","ipadvnt","ipshabt",0,0.032145233808472,0.0251114651824269,0,0.0792395386678885,TRUE,0.296
"IE","R9","V8","V19","ipadvnt","ipstrgv",0,-0.00177935640307607,0.00864732473121047,-0.0391615658326143,0,TRUE,0.956
"IE","R9","V8","V20","ipadvnt","ipsuces",0.14780857748369,0.146654046064956,0.0234488575513927,0.0995386886595432,0.190554321279366,FALSE,0
"IE","R9","V8","V21","ipadvnt","ipudrst",0,0.000433912045382939,0.00374243301938249,0,0,TRUE,0.986
"IE","R9","V8","V9","ipadvnt","ipbhprp",0,-0.00293777968820712,0.0101622043054154,-0.043053973085545,0,TRUE,0.916
"IE","R9","V9","V10","ipbhprp","ipcrtiv",0,0.000291396132380136,0.00298971600733764,0,0,TRUE,0.99
"IE","R9","V9","V11","ipbhprp","ipeqopt",0,0.000104716221271014,0.00167408007884448,0,0,TRUE,0.996
"IE","R9","V9","V12","ipbhprp","ipfrule",0.188683268770183,0.190344190980277,0.0238599917583467,0.142319555364415,0.23473003813831,FALSE,0
"IE","R9","V9","V13","ipbhprp","ipgdtim",0,0,0,0,0,TRUE,1
"IE","R9","V9","V14","ipbhprp","iphlppl",0.017187636348388,0.0184800216431636,0.0205355349664765,0,0.0631846425688396,TRUE,0.48
"IE","R9","V9","V15","ipbhprp","iplylfr",0.0781538558605247,0.0750797409458459,0.0238287621221503,0.0279584870073182,0.124060891820286,FALSE,0.01
"IE","R9","V9","V16","ipbhprp","ipmodst",0.137025917993847,0.134059524531466,0.0260320168854027,0.088943838632403,0.194389519397032,FALSE,0
"IE","R9","V9","V17","ipbhprp","iprspot",0.195843197329968,0.195192917374929,0.0233906672735092,0.147824302255033,0.242789979157544,FALSE,0
"IE","R9","V9","V18","ipbhprp","ipshabt",0,0.000180148649328144,0.00288617537362212,0,0,TRUE,0.99
"IE","R9","V9","V19","ipbhprp","ipstrgv",0.0812543845657838,0.0782448484416819,0.0263611013359198,0.0279525979968579,0.136116570337825,FALSE,0.008
"IE","R9","V9","V20","ipbhprp","ipsuces",0,6.31477017560725e-05,0.00141202553749461,0,0,TRUE,0.998
"IE","R9","V9","V21","ipbhprp","ipudrst",0,-0.00045676238934064,0.00467850443892646,0,0,TRUE,0.99
"IS","R10","V1","V10","impdiff","ipcrtiv",0.0839227631255658,0.0813993143666307,0.0408279540159574,0,0.145583109937608,TRUE,0.126
"IS","R10","V1","V11","impdiff","ipeqopt",0,0.000656224060424562,0.00620331777844478,0,0,TRUE,0.988
"IS","R10","V1","V12","impdiff","ipfrule",0,0,0,0,0,TRUE,1
"IS","R10","V1","V13","impdiff","ipgdtim",0.0521754712347702,0.0422448306512571,0.0389315553544624,0,0.11977729724844,TRUE,0.39
"IS","R10","V1","V14","impdiff","iphlppl",0,0.00100403279915687,0.00680659042023101,0,0,TRUE,0.978
"IS","R10","V1","V15","impdiff","iplylfr",0,0.000212566822691345,0.00341639247005572,0,0,TRUE,0.996
"IS","R10","V1","V16","impdiff","ipmodst",0,-0.000227395415116751,0.00359573226527925,0,0,TRUE,0.996
"IS","R10","V1","V17","impdiff","iprspot",0,0,0,0,0,TRUE,1
"IS","R10","V1","V18","impdiff","ipshabt",0,0.000893314194864912,0.00680171244659828,0,0,TRUE,0.982
"IS","R10","V1","V19","impdiff","ipstrgv",0,8.74331610877083e-05,0.00195506491679805,0,0,TRUE,0.998
"IS","R10","V1","V2","impdiff","impenv",0.057712897841486,0.0445567589515579,0.0423711074950676,0,0.133990521461236,TRUE,0.414
"IS","R10","V1","V20","impdiff","ipsuces",0,0.00131455930905258,0.00825223398366908,0,0.0345151383559422,TRUE,0.974
"IS","R10","V1","V21","impdiff","ipudrst",0,0.0129138720196797,0.0261952803520169,0,0.0867547013459994,TRUE,0.782
"IS","R10","V1","V3","impdiff","impfree",0,0,0,0,0,TRUE,1
"IS","R10","V1","V4","impdiff","impfun",0.0747244622146308,0.0694740958875888,0.0424927077333965,0,0.146236372995362,TRUE,0.19
"IS","R10","V1","V5","impdiff","imprich",0,0,0,0,0,TRUE,1
"IS","R10","V1","V6","impdiff","impsafe",0,-0.00164368076558118,0.00996910930956093,-0.0434057902089351,0,TRUE,0.972
"IS","R10","V1","V7","impdiff","imptrad",0,0.000165370937674462,0.00369780658142978,0,0,TRUE,0.998
"IS","R10","V1","V8","impdiff","ipadvnt",0.394285463680267,0.391783302755988,0.0322326551969182,0.328262060425254,0.456371340327526,FALSE,0
"IS","R10","V1","V9","impdiff","ipbhprp",0,-0.0108470458514135,0.0255080545950446,-0.0798750042394624,0,TRUE,0.83
"IS","R10","V10","V11","ipcrtiv","ipeqopt",0.0439272295851535,0.0496857372605606,0.03674019991964,0,0.120184756586265,TRUE,0.254
"IS","R10","V10","V12","ipcrtiv","ipfrule",0,-7.72155198095003e-05,0.00172659151212024,0,0,TRUE,0.998
"IS","R10","V10","V13","ipcrtiv","ipgdtim",0,0.000845740654958234,0.00562238978279799,0,0.0097561504617619,TRUE,0.976
"IS","R10","V10","V14","ipcrtiv","iphlppl",0,0.000884366905622193,0.00614205074586727,0,0,TRUE,0.978
"IS","R10","V10","V15","ipcrtiv","iplylfr",0,0.00257156546134708,0.0111907954350067,0,0.0450581355766803,TRUE,0.944
"IS","R10","V10","V16","ipcrtiv","ipmodst",0,-0.000793810454962686,0.0064157523347359,0,0,TRUE,0.984
"IS","R10","V10","V17","ipcrtiv","iprspot",0,0.000496203683246492,0.00425093419471552,0,0,TRUE,0.986
"IS","R10","V10","V18","ipcrtiv","ipshabt",0,0.00206719562197045,0.0117365699380191,0,0.0495709655994082,TRUE,0.968
"IS","R10","V10","V19","ipcrtiv","ipstrgv",0,0.00089857611325597,0.00696450849403755,0,0,TRUE,0.98
"IS","R10","V10","V20","ipcrtiv","ipsuces",0,0.00884219715131295,0.0226265261837985,0,0.0778606214770954,TRUE,0.858
"IS","R10","V10","V21","ipcrtiv","ipudrst",0,0.00221958910197991,0.00972143529425769,0,0.0405545106104034,TRUE,0.946
"IS","R10","V11","V12","ipeqopt","ipfrule",0,-0.00248312588448753,0.0136879406706177,-0.0578399857830717,0,TRUE,0.964
"IS","R10","V11","V13","ipeqopt","ipgdtim",0,-0.000644649430334497,0.00731764188704939,0,0,TRUE,0.992
"IS","R10","V11","V14","ipeqopt","iphlppl",0.0612386556849209,0.0673483110111188,0.0446664341015619,0,0.15951779896006,TRUE,0.208
"IS","R10","V11","V15","ipeqopt","iplylfr",0.111804861696677,0.113828481503783,0.0502667939819497,0,0.208267953693592,TRUE,0.058
"IS","R10","V11","V16","ipeqopt","ipmodst",0,0.00881883115992501,0.0203978661697486,0,0.0698623002443428,TRUE,0.82
"IS","R10","V11","V17","ipeqopt","iprspot",0,0,0,0,0,TRUE,1
"IS","R10","V11","V18","ipeqopt","ipshabt",0,0.00575488989341796,0.0180671143579187,0,0.0707803385683765,TRUE,0.9
"IS","R10","V11","V19","ipeqopt","ipstrgv",0.0909157065548173,0.0956156937147123,0.0368355732567759,0,0.169100164259818,TRUE,0.038
"IS","R10","V11","V20","ipeqopt","ipsuces",0,0,0,0,0,TRUE,1
"IS","R10","V11","V21","ipeqopt","ipudrst",0.0686122889391471,0.0761384965254119,0.0409613460942906,0,0.160687109538529,TRUE,0.104
"IS","R10","V12","V13","ipfrule","ipgdtim",0,0.000439745417037355,0.00496807321936706,0,0,TRUE,0.992
"IS","R10","V12","V14","ipfrule","iphlppl",0,0.00787181773103679,0.0219538653203596,0,0.0732561525171873,TRUE,0.87
"IS","R10","V12","V15","ipfrule","iplylfr",0,-0.000526486872487447,0.00608344669348295,0,0,TRUE,0.992
"IS","R10","V12","V16","ipfrule","ipmodst",0.0311667196822473,0.0282995364068719,0.0323442527174279,0,0.0964652185366838,TRUE,0.5
"IS","R10","V12","V17","ipfrule","iprspot",0.150118440827939,0.150130189624136,0.0383330576931815,0.0782603270640084,0.226539759134942,FALSE,0.006
"IS","R10","V12","V18","ipfrule","ipshabt",0,-0.00172187850853662,0.0102805754823955,-0.0438632651554566,0,TRUE,0.97
"IS","R10","V12","V19","ipfrule","ipstrgv",0.0922123468150154,0.0969289351569022,0.0393427958910245,0,0.17084979308679,TRUE,0.046
"IS","R10","V12","V20","ipfrule","ipsuces",0,-0.000553504452512527,0.00634445461918417,0,0,TRUE,0.992
"IS","R10","V12","V21","ipfrule","ipudrst",0,0.00242788568852368,0.0104719387647805,0,0.0412070996906243,TRUE,0.942
"IS","R10","V13","V14","ipgdtim","iphlppl",0.0404552152445565,0.0345807391710509,0.0385916247949958,0,0.118454972668349,TRUE,0.478
"IS","R10","V13","V15","ipgdtim","iplylfr",0.141223951068818,0.136339071931023,0.0403127822999307,0.0585628451690122,0.22061523723665,FALSE,0.004
"IS","R10","V13","V16","ipgdtim","ipmodst",0,0.000950447233712827,0.00798888240224032,0,0,TRUE,0.984
"IS","R10","V13","V17","ipgdtim","iprspot",0,0.000385369379258658,0.00388876416869714,0,0,TRUE,0.99
"IS","R10","V13","V18","ipgdtim","ipshabt",0,0,0,0,0,TRUE,1
"IS","R10","V13","V19","ipgdtim","ipstrgv",0,0.00474340812935881,0.014514671491726,0,0.0553432549947307,TRUE,0.894
"IS","R10","V13","V20","ipgdtim","ipsuces",0.0569578271833397,0.0415418599751845,0.0356108704674097,0,0.103038782231898,TRUE,0.37
"IS","R10","V13","V21","ipgdtim","ipudrst",0.04162931732678,0.0361116720888196,0.0376067414537134,0,0.118574980139225,TRUE,0.442
"IS","R10","V14","V15","iphlppl","iplylfr",0.269841684826945,0.274683099405405,0.041613133936423,0.188140779064128,0.351029774479404,FALSE,0
"IS","R10","V14","V16","iphlppl","ipmodst",0,0.000697963500184623,0.00590694644486722,0,0,TRUE,0.986
"IS","R10","V14","V17","iphlppl","iprspot",0,-0.00176915257709807,0.0123174487999033,0,0,TRUE,0.978
"IS","R10","V14","V18","iphlppl","ipshabt",0,0,0,0,0,TRUE,1
"IS","R10","V14","V19","iphlppl","ipstrgv",0,0.00130566915029291,0.00758356941529868,0,0.0354050461008119,TRUE,0.97
"IS","R10","V14","V20","iphlppl","ipsuces",0,0.00570589912511431,0.0172866577043337,0,0.0634760208048177,TRUE,0.892
"IS","R10","V14","V21","iphlppl","ipudrst",0.192166241555621,0.195464251356718,0.0400681939038349,0.113237162240197,0.277119405588884,FALSE,0
"IS","R10","V15","V16","iplylfr","ipmodst",0,0.0224764614790559,0.0319967040840281,0,0.0923430234689165,TRUE,0.628
"IS","R10","V15","V17","iplylfr","iprspot",0,0.0128947605153771,0.0271522513043167,0,0.0884561301755946,TRUE,0.786
"IS","R10","V15","V18","iplylfr","ipshabt",0,0,0,0,0,TRUE,1
"IS","R10","V15","V19","iplylfr","ipstrgv",0,0.00101670938826871,0.00724948780172595,0,0,TRUE,0.98
"IS","R10","V15","V20","iplylfr","ipsuces",0,-7.21565083023115e-05,0.00161346857582997,0,0,TRUE,0.998
"IS","R10","V15","V21","iplylfr","ipudrst",0.0488688449270332,0.0537654129260683,0.0387569222505531,0,0.129323529574232,TRUE,0.23
"IS","R10","V16","V17","ipmodst","iprspot",0,-0.00118817464014165,0.00889863779087427,0,0,TRUE,0.98
"IS","R10","V16","V18","ipmodst","ipshabt",0,-0.0203050139787374,0.0384303325426363,-0.118454288422091,0,TRUE,0.764
"IS","R10","V16","V19","ipmodst","ipstrgv",0.054567190594658,0.0540382035599115,0.0406973354234565,0,0.125576546466927,TRUE,0.276
"IS","R10","V16","V20","ipmodst","ipsuces",0,-0.00466701484731148,0.0187817644417027,-0.0814335209844356,0,TRUE,0.936
"IS","R10","V16","V21","ipmodst","ipudrst",0.0501599926429061,0.0512901689300409,0.0432117399923571,0,0.129849054500521,TRUE,0.354
"IS","R10","V17","V18","iprspot","ipshabt",0.0921215510231128,0.0835127886326511,0.0510221175805922,0,0.164894741640148,TRUE,0.22
"IS","R10","V17","V19","iprspot","ipstrgv",0,0.0128989613104963,0.0252317571167043,0,0.0802911100438015,TRUE,0.77
"IS","R10","V17","V20","iprspot","ipsuces",0.139563996265659,0.136200400441693,0.0406842885711384,0,0.204898895805612,TRUE,0.032
"IS","R10","V17","V21","iprspot","ipudrst",0,0,0,0,0,TRUE,1
"IS","R10","V18","V19","ipshabt","ipstrgv",0,0.000146077157722981,0.00326638454628543,0,0,TRUE,0.998
"IS","R10","V18","V20","ipshabt","ipsuces",0.422080061858551,0.417086941990827,0.0314537641819403,0.353323268130187,0.483730909587056,FALSE,0
"IS","R10","V18","V21","ipshabt","ipudrst",0,0,0,0,0,TRUE,1
"IS","R10","V19","V20","ipstrgv","ipsuces",0,0.00567941761426323,0.0215488470999215,0,0.0872610326313699,TRUE,0.932
"IS","R10","V19","V21","ipstrgv","ipudrst",0,0.000280308492093143,0.00330954711495209,0,0,TRUE,0.992
"IS","R10","V2","V10","impenv","ipcrtiv",0.053421304532881,0.0498131308856861,0.0387131943350496,0,0.127630188544543,TRUE,0.274
"IS","R10","V2","V11","impenv","ipeqopt",0.114052086198856,0.113007723499892,0.0365277053494481,0.0440388926981174,0.179513448162226,FALSE,0.006
"IS","R10","V2","V12","impenv","ipfrule",0,-0.00321450547076129,0.0145306516083752,-0.0632069688172184,0,TRUE,0.95
"IS","R10","V2","V13","impenv","ipgdtim",0,0.000100567973149082,0.00264146766434597,0,0,TRUE,0.994
"IS","R10","V2","V14","impenv","iphlppl",0.0661287149175023,0.0606159196384251,0.0442492993075873,0,0.140366377322339,TRUE,0.276
"IS","R10","V2","V15","impenv","iplylfr",0,0.0147390246638628,0.0266737161401865,0,0.0802726143446327,TRUE,0.736
"IS","R10","V2","V16","impenv","ipmodst",0,0.00900372878485408,0.0214017941211973,0,0.0725617774976504,TRUE,0.826
"IS","R10","V2","V17","impenv","iprspot",0,0.000107069925859874,0.0017176728275167,0,0,TRUE,0.996
"IS","R10","V2","V18","impenv","ipshabt",0,0,0,0,0,TRUE,1
"IS","R10","V2","V19","impenv","ipstrgv",0.0403163050710474,0.038825319744862,0.0369484701510331,0,0.11248479164492,TRUE,0.404
"IS","R10","V2","V20","impenv","ipsuces",0,0,0,0,0,TRUE,1
"IS","R10","V2","V21","impenv","ipudrst",0,0.0120865271740785,0.0241426739750537,0,0.0781294705090678,TRUE,0.77
"IS","R10","V2","V3","impenv","impfree",0,0.0107108756501815,0.0224628825122967,0,0.0756927943403308,TRUE,0.786
"IS","R10","V2","V4","impenv","impfun",0,0.000390736469373341,0.00505556641453739,0,0,TRUE,0.994
"IS","R10","V2","V5","impenv","imprich",-0.0829857387852744,-0.058636375750528,0.0488173715648224,-0.151549743124901,0,TRUE,0.332
"IS","R10","V2","V6","impenv","impsafe",0,0.00246986767830152,0.0118554834641884,0,0.0462539609254891,TRUE,0.952
"IS","R10","V2","V7","impenv","imptrad",0,0.0173359078385966,0.0288204071836493,0,0.08939682599473,TRUE,0.702
"IS","R10","V2","V8","impenv","ipadvnt",0,0.000554315208113162,0.00633040826292075,0,0,TRUE,0.992
"IS","R10","V2","V9","impenv","ipbhprp",0,0,0,0,0,TRUE,1
"IS","R10","V20","V21","ipsuces","ipudrst",0,0,0,0,0,TRUE,1
"IS","R10","V3","V10","impfree","ipcrtiv",0.184815275658794,0.180509663621805,0.0326349785007771,0.111599066804544,0.245706383698241,FALSE,0
"IS","R10","V3","V11","impfree","ipeqopt",0,0.026236151484044,0.0323061721197866,0,0.101142086753951,TRUE,0.54
"IS","R10","V3","V12","impfree","ipfrule",0,0,0,0,0,TRUE,1
"IS","R10","V3","V13","impfree","ipgdtim",0.131322768566169,0.111516915432619,0.0386523285159151,0.0302603119263296,0.18280716959765,FALSE,0.022
"IS","R10","V3","V14","impfree","iphlppl",0,0.00682243597199688,0.0196128070743021,0,0.0717504894343906,TRUE,0.882
"IS","R10","V3","V15","impfree","iplylfr",0,0.00097427226782535,0.00679246554271861,0,0.00892334755555374,TRUE,0.976
"IS","R10","V3","V16","impfree","ipmodst",0,-9.03834967951752e-05,0.00202103642878146,0,0,TRUE,0.998
"IS","R10","V3","V17","impfree","iprspot",0.0431291793861795,0.03318964611159,0.035114309832691,0,0.102189445884983,TRUE,0.472
"IS","R10","V3","V18","impfree","ipshabt",0,0,0,0,0,TRUE,1
"IS","R10","V3","V19","impfree","ipstrgv",0,0.00221408015801727,0.00959283691090867,0,0.0419868601781265,TRUE,0.944
"IS","R10","V3","V20","impfree","ipsuces",0,0.000326755317893619,0.00329893963623658,0,0,TRUE,0.99
"IS","R10","V3","V21","impfree","ipudrst",0,0.00377432775040219,0.0127727082510572,0,0.0489387003655819,TRUE,0.912
"IS","R10","V3","V4","impfree","impfun",0,0,0,0,0,TRUE,1
"IS","R10","V3","V5","impfree","imprich",0,0,0,0,0,TRUE,1
"IS","R10","V3","V6","impfree","impsafe",0,0.00300140075851858,0.0156113201415951,0,0.0627341928466037,TRUE,0.96
"IS","R10","V3","V7","impfree","imptrad",0,-0.000117193023224388,0.00262051566418442,0,0,TRUE,0.998
"IS","R10","V3","V8","impfree","ipadvnt",0.0554941571915336,0.0407708327751731,0.0371495837136681,0,0.106868643969901,TRUE,0.39
"IS","R10","V3","V9","impfree","ipbhprp",0,0,0,0,0,TRUE,1
"IS","R10","V4","V10","impfun","ipcrtiv",0,0,0,0,0,TRUE,1
"IS","R10","V4","V11","impfun","ipeqopt",0,0.00346542284756748,0.0128399013655149,0,0.0486759347193856,TRUE,0.926
"IS","R10","V4","V12","impfun","ipfrule",0,0,0,0,0,TRUE,1
"IS","R10","V4","V13","impfun","ipgdtim",0.249124403923976,0.241535660071968,0.0315870771711811,0.180092980392178,0.305000576315165,FALSE,0
"IS","R10","V4","V14","impfun","iphlppl",0,0,0,0,0,TRUE,1
"IS","R10","V4","V15","impfun","iplylfr",0,0.00435214574688525,0.0154190086511086,0,0.060854747949254,TRUE,0.916
"IS","R10","V4","V16","impfun","ipmodst",0,-7.92459433593968e-05,0.00177199316292709,0,0,TRUE,0.998
"IS","R10","V4","V17","impfun","iprspot",0,0.00457220545895763,0.0150154509563259,0,0.0506196684542873,TRUE,0.9
"IS","R10","V4","V18","impfun","ipshabt",0.059928924769592,0.0403837047507163,0.0407128351190547,0,0.120267194926479,TRUE,0.464
"IS","R10","V4","V19","impfun","ipstrgv",0,0.00613033879994078,0.0163383789024256,0,0.0551675994334205,TRUE,0.864
"IS","R10","V4","V20","impfun","ipsuces",0,0.00948452885240285,0.0225170528047021,0,0.0730016142042146,TRUE,0.836
"IS","R10","V4","V21","impfun","ipudrst",0,0.0010292837377798,0.00622720539335576,0,0.0270175243189167,TRUE,0.972
"IS","R10","V4","V5","impfun","imprich",0.0840333096320917,0.0744320580995443,0.0381522618492773,0,0.144688483045022,TRUE,0.11
"IS","R10","V4","V6","impfun","impsafe",0,-2.19618627884441e-05,0.00363164425198466,0,0,TRUE,0.996
"IS","R10","V4","V7","impfun","imptrad",0,7.17185369616294e-05,0.00160367523893035,0,0,TRUE,0.998
"IS","R10","V4","V8","impfun","ipadvnt",0.0957219654968391,0.0929699675635374,0.0386163801546293,0,0.165782740480372,TRUE,0.06
"IS","R10","V4","V9","impfun","ipbhprp",0,0,0,0,0,TRUE,1
"IS","R10","V5","V10","imprich","ipcrtiv",0,0.00204654631996613,0.0104814325026872,0,0.0438423228610708,TRUE,0.96
"IS","R10","V5","V11","imprich","ipeqopt",0,-0.000180511741047521,0.00289360611163811,0,0,TRUE,0.996
"IS","R10","V5","V12","imprich","ipfrule",0,0,0,0,0,TRUE,1
"IS","R10","V5","V13","imprich","ipgdtim",0,0.00161373368820515,0.00888662562445896,0,0.0399951723552533,TRUE,0.966
"IS","R10","V5","V14","imprich","iphlppl",0,-0.00114726437498894,0.00868840573168316,0,0,TRUE,0.98
"IS","R10","V5","V15","imprich","iplylfr",0,0,0,0,0,TRUE,1
"IS","R10","V5","V16","imprich","ipmodst",0,-0.000142139878477892,0.00317834430590126,0,0,TRUE,0.998
"IS","R10","V5","V17","imprich","iprspot",0.0304767036019263,0.0266642754973547,0.0324104049828017,0,0.100133054997406,TRUE,0.54
"IS","R10","V5","V18","imprich","ipshabt",0.0947091737958369,0.0840658937038147,0.0449910779576264,0,0.160799716384053,TRUE,0.15
"IS","R10","V5","V19","imprich","ipstrgv",0,0.00517676179330847,0.0170557181458013,0,0.0638752923096731,TRUE,0.904
"IS","R10","V5","V20","imprich","ipsuces",0.153589845232597,0.15026654558521,0.0358121748531324,0.0809668041128781,0.218846275685405,FALSE,0
"IS","R10","V5","V21","imprich","ipudrst",0,-0.00661853589625665,0.0195339376357275,-0.0714678199975603,0,TRUE,0.884
"IS","R10","V5","V6","imprich","impsafe",0,0.00371694061570838,0.0140607574571681,0,0.0526912306546297,TRUE,0.926
"IS","R10","V5","V7","imprich","imptrad",0,0,0,0,0,TRUE,1
"IS","R10","V5","V8","imprich","ipadvnt",0.0631472867234257,0.0493725790393027,0.0392344187232653,0,0.124554506287172,TRUE,0.308
"IS","R10","V5","V9","imprich","ipbhprp",0,0.000240945009250537,0.00311224731173544,0,0,TRUE,0.994
"IS","R10","V6","V10","impsafe","ipcrtiv",0,-0.00770904846410469,0.0224164935689,-0.0820014826502266,0,TRUE,0.884
"IS","R10","V6","V11","impsafe","ipeqopt",0,0.0110685191921821,0.0244042803970518,0,0.0815634771919633,TRUE,0.8
"IS","R10","V6","V12","impsafe","ipfrule",0,0.0194657896014407,0.0288586023646461,0,0.0880319860661935,TRUE,0.628
"IS","R10","V6","V13","impsafe","ipgdtim",0,0.0104910815719624,0.0234606264748696,0,0.0798606380399158,TRUE,0.816
"IS","R10","V6","V14","impsafe","iphlppl",0,0.00824564058195474,0.021891394685942,0,0.0779374097434581,TRUE,0.856
"IS","R10","V6","V15","impsafe","iplylfr",0,0.000290385565474462,0.00394617857280483,0,0,TRUE,0.994
"IS","R10","V6","V16","impsafe","ipmodst",0.0748135502511804,0.0672936707347682,0.0466596340652188,0,0.15335667106677,TRUE,0.234
"IS","R10","V6","V17","impsafe","iprspot",0,0.000244509501128416,0.00317198874663277,0,0,TRUE,0.994
"IS","R10","V6","V18","impsafe","ipshabt",0,0.00123039492514299,0.0100798666307757,0,0,TRUE,0.984
"IS","R10","V6","V19","impsafe","ipstrgv",0.11251663046764,0.108388086825168,0.0346925980876474,0.0379493641398222,0.170535916382251,FALSE,0.008
"IS","R10","V6","V20","impsafe","ipsuces",0,0.00165706341650472,0.0114831762944204,0,0,TRUE,0.978
"IS","R10","V6","V21","impsafe","ipudrst",0,-0.00246138099685417,0.0134959932820431,-0.0524660112415985,0,TRUE,0.962
"IS","R10","V6","V7","impsafe","imptrad",0.100733207581239,0.102059686620909,0.0378297967293566,0,0.175578084620737,TRUE,0.026
"IS","R10","V6","V8","impsafe","ipadvnt",-0.0657777332600389,-0.0588717635723309,0.046954657072563,-0.147968357183979,0,TRUE,0.312
"IS","R10","V6","V9","impsafe","ipbhprp",0.144734053545585,0.138484612735037,0.0341445177954203,0.0705676137900206,0.206066036932869,FALSE,0
"IS","R10","V7","V10","imptrad","ipcrtiv",0,0.000385740895467785,0.00456560225407353,0,0,TRUE,0.992
"IS","R10","V7","V11","imptrad","ipeqopt",0,0,0,0,0,TRUE,1
"IS","R10","V7","V12","imptrad","ipfrule",0.0973122558832981,0.0946015258430196,0.039938073056309,0,0.174225518570989,TRUE,0.054
"IS","R10","V7","V13","imptrad","ipgdtim",0,0,0,0,0,TRUE,1
"IS","R10","V7","V14","imptrad","iphlppl",0,0.0045787673909674,0.0155477011435291,0,0.0613832753031987,TRUE,0.912
"IS","R10","V7","V15","imptrad","iplylfr",0,0,0,0,0,TRUE,1
"IS","R10","V7","V16","imptrad","ipmodst",0,-0.000160778397324274,0.0039840529929672,0,0,TRUE,0.994
"IS","R10","V7","V17","imptrad","iprspot",0,0.00575645392766848,0.0167264417158316,0,0.0614330988916299,TRUE,0.88
"IS","R10","V7","V18","imptrad","ipshabt",0,0,0,0,0,TRUE,1
"IS","R10","V7","V19","imptrad","ipstrgv",0.113279844855944,0.118497187443786,0.0353070954525255,0.0500917509867463,0.184655653356596,FALSE,0.006
"IS","R10","V7","V20","imptrad","ipsuces",0,-0.000126018156249541,0.00281785163773163,0,0,TRUE,0.998
"IS","R10","V7","V21","imptrad","ipudrst",0,-0.00103204916669351,0.00815844903517125,0,0,TRUE,0.98
"IS","R10","V7","V8","imptrad","ipadvnt",0,-0.00681259807891133,0.0195498782146103,-0.0702304780115332,0,TRUE,0.878
"IS","R10","V7","V9","imptrad","ipbhprp",0.0311666618356524,0.0330112767257806,0.03403397477437,0,0.0994213110230181,TRUE,0.454
"IS","R10","V8","V10","ipadvnt","ipcrtiv",0.0907661924973944,0.0811368512122065,0.0413979819147403,0,0.152329313204581,TRUE,0.13
"IS","R10","V8","V11","ipadvnt","ipeqopt",0,-0.00328520106252957,0.0153944729001134,-0.0626553404938459,0,TRUE,0.95
"IS","R10","V8","V12","ipadvnt","ipfrule",0,-0.00178577134710589,0.00912563984188148,-0.037883647977301,0,TRUE,0.96
"IS","R10","V8","V13","ipadvnt","ipgdtim",0.0534641214729883,0.035742211224372,0.0379694232863804,0,0.124266909204044,TRUE,0.454
"IS","R10","V8","V14","ipadvnt","iphlppl",0,0.000897817003993675,0.00653963928307508,0,0,TRUE,0.98
"IS","R10","V8","V15","ipadvnt","iplylfr",0,0.000158121084050899,0.00253060897357859,0,0,TRUE,0.996
"IS","R10","V8","V16","ipadvnt","ipmodst",0,-0.00397182668350541,0.015340042148979,-0.062136827319858,0,TRUE,0.93
"IS","R10","V8","V17","ipadvnt","iprspot",0,0,0,0,0,TRUE,1
"IS","R10","V8","V18","ipadvnt","ipshabt",0,0.00121332599464345,0.00834163858932261,0,0,TRUE,0.978
"IS","R10","V8","V19","ipadvnt","ipstrgv",0,-0.000185839583946245,0.00294782086107209,0,0,TRUE,0.996
"IS","R10","V8","V20","ipadvnt","ipsuces",0.06823515490774,0.0540296858398479,0.0362732520302445,0,0.123533839447409,TRUE,0.232
"IS","R10","V8","V21","ipadvnt","ipudrst",0,0,0,0,0,TRUE,1
"IS","R10","V8","V9","ipadvnt","ipbhprp",0,-0.00112442613471686,0.00823515699546636,0,0,TRUE,0.98
"IS","R10","V9","V10","ipbhprp","ipcrtiv",0,-0.00335905461849496,0.0125645636154602,-0.0484452380597277,0,TRUE,0.924
"IS","R10","V9","V11","ipbhprp","ipeqopt",0,0.000885838835940077,0.00679887140704038,0,0,TRUE,0.982
"IS","R10","V9","V12","ipbhprp","ipfrule",0.219648461976728,0.212120272905868,0.0352351626287362,0.141022719403395,0.28610450944247,FALSE,0
"IS","R10","V9","V13","ipbhprp","ipgdtim",0,0.000344042131328341,0.0039924443676952,0,0,TRUE,0.992
"IS","R10","V9","V14","ipbhprp","iphlppl",0,0.00462511288188463,0.0162315662807449,0,0.0629178701481115,TRUE,0.916
"IS","R10","V9","V15","ipbhprp","iplylfr",0,0.000728003859620362,0.00633718192500589,0,0,TRUE,0.986
"IS","R10","V9","V16","ipbhprp","ipmodst",0.143298680642607,0.140068696453923,0.0347231639168445,0.0684253415921281,0.20765913546332,FALSE,0
"IS","R10","V9","V17","ipbhprp","iprspot",0.101876835167743,0.105889404963644,0.0379917727158997,0.0267507172760984,0.181151386551691,FALSE,0.022
"IS","R10","V9","V18","ipbhprp","ipshabt",0,0,0,0,0,TRUE,1
"IS","R10","V9","V19","ipbhprp","ipstrgv",0,0.00448357067228843,0.0146673344097498,0,0.0577315271917481,TRUE,0.902
"IS","R10","V9","V20","ipbhprp","ipsuces",0,0,0,0,0,TRUE,1
"IS","R10","V9","V21","ipbhprp","ipudrst",0,0.000280680025566958,0.00399052719433416,0,0,TRUE,0.994
"IS","R9","V1","V10","impdiff","ipcrtiv",0.179669428449372,0.178708400154186,0.03327815652428,0.109888555560653,0.244219852627996,FALSE,0
"IS","R9","V1","V11","impdiff","ipeqopt",0,0,0,0,0,TRUE,1
"IS","R9","V1","V12","impdiff","ipfrule",0,0,0,0,0,TRUE,1
"IS","R9","V1","V13","impdiff","ipgdtim",0.139140420331437,0.139763424949953,0.0366632817558973,0.0707446602948905,0.210047858254297,FALSE,0.004
"IS","R9","V1","V14","impdiff","iphlppl",0,0.0109379634683622,0.023708556316135,0,0.0738495527399471,TRUE,0.812
"IS","R9","V1","V15","impdiff","iplylfr",0,0.000113105840053954,0.0025291234701286,0,0,TRUE,0.998
"IS","R9","V1","V16","impdiff","ipmodst",0,-7.68713532469143e-05,0.001718895713825,0,0,TRUE,0.998
"IS","R9","V1","V17","impdiff","iprspot",0,0,0,0,0,TRUE,1
"IS","R9","V1","V18","impdiff","ipshabt",0,0.000189747041189893,0.00299761605098991,0,0,TRUE,0.996
"IS","R9","V1","V19","impdiff","ipstrgv",0,0,0,0,0,TRUE,1
"IS","R9","V1","V2","impdiff","impenv",0,0.000160046390566588,0.00357874608860372,0,0,TRUE,0.998
"IS","R9","V1","V20","impdiff","ipsuces",0,0.0015916616181589,0.00880300383398959,0,0.0377087311917677,TRUE,0.966
"IS","R9","V1","V21","impdiff","ipudrst",0,0.00846941839390435,0.0218214192342597,0,0.0714652430751094,TRUE,0.854
"IS","R9","V1","V3","impdiff","impfree",0,0.0197683985766406,0.031946454797052,0,0.0959368505412486,TRUE,0.698
"IS","R9","V1","V4","impdiff","impfun",0.0636951641401929,0.0606399469763583,0.0418828175154583,0,0.139023174686784,TRUE,0.222
"IS","R9","V1","V5","impdiff","imprich",0,0,0,0,0,TRUE,1
"IS","R9","V1","V6","impdiff","impsafe",0,0,0,0,0,TRUE,1
"IS","R9","V1","V7","impdiff","imptrad",0,0,0,0,0,TRUE,1
"IS","R9","V1","V8","impdiff","ipadvnt",0.330867399730384,0.331021133511887,0.0343055959604696,0.257899515544645,0.396168952703407,FALSE,0
"IS","R9","V1","V9","impdiff","ipbhprp",0,-0.00359844872012058,0.0142222379185067,-0.0587307534180789,0,TRUE,0.934
"IS","R9","V10","V11","ipcrtiv","ipeqopt",0.049849099324316,0.0460365655127973,0.036562696024717,0,0.118846570982292,TRUE,0.284
"IS","R9","V10","V12","ipcrtiv","ipfrule",0,0,0,0,0,TRUE,1
"IS","R9","V10","V13","ipcrtiv","ipgdtim",0,0.00400757221855629,0.0132798750473289,0,0.0469066953601776,TRUE,0.906
"IS","R9","V10","V14","ipcrtiv","iphlppl",0.0407579610236682,0.0424345249120755,0.0355517322675509,0,0.108297578468014,TRUE,0.334
"IS","R9","V10","V15","ipcrtiv","iplylfr",0,0,0,0,0,TRUE,1
"IS","R9","V10","V16","ipcrtiv","ipmodst",0,7.32595234334778e-05,0.00163813274396495,0,0,TRUE,0.998
"IS","R9","V10","V17","ipcrtiv","iprspot",0,0.000472412557587672,0.00487723041794504,0,0,TRUE,0.99
"IS","R9","V10","V18","ipcrtiv","ipshabt",0,0.00298428204099199,0.0137793443731938,0,0.0600846376053714,TRUE,0.952
"IS","R9","V10","V19","ipcrtiv","ipstrgv",0,0.00202097156390949,0.0103945103692033,0,0.0450551961724197,TRUE,0.96
"IS","R9","V10","V20","ipcrtiv","ipsuces",0,0.000254795673157946,0.00331789299141484,0,0,TRUE,0.994
"IS","R9","V10","V21","ipcrtiv","ipudrst",0,0.0210345372572828,0.0291735162129151,0,0.0915804950256952,TRUE,0.61
"IS","R9","V11","V12","ipeqopt","ipfrule",0,-0.00129286409222628,0.00892170157479777,0,0,TRUE,0.978
"IS","R9","V11","V13","ipeqopt","ipgdtim",0,0.00595191303690963,0.0159137520860439,0,0.0560195207012859,TRUE,0.858
"IS","R9","V11","V14","ipeqopt","iphlppl",0.102748833669021,0.102539547816437,0.0433049822771158,0,0.182844514587543,TRUE,0.046
"IS","R9","V11","V15","ipeqopt","iplylfr",0.063003858272894,0.0506479072147726,0.038724565720268,0,0.127378445415148,TRUE,0.27
"IS","R9","V11","V16","ipeqopt","ipmodst",0,0.0175544780229266,0.0282740787285866,0,0.0888109467694362,TRUE,0.688
"IS","R9","V11","V17","ipeqopt","iprspot",0,0,0,0,0,TRUE,1
"IS","R9","V11","V18","ipeqopt","ipshabt",0,9.22811806826307e-05,0.00206346993050303,0,0,TRUE,0.998
"IS","R9","V11","V19","ipeqopt","ipstrgv",0.0407178147328559,0.0515844788652771,0.0407533925604833,0,0.134106455003647,TRUE,0.288
"IS","R9","V11","V20","ipeqopt","ipsuces",0,0,0,0,0,TRUE,1
"IS","R9","V11","V21","ipeqopt","ipudrst",0.121833962164808,0.110527325507354,0.0396206794052727,0.0375116252435875,0.188142369966863,FALSE,0.014
"IS","R9","V12","V13","ipfrule","ipgdtim",0,0,0,0,0,TRUE,1
"IS","R9","V12","V14","ipfrule","iphlppl",0,-0.000683641991788014,0.00692182014489163,0,0,TRUE,0.99
"IS","R9","V12","V15","ipfrule","iplylfr",0,-9.09436808169273e-05,0.00203356252430693,0,0,TRUE,0.998
"IS","R9","V12","V16","ipfrule","ipmodst",0,0.0180157807941261,0.0281973514666325,0,0.0922875239184914,TRUE,0.658
"IS","R9","V12","V17","ipfrule","iprspot",0.0616107222498932,0.0667654576401932,0.041627785756877,0,0.143857333926253,TRUE,0.182
"IS","R9","V12","V18","ipfrule","ipshabt",0,0,0,0,0,TRUE,1
"IS","R9","V12","V19","ipfrule","ipstrgv",0,0.024391548675265,0.0350300742200594,0,0.107142531737009,TRUE,0.622
"IS","R9","V12","V20","ipfrule","ipsuces",0,0,0,0,0,TRUE,1
"IS","R9","V12","V21","ipfrule","ipudrst",0,0.00259021445217195,0.0123955542072117,0,0.0532144780866297,TRUE,0.954
"IS","R9","V13","V14","ipgdtim","iphlppl",0.0371567691592471,0.0371893644207515,0.0366943954524751,0,0.115851061617349,TRUE,0.402
"IS","R9","V13","V15","ipgdtim","iplylfr",0.0961414646457391,0.0838048061973478,0.0387380298810679,0,0.155770487953143,TRUE,0.074
"IS","R9","V13","V16","ipgdtim","ipmodst",0,0.0155841791612619,0.0283419852581339,0,0.0927133463662857,TRUE,0.738
"IS","R9","V13","V17","ipgdtim","iprspot",0,0.00200147036934294,0.00908490852617871,0,0.0383765300307068,TRUE,0.95
"IS","R9","V13","V18","ipgdtim","ipshabt",0,0,0,0,0,TRUE,1
"IS","R9","V13","V19","ipgdtim","ipstrgv",0,0.0056813483736788,0.0150797791238055,0,0.0523981832355675,TRUE,0.86
"IS","R9","V13","V20","ipgdtim","ipsuces",0,0.000615053663588933,0.00568708150215701,0,0,TRUE,0.986
"IS","R9","V13","V21","ipgdtim","ipudrst",0,0.00650266545372801,0.0170422984451502,0,0.0605278901238269,TRUE,0.852
"IS","R9","V14","V15","iphlppl","iplylfr",0.21894403544896,0.22254169481274,0.041837437396913,0.144093494860004,0.30436100002668,FALSE,0
"IS","R9","V14","V16","iphlppl","ipmodst",0.0264009800864349,0.0467405325493355,0.04117394617669,0,0.129030776686785,TRUE,0.366
"IS","R9","V14","V17","iphlppl","iprspot",0,0.000185644354370903,0.00294940687405508,0,0,TRUE,0.996
"IS","R9","V14","V18","iphlppl","ipshabt",0,0,0,0,0,TRUE,1
"IS","R9","V14","V19","iphlppl","ipstrgv",0,0.020666909512445,0.0305068456188869,0,0.0926945597653393,TRUE,0.648
"IS","R9","V14","V20","iphlppl","ipsuces",0,0.00902934394199781,0.0218020539597723,0,0.074405661075471,TRUE,0.842
"IS","R9","V14","V21","iphlppl","ipudrst",0.123691403800249,0.119720010517589,0.034983876944893,0.0515058546746609,0.192109991561951,FALSE,0.006
"IS","R9","V15","V16","iplylfr","ipmodst",0,0.000296185314340125,0.0034344455768254,0,0,TRUE,0.992
"IS","R9","V15","V17","iplylfr","iprspot",0.0288588713709186,0.0149798775184986,0.0252532287040177,0,0.0748259192735312,TRUE,0.714
"IS","R9","V15","V18","iplylfr","ipshabt",0,0,0,0,0,TRUE,1
"IS","R9","V15","V19","iplylfr","ipstrgv",0.0330256899513596,0.0309824951136122,0.0332870027687402,0,0.0999454277154669,TRUE,0.472
"IS","R9","V15","V20","iplylfr","ipsuces",0,0,0,0,0,TRUE,1
"IS","R9","V15","V21","iplylfr","ipudrst",0.100389892930755,0.0889240741623482,0.0385347253047234,0,0.168461271604623,TRUE,0.056
"IS","R9","V16","V17","ipmodst","iprspot",0,0.000535315590529156,0.00501387380890365,0,0,TRUE,0.988
"IS","R9","V16","V18","ipmodst","ipshabt",0,-0.0292793052422231,0.0429171724415143,-0.118557657853225,0,TRUE,0.656
"IS","R9","V16","V19","ipmodst","ipstrgv",0,0.00641505901151158,0.0168406658426456,0,0.0628446831070582,TRUE,0.856
"IS","R9","V16","V20","ipmodst","ipsuces",0,-0.000151355406261297,0.00338440977162356,0,0,TRUE,0.998
"IS","R9","V16","V21","ipmodst","ipudrst",0.116867470763914,0.11820979081578,0.0433658033244508,0,0.204159271188211,TRUE,0.034
"IS","R9","V17","V18","iprspot","ipshabt",0.125438413690957,0.10752674564582,0.045822318864035,0,0.187293774679171,TRUE,0.094
"IS","R9","V17","V19","iprspot","ipstrgv",0,0.00323838308178591,0.0123048747107796,0,0.0462020162433114,TRUE,0.928
"IS","R9","V17","V20","iprspot","ipsuces",0.197893022240649,0.186982605245224,0.038650525351914,0.109080228506991,0.257758971724766,FALSE,0
"IS","R9","V17","V21","iprspot","ipudrst",0,0,0,0,0,TRUE,1
"IS","R9","V18","V19","ipshabt","ipstrgv",0,0,0,0,0,TRUE,1
"IS","R9","V18","V20","ipshabt","ipsuces",0.461628230278628,0.449760174066474,0.0328517825587441,0.38049056041254,0.517465659054285,FALSE,0
"IS","R9","V18","V21","ipshabt","ipudrst",0,0.000105063494919416,0.00234929116593519,0,0,TRUE,0.998
"IS","R9","V19","V20","ipstrgv","ipsuces",0,0.0236528657134329,0.0349158357830828,0,0.104183834522919,TRUE,0.652
"IS","R9","V19","V21","ipstrgv","ipudrst",0,2.65123816536218e-05,0.00388022538298621,0,0,TRUE,0.996
"IS","R9","V2","V10","impenv","ipcrtiv",0.103083817761111,0.0938710588367056,0.0405046523329139,0,0.164690074701723,TRUE,0.064
"IS","R9","V2","V11","impenv","ipeqopt",0.103321200622242,0.0826939152016057,0.0404759801998625,0,0.15599935265394,TRUE,0.1
"IS","R9","V2","V12","impenv","ipfrule",0,-0.000557151635673933,0.00595243324432075,0,0,TRUE,0.99
"IS","R9","V2","V13","impenv","ipgdtim",0,0,0,0,0,TRUE,1
"IS","R9","V2","V14","impenv","iphlppl",0,0.0150034804506216,0.0252856354427421,0,0.0820521886429741,TRUE,0.696
"IS","R9","V2","V15","impenv","iplylfr",0,0.00758818038224685,0.0193680692824125,0,0.0661290796936385,TRUE,0.848
"IS","R9","V2","V16","impenv","ipmodst",0,-0.0172145793188866,0.0343968973767473,-0.114183408223593,0,TRUE,0.77
"IS","R9","V2","V17","impenv","iprspot",0,0.000440974814110126,0.00467244766126798,0,0,TRUE,0.99
"IS","R9","V2","V18","impenv","ipshabt",0,0,0,0,0,TRUE,1
"IS","R9","V2","V19","impenv","ipstrgv",0,0.00878540354974207,0.020406599331943,0,0.0697745915625422,TRUE,0.822
"IS","R9","V2","V20","impenv","ipsuces",0,0,0,0,0,TRUE,1
"IS","R9","V2","V21","impenv","ipudrst",0.0388797427351244,0.0237363358321656,0.0317587064906508,0,0.0987314470604926,TRUE,0.592
"IS","R9","V2","V3","impenv","impfree",0,0.0155753049317172,0.0264102872577629,0,0.0800456857735235,TRUE,0.706
"IS","R9","V2","V4","impenv","impfun",0,0.00144641988138132,0.00990593609699869,0,0.0133282794253135,TRUE,0.976
"IS","R9","V2","V5","impenv","imprich",0,-0.0156934135292991,0.0338339067394273,-0.109716829462077,0,TRUE,0.8
"IS","R9","V2","V6","impenv","impsafe",0,0.000813212946377204,0.0065898715450304,0,0,TRUE,0.984
"IS","R9","V2","V7","impenv","imptrad",0,0.047910630706065,0.0450629589312205,0,0.137204972276582,TRUE,0.408
"IS","R9","V2","V8","impenv","ipadvnt",0.0717150323675523,0.041387770441241,0.0430750849146797,0,0.122652557888466,TRUE,0.472
"IS","R9","V2","V9","impenv","ipbhprp",0,-6.89931932462871e-05,0.00154273470083477,0,0,TRUE,0.998
"IS","R9","V20","V21","ipsuces","ipudrst",0,0.00302931158793074,0.0126751673319196,0,0.0517516006720772,TRUE,0.942
"IS","R9","V3","V10","impfree","ipcrtiv",0.0942848271419104,0.10266546162902,0.0364761036552753,0.0304917429886841,0.176612859056606,FALSE,0.022
"IS","R9","V3","V11","impfree","ipeqopt",0,0.0160754142750395,0.0256949743444745,0,0.0796019260122926,TRUE,0.666
"IS","R9","V3","V12","impfree","ipfrule",0,0,0,0,0,TRUE,1
"IS","R9","V3","V13","impfree","ipgdtim",0.088628427488394,0.0902176414519861,0.0372564724588842,0,0.159448737574629,TRUE,0.046
"IS","R9","V3","V14","impfree","iphlppl",0.0308200358878339,0.0338857062853708,0.0348824668925871,0,0.112051353877991,TRUE,0.428
"IS","R9","V3","V15","impfree","iplylfr",0,0.00844022584240646,0.0209036056792042,0,0.07154625350088,TRUE,0.834
"IS","R9","V3","V16","impfree","ipmodst",0,0.000114990677828167,0.0025712697240256,0,0,TRUE,0.998
"IS","R9","V3","V17","impfree","iprspot",0,0.00251501381327024,0.0109977688771121,0,0.0422827868382918,TRUE,0.942
"IS","R9","V3","V18","impfree","ipshabt",0,0,0,0,0,TRUE,1
"IS","R9","V3","V19","impfree","ipstrgv",0,0.0146577944968763,0.02591264081598,0,0.0818919539677985,TRUE,0.722
"IS","R9","V3","V20","impfree","ipsuces",0,0.000860359597241707,0.0061021520906763,0,0,TRUE,0.98
"IS","R9","V3","V21","impfree","ipudrst",0,0.0139937466798475,0.0245151819192474,0,0.075812056314339,TRUE,0.716
"IS","R9","V3","V4","impfree","impfun",0,0.00201060216182032,0.00988657586780056,0,0.0448859651618948,TRUE,0.958
"IS","R9","V3","V5","impfree","imprich",0,0.000394874723388775,0.00421954964058141,0,0,TRUE,0.99
"IS","R9","V3","V6","impfree","impsafe",0,0.000756912332810113,0.00626790977889343,0,0,TRUE,0.984
"IS","R9","V3","V7","impfree","imptrad",0,7.483053002188e-05,0.00167326151921263,0,0,TRUE,0.998
"IS","R9","V3","V8","impfree","ipadvnt",0.0740288817375282,0.0664222692662853,0.0419863220502213,0,0.140031763151369,TRUE,0.21
"IS","R9","V3","V9","impfree","ipbhprp",0,0,0,0,0,TRUE,1
"IS","R9","V4","V10","impfun","ipcrtiv",0,0,0,0,0,TRUE,1
"IS","R9","V4","V11","impfun","ipeqopt",0,0.000282666393137126,0.0040637214962915,0,0,TRUE,0.994
"IS","R9","V4","V12","impfun","ipfrule",0,-4.26071255064208e-05,0.00528859593222999,0,0,TRUE,0.996
"IS","R9","V4","V13","impfun","ipgdtim",0.106435242044381,0.0978531480004661,0.038266173993849,0,0.167647290808841,TRUE,0.032
"IS","R9","V4","V14","impfun","iphlppl",0.030639250802792,0.025177147827607,0.0326917456123919,0,0.0982243620940048,TRUE,0.574
"IS","R9","V4","V15","impfun","iplylfr",0,0.000460554380924852,0.00448525212891048,0,0,TRUE,0.988
"IS","R9","V4","V16","impfun","ipmodst",0,0,0,0,0,TRUE,1
"IS","R9","V4","V17","impfun","iprspot",0,0.00381425080979896,0.0130292701115576,0,0.0509348199573292,TRUE,0.914
"IS","R9","V4","V18","impfun","ipshabt",0,0.00159433649923254,0.00971693652822548,0,0.0431963769254395,TRUE,0.972
"IS","R9","V4","V19","impfun","ipstrgv",0,0.00687468189832198,0.0187112639723604,0,0.0667109773463749,TRUE,0.872
"IS","R9","V4","V20","impfun","ipsuces",0.174344168039397,0.158475907418191,0.0330785413497689,0.0920356920591906,0.218077916374677,FALSE,0.004
"IS","R9","V4","V21","impfun","ipudrst",0,-5.85354083933302e-05,0.00130889152258198,0,0,TRUE,0.998
"IS","R9","V4","V5","impfun","imprich",0,0.00978916678619066,0.022117726144366,0,0.0740648232511268,TRUE,0.818
"IS","R9","V4","V6","impfun","impsafe",0,-6.46247417497775e-05,0.00144505315580871,0,0,TRUE,0.998
"IS","R9","V4","V7","impfun","imptrad",0,0.00188381850678666,0.00965124082558815,0,0.043789268592157,TRUE,0.96
"IS","R9","V4","V8","impfun","ipadvnt",0.165152662178015,0.158020086077197,0.0371602708850706,0.0828167954586571,0.226238780756445,FALSE,0
"IS","R9","V4","V9","impfun","ipbhprp",0,0.000188468975547533,0.0029773873424509,0,0,TRUE,0.996
"IS","R9","V5","V10","imprich","ipcrtiv",0,0.00062936028351947,0.0054422578474848,0,0,TRUE,0.986
"IS","R9","V5","V11","imprich","ipeqopt",0,0,0,0,0,TRUE,1
"IS","R9","V5","V12","imprich","ipfrule",0,0.00053649733287517,0.00495776441058069,0,0,TRUE,0.988
"IS","R9","V5","V13","imprich","ipgdtim",0,0.0270298513228613,0.0355283905784966,0,0.104872166161362,TRUE,0.586
"IS","R9","V5","V14","imprich","iphlppl",0,-0.00851746279187469,0.025903100945146,-0.102530332670824,0,TRUE,0.892
"IS","R9","V5","V15","imprich","iplylfr",0,0,0,0,0,TRUE,1
"IS","R9","V5","V16","imprich","ipmodst",0,-0.000146979332658442,0.00232418499469544,0,0,TRUE,0.996
"IS","R9","V5","V17","imprich","iprspot",0,0.00419240518578182,0.0146239330210661,0,0.0586839974003353,TRUE,0.916
"IS","R9","V5","V18","imprich","ipshabt",0.0411370213839224,0.0329829590272633,0.0443377362811153,0,0.125931926096118,TRUE,0.614
"IS","R9","V5","V19","imprich","ipstrgv",0,0.0066565433654466,0.0196314007677699,0,0.0711630515262108,TRUE,0.882
"IS","R9","V5","V20","imprich","ipsuces",0.0915042149871928,0.0753751953289484,0.0572157127546251,0,0.16563783554894,TRUE,0.326
"IS","R9","V5","V21","imprich","ipudrst",0,-0.000907755507160971,0.00686684613231974,0,0,TRUE,0.982
"IS","R9","V5","V6","imprich","impsafe",0,0.000998729621747301,0.00773067866438053,0,0,TRUE,0.982
"IS","R9","V5","V7","imprich","imptrad",0,0.00492644147173415,0.0164606794701638,0,0.0625828559709698,TRUE,0.906
"IS","R9","V5","V8","imprich","ipadvnt",0,0.0031312054390259,0.0139442188423186,0,0.0515600190242823,TRUE,0.942
"IS","R9","V5","V9","imprich","ipbhprp",0,0,0,0,0,TRUE,1
"IS","R9","V6","V10","impsafe","ipcrtiv",0,-0.000175525336538975,0.00427485537855777,0,0,TRUE,0.994
"IS","R9","V6","V11","impsafe","ipeqopt",0,0.00332118894449724,0.0125647469417184,0,0.0534023662365369,TRUE,0.928
"IS","R9","V6","V12","impsafe","ipfrule",0.0830371601256362,0.0851314361731145,0.0369333846379197,0,0.158952968038082,TRUE,0.046
"IS","R9","V6","V13","impsafe","ipgdtim",0,0.0133812052309582,0.0264108517494205,0,0.0864634834474544,TRUE,0.77
"IS","R9","V6","V14","impsafe","iphlppl",0,0.000649054156771092,0.00611161105899513,0,0,TRUE,0.988
"IS","R9","V6","V15","impsafe","iplylfr",0,0.000528697460900842,0.00504359579046752,0,0,TRUE,0.988
"IS","R9","V6","V16","impsafe","ipmodst",0.0293838302657157,0.0391242440343785,0.0399157724965568,0,0.121553191409325,TRUE,0.43
"IS","R9","V6","V17","impsafe","iprspot",0,0.00393874117133706,0.0140543927044259,0,0.0573011569813417,TRUE,0.92
"IS","R9","V6","V18","impsafe","ipshabt",0,0.00629278988844227,0.0209542520926933,0,0.0834042078647664,TRUE,0.912
"IS","R9","V6","V19","impsafe","ipstrgv",0.112676632050484,0.127928074656656,0.0390890665793336,0.0475714059192486,0.196722294966142,FALSE,0.014
"IS","R9","V6","V20","impsafe","ipsuces",0,0.00018405904245327,0.00411568530799032,0,0,TRUE,0.998
"IS","R9","V6","V21","impsafe","ipudrst",0,0.00035573962350558,0.00368621204911979,0,0,TRUE,0.99
"IS","R9","V6","V7","impsafe","imptrad",0,0.0332253056849981,0.0341651869523037,0,0.109480904476696,TRUE,0.43
"IS","R9","V6","V8","impsafe","ipadvnt",-0.0778613025968575,-0.0743246059322816,0.053009787107116,-0.166023095081019,0,TRUE,0.27
"IS","R9","V6","V9","impsafe","ipbhprp",0.167059776567764,0.160101996929221,0.0379562794666534,0.0834354189166286,0.233064334586424,FALSE,0
"IS","R9","V7","V10","imptrad","ipcrtiv",0,0,0,0,0,TRUE,1
"IS","R9","V7","V11","imptrad","ipeqopt",0,-0.00043900359579328,0.00438123085088558,0,0,TRUE,0.99
"IS","R9","V7","V12","imptrad","ipfrule",0.0990542685220984,0.124244597109299,0.0369892686755441,0.0520808313459003,0.193598094615106,FALSE,0.006
"IS","R9","V7","V13","imptrad","ipgdtim",0,0.00465811691604323,0.015593667451295,0,0.0590410376003888,TRUE,0.908
"IS","R9","V7","V14","imptrad","iphlppl",0,0.00949085244764251,0.0221136969199036,0,0.0764159097176404,TRUE,0.82
"IS","R9","V7","V15","imptrad","iplylfr",0,0.00639679342679065,0.0181008240268017,0,0.0625424759145576,TRUE,0.874
"IS","R9","V7","V16","imptrad","ipmodst",0,0.0148458537437,0.0267913662327078,0,0.0875517909247685,TRUE,0.728
"IS","R9","V7","V17","imptrad","iprspot",0,0.000766757917454228,0.00550283260478214,0,0,TRUE,0.978
"IS","R9","V7","V18","imptrad","ipshabt",0,-0.000613872649716988,0.00695792084396627,0,0,TRUE,0.992
"IS","R9","V7","V19","imptrad","ipstrgv",0,0.0163848915860413,0.0260274860371555,0,0.0835427859725159,TRUE,0.67
"IS","R9","V7","V20","imptrad","ipsuces",0,9.20956244424418e-05,0.00205932076683591,0,0,TRUE,0.998
"IS","R9","V7","V21","imptrad","ipudrst",0,-0.000648345405185993,0.00747478566370948,0,0,TRUE,0.992
"IS","R9","V7","V8","imptrad","ipadvnt",0,-0.000353460115567788,0.00564907138899216,0,0,TRUE,0.996
"IS","R9","V7","V9","imptrad","ipbhprp",0.0902532592136491,0.0931216871112826,0.0387902411167869,0,0.171948386477092,TRUE,0.042
"IS","R9","V8","V10","ipadvnt","ipcrtiv",0.0805928651418242,0.0762163507662872,0.0392656799404066,0,0.145479787161628,TRUE,0.116
"IS","R9","V8","V11","ipadvnt","ipeqopt",0,0,0,0,0,TRUE,1
"IS","R9","V8","V12","ipadvnt","ipfrule",0,-0.0241213170431938,0.0346443510235857,-0.105450268834336,0,TRUE,0.634
"IS","R9","V8","V13","ipadvnt","ipgdtim",0.0582420623275709,0.0473675976920822,0.0392893027910065,0,0.123407646354618,TRUE,0.332
"IS","R9","V8","V14","ipadvnt","iphlppl",0,0.015665814869162,0.0287031312374348,0,0.0888955646054795,TRUE,0.75
"IS","R9","V8","V15","ipadvnt","iplylfr",0,0.00147529977528163,0.00802093784691689,0,0.0347912191909726,TRUE,0.964
"IS","R9","V8","V16","ipadvnt","ipmodst",0,-0.000152901327634231,0.00341897762440107,0,0,TRUE,0.998
"IS","R9","V8","V17","ipadvnt","iprspot",0,0.000243229888652027,0.00395901384542366,0,0,TRUE,0.996
"IS","R9","V8","V18","ipadvnt","ipshabt",0,0,0,0,0,TRUE,1
"IS","R9","V8","V19","ipadvnt","ipstrgv",0,0.0116349786749091,0.0260997173091241,0,0.0861658724800842,TRUE,0.822
"IS","R9","V8","V20","ipadvnt","ipsuces",0.0425377466883044,0.0278012244256631,0.0334683496962372,0,0.0969508417473414,TRUE,0.548
"IS","R9","V8","V21","ipadvnt","ipudrst",0,0,0,0,0,TRUE,1
"IS","R9","V8","V9","ipadvnt","ipbhprp",0,-0.000737699834113609,0.00642337189292113,0,0,TRUE,0.986
"IS","R9","V9","V10","ipbhprp","ipcrtiv",0,-0.00476235722941114,0.0162360802384548,-0.0651293574643422,0,TRUE,0.912
"IS","R9","V9","V11","ipbhprp","ipeqopt",0,0,0,0,0,TRUE,1
"IS","R9","V9","V12","ipbhprp","ipfrule",0.152683045638883,0.147982840079385,0.0393479193202805,0.0691917639308755,0.219165013424549,FALSE,0.002
"IS","R9","V9","V13","ipbhprp","ipgdtim",0,-0.000143852498911214,0.00321663966298688,0,0,TRUE,0.998
"IS","R9","V9","V14","ipbhprp","iphlppl",0,0.000337408912477593,0.00382726726959828,0,0,TRUE,0.992
"IS","R9","V9","V15","ipbhprp","iplylfr",0,0.000638796712938693,0.00515602656076245,0,0,TRUE,0.984
"IS","R9","V9","V16","ipbhprp","ipmodst",0.125820831407224,0.121746040990997,0.0377305664375683,0.0412883247398316,0.191550066197628,FALSE,0.018
"IS","R9","V9","V17","ipbhprp","iprspot",0.163009398848982,0.144420083221889,0.0351077312701503,0.0741902136647674,0.212667740956072,FALSE,0
"IS","R9","V9","V18","ipbhprp","ipshabt",0,0,0,0,0,TRUE,1
"IS","R9","V9","V19","ipbhprp","ipstrgv",0.066693537647767,0.0654297312076575,0.039097413638548,0,0.138438447678699,TRUE,0.17
"IS","R9","V9","V20","ipbhprp","ipsuces",0,0,0,0,0,TRUE,1
"IS","R9","V9","V21","ipbhprp","ipudrst",0,0.00213208270075699,0.0108627587470496,0,0.0427070911155634,TRUE,0.956
"IT","R10","V1","V10","impdiff","ipcrtiv",0.235259202232128,0.23354478061553,0.0221704544064657,0.19243964059284,0.278691792185724,FALSE,0
"IT","R10","V1","V11","impdiff","ipeqopt",0.0477591296177236,0.0357634022436633,0.0247846192421101,0,0.0784093917818787,TRUE,0.246
"IT","R10","V1","V12","impdiff","ipfrule",0.0319561815421875,0.0333012430599415,0.0260486924395459,0,0.0815053522378784,TRUE,0.284
"IT","R10","V1","V13","impdiff","ipgdtim",0.0558413392457382,0.0515887288248601,0.0251343033847064,0,0.0985568501682222,TRUE,0.088
"IT","R10","V1","V14","impdiff","iphlppl",0,0.00237425212704577,0.00885264549403818,0,0.0348007807430449,TRUE,0.926
"IT","R10","V1","V15","impdiff","iplylfr",0,0.0100444846255638,0.0161320721412337,0,0.0493612362830224,TRUE,0.686
"IT","R10","V1","V16","impdiff","ipmodst",0,-0.000319253260082223,0.00322798772048704,0,0,TRUE,0.99
"IT","R10","V1","V17","impdiff","iprspot",0,-0.000145560284079411,0.00295821225103258,0,0,TRUE,0.992
"IT","R10","V1","V18","impdiff","ipshabt",0.0596019572021412,0.0611503518008563,0.0221617594512607,0.00820802103497253,0.101482025520587,FALSE,0.024
"IT","R10","V1","V19","impdiff","ipstrgv",0,-0.00283508992362177,0.0117670371368979,-0.0512772538704876,0,TRUE,0.942
"IT","R10","V1","V2","impdiff","impenv",0,0.00879400646746239,0.0164097162191503,0,0.0521698141780529,TRUE,0.754
"IT","R10","V1","V20","impdiff","ipsuces",0.0811643556143892,0.0833163553180024,0.0240840796088652,0.0368509415807751,0.13071959999877,FALSE,0
"IT","R10","V1","V21","impdiff","ipudrst",0.0430840586592645,0.0401373378922401,0.0235343776543798,0,0.0850154173888697,TRUE,0.138
"IT","R10","V1","V3","impdiff","impfree",0.0497275958528288,0.0468648388589614,0.0234695941837828,0,0.0936076524195433,TRUE,0.078
"IT","R10","V1","V4","impdiff","impfun",0.140584715225935,0.14028842550636,0.023762701758145,0.0925182653546352,0.187827354528785,FALSE,0
"IT","R10","V1","V5","impdiff","imprich",0,0.000416445841869474,0.00297269471406767,0,0,TRUE,0.98
"IT","R10","V1","V6","impdiff","impsafe",0.0595188990110656,0.0573170542259088,0.0234565182438289,0,0.104822513149229,TRUE,0.044
"IT","R10","V1","V7","impdiff","imptrad",0,-0.00105820010338348,0.0068930230630947,-0.022525322811107,0,TRUE,0.974
"IT","R10","V1","V8","impdiff","ipadvnt",0.0654523313101587,0.0653851362802723,0.0233200943923186,0.0202311013804835,0.114898397288334,FALSE,0.016
"IT","R10","V1","V9","impdiff","ipbhprp",0,-0.0106338769515652,0.0206520210523691,-0.0610101227106522,0,TRUE,0.774
"IT","R10","V10","V11","ipcrtiv","ipeqopt",0.0261048249811513,0.0142444643323436,0.0191533945326757,0,0.0559194500349225,TRUE,0.594
"IT","R10","V10","V12","ipcrtiv","ipfrule",0,-0.000223173744406877,0.0029586553910641,0,0,TRUE,0.994
"IT","R10","V10","V13","ipcrtiv","ipgdtim",0,0.00703411303060308,0.014801168360496,0,0.0485942254335229,TRUE,0.798
"IT","R10","V10","V14","ipcrtiv","iphlppl",0,0,0,0,0,TRUE,1
"IT","R10","V10","V15","ipcrtiv","iplylfr",0.0323373291468221,0.0291131780763092,0.0234582127016951,0,0.0765209711098066,TRUE,0.302
"IT","R10","V10","V16","ipcrtiv","ipmodst",0,-0.000444764173014458,0.00450709023364847,0,0,TRUE,0.988
"IT","R10","V10","V17","ipcrtiv","iprspot",0,-0.00053539534684182,0.00523846610578997,0,0,TRUE,0.988
"IT","R10","V10","V18","ipcrtiv","ipshabt",0.0706438765170568,0.0682404144752968,0.024658382967263,0.0227280004509713,0.11686434800922,FALSE,0.014
"IT","R10","V10","V19","ipcrtiv","ipstrgv",0,0.000669826924688903,0.00468652047147248,0,0,TRUE,0.978
"IT","R10","V10","V20","ipcrtiv","ipsuces",0.0760088349765009,0.0725785919410747,0.0238735568806278,0.0241595263057869,0.119532514983243,FALSE,0.016
"IT","R10","V10","V21","ipcrtiv","ipudrst",0.0837245364286304,0.0775051998842005,0.0222799767823023,0.0331358659552004,0.119751834072782,FALSE,0.004
"IT","R10","V11","V12","ipeqopt","ipfrule",0,-0.00118571301544922,0.00745412081743254,-0.0280174675795837,0,TRUE,0.974
"IT","R10","V11","V13","ipeqopt","ipgdtim",0,0,0,0,0,TRUE,1
"IT","R10","V11","V14","ipeqopt","iphlppl",0.119739389967935,0.115542191926374,0.0208612030566838,0.072391543760145,0.156323599186987,FALSE,0
"IT","R10","V11","V15","ipeqopt","iplylfr",0.106801295666871,0.102424803578129,0.0248020677221884,0.053054354803831,0.151025115553174,FALSE,0.002
"IT","R10","V11","V16","ipeqopt","ipmodst",0.0902172688443858,0.0800453563389311,0.0236834019796659,0.035256723321998,0.126136262721551,FALSE,0.008
"IT","R10","V11","V17","ipeqopt","iprspot",-0.0892994782034867,-0.06355799446225,0.0342477995649195,-0.11927518964793,0,TRUE,0.162
"IT","R10","V11","V18","ipeqopt","ipshabt",0.114098361634111,0.087892504769076,0.029017079983689,0,0.137547904353106,TRUE,0.026
"IT","R10","V11","V19","ipeqopt","ipstrgv",0.0259738902363793,0.0193862622755544,0.0215798481971937,0,0.0694048870164423,TRUE,0.482
"IT","R10","V11","V20","ipeqopt","ipsuces",-0.0663137664414496,-0.0367127902825371,0.037836840201433,-0.107505800660553,0,TRUE,0.468
"IT","R10","V11","V21","ipeqopt","ipudrst",0.163715911997236,0.162980164937852,0.0244743127029001,0.11328593474169,0.21326807556261,FALSE,0
"IT","R10","V12","V13","ipfrule","ipgdtim",0,-0.00514631876016026,0.0144267585817828,-0.0531112659672055,0,TRUE,0.87
"IT","R10","V12","V14","ipfrule","iphlppl",0,-8.92517985017919e-05,0.00199573088564121,0,0,TRUE,0.998
"IT","R10","V12","V15","ipfrule","iplylfr",0,-0.000382833996035551,0.00443026002454204,0,0,TRUE,0.992
"IT","R10","V12","V16","ipfrule","ipmodst",0.0471497362039973,0.0440567952276656,0.0238118834713415,0,0.0875076312820026,TRUE,0.112
"IT","R10","V12","V17","ipfrule","iprspot",0,0.0103140846780968,0.017503998403436,0,0.0571856993394633,TRUE,0.7
"IT","R10","V12","V18","ipfrule","ipshabt",0.0143409831629153,0.0124988495451902,0.0189219872367877,0,0.0619699361566866,TRUE,0.646
"IT","R10","V12","V19","ipfrule","ipstrgv",0.0538695250728693,0.0515587628049209,0.0236849704094155,0,0.098406926926597,TRUE,0.044
"IT","R10","V12","V20","ipfrule","ipsuces",0,2.53739654126312e-05,0.00207081705165408,0,0,TRUE,0.994
"IT","R10","V12","V21","ipfrule","ipudrst",0.073776058756294,0.0677138617752001,0.0226908411862456,0.0246066389023787,0.11411712127362,FALSE,0.012
"IT","R10","V13","V14","ipgdtim","iphlppl",0,-0.00103570149172317,0.0064819085500645,-0.0252871805973281,0,TRUE,0.974
"IT","R10","V13","V15","ipgdtim","iplylfr",0,0.000176399206036211,0.00228191429769025,0,0,TRUE,0.994
"IT","R10","V13","V16","ipgdtim","ipmodst",0,-0.00181834009302787,0.00792879554928,-0.0328017247743085,0,TRUE,0.946
"IT","R10","V13","V17","ipgdtim","iprspot",0,0.00206198634727673,0.0086285920832265,0,0.0351606588882874,TRUE,0.94
"IT","R10","V13","V18","ipgdtim","ipshabt",0.0470770947090539,0.0413101228582436,0.0232076487667537,0,0.0840071960658965,TRUE,0.132
"IT","R10","V13","V19","ipgdtim","ipstrgv",0,0.000106835092691857,0.00182410400667254,0,0,TRUE,0.996
"IT","R10","V13","V20","ipgdtim","ipsuces",0.0526705850539115,0.0479006375450207,0.0228010921248545,0,0.0895500951786843,TRUE,0.098
"IT","R10","V13","V21","ipgdtim","ipudrst",0,0.000180948473551953,0.00207154625640223,0,0,TRUE,0.992
"IT","R10","V14","V15","iphlppl","iplylfr",0.144982566309166,0.148990743842238,0.0226171704477623,0.102765860315416,0.191183905190981,FALSE,0
"IT","R10","V14","V16","iphlppl","ipmodst",0.0925321967977072,0.0903349818112968,0.0224887847851721,0.046205072575505,0.134479009468098,FALSE,0
"IT","R10","V14","V17","iphlppl","iprspot",0,-0.0247128278021503,0.033653638438907,-0.0994700557587465,0,TRUE,0.614
"IT","R10","V14","V18","iphlppl","ipshabt",0,0,0,0,0,TRUE,1
"IT","R10","V14","V19","iphlppl","ipstrgv",0.0774535325690026,0.0757951103901756,0.0233867340490672,0.0321475064908157,0.120410469565373,FALSE,0.008
"IT","R10","V14","V20","iphlppl","ipsuces",0.169461340897929,0.176639061999524,0.0224802645554797,0.135774656576718,0.222254135226702,FALSE,0
"IT","R10","V14","V21","iphlppl","ipudrst",0.137506612542728,0.136731246825053,0.0226466208505823,0.0945812530924503,0.181886860933618,FALSE,0
"IT","R10","V15","V16","iplylfr","ipmodst",0,0.0164191229065579,0.0220890146417313,0,0.0661631000610607,TRUE,0.602
"IT","R10","V15","V17","iplylfr","iprspot",0.168137982793457,0.167774243917789,0.0230109444478448,0.121129171700054,0.208603726988337,FALSE,0
"IT","R10","V15","V18","iplylfr","ipshabt",0,0,0,0,0,TRUE,1
"IT","R10","V15","V19","iplylfr","ipstrgv",0.0674140626702941,0.0676942043077966,0.023111680666284,0.0100125064236792,0.110846387285572,FALSE,0.024
"IT","R10","V15","V20","iplylfr","ipsuces",0,0.0014312513858957,0.00663807758350326,0,0.0246269140461281,TRUE,0.948
"IT","R10","V15","V21","iplylfr","ipudrst",0.0786273667830757,0.0764021665983686,0.0224789486857002,0.0301928394327175,0.122848810460353,FALSE,0.002
"IT","R10","V16","V17","ipmodst","iprspot",0,0.00250375603744523,0.00939875815043802,0,0.037771452213827,TRUE,0.928
"IT","R10","V16","V18","ipmodst","ipshabt",-0.0583558875778574,-0.0405731335847341,0.0300796540716954,-0.0946400039360354,0,TRUE,0.286
"IT","R10","V16","V19","ipmodst","ipstrgv",0.0544551312074038,0.0503348668973695,0.0238593834411969,0,0.093060899514873,TRUE,0.074
"IT","R10","V16","V20","ipmodst","ipsuces",0,-0.00278462423943804,0.00995956595673925,-0.0398363259335078,0,TRUE,0.92
"IT","R10","V16","V21","ipmodst","ipudrst",0.230125409682142,0.224025977056406,0.0224717897154023,0.179433246746903,0.26919048455261,FALSE,0
"IT","R10","V17","V18","iprspot","ipshabt",0.140757881660111,0.136020850222529,0.0222359263276528,0.0930962989588778,0.180176517136587,FALSE,0
"IT","R10","V17","V19","iprspot","ipstrgv",0,0.000374004416205494,0.00300098539206487,0,0,TRUE,0.984
"IT","R10","V17","V20","iprspot","ipsuces",0.137203303277116,0.134367151166023,0.0249731444099622,0.0832580724775916,0.186092871247162,FALSE,0
"IT","R10","V17","V21","iprspot","ipudrst",0,-7.43828003552428e-05,0.00253011744258341,0,0,TRUE,0.994
"IT","R10","V18","V19","ipshabt","ipstrgv",0,-0.000213413942442624,0.00275034671502304,0,0,TRUE,0.994
"IT","R10","V18","V20","ipshabt","ipsuces",0.22790433257002,0.227059449385453,0.0239496889770581,0.181345660509579,0.273507494709218,FALSE,0
"IT","R10","V18","V21","ipshabt","ipudrst",0,-0.000133870945400129,0.00216692215561665,0,0,TRUE,0.996
"IT","R10","V19","V20","ipstrgv","ipsuces",0.0826191925671116,0.0830032298310345,0.0228617032815102,0.0375034258973936,0.126115715390596,FALSE,0
"IT","R10","V19","V21","ipstrgv","ipudrst",0,0.00754245270508733,0.0144480857891281,0,0.0477276912137182,TRUE,0.76
"IT","R10","V2","V10","impenv","ipcrtiv",0.062880283659511,0.0667617022874872,0.0250492790866986,0,0.111003505795286,TRUE,0.046
"IT","R10","V2","V11","impenv","ipeqopt",0.125707879085406,0.122793176058179,0.0227860766630166,0.0764937557862457,0.166203978531797,FALSE,0
"IT","R10","V2","V12","impenv","ipfrule",0,0.0013694042773371,0.00627432855326156,0,0.0289992093451064,TRUE,0.95
"IT","R10","V2","V13","impenv","ipgdtim",0,0,0,0,0,TRUE,1
"IT","R10","V2","V14","impenv","iphlppl",0.105414738462004,0.099515459934408,0.0244032894019883,0.0503059845545367,0.14490460921825,FALSE,0
"IT","R10","V2","V15","impenv","iplylfr",0.281178074754798,0.277134970364574,0.0237610795780511,0.231275681079447,0.323845829781315,FALSE,0
"IT","R10","V2","V16","impenv","ipmodst",0,0.0126176069413886,0.0170410551712141,0,0.0526995447400998,TRUE,0.598
"IT","R10","V2","V17","impenv","iprspot",0,0.00561113601663891,0.0136145864384042,0,0.0470640687028993,TRUE,0.838
"IT","R10","V2","V18","impenv","ipshabt",0,0.000130698584977428,0.00206605055092135,0,0,TRUE,0.996
"IT","R10","V2","V19","impenv","ipstrgv",0,0.010437622319889,0.0168285707205344,0,0.053325291910195,TRUE,0.682
"IT","R10","V2","V20","impenv","ipsuces",0.0713477678771204,0.077178219493048,0.0221119980960131,0.0361366154475221,0.120451589816123,FALSE,0.002
"IT","R10","V2","V21","impenv","ipudrst",0.0772720390493048,0.0780484344838914,0.0241670815840856,0.0324826835825236,0.125375325716958,FALSE,0.002
"IT","R10","V2","V3","impenv","impfree",0.0276670889037378,0.0320357055232542,0.0255940772089885,0,0.0838673803229171,TRUE,0.306
"IT","R10","V2","V4","impenv","impfun",0,-7.51709778164132e-05,0.00168087416332629,0,0,TRUE,0.998
"IT","R10","V2","V5","impenv","imprich",0,-0.0360986510180128,0.0316210472320073,-0.0945982022455928,0,TRUE,0.382
"IT","R10","V2","V6","impenv","impsafe",0.0599362171418353,0.0605332105556185,0.0234292242084006,0,0.106185308669995,TRUE,0.03
"IT","R10","V2","V7","impenv","imptrad",0.0782144872264134,0.0846002237802724,0.0224745813309941,0.0405737597353838,0.127031165601717,FALSE,0.004
"IT","R10","V2","V8","impenv","ipadvnt",0,-0.000234753048197357,0.00248528998679021,0,0,TRUE,0.99
"IT","R10","V2","V9","impenv","ipbhprp",0,0.0069628626167049,0.0137188595886411,0,0.0442833500827402,TRUE,0.76
"IT","R10","V20","V21","ipsuces","ipudrst",0,0.000424686767813271,0.00371005572428276,0,0,TRUE,0.986
"IT","R10","V3","V10","impfree","ipcrtiv",0.0555364193385271,0.0519352378915249,0.0225572475570845,0,0.0944550484613887,TRUE,0.044
"IT","R10","V3","V11","impfree","ipeqopt",0.0610357428287898,0.0479370801761749,0.0260242761158057,0,0.0946310350216484,TRUE,0.144
"IT","R10","V3","V12","impfree","ipfrule",0,-0.0059001195576628,0.016292370393903,-0.0590371999787437,0,TRUE,0.872
"IT","R10","V3","V13","impfree","ipgdtim",0.117820953250019,0.113352815642974,0.0222175771727213,0.0659093539064932,0.156487501990374,FALSE,0
"IT","R10","V3","V14","impfree","iphlppl",0.157453115184246,0.162218774952557,0.023290977576064,0.119873313085383,0.209212494392329,FALSE,0
"IT","R10","V3","V15","impfree","iplylfr",0,0.00209823964094125,0.008025847217644,0,0.0299481395101104,TRUE,0.928
"IT","R10","V3","V16","impfree","ipmodst",0,-0.0109273086002973,0.0212689706810936,-0.0649974049824617,0,TRUE,0.776
"IT","R10","V3","V17","impfree","iprspot",0.0429169700925988,0.0381591013605504,0.0282619451131465,0,0.0906700497987356,TRUE,0.264
"IT","R10","V3","V18","impfree","ipshabt",0,0.00180498969319656,0.00685572741897793,0,0.0282934269371708,TRUE,0.932
"IT","R10","V3","V19","impfree","ipstrgv",0.0584054321749363,0.0580200653735979,0.0223938342393205,0,0.102821370685095,TRUE,0.028
"IT","R10","V3","V20","impfree","ipsuces",0.110136672130217,0.110773833964914,0.0243932540977822,0.0639671062967825,0.160741648842831,FALSE,0
"IT","R10","V3","V21","impfree","ipudrst",0.0406255434994689,0.0397810115585643,0.0246841679771895,0,0.0868414982823119,TRUE,0.17
"IT","R10","V3","V4","impfree","impfun",0.0413824492704027,0.0361077553280488,0.023333554412584,0,0.0797179983116986,TRUE,0.202
"IT","R10","V3","V5","impfree","imprich",0,-0.000110650709987257,0.00321768054049956,0,0,TRUE,0.996
"IT","R10","V3","V6","impfree","impsafe",0.0293963410601317,0.0289918609168711,0.0249522421210964,0,0.0784222771303505,TRUE,0.332
"IT","R10","V3","V7","impfree","imptrad",0,-0.00223553014503449,0.00964408401770004,-0.0414132838678431,0,TRUE,0.944
"IT","R10","V3","V8","impfree","ipadvnt",0,0.00889695991371919,0.0178973656462443,0,0.0556745562008778,TRUE,0.776
"IT","R10","V3","V9","impfree","ipbhprp",0,-0.00349410108740996,0.0128160064456357,-0.0557986283270912,0,TRUE,0.926
"IT","R10","V4","V10","impfun","ipcrtiv",0.0367529725001994,0.0295109628265247,0.0234623771748297,0,0.0762218048480456,TRUE,0.298
"IT","R10","V4","V11","impfun","ipeqopt",0,0.00112094827166596,0.00598547674503945,0,0.0288795396327605,TRUE,0.964
"IT","R10","V4","V12","impfun","ipfrule",0,0.00215225128976807,0.00913784242913142,0,0.0365526440795433,TRUE,0.94
"IT","R10","V4","V13","impfun","ipgdtim",0.317305073419139,0.31136280972265,0.0216426850212041,0.26594571218466,0.351211524020637,FALSE,0
"IT","R10","V4","V14","impfun","iphlppl",0,0.000836116923961658,0.00600071352185757,0,0,TRUE,0.98
"IT","R10","V4","V15","impfun","iplylfr",0,0.00117175415485433,0.00603740854238593,0,0.024927933000729,TRUE,0.96
"IT","R10","V4","V16","impfun","ipmodst",0,0,0,0,0,TRUE,1
"IT","R10","V4","V17","impfun","iprspot",-0.0499265061317498,-0.0190167428328812,0.0294234563234649,-0.0862962269114111,0,TRUE,0.676
"IT","R10","V4","V18","impfun","ipshabt",0,6.20189782118641e-05,0.00138678651176807,0,0,TRUE,0.998
"IT","R10","V4","V19","impfun","ipstrgv",0,0.000153307278738647,0.00200063523629004,0,0,TRUE,0.994
"IT","R10","V4","V20","impfun","ipsuces",0.0441459154197157,0.0367441890385458,0.024715905448911,0,0.0840930164287014,TRUE,0.214
"IT","R10","V4","V21","impfun","ipudrst",0.0356683926987389,0.0222281049166056,0.0210122065563124,0,0.0646941576073062,TRUE,0.404
"IT","R10","V4","V5","impfun","imprich",0.0330458717303397,0.019311344150146,0.024092265759665,0,0.0681233134153619,TRUE,0.56
"IT","R10","V4","V6","impfun","impsafe",0,0,0,0,0,TRUE,1
"IT","R10","V4","V7","impfun","imptrad",0,0.0178055625224331,0.0264525932947136,0,0.0729706299458928,TRUE,0.656
"IT","R10","V4","V8","impfun","ipadvnt",0.220113011105739,0.214479180821276,0.0212042253248168,0.173807922940867,0.254601721077464,FALSE,0
"IT","R10","V4","V9","impfun","ipbhprp",0,-0.000167244363887134,0.0027678613599445,0,0,TRUE,0.996
"IT","R10","V5","V10","imprich","ipcrtiv",0.044111789122564,0.0338493647827919,0.0259138472360605,0,0.0822020165398571,TRUE,0.302
"IT","R10","V5","V11","imprich","ipeqopt",0,-0.0069735204649183,0.0151804798570189,-0.0509008037839598,0,TRUE,0.802
"IT","R10","V5","V12","imprich","ipfrule",0,0.00386985950382679,0.0122719193383166,0,0.0470745112570744,TRUE,0.902
"IT","R10","V5","V13","imprich","ipgdtim",0.142628320931962,0.138429486892065,0.022592526104333,0.0941248857298567,0.183739304653195,FALSE,0
"IT","R10","V5","V14","imprich","iphlppl",0,-0.00229880512186304,0.00877600349787402,-0.0352158327444424,0,TRUE,0.928
"IT","R10","V5","V15","imprich","iplylfr",0,0,0,0,0,TRUE,1
"IT","R10","V5","V16","imprich","ipmodst",-0.108441977280947,-0.102324302847232,0.0209923986456411,-0.140380278283883,-0.060872734815132,FALSE,0
"IT","R10","V5","V17","imprich","iprspot",0.0474517319968339,0.0388343454400644,0.027983615077714,0,0.0904278765802701,TRUE,0.264
"IT","R10","V5","V18","imprich","ipshabt",0.214897039982829,0.210311190979993,0.0209931225029677,0.164909177306267,0.25304026309682,FALSE,0
"IT","R10","V5","V19","imprich","ipstrgv",0,0.00105117116655081,0.00578885099334073,0,0.0277942262088399,TRUE,0.966
"IT","R10","V5","V20","imprich","ipsuces",0.0513962422192083,0.0476412875687059,0.0235468429136149,0,0.0908541941221812,TRUE,0.11
"IT","R10","V5","V21","imprich","ipudrst",0,-0.00139170456177669,0.00721432431652079,-0.0322606468321618,0,TRUE,0.962
"IT","R10","V5","V6","imprich","impsafe",0,-0.000441020453588761,0.00380405616286422,0,0,TRUE,0.986
"IT","R10","V5","V7","imprich","imptrad",-0.0239501286482923,-0.0228522191490804,0.0242358811280982,-0.0709637754147818,0,TRUE,0.472
"IT","R10","V5","V8","imprich","ipadvnt",0.156880351137867,0.15561625723512,0.0227227637193254,0.110065098570554,0.199840153821424,FALSE,0
"IT","R10","V5","V9","imprich","ipbhprp",0,-0.000867106244087093,0.00552014710599108,-0.0196998437357645,0,TRUE,0.974
"IT","R10","V6","V10","impsafe","ipcrtiv",0,-9.89878284199087e-05,0.00157238051747945,0,0,TRUE,0.996
"IT","R10","V6","V11","impsafe","ipeqopt",0.11799133047522,0.114809538692095,0.0217771080658167,0.0732755485047942,0.154213860418379,FALSE,0
"IT","R10","V6","V12","impsafe","ipfrule",0.113314606871709,0.112629063449321,0.0237765622878719,0.0662327844807859,0.159534889813353,FALSE,0
"IT","R10","V6","V13","impsafe","ipgdtim",0,0.000143720128123957,0.00233541421944954,0,0,TRUE,0.996
"IT","R10","V6","V14","impsafe","iphlppl",0,0.000898928850493507,0.00494386627546913,0,0.0202501321218152,TRUE,0.964
"IT","R10","V6","V15","impsafe","iplylfr",0.0649491721712097,0.0628648656616229,0.0234726819986808,0,0.10604590073267,TRUE,0.042
"IT","R10","V6","V16","impsafe","ipmodst",0.0846600275070294,0.0810589768667844,0.0215318332999372,0.0390951639819257,0.12357836169986,FALSE,0
"IT","R10","V6","V17","impsafe","iprspot",0.0331568775761273,0.0281436514728425,0.0237816881206005,0,0.0740776903739178,TRUE,0.322
"IT","R10","V6","V18","impsafe","ipshabt",0.104157342091618,0.0966163500103259,0.0204550565497955,0.0562130379099407,0.135899944138514,FALSE,0.002
"IT","R10","V6","V19","impsafe","ipstrgv",0.2519789612089,0.250311198664789,0.0243857124036789,0.20018754378592,0.299127860245767,FALSE,0
"IT","R10","V6","V20","impsafe","ipsuces",0,-0.00122999276484042,0.00775885950214922,-0.0286477994823631,0,TRUE,0.974
"IT","R10","V6","V21","impsafe","ipudrst",0,0.00196406219517194,0.00733334134910228,0,0.0300231443215987,TRUE,0.926
"IT","R10","V6","V7","impsafe","imptrad",0.035506985743768,0.0370849046154812,0.0217396882918905,0,0.0783793566919797,TRUE,0.138
"IT","R10","V6","V8","impsafe","ipadvnt",-0.114684706171326,-0.10846908565658,0.0218984301105928,-0.14945101282875,-0.0620405521365029,FALSE,0
"IT","R10","V6","V9","impsafe","ipbhprp",0.080043613094895,0.0784677446775156,0.0250352821074492,0.0292132729429511,0.130400829544884,FALSE,0.002
"IT","R10","V7","V10","imptrad","ipcrtiv",0,-0.00559841458363651,0.0139653475769444,-0.0502118092082889,0,TRUE,0.844
"IT","R10","V7","V11","imptrad","ipeqopt",0,-0.021864400612272,0.0308736066659618,-0.0956055700847725,0,TRUE,0.622
"IT","R10","V7","V12","imptrad","ipfrule",0.0730149163143688,0.0734957516921863,0.0228910218276228,0.0247525188794539,0.113124795647506,FALSE,0.008
"IT","R10","V7","V13","imptrad","ipgdtim",0,-0.00135899931215808,0.0069699899561517,-0.0284874635553578,0,TRUE,0.96
"IT","R10","V7","V14","imptrad","iphlppl",0.061241058976378,0.0678878915405691,0.0215759718411166,0.0281266751405188,0.110509284640267,FALSE,0.006
"IT","R10","V7","V15","imptrad","iplylfr",0,0.00707526055999592,0.0159169614257236,0,0.0547460342333912,TRUE,0.812
"IT","R10","V7","V16","imptrad","ipmodst",0.0681403969343341,0.06620860871032,0.0217483078838119,0.0220443572461229,0.107185812553203,FALSE,0.014
"IT","R10","V7","V17","imptrad","iprspot",0.113548601300238,0.114034725342977,0.0217402419077192,0.0724401401011006,0.160925965377893,FALSE,0
"IT","R10","V7","V18","imptrad","ipshabt",0,0,0,0,0,TRUE,1
"IT","R10","V7","V19","imptrad","ipstrgv",0.0281199466846893,0.0285327564043463,0.0216972059382675,0,0.0730946544474464,TRUE,0.248
"IT","R10","V7","V20","imptrad","ipsuces",0,0,0,0,0,TRUE,1
"IT","R10","V7","V21","imptrad","ipudrst",0,9.362728374994e-05,0.00148850122172577,0,0,TRUE,0.996
"IT","R10","V7","V8","imptrad","ipadvnt",-0.0524779124821655,-0.0580610019031215,0.0215747658563128,-0.101146473769784,0,TRUE,0.026
"IT","R10","V7","V9","imptrad","ipbhprp",0.142411341054979,0.146615911758093,0.0232555657724236,0.0989555069482434,0.192883872803964,FALSE,0
"IT","R10","V8","V10","ipadvnt","ipcrtiv",0.052333559782,0.0494906331607238,0.0232138595285569,0,0.0889863346436644,TRUE,0.092
"IT","R10","V8","V11","ipadvnt","ipeqopt",0,-0.00925732819375159,0.0189981562416021,-0.0609686414856983,0,TRUE,0.784
"IT","R10","V8","V12","ipadvnt","ipfrule",0,-0.00205156367956405,0.00831105464355758,-0.0367051870021485,0,TRUE,0.936
"IT","R10","V8","V13","ipadvnt","ipgdtim",0.174198627336338,0.171170847164414,0.0241736344651383,0.12429968567076,0.219770506978498,FALSE,0
"IT","R10","V8","V14","ipadvnt","iphlppl",0,-0.000536118484275781,0.00451626002687909,0,0,TRUE,0.984
"IT","R10","V8","V15","ipadvnt","iplylfr",0,0,0,0,0,TRUE,1
"IT","R10","V8","V16","ipadvnt","ipmodst",-0.0283115026612146,-0.022776409604711,0.0209349514966198,-0.0650290441460996,0,TRUE,0.376
"IT","R10","V8","V17","ipadvnt","iprspot",0,-0.000155496405163164,0.00263567376412621,0,0,TRUE,0.996
"IT","R10","V8","V18","ipadvnt","ipshabt",0,0.0192897823392412,0.0212074958217574,0,0.0612564688107777,TRUE,0.492
"IT","R10","V8","V19","ipadvnt","ipstrgv",0,-0.000604873299466903,0.00430202337167896,0,0,TRUE,0.978
"IT","R10","V8","V20","ipadvnt","ipsuces",0,0.00103345029997146,0.00587661110296799,0,0.0238474350047057,TRUE,0.966
"IT","R10","V8","V21","ipadvnt","ipudrst",0,0,0,0,0,TRUE,1
"IT","R10","V8","V9","ipadvnt","ipbhprp",0,-4.17564363887972e-05,0.000933702302634964,0,0,TRUE,0.998
"IT","R10","V9","V10","ipbhprp","ipcrtiv",0,-0.0089282909210825,0.0186876376426396,-0.0595487413580367,0,TRUE,0.792
"IT","R10","V9","V11","ipbhprp","ipeqopt",0,0.0122723747912044,0.0214955261614048,0,0.0683875378150279,TRUE,0.718
"IT","R10","V9","V12","ipbhprp","ipfrule",0.124441706601118,0.129738759546109,0.0245311889393079,0.0827692209551381,0.174761657523904,FALSE,0
"IT","R10","V9","V13","ipbhprp","ipgdtim",0,0,0,0,0,TRUE,1
"IT","R10","V9","V14","ipbhprp","iphlppl",0.0289480042381172,0.0297383433450451,0.0250950464356274,0,0.0768051785497112,TRUE,0.348
"IT","R10","V9","V15","ipbhprp","iplylfr",0.0527689016888964,0.0531729400568649,0.0274789804262543,0,0.104433850873921,TRUE,0.126
"IT","R10","V9","V16","ipbhprp","ipmodst",0.0891024169056723,0.0920465377697344,0.0227381220771278,0.0486873626643438,0.135276949639714,FALSE,0.002
"IT","R10","V9","V17","ipbhprp","iprspot",0.180944905551113,0.185003087513114,0.0233192536918966,0.140106238623951,0.231525957446601,FALSE,0
"IT","R10","V9","V18","ipbhprp","ipshabt",0,0.0026351326073405,0.00995557149634026,0,0.0378111611831998,TRUE,0.926
"IT","R10","V9","V19","ipbhprp","ipstrgv",0.0545129131341024,0.0551831237138274,0.0220163992561968,0,0.0964988522361903,TRUE,0.034
"IT","R10","V9","V20","ipbhprp","ipsuces",0,0.0197318753622298,0.0249501262817396,0,0.0713415230013166,TRUE,0.554
"IT","R10","V9","V21","ipbhprp","ipudrst",0,0.000161576571008693,0.00216039466189179,0,0,TRUE,0.994
"IT","R9","V1","V10","impdiff","ipcrtiv",0.25100643472106,0.251242816172957,0.021683316703467,0.209222391085491,0.293421877872295,FALSE,0
"IT","R9","V1","V11","impdiff","ipeqopt",0,0.000845745712938759,0.00506556403492127,0,0.0208306097464963,TRUE,0.97
"IT","R9","V1","V12","impdiff","ipfrule",0,0.0163081395949627,0.023552533576067,0,0.0758085627272868,TRUE,0.624
"IT","R9","V1","V13","impdiff","ipgdtim",0.10191691616348,0.0981800783033637,0.0231480927738879,0.0489210132754142,0.138748427882858,FALSE,0
"IT","R9","V1","V14","impdiff","iphlppl",0,0.00315542659423335,0.00980574806015747,0,0.0375086126767795,TRUE,0.9
"IT","R9","V1","V15","impdiff","iplylfr",0.0577164232047542,0.0434766300601364,0.0234478075719766,0,0.0818712290834396,TRUE,0.14
"IT","R9","V1","V16","impdiff","ipmodst",0,0.000281280359629888,0.00382549739879036,0,0,TRUE,0.994
"IT","R9","V1","V17","impdiff","iprspot",-0.0586311662844095,-0.037318450818269,0.0362940643064635,-0.106055211032395,0,TRUE,0.434
"IT","R9","V1","V18","impdiff","ipshabt",0.040495686486822,0.0393615671427352,0.0239830117580207,0,0.0852636306167536,TRUE,0.178
"IT","R9","V1","V19","impdiff","ipstrgv",0,6.39415835611384e-05,0.00142977727431688,0,0,TRUE,0.998
"IT","R9","V1","V2","impdiff","impenv",0,-0.000182679237450078,0.00359156718389604,0,0,TRUE,0.994
"IT","R9","V1","V20","impdiff","ipsuces",0.0541762322350188,0.0527920942963327,0.0235255168644424,0,0.103291791478804,TRUE,0.048
"IT","R9","V1","V21","impdiff","ipudrst",0.119026547452076,0.112187644863369,0.0217142683071076,0.0698669294200254,0.158638344327261,FALSE,0
"IT","R9","V1","V3","impdiff","impfree",0.0400617803395759,0.0365562753020906,0.0231395561048234,0,0.0821974999249417,TRUE,0.176
"IT","R9","V1","V4","impdiff","impfun",0.162251453942452,0.156138561759824,0.022710750231283,0.112827489992276,0.202529102934739,FALSE,0
"IT","R9","V1","V5","impdiff","imprich",0,-0.000389632546033811,0.00364919191365542,0,0,TRUE,0.988
"IT","R9","V1","V6","impdiff","impsafe",0,0.00618581989107965,0.0148133751973786,0,0.0501092005364172,TRUE,0.838
"IT","R9","V1","V7","impdiff","imptrad",0,-3.70519172980448e-05,0.00270995258092966,0,0,TRUE,0.996
"IT","R9","V1","V8","impdiff","ipadvnt",0.0777253894018149,0.0740188127565173,0.0256441868051728,0.00845991115949858,0.126959392699994,FALSE,0.024
"IT","R9","V1","V9","impdiff","ipbhprp",0,-0.00229466597855745,0.00951629387999058,-0.0420225274563478,0,TRUE,0.94
"IT","R9","V10","V11","ipcrtiv","ipeqopt",0,0.0148517955597699,0.0214327916687302,0,0.0675307390044511,TRUE,0.62
"IT","R9","V10","V12","ipcrtiv","ipfrule",0,-0.0171284018467085,0.0270293278484999,-0.0826370878098149,0,TRUE,0.682
"IT","R9","V10","V13","ipcrtiv","ipgdtim",0.0412558279680823,0.0342106736535827,0.0252157496963988,0,0.078316105073337,TRUE,0.286
"IT","R9","V10","V14","ipcrtiv","iphlppl",0.0350119735641982,0.0332696818469733,0.0261442719391473,0,0.0864865593113592,TRUE,0.288
"IT","R9","V10","V15","ipcrtiv","iplylfr",0,0.0012495044425479,0.00658929371001214,0,0.0255999947111191,TRUE,0.962
"IT","R9","V10","V16","ipcrtiv","ipmodst",0,-0.00100012597763655,0.0061531036383188,-0.0249050198005058,0,TRUE,0.972
"IT","R9","V10","V17","ipcrtiv","iprspot",-0.0831784799805321,-0.0668491635939709,0.0325302233493964,-0.123906419799292,0,TRUE,0.118
"IT","R9","V10","V18","ipcrtiv","ipshabt",0.0527836313034798,0.052039652805378,0.024599356724054,0,0.102246713748209,TRUE,0.088
"IT","R9","V10","V19","ipcrtiv","ipstrgv",0,0.000116534521429249,0.00188835644333687,0,0,TRUE,0.996
"IT","R9","V10","V20","ipcrtiv","ipsuces",0.120825717899711,0.117734376829485,0.0220041624203462,0.0746949954729103,0.160976329304206,FALSE,0
"IT","R9","V10","V21","ipcrtiv","ipudrst",0.132219416419075,0.127054463677919,0.0225635526210308,0.0780557656906359,0.170597082516089,FALSE,0
"IT","R9","V11","V12","ipeqopt","ipfrule",0.0242229381638287,0.0288545272625575,0.0248936563554029,0,0.0738220170693528,TRUE,0.348
"IT","R9","V11","V13","ipeqopt","ipgdtim",0,-0.000199571249341497,0.00315239849875729,0,0,TRUE,0.996
"IT","R9","V11","V14","ipeqopt","iphlppl",0.0873908706078559,0.0863344821623287,0.0225093031095913,0.0428305142988027,0.127710116801029,FALSE,0
"IT","R9","V11","V15","ipeqopt","iplylfr",0.0608742034917026,0.0566490215171549,0.0222680437679252,0,0.0988905782721734,TRUE,0.034
"IT","R9","V11","V16","ipeqopt","ipmodst",0.091710770292237,0.0925669513087554,0.0213061326660105,0.0464007878622069,0.13268038295758,FALSE,0
"IT","R9","V11","V17","ipeqopt","iprspot",0,-0.00881502288795559,0.0215955693144689,-0.074456118902853,0,TRUE,0.84
"IT","R9","V11","V18","ipeqopt","ipshabt",0.0275441411348058,0.0382082346273609,0.0277272951278135,0,0.0927883269796609,TRUE,0.25
"IT","R9","V11","V19","ipeqopt","ipstrgv",0.0235924081960496,0.0177927671268433,0.0206710280317657,0,0.0652081667154046,TRUE,0.508
"IT","R9","V11","V20","ipeqopt","ipsuces",0,-0.000381286994370756,0.00437819634954039,0,0,TRUE,0.992
"IT","R9","V11","V21","ipeqopt","ipudrst",0.110378922841956,0.107199975765949,0.0207026675077418,0.0620904607284777,0.145878075574524,FALSE,0
"IT","R9","V12","V13","ipfrule","ipgdtim",0,-5.14538974549901e-05,0.00115054412416661,0,0,TRUE,0.998
"IT","R9","V12","V14","ipfrule","iphlppl",0.0336119996921119,0.0330714872146768,0.0246898865269876,0,0.082122441448888,TRUE,0.274
"IT","R9","V12","V15","ipfrule","iplylfr",0,-0.000110350783531273,0.0024675185334629,0,0,TRUE,0.998
"IT","R9","V12","V16","ipfrule","ipmodst",0.0524439415870568,0.0535872540302683,0.0246563381891113,0,0.0994878797232233,TRUE,0.072
"IT","R9","V12","V17","ipfrule","iprspot",0,0.00570895732583635,0.013647804931685,0,0.0476734256652676,TRUE,0.834
"IT","R9","V12","V18","ipfrule","ipshabt",0,7.41858031626514e-05,0.00204164761607549,0,0,TRUE,0.994
"IT","R9","V12","V19","ipfrule","ipstrgv",0.0432318947680971,0.0376834521409097,0.0268194672066313,0,0.0889278309436939,TRUE,0.252
"IT","R9","V12","V20","ipfrule","ipsuces",0,0.000357059475047595,0.00354054608542,0,0,TRUE,0.988
"IT","R9","V12","V21","ipfrule","ipudrst",0.0375506134121807,0.0339619407769367,0.0254374821213815,0,0.0858423043300401,TRUE,0.27
"IT","R9","V13","V14","ipgdtim","iphlppl",0,0,0,0,0,TRUE,1
"IT","R9","V13","V15","ipgdtim","iplylfr",0,0,0,0,0,TRUE,1
"IT","R9","V13","V16","ipgdtim","ipmodst",0,5.97257756392789e-05,0.00133550894338329,0,0,TRUE,0.998
"IT","R9","V13","V17","ipgdtim","iprspot",0.0400319519713803,0.0240360901753507,0.0252227632227581,0,0.0774826188763525,TRUE,0.464
"IT","R9","V13","V18","ipgdtim","ipshabt",0.0351207298332115,0.0298261898019319,0.0223422237970842,0,0.0700230406167099,TRUE,0.282
"IT","R9","V13","V19","ipgdtim","ipstrgv",0,0,0,0,0,TRUE,1
"IT","R9","V13","V20","ipgdtim","ipsuces",0.025563878638242,0.0228562579868636,0.0207109664138077,0,0.066739737247436,TRUE,0.374
"IT","R9","V13","V21","ipgdtim","ipudrst",0,0,0,0,0,TRUE,1
"IT","R9","V14","V15","iphlppl","iplylfr",0.19142451551929,0.190348470636694,0.0234100253636705,0.139609498935595,0.236565663657494,FALSE,0
"IT","R9","V14","V16","iphlppl","ipmodst",0.135453434559589,0.133174220643068,0.0229480829405398,0.0900658161109581,0.180312582722967,FALSE,0
"IT","R9","V14","V17","iphlppl","iprspot",0,-0.00608898214711857,0.0186084584192069,-0.0707574345455177,0,TRUE,0.896
"IT","R9","V14","V18","iphlppl","ipshabt",0,-0.000523222141404541,0.00506473744177232,0,0,TRUE,0.988
"IT","R9","V14","V19","iphlppl","ipstrgv",0.0567034038656563,0.0592501122694465,0.0231607275537881,0,0.103154550534341,TRUE,0.034
"IT","R9","V14","V20","iphlppl","ipsuces",0.106861375939146,0.109228128307188,0.0221117169569282,0.0613300963262802,0.152305378572001,FALSE,0
"IT","R9","V14","V21","iphlppl","ipudrst",0.107231741051521,0.104855356522884,0.0224103316355048,0.0602208602020987,0.150649945256297,FALSE,0
"IT","R9","V15","V16","iplylfr","ipmodst",0.0557534756712951,0.0522847462580146,0.0229064999743489,0,0.094176583310439,TRUE,0.058
"IT","R9","V15","V17","iplylfr","iprspot",0.162792691705325,0.147933272888159,0.0245667139093935,0.0950951119059051,0.195834260291222,FALSE,0
"IT","R9","V15","V18","iplylfr","ipshabt",0,0,0,0,0,TRUE,1
"IT","R9","V15","V19","iplylfr","ipstrgv",0.0604132745903079,0.0560467625446363,0.0241601246405248,0,0.103812936148725,TRUE,0.046
"IT","R9","V15","V20","iplylfr","ipsuces",0,0.00340048740384907,0.0100366416515147,0,0.0349544680330436,TRUE,0.882
"IT","R9","V15","V21","iplylfr","ipudrst",0.0547834497160317,0.0514570503806571,0.0227906576978124,0,0.0938399385166186,TRUE,0.056
"IT","R9","V16","V17","ipmodst","iprspot",0,-0.000217083295711685,0.00252311326154611,0,0,TRUE,0.992
"IT","R9","V16","V18","ipmodst","ipshabt",0,-0.0163095822738446,0.0223826169239063,-0.0641901388262781,0,TRUE,0.618
"IT","R9","V16","V19","ipmodst","ipstrgv",0.0345058450787855,0.0334209113597174,0.0219714537114606,0,0.0764486991109765,TRUE,0.184
"IT","R9","V16","V20","ipmodst","ipsuces",0,-0.00207425478243096,0.0101080710622073,-0.0429363902685518,0,TRUE,0.956
"IT","R9","V16","V21","ipmodst","ipudrst",0.198901405154974,0.19971051793373,0.0223207298708891,0.154870666404594,0.241565466837072,FALSE,0
"IT","R9","V17","V18","iprspot","ipshabt",0.110109336234199,0.109409261077552,0.0219074395733516,0.0641053470340087,0.153437942260901,FALSE,0
"IT","R9","V17","V19","iprspot","ipstrgv",0,7.13906892631949e-05,0.00379554211095323,0,0,TRUE,0.988
"IT","R9","V17","V20","iprspot","ipsuces",0.129178631563584,0.122558764523354,0.0257477573182384,0.0693625360612292,0.172368906722593,FALSE,0
"IT","R9","V17","V21","iprspot","ipudrst",0,-0.00397932079374554,0.0130236382646749,-0.0484943388011671,0,TRUE,0.908
"IT","R9","V18","V19","ipshabt","ipstrgv",0,-0.017692889830275,0.0279660986987039,-0.0829436940485115,0,TRUE,0.692
"IT","R9","V18","V20","ipshabt","ipsuces",0.292655776124785,0.294469752124895,0.0199185953405327,0.255124623548423,0.336442784011859,FALSE,0
"IT","R9","V18","V21","ipshabt","ipudrst",0,0,0,0,0,TRUE,1
"IT","R9","V19","V20","ipstrgv","ipsuces",0.106062603326373,0.0925862945907517,0.0242985834979424,0.0428670347180121,0.146865289410844,FALSE,0.002
"IT","R9","V19","V21","ipstrgv","ipudrst",0,-0.000140630867033147,0.00222385062817811,0,0,TRUE,0.996
"IT","R9","V2","V10","impenv","ipcrtiv",0.0719032509392848,0.0649268687727612,0.0262729023780976,0,0.111329983795365,TRUE,0.064
"IT","R9","V2","V11","impenv","ipeqopt",0.0483583368685561,0.0464472257955937,0.0216419060677906,0,0.0828250612262081,TRUE,0.082
"IT","R9","V2","V12","impenv","ipfrule",0,0.000262236264510351,0.00303514004873774,0,0,TRUE,0.992
"IT","R9","V2","V13","impenv","ipgdtim",0,0,0,0,0,TRUE,1
"IT","R9","V2","V14","impenv","iphlppl",0.0719522698920914,0.0696262243611379,0.0229411727374605,0.0278313390560003,0.117006575404744,FALSE,0.006
"IT","R9","V2","V15","impenv","iplylfr",0.310720018252793,0.310208369760479,0.0209992588032525,0.269416948533329,0.349855500691743,FALSE,0
"IT","R9","V2","V16","impenv","ipmodst",0,0.00760828819164717,0.0131284549608691,0,0.0427780610153793,TRUE,0.71
"IT","R9","V2","V17","impenv","iprspot",0,0.0041740840337677,0.0122743537090182,0,0.0434726322467092,TRUE,0.884
"IT","R9","V2","V18","impenv","ipshabt",0,5.92712678734669e-05,0.00132534584077671,0,0,TRUE,0.998
"IT","R9","V2","V19","impenv","ipstrgv",0.0920393447415431,0.0911910876309447,0.0211733436754656,0.0498340873220736,0.132607822048383,FALSE,0
"IT","R9","V2","V20","impenv","ipsuces",0.0465100298820415,0.0444656191644002,0.0246238977719092,0,0.0897269760002042,TRUE,0.15
"IT","R9","V2","V21","impenv","ipudrst",0.111664805824035,0.111166577173356,0.0213395655558161,0.0701125103197548,0.151998225944377,FALSE,0
"IT","R9","V2","V3","impenv","impfree",0.0503497228201303,0.0477229870565741,0.0228973991224184,0,0.0891686904004937,TRUE,0.086
"IT","R9","V2","V4","impenv","impfun",0,0.00125734042442668,0.00712055689324207,0,0.0293387895448546,TRUE,0.966
"IT","R9","V2","V5","impenv","imprich",-0.0455074789881586,-0.0418319621009963,0.0292473535631119,-0.090802579455069,0,TRUE,0.27
"IT","R9","V2","V6","impenv","impsafe",0.0384667989003785,0.0344536729706363,0.021405546752101,0,0.0742972502493214,TRUE,0.188
"IT","R9","V2","V7","impenv","imptrad",0.1452881482132,0.139785661765051,0.0240636262998321,0.0916644042036086,0.187718421313039,FALSE,0
"IT","R9","V2","V8","impenv","ipadvnt",0,0,0,0,0,TRUE,1
"IT","R9","V2","V9","impenv","ipbhprp",0,0.00400804503858686,0.0101375926810992,0,0.0361192986278262,TRUE,0.848
"IT","R9","V20","V21","ipsuces","ipudrst",0,0.013787764870971,0.0201416267060272,0,0.0635774513292686,TRUE,0.632
"IT","R9","V3","V10","impfree","ipcrtiv",0.0649350687388236,0.0636197815649108,0.0222944794843626,0.02179300049224,0.108762469553209,FALSE,0.006
"IT","R9","V3","V11","impfree","ipeqopt",0,0.00896134349454434,0.0163491632644604,0,0.0527394821835839,TRUE,0.736
"IT","R9","V3","V12","impfree","ipfrule",0,-4.49427885281185e-05,0.00180884983104759,0,0,TRUE,0.996
"IT","R9","V3","V13","impfree","ipgdtim",0.0662907233290496,0.0594211722072998,0.0251932425958565,0,0.103541729505392,TRUE,0.076
"IT","R9","V3","V14","impfree","iphlppl",0.106229165661089,0.106821890308954,0.0232204702269563,0.0593876921340694,0.151983706368252,FALSE,0
"IT","R9","V3","V15","impfree","iplylfr",0,0.0130256222675883,0.0191398862680327,0,0.0608103972604364,TRUE,0.646
"IT","R9","V3","V16","impfree","ipmodst",0,0.00445002316743876,0.0121453862509234,0,0.0438430290244954,TRUE,0.868
"IT","R9","V3","V17","impfree","iprspot",0.0255684713747242,0.0248309085925678,0.025865742217057,0,0.0764688548195429,TRUE,0.452
"IT","R9","V3","V18","impfree","ipshabt",0,0.000126179384288925,0.00203031268355288,0,0,TRUE,0.996
"IT","R9","V3","V19","impfree","ipstrgv",0.0916184646081613,0.0833457862540655,0.0243534869553993,0.0352866386167571,0.1328937756916,FALSE,0.008
"IT","R9","V3","V20","impfree","ipsuces",0.181669650017068,0.179652524103683,0.0225558513341599,0.134342629966529,0.220864699533541,FALSE,0
"IT","R9","V3","V21","impfree","ipudrst",0,0.000494799176933833,0.00357092089929712,0,0,TRUE,0.98
"IT","R9","V3","V4","impfree","impfun",0,0.01607606447387,0.0210112250857104,0,0.06263812761643,TRUE,0.59
"IT","R9","V3","V5","impfree","imprich",0,0,0,0,0,TRUE,1
"IT","R9","V3","V6","impfree","impsafe",0,0.00541674146872769,0.0127157212763714,0,0.0431627636171735,TRUE,0.828
"IT","R9","V3","V7","impfree","imptrad",0,-0.00397881812244653,0.0142134270911937,-0.0574454222161079,0,TRUE,0.92
"IT","R9","V3","V8","impfree","ipadvnt",0,0.00933165668219147,0.0180955851482855,0,0.0600834055228509,TRUE,0.766
"IT","R9","V3","V9","impfree","ipbhprp",0,3.58234365476098e-05,0.000801036393081058,0,0,TRUE,0.998
"IT","R9","V4","V10","impfun","ipcrtiv",0,0.0130406205488349,0.0196011343468612,0,0.0574792053865035,TRUE,0.66
"IT","R9","V4","V11","impfun","ipeqopt",0,0,0,0,0,TRUE,1
"IT","R9","V4","V12","impfun","ipfrule",0,0.000747838493499514,0.00538672134794842,0,0,TRUE,0.978
"IT","R9","V4","V13","impfun","ipgdtim",0.349196909003897,0.344808820911473,0.0208803505245112,0.30735647248985,0.388283673640842,FALSE,0
"IT","R9","V4","V14","impfun","iphlppl",0,0,0,0,0,TRUE,1
"IT","R9","V4","V15","impfun","iplylfr",0.0300214600562554,0.0134621639222155,0.018818470010804,0,0.0575915657821603,TRUE,0.626
"IT","R9","V4","V16","impfun","ipmodst",0,0,0,0,0,TRUE,1
"IT","R9","V4","V17","impfun","iprspot",0,0.000161856503041764,0.00262090990214777,0,0,TRUE,0.996
"IT","R9","V4","V18","impfun","ipshabt",0,0,0,0,0,TRUE,1
"IT","R9","V4","V19","impfun","ipstrgv",0,0,0,0,0,TRUE,1
"IT","R9","V4","V20","impfun","ipsuces",0.0452115264256927,0.0411677831029967,0.0255166361649354,0,0.0851739724390174,TRUE,0.204
"IT","R9","V4","V21","impfun","ipudrst",0,0,0,0,0,TRUE,1
"IT","R9","V4","V5","impfun","imprich",0,0.000932365549935027,0.00614031497339788,0,0.0111839573888312,TRUE,0.976
"IT","R9","V4","V6","impfun","impsafe",0,-0.000110073824768658,0.00246132554726119,0,0,TRUE,0.998
"IT","R9","V4","V7","impfun","imptrad",0,0.000820083488981891,0.00665859533957893,0,0,TRUE,0.984
"IT","R9","V4","V8","impfun","ipadvnt",0.210949136854045,0.205140388427798,0.02238382831859,0.160438779882682,0.251329267873189,FALSE,0
"IT","R9","V4","V9","impfun","ipbhprp",0,-0.00206721835490554,0.00954272651115478,-0.044617684234219,0,TRUE,0.952
"IT","R9","V5","V10","imprich","ipcrtiv",0.0673697550989323,0.0658048220059536,0.0304735657438987,0,0.117044115446803,TRUE,0.102
"IT","R9","V5","V11","imprich","ipeqopt",0,7.85209385107801e-05,0.00175578156167185,0,0,TRUE,0.998
"IT","R9","V5","V12","imprich","ipfrule",0,0.00240925209860184,0.00960673652582847,0,0.040638933568097,TRUE,0.936
"IT","R9","V5","V13","imprich","ipgdtim",0.169297989403734,0.167069277283368,0.0217870831751383,0.124543661878732,0.208863790512801,FALSE,0
"IT","R9","V5","V14","imprich","iphlppl",0,-0.00854797420024434,0.0160648272951155,-0.049020021739014,0,TRUE,0.754
"IT","R9","V5","V15","imprich","iplylfr",-0.0277630854361493,-0.0121515553875874,0.0211996883359244,-0.0647879392070007,0,TRUE,0.732
"IT","R9","V5","V16","imprich","ipmodst",-0.113311101986584,-0.111626683796458,0.0188044214217277,-0.147166899018554,-0.0765587949488548,FALSE,0
"IT","R9","V5","V17","imprich","iprspot",0.119467904399482,0.120653287169237,0.021083101046843,0.0778857360516789,0.160764377714794,FALSE,0
"IT","R9","V5","V18","imprich","ipshabt",0.200170147486679,0.198689521649271,0.0198284850537811,0.156985124024032,0.236646087039913,FALSE,0
"IT","R9","V5","V19","imprich","ipstrgv",0,-0.000120382429005198,0.00192345356380732,0,0,TRUE,0.996
"IT","R9","V5","V20","imprich","ipsuces",0,0.00165855667164801,0.00680179357567166,0,0.0282503012069601,TRUE,0.94
"IT","R9","V5","V21","imprich","ipudrst",-0.0562969548580192,-0.0494144099899259,0.0256139651783629,-0.0936773283992434,0,TRUE,0.14
"IT","R9","V5","V6","imprich","impsafe",0,0.000655510834815392,0.00499464491313097,0,0,TRUE,0.982
"IT","R9","V5","V7","imprich","imptrad",0,-0.000379951399123155,0.00325735852767902,0,0,TRUE,0.986
"IT","R9","V5","V8","imprich","ipadvnt",0.237962888233163,0.234387743265515,0.0205761150368979,0.190905695874105,0.275330970539329,FALSE,0
"IT","R9","V5","V9","imprich","ipbhprp",0,0,0,0,0,TRUE,1
"IT","R9","V6","V10","impsafe","ipcrtiv",0,-0.000306328315352091,0.00400428753484987,0,0,TRUE,0.994
"IT","R9","V6","V11","impsafe","ipeqopt",0.135556544632047,0.133680265200512,0.0219029742617077,0.091853083023519,0.177923450902453,FALSE,0
"IT","R9","V6","V12","impsafe","ipfrule",0.0645741862755012,0.0605398186596043,0.0276088730661497,0,0.108325715863992,TRUE,0.088
"IT","R9","V6","V13","impsafe","ipgdtim",0,0,0,0,0,TRUE,1
"IT","R9","V6","V14","impsafe","iphlppl",0,0.00126961280197844,0.0058698571196808,0,0.0253560937698804,TRUE,0.952
"IT","R9","V6","V15","impsafe","iplylfr",0.0197704767867074,0.0180355385006496,0.020773422154386,0,0.0629343559553746,TRUE,0.502
"IT","R9","V6","V16","impsafe","ipmodst",0.0506466735918879,0.048030636054077,0.0212482835832823,0,0.0867573322060399,TRUE,0.066
"IT","R9","V6","V17","impsafe","iprspot",0.0303588742231561,0.0241117558977737,0.023734938639498,0,0.0698514101518123,TRUE,0.43
"IT","R9","V6","V18","impsafe","ipshabt",0.142583688889586,0.148099556120799,0.023121443189618,0.102809632357763,0.189992914631788,FALSE,0
"IT","R9","V6","V19","impsafe","ipstrgv",0.33244006331182,0.327469250496372,0.0214880088231981,0.280675789678812,0.368915686132038,FALSE,0
"IT","R9","V6","V20","impsafe","ipsuces",0,0.000182421371749453,0.00241794344747395,0,0,TRUE,0.994
"IT","R9","V6","V21","impsafe","ipudrst",0,0,0,0,0,TRUE,1
"IT","R9","V6","V7","impsafe","imptrad",0.084643882869825,0.082955274139232,0.0234975983559243,0.0416439932457895,0.129969155128839,FALSE,0.004
"IT","R9","V6","V8","impsafe","ipadvnt",-0.0709852798051176,-0.0685155485213038,0.0213277744592477,-0.108610140877609,-0.0305837882112662,FALSE,0.018
"IT","R9","V6","V9","impsafe","ipbhprp",0.111059345455648,0.107825537557751,0.0240782768080745,0.0583003394555169,0.154755833075687,FALSE,0
"IT","R9","V7","V10","imptrad","ipcrtiv",-0.0225164643681144,-0.0132075644914567,0.0183279690916332,-0.0554786762007394,0,TRUE,0.62
"IT","R9","V7","V11","imptrad","ipeqopt",0,-4.30325880759015e-06,0.00337213197944199,0,0,TRUE,0.992
"IT","R9","V7","V12","imptrad","ipfrule",0.0235619152096563,0.022731531452715,0.0211714593848306,0,0.0652047696342813,TRUE,0.39
"IT","R9","V7","V13","imptrad","ipgdtim",-0.0488582490957661,-0.0289384972944208,0.0277279919121928,-0.0789297000871745,0,TRUE,0.432
"IT","R9","V7","V14","imptrad","iphlppl",0.0566992016410697,0.0518852820940063,0.0240385352763305,0,0.0931966997824309,TRUE,0.08
"IT","R9","V7","V15","imptrad","iplylfr",0.0779557733422785,0.0749052465048699,0.02427936245293,0.0313718105081009,0.122621210363377,FALSE,0.014
"IT","R9","V7","V16","imptrad","ipmodst",0.0900503976752246,0.0878253694113023,0.0234085177002611,0.0404425113650344,0.134271519336439,FALSE,0
"IT","R9","V7","V17","imptrad","iprspot",0.040103972700229,0.0305920774888041,0.029239369227412,0,0.0928023900327011,TRUE,0.4
"IT","R9","V7","V18","imptrad","ipshabt",0,-0.00060709793935194,0.00490676304529606,0,0,TRUE,0.982
"IT","R9","V7","V19","imptrad","ipstrgv",0.0670020445241438,0.0609851526877933,0.0225899183417359,0,0.103902602774336,TRUE,0.026
"IT","R9","V7","V20","imptrad","ipsuces",0,-0.0120324233826695,0.024292510990539,-0.0759688389322293,0,TRUE,0.788
"IT","R9","V7","V21","imptrad","ipudrst",0,-8.06537249688363e-05,0.0018034721166889,0,0,TRUE,0.998
"IT","R9","V7","V8","imptrad","ipadvnt",-0.0368649020371317,-0.0328710764574323,0.0232889648564518,-0.0774689870814599,0,TRUE,0.256
"IT","R9","V7","V9","imptrad","ipbhprp",0.174060169137976,0.175509498359832,0.0233806956636459,0.12668960859322,0.220176463393561,FALSE,0
"IT","R9","V8","V10","ipadvnt","ipcrtiv",0.0470263623933131,0.0414445676806478,0.0252774172218435,0,0.0853621049067529,TRUE,0.192
"IT","R9","V8","V11","ipadvnt","ipeqopt",0,-0.0135420636200242,0.020707659448382,-0.060737983726881,0,TRUE,0.67
"IT","R9","V8","V12","ipadvnt","ipfrule",0,-0.0029521527247415,0.0104478110417946,-0.0373173121909305,0,TRUE,0.914
"IT","R9","V8","V13","ipadvnt","ipgdtim",0.20280051284823,0.20116034566271,0.0242572468555623,0.153455994465018,0.252037334409417,FALSE,0
"IT","R9","V8","V14","ipadvnt","iphlppl",0,-6.88330692354688e-05,0.00153915421910458,0,0,TRUE,0.998
"IT","R9","V8","V15","ipadvnt","iplylfr",0,-0.000108019595384823,0.00241539158182487,0,0,TRUE,0.998
"IT","R9","V8","V16","ipadvnt","ipmodst",0,-0.00884521221374525,0.0149397097216892,-0.0486958591498193,0,TRUE,0.71
"IT","R9","V8","V17","ipadvnt","iprspot",0,0.00380061545606939,0.0124960471911316,0,0.0491693547470913,TRUE,0.904
"IT","R9","V8","V18","ipadvnt","ipshabt",0,0.00334459548022168,0.00982561250829141,0,0.0365821566812472,TRUE,0.888
"IT","R9","V8","V19","ipadvnt","ipstrgv",-0.0299581063369484,-0.0175495644838332,0.0208819923983547,-0.0603502285005312,0,TRUE,0.548
"IT","R9","V8","V20","ipadvnt","ipsuces",0,0.0122446214569743,0.0189191414702038,0,0.0561724187244377,TRUE,0.676
"IT","R9","V8","V21","ipadvnt","ipudrst",0,0.000198286838408733,0.00313247810656795,0,0,TRUE,0.996
"IT","R9","V8","V9","ipadvnt","ipbhprp",0,-6.57504997466035e-05,0.00147022586987988,0,0,TRUE,0.998
"IT","R9","V9","V10","ipbhprp","ipcrtiv",0,-0.00602550414402737,0.0156188672281468,-0.0542677755542092,0,TRUE,0.86
"IT","R9","V9","V11","ipbhprp","ipeqopt",0,0.0225092826188092,0.0234833734381637,0,0.0720409321491428,TRUE,0.452
"IT","R9","V9","V12","ipbhprp","ipfrule",0.049196451902694,0.0482143404116296,0.0280121019153781,0,0.0958111672647736,TRUE,0.174
"IT","R9","V9","V13","ipbhprp","ipgdtim",0,8.80119212198219e-05,0.00196800638677878,0,0,TRUE,0.998
"IT","R9","V9","V14","ipbhprp","iphlppl",0,0.020920392923543,0.0236114666022279,0,0.0687184273827489,TRUE,0.516
"IT","R9","V9","V15","ipbhprp","iplylfr",0.0544138794094214,0.0537612895637325,0.0247413450649759,0,0.0998940676052223,TRUE,0.054
"IT","R9","V9","V16","ipbhprp","ipmodst",0.0743270058177723,0.0782479012945139,0.0216416491990851,0.0388278689771684,0.124062625045779,FALSE,0.002
"IT","R9","V9","V17","ipbhprp","iprspot",0.268925738084183,0.270579628599368,0.0228741525696332,0.222330821270648,0.313332533191004,FALSE,0
"IT","R9","V9","V18","ipbhprp","ipshabt",0,0.0111928166374028,0.0186937162632786,0,0.0577427266993418,TRUE,0.704
"IT","R9","V9","V19","ipbhprp","ipstrgv",0.0458145030424438,0.0435229439872848,0.0224416009223911,0,0.088954657240591,TRUE,0.11
"IT","R9","V9","V20","ipbhprp","ipsuces",0.042146877349965,0.0451301030226831,0.0257314751097026,0,0.0914468594318586,TRUE,0.154
"IT","R9","V9","V21","ipbhprp","ipudrst",0,0.0043609033363656,0.0113054336010397,0,0.0433928694241776,TRUE,0.856
"LT","R10","V1","V10","impdiff","ipcrtiv",0.147513270651629,0.146600298254465,0.0282910288006411,0.0890826843535701,0.201015687082448,FALSE,0
"LT","R10","V1","V11","impdiff","ipeqopt",0,0.00296724468602091,0.0117923254734672,0,0.0476162684331997,TRUE,0.934
"LT","R10","V1","V12","impdiff","ipfrule",0,0.00866663442904341,0.0191760104803775,0,0.0614377843959858,TRUE,0.806
"LT","R10","V1","V13","impdiff","ipgdtim",0.0976142953553245,0.0953339891678843,0.0287612411383916,0.0403842660330559,0.15767590017404,FALSE,0.008
"LT","R10","V1","V14","impdiff","iphlppl",0,0.00524882015383066,0.0142015490474248,0,0.0494059672629619,TRUE,0.868
"LT","R10","V1","V15","impdiff","iplylfr",0,0.0017590614196747,0.00788721522712179,0,0.0355047061661394,TRUE,0.95
"LT","R10","V1","V16","impdiff","ipmodst",0,0,0,0,0,TRUE,1
"LT","R10","V1","V17","impdiff","iprspot",0,0,0,0,0,TRUE,1
"LT","R10","V1","V18","impdiff","ipshabt",0.140431646014988,0.134429707509703,0.0256025097959872,0.0819023518524321,0.183223764210618,FALSE,0
"LT","R10","V1","V19","impdiff","ipstrgv",0,-0.00141086970590913,0.00920815304103212,-0.0356359100479611,0,TRUE,0.974
"LT","R10","V1","V2","impdiff","impenv",0,0.000120019547826686,0.00197333139535072,0,0,TRUE,0.996
"LT","R10","V1","V20","impdiff","ipsuces",0.0439866518843698,0.0394797089371148,0.0301538545842379,0,0.0964523657940417,TRUE,0.282
"LT","R10","V1","V21","impdiff","ipudrst",0.108364781388962,0.110110859426515,0.0273447603943423,0.0567703213034997,0.164896994295776,FALSE,0.002
"LT","R10","V1","V3","impdiff","impfree",0,0.00285000297957036,0.0109080491234637,0,0.0471124400295246,TRUE,0.93
"LT","R10","V1","V4","impdiff","impfun",0.0238559034800925,0.0188845487213964,0.0253737446711994,0,0.0759267725091708,TRUE,0.594
"LT","R10","V1","V5","impdiff","imprich",0,0.000895777264185021,0.00546609315738245,0,0.026034004630166,TRUE,0.972
"LT","R10","V1","V6","impdiff","impsafe",0,-7.49281966565469e-05,0.00167544541155511,0,0,TRUE,0.998
"LT","R10","V1","V7","impdiff","imptrad",0,-7.41735945326149e-05,0.00165857199510434,0,0,TRUE,0.998
"LT","R10","V1","V8","impdiff","ipadvnt",0.2860919790286,0.285269477240355,0.0252452961807904,0.234714116244174,0.337475626411366,FALSE,0
"LT","R10","V1","V9","impdiff","ipbhprp",0,-0.00831591701641994,0.021043148012209,-0.0762323581702576,0,TRUE,0.85
"LT","R10","V10","V11","ipcrtiv","ipeqopt",0.0881703090658617,0.0883092505485916,0.0252695112714025,0.0372958855249239,0.137923424880948,FALSE,0.002
"LT","R10","V10","V12","ipcrtiv","ipfrule",0,-0.00165787574911513,0.00962281908038089,-0.0385752578542345,0,TRUE,0.968
"LT","R10","V10","V13","ipcrtiv","ipgdtim",0,0.00633977217257836,0.0149699708826252,0,0.0504550509159414,TRUE,0.82
"LT","R10","V10","V14","ipcrtiv","iphlppl",0,0.00221734613513184,0.00929691091668973,0,0.0390216839902171,TRUE,0.942
"LT","R10","V10","V15","ipcrtiv","iplylfr",0,0.00192562696248955,0.00892066763128811,0,0.0398337913242198,TRUE,0.952
"LT","R10","V10","V16","ipcrtiv","ipmodst",0,5.34227391521869e-05,0.00119456876288529,0,0,TRUE,0.998
"LT","R10","V10","V17","ipcrtiv","iprspot",0,-0.00492011645788329,0.0174252340248751,-0.0708434032253399,0,TRUE,0.918
"LT","R10","V10","V18","ipcrtiv","ipshabt",0.0433035815141055,0.0426720086400535,0.0315208061685838,0,0.102288117288145,TRUE,0.262
"LT","R10","V10","V19","ipcrtiv","ipstrgv",0,9.76678154405805e-05,0.00218391874539041,0,0,TRUE,0.998
"LT","R10","V10","V20","ipcrtiv","ipsuces",0.0488557871001094,0.0467965362574471,0.0277705028532499,0,0.0986168265428488,TRUE,0.152
"LT","R10","V10","V21","ipcrtiv","ipudrst",0,0.000838198525835914,0.00526121821341154,0,0.0208748896352043,TRUE,0.974
"LT","R10","V11","V12","ipeqopt","ipfrule",0,0.000287685122114494,0.00292877484645419,0,0,TRUE,0.99
"LT","R10","V11","V13","ipeqopt","ipgdtim",0,0.00119531655071066,0.00569015090002271,0,0.0251965621754026,TRUE,0.956
"LT","R10","V11","V14","ipeqopt","iphlppl",0.107032730682409,0.102200705710833,0.0305130221314848,0.0424486383623829,0.15768306409006,FALSE,0.006
"LT","R10","V11","V15","ipeqopt","iplylfr",0,0.0111797830467015,0.0212699740980424,0,0.0667628130157867,TRUE,0.754
"LT","R10","V11","V16","ipeqopt","ipmodst",0,0.0128178152880337,0.0205749576293448,0,0.0604597518696173,TRUE,0.682
"LT","R10","V11","V17","ipeqopt","iprspot",0,0.000237221370355243,0.00247175687029639,0,0,TRUE,0.99
"LT","R10","V11","V18","ipeqopt","ipshabt",0.0182791530803357,0.0211638490837894,0.0262009212600095,0,0.0755648065770273,TRUE,0.56
"LT","R10","V11","V19","ipeqopt","ipstrgv",0.0987509992296415,0.107580330979206,0.030359455903759,0.047324488542944,0.165669462648199,FALSE,0.002
"LT","R10","V11","V20","ipeqopt","ipsuces",0,-0.000450101218541263,0.0060059615736569,0,0,TRUE,0.994
"LT","R10","V11","V21","ipeqopt","ipudrst",0.0998184682149843,0.102687299967949,0.0276033115077006,0.0464249365775909,0.156744567846364,FALSE,0.002
"LT","R10","V12","V13","ipfrule","ipgdtim",0,-0.000544909225819883,0.00502915640295431,0,0,TRUE,0.988
"LT","R10","V12","V14","ipfrule","iphlppl",0,0,0,0,0,TRUE,1
"LT","R10","V12","V15","ipfrule","iplylfr",0,0,0,0,0,TRUE,1
"LT","R10","V12","V16","ipfrule","ipmodst",0,0.010541173334352,0.0202326762699601,0,0.0640590795244534,TRUE,0.758
"LT","R10","V12","V17","ipfrule","iprspot",0.0405067023013496,0.0404318710897014,0.0287391011882668,0,0.0969054433556602,TRUE,0.222
"LT","R10","V12","V18","ipfrule","ipshabt",0,0.011693880707497,0.0215325890117988,0,0.0682905745078604,TRUE,0.748
"LT","R10","V12","V19","ipfrule","ipstrgv",0,0.00360928579963925,0.0112086935917852,0,0.0418022449258444,TRUE,0.894
"LT","R10","V12","V20","ipfrule","ipsuces",0,0.00052949440152736,0.00455939331390278,0,0,TRUE,0.986
"LT","R10","V12","V21","ipfrule","ipudrst",0.121531630178312,0.123109445061137,0.0268554212148377,0.0688158660616227,0.178963064929622,FALSE,0
"LT","R10","V13","V14","ipgdtim","iphlppl",0,0.00270650941934797,0.0105474524794911,0,0.0427034815746957,TRUE,0.934
"LT","R10","V13","V15","ipgdtim","iplylfr",0.0270478346806827,0.0173099987360207,0.0229065901779836,0,0.067438981132503,TRUE,0.594
"LT","R10","V13","V16","ipgdtim","ipmodst",0,0.000225912992154658,0.00305181129460769,0,0,TRUE,0.994
"LT","R10","V13","V17","ipgdtim","iprspot",0,4.89598643023317e-05,0.00109477584749179,0,0,TRUE,0.998
"LT","R10","V13","V18","ipgdtim","ipshabt",0.0251366741375998,0.022804912845445,0.0250448568855304,0,0.0746076909170945,TRUE,0.486
"LT","R10","V13","V19","ipgdtim","ipstrgv",0,4.96548867490812e-05,0.00111031702185999,0,0,TRUE,0.998
"LT","R10","V13","V20","ipgdtim","ipsuces",0.0407258404391265,0.034839628047101,0.0280131904357334,0,0.0905967513174656,TRUE,0.29
"LT","R10","V13","V21","ipgdtim","ipudrst",0,0.00205998464472071,0.00932549582915151,0,0.0358616383469077,TRUE,0.946
"LT","R10","V14","V15","iphlppl","iplylfr",0.324010624901777,0.317833560323919,0.0279196954216033,0.266153301958742,0.371531024298964,FALSE,0
"LT","R10","V14","V16","iphlppl","ipmodst",0.0808016260090442,0.0726280483169142,0.0288163935401108,0,0.130520689964428,TRUE,0.04
"LT","R10","V14","V17","iphlppl","iprspot",0,0.000318386391868816,0.00372586078643798,0,0,TRUE,0.992
"LT","R10","V14","V18","iphlppl","ipshabt",0,0,0,0,0,TRUE,1
"LT","R10","V14","V19","iphlppl","ipstrgv",0.0370749097164389,0.0317265675175046,0.0267253449449534,0,0.0839425593331714,TRUE,0.326
"LT","R10","V14","V20","iphlppl","ipsuces",0.157691832505076,0.154357766453869,0.0285058166543448,0.0951618202385517,0.207726079101096,FALSE,0
"LT","R10","V14","V21","iphlppl","ipudrst",0.123011734688159,0.118086685642191,0.0278575775209512,0.0622684815130361,0.172859934904858,FALSE,0
"LT","R10","V15","V16","iplylfr","ipmodst",0.0596976257752577,0.0493208567562577,0.0360378851254058,0,0.114430026984288,TRUE,0.276
"LT","R10","V15","V17","iplylfr","iprspot",0.0717038850243443,0.0623092691258589,0.0282532155584589,0,0.119088699560158,TRUE,0.08
"LT","R10","V15","V18","iplylfr","ipshabt",0,0.000207677754725411,0.00333272099669388,0,0,TRUE,0.996
"LT","R10","V15","V19","iplylfr","ipstrgv",0,0.00699921639170638,0.0158176436490147,0,0.0563944646966014,TRUE,0.816
"LT","R10","V15","V20","iplylfr","ipsuces",0,0.014001436184154,0.021341196404086,0,0.0664459530208018,TRUE,0.656
"LT","R10","V15","V21","iplylfr","ipudrst",0.0543086588986263,0.0433902891915675,0.0309461178795859,0,0.0974860459183843,TRUE,0.262
"LT","R10","V16","V17","ipmodst","iprspot",0,0.000696351813191576,0.00599247309474826,0,0,TRUE,0.986
"LT","R10","V16","V18","ipmodst","ipshabt",-0.0715310151429804,-0.0593892515478599,0.0425216540208521,-0.128568380986724,0,TRUE,0.288
"LT","R10","V16","V19","ipmodst","ipstrgv",0,0.002734181223016,0.0105330282761722,0,0.0435296289858914,TRUE,0.93
"LT","R10","V16","V20","ipmodst","ipsuces",0,-0.0122206201664228,0.0264060898532034,-0.0913657782284816,0,TRUE,0.806
"LT","R10","V16","V21","ipmodst","ipudrst",0.0694443097294059,0.0649506863877415,0.0285250103296129,0,0.122674081324541,TRUE,0.054
"LT","R10","V17","V18","iprspot","ipshabt",0.185140826238301,0.18323440995562,0.0275562596808074,0.127113467769131,0.236551393150435,FALSE,0
"LT","R10","V17","V19","iprspot","ipstrgv",0,0.0113082779077583,0.0184967737662326,0,0.060213264204847,TRUE,0.694
"LT","R10","V17","V20","iprspot","ipsuces",0.141006079855426,0.140654374707208,0.0288784755682297,0.0817589769197397,0.19713010015865,FALSE,0
"LT","R10","V17","V21","iprspot","ipudrst",0,-0.000162396984613335,0.00402103650247957,0,0,TRUE,0.994
"LT","R10","V18","V19","ipshabt","ipstrgv",0,0,0,0,0,TRUE,1
"LT","R10","V18","V20","ipshabt","ipsuces",0.188782636834781,0.185467827333568,0.0293438752218578,0.127532414652546,0.248722839089747,FALSE,0
"LT","R10","V18","V21","ipshabt","ipudrst",0,0,0,0,0,TRUE,1
"LT","R10","V19","V20","ipstrgv","ipsuces",0.049398748946892,0.0533761314600848,0.0268849241631786,0,0.103411571075674,TRUE,0.102
"LT","R10","V19","V21","ipstrgv","ipudrst",0,0.00405905802649819,0.0124377780156723,0,0.0458809354898631,TRUE,0.884
"LT","R10","V2","V10","impenv","ipcrtiv",0.0505796371064543,0.0420073856391572,0.0306272783927945,0,0.102416895178715,TRUE,0.262
"LT","R10","V2","V11","impenv","ipeqopt",0.0502114187564701,0.0488229003581467,0.0277459191364025,0,0.100999750561022,TRUE,0.122
"LT","R10","V2","V12","impenv","ipfrule",0,0.00298351457143101,0.009654840720226,0,0.0361263426454326,TRUE,0.904
"LT","R10","V2","V13","impenv","ipgdtim",0,0.000249763211614464,0.00283391449743288,0,0,TRUE,0.992
"LT","R10","V2","V14","impenv","iphlppl",0.0759145107246561,0.0742417077317807,0.0297396800822904,0,0.135165366971491,TRUE,0.036
"LT","R10","V2","V15","impenv","iplylfr",0.166247806550065,0.160215978515178,0.0267989751947374,0.107184282646837,0.214097637432027,FALSE,0
"LT","R10","V2","V16","impenv","ipmodst",0.0800080635278392,0.0723684312066488,0.0282850730808072,0,0.130022705431235,TRUE,0.038
"LT","R10","V2","V17","impenv","iprspot",0,3.44428327364672e-05,0.000770165153363959,0,0,TRUE,0.998
"LT","R10","V2","V18","impenv","ipshabt",0,0,0,0,0,TRUE,1
"LT","R10","V2","V19","impenv","ipstrgv",0.174750888048676,0.173683873726939,0.0275338480948495,0.117737833276704,0.22595180031474,FALSE,0
"LT","R10","V2","V20","impenv","ipsuces",0,0.00564826254233399,0.0145200859600648,0,0.0526139743348944,TRUE,0.852
"LT","R10","V2","V21","impenv","ipudrst",0.0425311480176686,0.0383096561686377,0.0294560005557091,0,0.0967089336641314,TRUE,0.256
"LT","R10","V2","V3","impenv","impfree",0.0516374232396147,0.0466938313921085,0.0292963532804649,0,0.104265486787821,TRUE,0.168
"LT","R10","V2","V4","impenv","impfun",0,6.36991402218873e-05,0.00142435607644431,0,0,TRUE,0.998
"LT","R10","V2","V5","impenv","imprich",0,-0.00553529512643807,0.01618761318649,-0.0595056684464799,0,TRUE,0.886
"LT","R10","V2","V6","impenv","impsafe",0.0359513404723458,0.0291256415903029,0.0267271124044901,0,0.0847138693173309,TRUE,0.364
"LT","R10","V2","V7","impenv","imptrad",0.105642066503578,0.105116703280664,0.0274389348950751,0.054312436261619,0.167685165248413,FALSE,0
"LT","R10","V2","V8","impenv","ipadvnt",0,0,0,0,0,TRUE,1
"LT","R10","V2","V9","impenv","ipbhprp",0.0499867919681541,0.0467329856448668,0.0285578830160129,0,0.10550653250384,TRUE,0.142
"LT","R10","V20","V21","ipsuces","ipudrst",0,0.00470472172988738,0.0136189997918312,0,0.0501376146465677,TRUE,0.88
"LT","R10","V3","V10","impfree","ipcrtiv",0.123327550883972,0.123609943206801,0.0261375272784872,0.0713781406244213,0.177512694802863,FALSE,0
"LT","R10","V3","V11","impfree","ipeqopt",0.0661309106738862,0.0695634350336976,0.0291563318733364,0,0.125612603753396,TRUE,0.048
"LT","R10","V3","V12","impfree","ipfrule",0,0.00246162303635994,0.0106031867780682,0,0.044173852881205,TRUE,0.94
"LT","R10","V3","V13","impfree","ipgdtim",0.167142754417524,0.165449970396098,0.0281420519638373,0.10543607236799,0.219656465552546,FALSE,0
"LT","R10","V3","V14","impfree","iphlppl",0.0218599427389771,0.016466735111277,0.0220681338046545,0,0.0659959439101974,TRUE,0.602
"LT","R10","V3","V15","impfree","iplylfr",0,5.75426933150831e-05,0.00128669373860949,0,0,TRUE,0.998
"LT","R10","V3","V16","impfree","ipmodst",0,0.0047278723746739,0.013705990090374,0,0.0508134850456183,TRUE,0.88
"LT","R10","V3","V17","impfree","iprspot",0,0.000195386298706837,0.00386860220930416,0,0,TRUE,0.99
"LT","R10","V3","V18","impfree","ipshabt",0,-9.8660845475324e-05,0.00220612357200427,0,0,TRUE,0.998
"LT","R10","V3","V19","impfree","ipstrgv",0.0617074119275619,0.0631497815532274,0.0282057524000858,0,0.115449321110233,TRUE,0.074
"LT","R10","V3","V20","impfree","ipsuces",0.0678732344337207,0.0658956863140097,0.0265369181096686,0,0.115943762934397,TRUE,0.03
"LT","R10","V3","V21","impfree","ipudrst",0,0.000665109486180626,0.00449953220859217,0,0.00809194585415601,TRUE,0.976
"LT","R10","V3","V4","impfree","impfun",0,7.56746480491824e-05,0.00169213657211344,0,0,TRUE,0.998
"LT","R10","V3","V5","impfree","imprich",0,-0.000657348558338932,0.00589813797072098,0,0,TRUE,0.986
"LT","R10","V3","V6","impfree","impsafe",0,0.00987846273777073,0.0182027243768131,0,0.0605987469421678,TRUE,0.742
"LT","R10","V3","V7","impfree","imptrad",0,0.00240011172142093,0.00939190535238468,0,0.0392463387277135,TRUE,0.932
"LT","R10","V3","V8","impfree","ipadvnt",0.0783997008020919,0.0791333562389152,0.0289618962779573,0,0.132894597465012,TRUE,0.032
"LT","R10","V3","V9","impfree","ipbhprp",0,9.06187542813974e-05,0.00202629694609555,0,0,TRUE,0.998
"LT","R10","V4","V10","impfun","ipcrtiv",0,0.000276697318637894,0.00337600878004349,0,0,TRUE,0.992
"LT","R10","V4","V11","impfun","ipeqopt",0,0,0,0,0,TRUE,1
"LT","R10","V4","V12","impfun","ipfrule",0,-4.3146324334935e-05,0.00096478114192168,0,0,TRUE,0.998
"LT","R10","V4","V13","impfun","ipgdtim",0.2732794024819,0.263962355078848,0.027428776192394,0.207673753433082,0.316216840657536,FALSE,0
"LT","R10","V4","V14","impfun","iphlppl",0,5.95396251211191e-05,0.00133134649125677,0,0,TRUE,0.998
"LT","R10","V4","V15","impfun","iplylfr",0.0496349332755127,0.0240641430079446,0.0297766944553744,0,0.0876684443655672,TRUE,0.568
"LT","R10","V4","V16","impfun","ipmodst",0,-0.000921090690633838,0.0063910510656802,0,0,TRUE,0.978
"LT","R10","V4","V17","impfun","iprspot",0,0.00171821767331279,0.00809393061490519,0,0.0357120700132793,TRUE,0.954
"LT","R10","V4","V18","impfun","ipshabt",0.0296629912345084,0.0191845140198021,0.0240866317859112,0,0.0692751403693045,TRUE,0.572
"LT","R10","V4","V19","impfun","ipstrgv",0,0,0,0,0,TRUE,1
"LT","R10","V4","V20","impfun","ipsuces",0,0.00218946123096833,0.00865025187646998,0,0.0335618857933767,TRUE,0.934
"LT","R10","V4","V21","impfun","ipudrst",0,-0.000221752200680327,0.00294015396276812,0,0,TRUE,0.994
"LT","R10","V4","V5","impfun","imprich",0,0.0121276210879799,0.0207536807715583,0,0.0631833000232983,TRUE,0.716
"LT","R10","V4","V6","impfun","impsafe",0,0,0,0,0,TRUE,1
"LT","R10","V4","V7","impfun","imptrad",0,0.00380571175444498,0.014574442675644,0,0.059899227753823,TRUE,0.928
"LT","R10","V4","V8","impfun","ipadvnt",0.321069085534062,0.30776930846446,0.0263705468556036,0.253340663722474,0.355883493000151,FALSE,0
"LT","R10","V4","V9","impfun","ipbhprp",0,-6.23536183771038e-05,0.00139426929334284,0,0,TRUE,0.998
"LT","R10","V5","V10","imprich","ipcrtiv",0.13357477399039,0.148315746463965,0.0289199469367798,0.0897368495461266,0.199938396190687,FALSE,0
"LT","R10","V5","V11","imprich","ipeqopt",0,-9.46170836806266e-05,0.00211570230942667,0,0,TRUE,0.998
"LT","R10","V5","V12","imprich","ipfrule",0,0.00147343443963624,0.00793786636377026,0,0.0363313891221087,TRUE,0.964
"LT","R10","V5","V13","imprich","ipgdtim",0.0566165763963642,0.0638755468066596,0.0282311446612432,0,0.11547988713921,TRUE,0.068
"LT","R10","V5","V14","imprich","iphlppl",0,-0.00350437774214584,0.0132857989621898,-0.0543873277507357,0,TRUE,0.928
"LT","R10","V5","V15","imprich","iplylfr",0,-0.00528133292955298,0.0175358821791604,-0.0674905090825806,0,TRUE,0.912
"LT","R10","V5","V16","imprich","ipmodst",-0.109239934113509,-0.109515316606503,0.0261108402994091,-0.161988960305509,-0.0593973414911968,FALSE,0
"LT","R10","V5","V17","imprich","iprspot",0.0996862009641002,0.115943176116774,0.0292264527226021,0.0598788778578877,0.173341929237013,FALSE,0.004
"LT","R10","V5","V18","imprich","ipshabt",0.230750920225525,0.22808648450014,0.0276322639029389,0.174822004391698,0.283013249420266,FALSE,0
"LT","R10","V5","V19","imprich","ipstrgv",0,0,0,0,0,TRUE,1
"LT","R10","V5","V20","imprich","ipsuces",0.0906236152258058,0.105780514379837,0.0286530700459228,0.0486980252733784,0.162350271158617,FALSE,0.006
"LT","R10","V5","V21","imprich","ipudrst",0,-0.0161044296274659,0.0256062550627249,-0.0794787809374219,0,TRUE,0.68
"LT","R10","V5","V6","imprich","impsafe",0,0.00419445514731602,0.0147933716145103,0,0.0618385214466913,TRUE,0.918
"LT","R10","V5","V7","imprich","imptrad",0,-0.00184866973194751,0.00833824449574146,-0.0327965905744819,0,TRUE,0.946
"LT","R10","V5","V8","imprich","ipadvnt",0.108418889949608,0.106730121838921,0.0265412261346098,0.0542719000437903,0.162001490475156,FALSE,0
"LT","R10","V5","V9","imprich","ipbhprp",0,-0.00475594048531424,0.0137536893909504,-0.048216278125661,0,TRUE,0.882
"LT","R10","V6","V10","impsafe","ipcrtiv",0,0.0057340293553775,0.0146820644729908,0,0.0509650905336111,TRUE,0.856
"LT","R10","V6","V11","impsafe","ipeqopt",0.127139406103716,0.126406994655494,0.0300768307909381,0.0661292495576755,0.18373097815149,FALSE,0
"LT","R10","V6","V12","impsafe","ipfrule",0.0578610628879784,0.0547600367713347,0.0292003984797,0,0.108201053763033,TRUE,0.112
"LT","R10","V6","V13","impsafe","ipgdtim",0.0458623770492287,0.0274628216230456,0.0303178991509475,0,0.0880845825055288,TRUE,0.502
"LT","R10","V6","V14","impsafe","iphlppl",0,0.00373117930119751,0.0117991037592975,0,0.0454480941947789,TRUE,0.898
"LT","R10","V6","V15","impsafe","iplylfr",0,0.000407929815948657,0.00357338373668594,0,0,TRUE,0.986
"LT","R10","V6","V16","impsafe","ipmodst",0.0733479660158233,0.061585579622847,0.0315315597235793,0,0.118201775759884,TRUE,0.116
"LT","R10","V6","V17","impsafe","iprspot",0.0324523835021652,0.0264053817799483,0.0275058787204557,0,0.0870467026571434,TRUE,0.448
"LT","R10","V6","V18","impsafe","ipshabt",0,0.010086783484472,0.022476804660392,0,0.0714095375967045,TRUE,0.818
"LT","R10","V6","V19","impsafe","ipstrgv",0.233992446313037,0.233936413334926,0.0272586617692252,0.179448134479812,0.287707486604891,FALSE,0
"LT","R10","V6","V20","impsafe","ipsuces",0,0.00710961426895662,0.0184451351250537,0,0.0629382856977264,TRUE,0.856
"LT","R10","V6","V21","impsafe","ipudrst",0,-0.000673601318599775,0.00698701159538308,0,0,TRUE,0.984
"LT","R10","V6","V7","impsafe","imptrad",0.038510840874932,0.0375897333147704,0.0281944757712914,0,0.0934363092248103,TRUE,0.264
"LT","R10","V6","V8","impsafe","ipadvnt",-0.131862214208477,-0.110334987665316,0.0416622827665593,-0.17849713899997,0,TRUE,0.064
"LT","R10","V6","V9","impsafe","ipbhprp",0.0771072818048036,0.0742859617052836,0.0289140828865768,0,0.125728783111491,TRUE,0.032
"LT","R10","V7","V10","imptrad","ipcrtiv",0,0.016035198519322,0.0270198918270614,0,0.0838788621568762,TRUE,0.704
"LT","R10","V7","V11","imptrad","ipeqopt",0,0.00198017429728635,0.00795333513118924,0,0.0305585610292477,TRUE,0.934
"LT","R10","V7","V12","imptrad","ipfrule",0,0.0133191927790863,0.0215402777352114,0,0.0715070432346889,TRUE,0.676
"LT","R10","V7","V13","imptrad","ipgdtim",0,-0.0021434538218992,0.0100345407710195,-0.040378844898288,0,TRUE,0.95
"LT","R10","V7","V14","imptrad","iphlppl",0.0561629623146867,0.0515063087967222,0.0291728291412252,0,0.104913645755689,TRUE,0.154
"LT","R10","V7","V15","imptrad","iplylfr",0.0587111661770736,0.0534578297838164,0.0348702342015786,0,0.118505093523299,TRUE,0.216
"LT","R10","V7","V16","imptrad","ipmodst",0.0292311074544821,0.0260380445935431,0.0261935722030449,0,0.0864629186855988,TRUE,0.394
"LT","R10","V7","V17","imptrad","iprspot",0,0.00139405840803696,0.00778240412891081,0,0.027246210515015,TRUE,0.964
"LT","R10","V7","V18","imptrad","ipshabt",0,-0.0103073858050957,0.0229606865380958,-0.0772263316430209,0,TRUE,0.808
"LT","R10","V7","V19","imptrad","ipstrgv",0.0728206072821104,0.0793627321389233,0.0292193537679141,0,0.13592293812502,TRUE,0.026
"LT","R10","V7","V20","imptrad","ipsuces",0,0.000462779174069955,0.00438122509203052,0,0,TRUE,0.988
"LT","R10","V7","V21","imptrad","ipudrst",0,1.58175226295312e-05,0.00277617959363308,0,0,TRUE,0.994
"LT","R10","V7","V8","imptrad","ipadvnt",-0.0407530812052341,-0.0396110409899839,0.0325681336966131,-0.106352839514911,0,TRUE,0.314
"LT","R10","V7","V9","imptrad","ipbhprp",0.118021815351548,0.115379123382871,0.0287178971497676,0.0584725801581758,0.171147995368461,FALSE,0
"LT","R10","V8","V10","ipadvnt","ipcrtiv",0.0325430576762743,0.0258789891396676,0.0263176321344672,0,0.0823797205669799,TRUE,0.434
"LT","R10","V8","V11","ipadvnt","ipeqopt",0,0.000595722415703561,0.00445031886615052,0,0,TRUE,0.982
"LT","R10","V8","V12","ipadvnt","ipfrule",0,-0.000303122963224936,0.00347548406009434,0,0,TRUE,0.992
"LT","R10","V8","V13","ipadvnt","ipgdtim",0.075705230470757,0.071214293655431,0.0305110405374812,0,0.126301572128534,TRUE,0.06
"LT","R10","V8","V14","ipadvnt","iphlppl",0,0,0,0,0,TRUE,1
"LT","R10","V8","V15","ipadvnt","iplylfr",0,0.00378301981210726,0.0125327852384366,0,0.047989593398133,TRUE,0.91
"LT","R10","V8","V16","ipadvnt","ipmodst",-0.0441064854187942,-0.0333261367835414,0.029262644913283,-0.0906589797335664,0,TRUE,0.372
"LT","R10","V8","V17","ipadvnt","iprspot",0,0.00016267924832586,0.00267429209752424,0,0,TRUE,0.996
"LT","R10","V8","V18","ipadvnt","ipshabt",0,0.00506498395445556,0.012962122123247,0,0.0411252182638656,TRUE,0.85
"LT","R10","V8","V19","ipadvnt","ipstrgv",0,0.000117541519794893,0.00186800655765742,0,0,TRUE,0.996
"LT","R10","V8","V20","ipadvnt","ipsuces",0.028217844775509,0.023914735024015,0.0263798164339118,0,0.0769204815131714,TRUE,0.49
"LT","R10","V8","V21","ipadvnt","ipudrst",0,7.81882742938255e-05,0.00174834296364393,0,0,TRUE,0.998
"LT","R10","V8","V9","ipadvnt","ipbhprp",0,-0.000519252263542262,0.0044097381715325,0,0,TRUE,0.986
"LT","R10","V9","V10","ipbhprp","ipcrtiv",0,0.000884090464528348,0.006504781038361,0,0,TRUE,0.98
"LT","R10","V9","V11","ipbhprp","ipeqopt",0,0.00286165718501521,0.00989386305695624,0,0.0389411746381728,TRUE,0.912
"LT","R10","V9","V12","ipbhprp","ipfrule",0.199258552958704,0.196913956841753,0.027829321717851,0.142955879178502,0.250568869631177,FALSE,0
"LT","R10","V9","V13","ipbhprp","ipgdtim",0,-0.000102728100880682,0.00229707016768661,0,0,TRUE,0.998
"LT","R10","V9","V14","ipbhprp","iphlppl",0,0.0195608128676457,0.0254727101434786,0,0.0785115738484824,TRUE,0.574
"LT","R10","V9","V15","ipbhprp","iplylfr",0.0735977247256097,0.0674066147856543,0.029699766023758,0,0.121824525000241,TRUE,0.06
"LT","R10","V9","V16","ipbhprp","ipmodst",0.173386102852267,0.168244460587141,0.026261419541923,0.115923119777941,0.224038485322187,FALSE,0
"LT","R10","V9","V17","ipbhprp","iprspot",0.134600714454346,0.130466846908648,0.0283411571706494,0.0754699171825083,0.182684419898647,FALSE,0
"LT","R10","V9","V18","ipbhprp","ipshabt",0,0,0,0,0,TRUE,1
"LT","R10","V9","V19","ipbhprp","ipstrgv",0.0808717229126838,0.0810193617390274,0.026132069979458,0.0287012032928145,0.132580962762704,FALSE,0.01
"LT","R10","V9","V20","ipbhprp","ipsuces",0,0.000486035663969666,0.0042111119390176,0,0,TRUE,0.986
"LT","R10","V9","V21","ipbhprp","ipudrst",0,0.00732469334238706,0.0162344750970799,0,0.0555199579520409,TRUE,0.806
"LT","R9","V1","V10","impdiff","ipcrtiv",0.209616337818004,0.211630967781723,0.0247118453656032,0.162224723936415,0.259081327769393,FALSE,0
"LT","R9","V1","V11","impdiff","ipeqopt",0,0,0,0,0,TRUE,1
"LT","R9","V1","V12","impdiff","ipfrule",0,0.000350526445829045,0.0039240676217738,0,0,TRUE,0.992
"LT","R9","V1","V13","impdiff","ipgdtim",0.0345981172117527,0.0303292737307837,0.0263138255890273,0,0.0847194497835802,TRUE,0.344
"LT","R9","V1","V14","impdiff","iphlppl",0,0.00465056538205236,0.0132951941782526,0,0.0462959749611997,TRUE,0.882
"LT","R9","V1","V15","impdiff","iplylfr",0,0.000687526119723217,0.00491788252356134,0,0,TRUE,0.98
"LT","R9","V1","V16","impdiff","ipmodst",0,-0.00021009905308779,0.0033659322229839,0,0,TRUE,0.996
"LT","R9","V1","V17","impdiff","iprspot",0,-0.0010835224507434,0.00815340536677903,0,0,TRUE,0.982
"LT","R9","V1","V18","impdiff","ipshabt",0.119177232294444,0.118418746593559,0.0276266942152924,0.0633448006551945,0.170293449884507,FALSE,0
"LT","R9","V1","V19","impdiff","ipstrgv",0,0.000887376310754153,0.00612099244717049,0,0,TRUE,0.978
"LT","R9","V1","V2","impdiff","impenv",0,0,0,0,0,TRUE,1
"LT","R9","V1","V20","impdiff","ipsuces",0.0341374913883453,0.029161608652297,0.0279339276227258,0,0.0843743295500835,TRUE,0.422
"LT","R9","V1","V21","impdiff","ipudrst",0,0.0343217387845597,0.0378631088292712,0,0.102977324480226,TRUE,0.522
"LT","R9","V1","V3","impdiff","impfree",0,0.00887483458742944,0.0173809944156107,0,0.055310401018348,TRUE,0.774
"LT","R9","V1","V4","impdiff","impfun",0.0615854110968518,0.0563124763271157,0.0300512491008341,0,0.111487962851343,TRUE,0.118
"LT","R9","V1","V5","impdiff","imprich",0,0.00659928672807525,0.0176652442470335,0,0.0632611970482236,TRUE,0.864
"LT","R9","V1","V6","impdiff","impsafe",0,-6.49101392306851e-05,0.00145143483748788,0,0,TRUE,0.998
"LT","R9","V1","V7","impdiff","imptrad",0,-0.000986924960007405,0.00682096533643552,0,0,TRUE,0.978
"LT","R9","V1","V8","impdiff","ipadvnt",0.331305552531171,0.331545867300657,0.0289221964100099,0.277362410543225,0.389326938352866,FALSE,0
"LT","R9","V1","V9","impdiff","ipbhprp",0,-7.44567112441156e-05,0.00166490267722915,0,0,TRUE,0.998
"LT","R9","V10","V11","ipcrtiv","ipeqopt",0,0.0152835208802338,0.0227483744764541,0,0.0697316720818921,TRUE,0.65
"LT","R9","V10","V12","ipcrtiv","ipfrule",0,-0.00121130572107334,0.00779149380883835,-0.0225296216895181,0,TRUE,0.974
"LT","R9","V10","V13","ipcrtiv","ipgdtim",0,0.00271174146479164,0.0094107797926922,0,0.0370762554389775,TRUE,0.916
"LT","R9","V10","V14","ipcrtiv","iphlppl",0,0.00938881175352399,0.0187041385728482,0,0.0612904311934677,TRUE,0.774
"LT","R9","V10","V15","ipcrtiv","iplylfr",0,0.00204198037224059,0.00925215427142615,0,0.0349900269309858,TRUE,0.944
"LT","R9","V10","V16","ipcrtiv","ipmodst",0,-0.00995841387833847,0.0225141403850583,-0.0747305376090437,0,TRUE,0.82
"LT","R9","V10","V17","ipcrtiv","iprspot",0,-0.0022242373634146,0.0113768301938435,-0.0545333288226447,0,TRUE,0.96
"LT","R9","V10","V18","ipcrtiv","ipshabt",0.125519884726092,0.125809996801966,0.0276231731096497,0.0711505371527164,0.177756119599779,FALSE,0
"LT","R9","V10","V19","ipcrtiv","ipstrgv",0,0.00854319015149445,0.0175576812275452,0,0.0579844325846402,TRUE,0.786
"LT","R9","V10","V20","ipcrtiv","ipsuces",0.0783834114991804,0.0756884762837594,0.0268327814964768,0.0269275915739673,0.130293383820728,FALSE,0.018
"LT","R9","V10","V21","ipcrtiv","ipudrst",0,0.0008635488507513,0.00646701037388953,0,0,TRUE,0.982
"LT","R9","V11","V12","ipeqopt","ipfrule",0,0.0129846926030388,0.020653891942747,0,0.0638210914467037,TRUE,0.67
"LT","R9","V11","V13","ipeqopt","ipgdtim",0,0.00010266383791093,0.00167248340558433,0,0,TRUE,0.996
"LT","R9","V11","V14","ipeqopt","iphlppl",0.120897940778397,0.120294166839926,0.0290629335840773,0.0624926466819637,0.177250995419982,FALSE,0
"LT","R9","V11","V15","ipeqopt","iplylfr",0.0611755521482494,0.0604990471128669,0.0292878417217117,0,0.11689329676078,TRUE,0.072
"LT","R9","V11","V16","ipeqopt","ipmodst",0,0.0205219133657667,0.0272913951998312,0,0.0845948013063881,TRUE,0.582
"LT","R9","V11","V17","ipeqopt","iprspot",0,0.000188491537898296,0.00250312637534363,0,0,TRUE,0.994
"LT","R9","V11","V18","ipeqopt","ipshabt",0,0.0159358295878272,0.0237074873130047,0,0.0734999828960955,TRUE,0.648
"LT","R9","V11","V19","ipeqopt","ipstrgv",0.0507403186294392,0.0533152503210427,0.0275544937972921,0,0.1070160928161,TRUE,0.1
"LT","R9","V11","V20","ipeqopt","ipsuces",0,0.000269155963314606,0.0027407823655117,0,0,TRUE,0.99
"LT","R9","V11","V21","ipeqopt","ipudrst",0.0644145875797329,0.069170583355917,0.02805219854179,0,0.118877539503578,TRUE,0.044
"LT","R9","V12","V13","ipfrule","ipgdtim",0,-0.000849786942344942,0.00740581608302396,0,0,TRUE,0.986
"LT","R9","V12","V14","ipfrule","iphlppl",0,0.0022113287114432,0.00885813173981498,0,0.0336965666037675,TRUE,0.934
"LT","R9","V12","V15","ipfrule","iplylfr",0.0644094621367101,0.0612278436559556,0.028591364072491,0,0.113538025545386,TRUE,0.07
"LT","R9","V12","V16","ipfrule","ipmodst",0.0391036123261776,0.0485208399613664,0.0326096632180809,0,0.112346377184198,TRUE,0.212
"LT","R9","V12","V17","ipfrule","iprspot",0.0434997813363584,0.0458750210749802,0.0317460996515531,0,0.106975187767068,TRUE,0.22
"LT","R9","V12","V18","ipfrule","ipshabt",0,0.00768565928626241,0.0175716393241331,0,0.0600160872537545,TRUE,0.818
"LT","R9","V12","V19","ipfrule","ipstrgv",0.0296018371227608,0.0327695113630688,0.0280223520145364,0,0.089285706315885,TRUE,0.328
"LT","R9","V12","V20","ipfrule","ipsuces",0,-0.000751596013740248,0.00762287044663205,0,0,TRUE,0.988
"LT","R9","V12","V21","ipfrule","ipudrst",0.122710234585342,0.11875543120147,0.0304690263880072,0.0626790960836311,0.179896418777466,FALSE,0.002
"LT","R9","V13","V14","ipgdtim","iphlppl",0,0.00394545162081788,0.0132750441221533,0,0.0497448894861069,TRUE,0.908
"LT","R9","V13","V15","ipgdtim","iplylfr",0.0332158832209146,0.025878553981552,0.027332393118361,0,0.0865467481267101,TRUE,0.46
"LT","R9","V13","V16","ipgdtim","ipmodst",0,-0.000110474928705782,0.00247029450395571,0,0,TRUE,0.998
"LT","R9","V13","V17","ipgdtim","iprspot",0,-5.71033401591995e-05,0.00127686950338264,0,0,TRUE,0.998
"LT","R9","V13","V18","ipgdtim","ipshabt",0,0.00867839241217582,0.0180569354766509,0,0.0583038655829381,TRUE,0.788
"LT","R9","V13","V19","ipgdtim","ipstrgv",0.0542812663458021,0.0507898345771678,0.0270643674969799,0,0.101889280346895,TRUE,0.124
"LT","R9","V13","V20","ipgdtim","ipsuces",0.0334243880024316,0.0284482819450942,0.0271703868262412,0,0.0813918851189523,TRUE,0.4
"LT","R9","V13","V21","ipgdtim","ipudrst",0,0.0062991086768485,0.0177178935307228,0,0.0621323369335735,TRUE,0.878
"LT","R9","V14","V15","iphlppl","iplylfr",0.295772932524763,0.293016880198376,0.0273396425930471,0.236325170109678,0.345806345288406,FALSE,0
"LT","R9","V14","V16","iphlppl","ipmodst",0.0836322721342838,0.0881175122519837,0.028517003832087,0.0317904125221156,0.140006197503202,FALSE,0.012
"LT","R9","V14","V17","iphlppl","iprspot",0,-0.000472169083348541,0.00490713422754317,0,0,TRUE,0.99
"LT","R9","V14","V18","iphlppl","ipshabt",0,0.000602412073661064,0.00452028814720799,0,0,TRUE,0.982
"LT","R9","V14","V19","iphlppl","ipstrgv",0,0.00110505815486179,0.00590028320390735,0,0.0255114558835384,TRUE,0.964
"LT","R9","V14","V20","iphlppl","ipsuces",0.143779206409734,0.142133677896376,0.0297426013519089,0.0807131806957778,0.196764434027289,FALSE,0
"LT","R9","V14","V21","iphlppl","ipudrst",0.039418886759444,0.0339570013382864,0.0303263637052478,0,0.099457342307906,TRUE,0.37
"LT","R9","V15","V16","iplylfr","ipmodst",0,0.00965636350298632,0.0196847053917615,0,0.0658636369421323,TRUE,0.778
"LT","R9","V15","V17","iplylfr","iprspot",0.0373753796083855,0.0399623171214474,0.0305262438317821,0,0.0951197383109351,TRUE,0.286
"LT","R9","V15","V18","iplylfr","ipshabt",0,-0.000513634209283243,0.00534172073142507,0,0,TRUE,0.99
"LT","R9","V15","V19","iplylfr","ipstrgv",0.100903051967752,0.0978654568026258,0.0281562984184388,0.0441724840865839,0.156418515287245,FALSE,0.002
"LT","R9","V15","V20","iplylfr","ipsuces",0.0317799185551551,0.0326321250283136,0.0280228176197356,0,0.090767681770649,TRUE,0.326
"LT","R9","V15","V21","iplylfr","ipudrst",0.0429842635216733,0.0413775814984193,0.031731028048039,0,0.103942015993646,TRUE,0.272
"LT","R9","V16","V17","ipmodst","iprspot",0,0.000578647276497087,0.00545496229261411,0,0,TRUE,0.988
"LT","R9","V16","V18","ipmodst","ipshabt",-0.0900164433436139,-0.0847486318338397,0.0403985456791108,-0.147908082591489,0,TRUE,0.132
"LT","R9","V16","V19","ipmodst","ipstrgv",0,0.00490951935245747,0.013560250870357,0,0.0491094166103401,TRUE,0.874
"LT","R9","V16","V20","ipmodst","ipsuces",-0.0605111409322727,-0.0612978438260068,0.0449443347298306,-0.142079797577054,0,TRUE,0.286
"LT","R9","V16","V21","ipmodst","ipudrst",0.0844054688826045,0.0817143396735839,0.0331237968879625,0,0.141801976380994,TRUE,0.052
"LT","R9","V17","V18","iprspot","ipshabt",0.176748647302875,0.178689471085359,0.0284647743915387,0.122455060908974,0.237906725063135,FALSE,0
"LT","R9","V17","V19","iprspot","ipstrgv",-0.0604067080226148,-0.0763051310878557,0.0517653542072488,-0.158443157856235,0,TRUE,0.264
"LT","R9","V17","V20","iprspot","ipsuces",0.202035731520527,0.200953373904855,0.028358285590256,0.14583530936795,0.258543067647381,FALSE,0
"LT","R9","V17","V21","iprspot","ipudrst",0.0830383908304299,0.0791365513350825,0.0284189333480928,0,0.129746438782827,TRUE,0.026
"LT","R9","V18","V19","ipshabt","ipstrgv",0,-0.00187954027061568,0.0105816246283508,-0.044475100172644,0,TRUE,0.966
"LT","R9","V18","V20","ipshabt","ipsuces",0.169803697314908,0.167090747697957,0.0277552390435342,0.114361025665695,0.224086924465313,FALSE,0
"LT","R9","V18","V21","ipshabt","ipudrst",0.0482946881395902,0.0335993554453989,0.0329591714062575,0,0.0981178315153365,TRUE,0.43
"LT","R9","V19","V20","ipstrgv","ipsuces",0,0.0181852722148807,0.0265458529730555,0,0.078120332017437,TRUE,0.646
"LT","R9","V19","V21","ipstrgv","ipudrst",0,0.00876439425848628,0.017529723087681,0,0.0566712786336608,TRUE,0.782
"LT","R9","V2","V10","impenv","ipcrtiv",0,0.0293993149300679,0.0308244441203635,0,0.0912414206178767,TRUE,0.474
"LT","R9","V2","V11","impenv","ipeqopt",0.0306761119260941,0.0302586049265155,0.0288013345321844,0,0.089384750247084,TRUE,0.408
"LT","R9","V2","V12","impenv","ipfrule",0,0.000126462589486873,0.00211201848144867,0,0,TRUE,0.996
"LT","R9","V2","V13","impenv","ipgdtim",0,0.000124333375106369,0.00199400094222206,0,0,TRUE,0.996
"LT","R9","V2","V14","impenv","iphlppl",0.0856086161670824,0.0805627467498507,0.0326600021392098,0,0.149279364511466,TRUE,0.036
"LT","R9","V2","V15","impenv","iplylfr",0.0348851225603853,0.0312778108571005,0.0315960776318824,0,0.0974485075124122,TRUE,0.43
"LT","R9","V2","V16","impenv","ipmodst",0,0.0150002140240515,0.0248637990503249,0,0.076225821297608,TRUE,0.702
"LT","R9","V2","V17","impenv","iprspot",0,0.00041573546873449,0.00393002541729818,0,0,TRUE,0.988
"LT","R9","V2","V18","impenv","ipshabt",0,0,0,0,0,TRUE,1
"LT","R9","V2","V19","impenv","ipstrgv",0.163872292837981,0.162360363545389,0.0305272081364761,0.10303526896071,0.223842740353308,FALSE,0
"LT","R9","V2","V20","impenv","ipsuces",0,0.0224460698083884,0.0262702210613828,0,0.0780002051872236,TRUE,0.532
"LT","R9","V2","V21","impenv","ipudrst",0,0.00917356019664392,0.0186624633919872,0,0.0596810711788226,TRUE,0.784
"LT","R9","V2","V3","impenv","impfree",0.11164725276509,0.110861609856829,0.0271677959810643,0.0611896386756697,0.169509638331329,FALSE,0
"LT","R9","V2","V4","impenv","impfun",0,0,0,0,0,TRUE,1
"LT","R9","V2","V5","impenv","imprich",0,-0.00428599765295728,0.015185081508803,-0.0596530775790309,0,TRUE,0.92
"LT","R9","V2","V6","impenv","impsafe",0.182736087745401,0.177845751824064,0.029535378361795,0.121307906494538,0.239123956434904,FALSE,0
"LT","R9","V2","V7","impenv","imptrad",0.261021642574188,0.261341904413176,0.0281054658864606,0.205160489295952,0.317213023750546,FALSE,0
"LT","R9","V2","V8","impenv","ipadvnt",0,-0.00187988564596168,0.00931451279284919,-0.0384300522004988,0,TRUE,0.956
"LT","R9","V2","V9","impenv","ipbhprp",0.0235481229523772,0.0230273058112918,0.0260337562240756,0,0.0792824747847412,TRUE,0.496
"LT","R9","V20","V21","ipsuces","ipudrst",0,2.02952405670374e-05,0.00408717388440396,0,0,TRUE,0.992
"LT","R9","V3","V10","impfree","ipcrtiv",0.0840312543133389,0.0827840098056472,0.0251677337844612,0.0319057277052573,0.130671835707782,FALSE,0.01
"LT","R9","V3","V11","impfree","ipeqopt",0.0544667745368907,0.0583699284293369,0.0275314563226329,0,0.112890382727229,TRUE,0.076
"LT","R9","V3","V12","impfree","ipfrule",0,-9.10936546199411e-05,0.00203691604049076,0,0,TRUE,0.998
"LT","R9","V3","V13","impfree","ipgdtim",0.19787744773774,0.191775221597611,0.0262481611109334,0.138806895945221,0.243014594854081,FALSE,0
"LT","R9","V3","V14","impfree","iphlppl",0.0538977274237588,0.0516428282657377,0.0292665433519133,0,0.106017508647002,TRUE,0.122
"LT","R9","V3","V15","impfree","iplylfr",0,0.000724545063450229,0.0059559609181594,0,0.0198982031978583,TRUE,0.966
"LT","R9","V3","V16","impfree","ipmodst",0,0.0176877127834416,0.0266568377028456,0,0.077674292088734,TRUE,0.67
"LT","R9","V3","V17","impfree","iprspot",0.0245974709473771,0.0259831131164637,0.0278245054440561,0,0.0825808070348248,TRUE,0.47
"LT","R9","V3","V18","impfree","ipshabt",0,6.21300255729333e-05,0.00138926960624879,0,0,TRUE,0.998
"LT","R9","V3","V19","impfree","ipstrgv",0.0788443133268242,0.0765482705915589,0.0298219553033645,0,0.135703887826589,TRUE,0.026
"LT","R9","V3","V20","impfree","ipsuces",0.154364772707841,0.151083661401085,0.0255054564418614,0.100547932345519,0.201873298751247,FALSE,0
"LT","R9","V3","V21","impfree","ipudrst",0,0.000908067811677686,0.00583888522126783,0,0.0202971203258717,TRUE,0.974
"LT","R9","V3","V4","impfree","impfun",0,0.00193785572863131,0.00877469487845355,0,0.0382340577232945,TRUE,0.95
"LT","R9","V3","V5","impfree","imprich",0,0,0,0,0,TRUE,1
"LT","R9","V3","V6","impfree","impsafe",0,0.019707490057244,0.0262515495773843,0,0.0770584161920691,TRUE,0.596
"LT","R9","V3","V7","impfree","imptrad",0,-0.00317458505552271,0.0136458601820475,-0.0605337062057659,0,TRUE,0.944
"LT","R9","V3","V8","impfree","ipadvnt",0,9.02130646819058e-05,0.00201722545087327,0,0,TRUE,0.998
"LT","R9","V3","V9","impfree","ipbhprp",0,0.00308300459012117,0.0107045897057089,0,0.0415323367571722,TRUE,0.914
"LT","R9","V4","V10","impfun","ipcrtiv",0,0.000540224970321657,0.00408279009047266,0,0,TRUE,0.982
"LT","R9","V4","V11","impfun","ipeqopt",0,0.0002507259328172,0.00280679189057544,0,0,TRUE,0.992
"LT","R9","V4","V12","impfun","ipfrule",0,0.00358051700913183,0.0121931100614692,0,0.0477643343460389,TRUE,0.91
"LT","R9","V4","V13","impfun","ipgdtim",0.277755147714309,0.268359378536537,0.0264092825301601,0.213694012843812,0.321099682111196,FALSE,0
"LT","R9","V4","V14","impfun","iphlppl",0,0,0,0,0,TRUE,1
"LT","R9","V4","V15","impfun","iplylfr",0.0632977931931095,0.0401421008630675,0.0343442264148079,0,0.0993596915235749,TRUE,0.382
"LT","R9","V4","V16","impfun","ipmodst",0,-0.000130302904917262,0.00220117189327278,0,0,TRUE,0.996
"LT","R9","V4","V17","impfun","iprspot",0,0,0,0,0,TRUE,1
"LT","R9","V4","V18","impfun","ipshabt",0.0340800085939891,0.0224527747222488,0.0250805965292686,0,0.0777182200752244,TRUE,0.496
"LT","R9","V4","V19","impfun","ipstrgv",0,-7.70161673539108e-05,0.00172213385569845,0,0,TRUE,0.998
"LT","R9","V4","V20","impfun","ipsuces",0.0271328433603531,0.0172688809264354,0.0244528080855857,0,0.0729141241288552,TRUE,0.624
"LT","R9","V4","V21","impfun","ipudrst",0,0.00205946563079587,0.0102826077055525,0,0.0491077857221298,TRUE,0.96
"LT","R9","V4","V5","impfun","imprich",0.0364872162218089,0.0253786342344012,0.0286402578763569,0,0.0835574776703744,TRUE,0.514
"LT","R9","V4","V6","impfun","impsafe",0,0,0,0,0,TRUE,1
"LT","R9","V4","V7","impfun","imptrad",0,0,0,0,0,TRUE,1
"LT","R9","V4","V8","impfun","ipadvnt",0.29582289558943,0.290283163325498,0.029134075175448,0.229763683509462,0.34665254430871,FALSE,0
"LT","R9","V4","V9","impfun","ipbhprp",0,0,0,0,0,TRUE,1
"LT","R9","V5","V10","imprich","ipcrtiv",0.167487226674883,0.178478923050599,0.0274223881472604,0.126355680423319,0.237746474810234,FALSE,0
"LT","R9","V5","V11","imprich","ipeqopt",0,-0.000112964185806814,0.00252595598486952,0,0,TRUE,0.998
"LT","R9","V5","V12","imprich","ipfrule",0,0.00896958981221767,0.0204435032045374,0,0.0719166136612976,TRUE,0.818
"LT","R9","V5","V13","imprich","ipgdtim",0.0860511538684933,0.0855286200404691,0.0294321371598375,0,0.137955061569388,TRUE,0.026
"LT","R9","V5","V14","imprich","iphlppl",-0.060956101946391,-0.0853397402076658,0.0368741430436574,-0.149620365832736,0,TRUE,0.078
"LT","R9","V5","V15","imprich","iplylfr",0,-0.000214614636684935,0.0033953306245718,0,0,TRUE,0.996
"LT","R9","V5","V16","imprich","ipmodst",-0.0914766635474645,-0.0940022059799938,0.0282517207887394,-0.150316913604692,-0.040121431745396,FALSE,0.002
"LT","R9","V5","V17","imprich","iprspot",0,0.00185724406761495,0.00927064798754525,0,0.0401142850431591,TRUE,0.956
"LT","R9","V5","V18","imprich","ipshabt",0.203517744713105,0.204088906347967,0.0281809762752783,0.147227304875107,0.257641042091965,FALSE,0
"LT","R9","V5","V19","imprich","ipstrgv",0,0.0180312629839283,0.0283822456225934,0,0.0840219014052767,TRUE,0.678
"LT","R9","V5","V20","imprich","ipsuces",0,0.0219662394993098,0.0271866075682816,0,0.0770626910089242,TRUE,0.56
"LT","R9","V5","V21","imprich","ipudrst",0,0.00014492040681422,0.00231384119097254,0,0,TRUE,0.996
"LT","R9","V5","V6","imprich","impsafe",0,0,0,0,0,TRUE,1
"LT","R9","V5","V7","imprich","imptrad",0,-0.000705045126994489,0.00538688053857454,0,0,TRUE,0.982
"LT","R9","V5","V8","imprich","ipadvnt",0.0575676213185552,0.0518404263691506,0.0313810655460372,0,0.113628290145432,TRUE,0.188
"LT","R9","V5","V9","imprich","ipbhprp",0,-0.008452119036159,0.0196662013708513,-0.0640307265067069,0,TRUE,0.826
"LT","R9","V6","V10","impsafe","ipcrtiv",0,-0.000265729312755615,0.00350025969695814,0,0,TRUE,0.994
"LT","R9","V6","V11","impsafe","ipeqopt",0.179402879901284,0.183977498479945,0.0283293598087777,0.125108270418572,0.238485556253182,FALSE,0
"LT","R9","V6","V12","impsafe","ipfrule",0,0.0119563263635392,0.0220727427859867,0,0.0694416450371244,TRUE,0.756
"LT","R9","V6","V13","impsafe","ipgdtim",0,0.00120652778562966,0.00704184089087676,0,0.0323961669402522,TRUE,0.97
"LT","R9","V6","V14","impsafe","iphlppl",0,0.000254173498829247,0.00289023020064815,0,0,TRUE,0.992
"LT","R9","V6","V15","impsafe","iplylfr",0,0.00311043549749747,0.0118564652964074,0,0.0497671378269192,TRUE,0.93
"LT","R9","V6","V16","impsafe","ipmodst",0,0.0219515401944405,0.0298218529067986,0,0.0877310797720675,TRUE,0.622
"LT","R9","V6","V17","impsafe","iprspot",0.024498561207049,0.0314000759216939,0.0284185004664052,0,0.0872389093968495,TRUE,0.384
"LT","R9","V6","V18","impsafe","ipshabt",0,0.00243024042726856,0.011017230230334,0,0.0435309035975838,TRUE,0.948
"LT","R9","V6","V19","impsafe","ipstrgv",0.202055184063175,0.207472848767879,0.0287116187228826,0.149170050104989,0.261912574052891,FALSE,0
"LT","R9","V6","V20","impsafe","ipsuces",0,0.00917635425175112,0.0190259121592611,0,0.0606288882829672,TRUE,0.792
"LT","R9","V6","V21","impsafe","ipudrst",0,0,0,0,0,TRUE,1
"LT","R9","V6","V7","impsafe","imptrad",0.0813898134392782,0.0819527666973682,0.0288381092452044,0.0250624197171854,0.138372467137796,FALSE,0.022
"LT","R9","V6","V8","impsafe","ipadvnt",0,-0.0302589775990302,0.0329064587131048,-0.0950000723687822,0,TRUE,0.49
"LT","R9","V6","V9","impsafe","ipbhprp",0.157702323714788,0.154714899871264,0.031307061434546,0.0909369960496785,0.216029836595053,FALSE,0
"LT","R9","V7","V10","imptrad","ipcrtiv",0,0,0,0,0,TRUE,1
"LT","R9","V7","V11","imptrad","ipeqopt",0,0.010717547767415,0.0200282134210284,0,0.0612286294180817,TRUE,0.756
"LT","R9","V7","V12","imptrad","ipfrule",0,0.00800495941927112,0.0177366195885102,0,0.0580127054355701,TRUE,0.81
"LT","R9","V7","V13","imptrad","ipgdtim",0,-0.000454735310431118,0.00463222231548326,0,0,TRUE,0.99
"LT","R9","V7","V14","imptrad","iphlppl",0.020771449764395,0.0243730901667279,0.0285000602659616,0,0.0859666089545956,TRUE,0.514
"LT","R9","V7","V15","imptrad","iplylfr",0,0.0235737130306486,0.0283404631353864,0,0.0828895435399728,TRUE,0.532
"LT","R9","V7","V16","imptrad","ipmodst",0,0.00878476931394017,0.0174435721584308,0,0.0550106995054546,TRUE,0.774
"LT","R9","V7","V17","imptrad","iprspot",0,0.0236909832832729,0.0330583716290693,0,0.0964895596865305,TRUE,0.63
"LT","R9","V7","V18","imptrad","ipshabt",0,0,0,0,0,TRUE,1
"LT","R9","V7","V19","imptrad","ipstrgv",0,0.00466245166289435,0.0154627729801502,0,0.0588796639020187,TRUE,0.904
"LT","R9","V7","V20","imptrad","ipsuces",0,0,0,0,0,TRUE,1
"LT","R9","V7","V21","imptrad","ipudrst",0,0.000187706465460408,0.00245982577508771,0,0,TRUE,0.994
"LT","R9","V7","V8","imptrad","ipadvnt",0,-0.00915914704584342,0.0188691781126654,-0.0618220835540673,0,TRUE,0.792
"LT","R9","V7","V9","imptrad","ipbhprp",0.107935916040421,0.101166926693674,0.0289733572692184,0.0458943036289345,0.156424452917587,FALSE,0.004
"LT","R9","V8","V10","ipadvnt","ipcrtiv",0,0.00866443245044907,0.0175836257997416,0,0.0581992819293776,TRUE,0.786
"LT","R9","V8","V11","ipadvnt","ipeqopt",0,0,0,0,0,TRUE,1
"LT","R9","V8","V12","ipadvnt","ipfrule",0,-0.00010863651209137,0.00242918625874782,0,0,TRUE,0.998
"LT","R9","V8","V13","ipadvnt","ipgdtim",0.115593416480357,0.11847428572328,0.0292464619970874,0.0596714927528681,0.174919626910048,FALSE,0.002
"LT","R9","V8","V14","ipadvnt","iphlppl",0,0,0,0,0,TRUE,1
"LT","R9","V8","V15","ipadvnt","iplylfr",0,0.00478443251310609,0.0164658186200751,0,0.0693411535251973,TRUE,0.916
"LT","R9","V8","V16","ipadvnt","ipmodst",-0.0375963977861181,-0.0373496481358673,0.0290461989612581,-0.0913771122272354,0,TRUE,0.308
"LT","R9","V8","V17","ipadvnt","iprspot",0,0.0019456480306491,0.00994061643983653,0,0.0395100669857411,TRUE,0.958
"LT","R9","V8","V18","ipadvnt","ipshabt",0.0496420464411003,0.0472694710293274,0.0298137137141239,0,0.106510783413854,TRUE,0.182
"LT","R9","V8","V19","ipadvnt","ipstrgv",0,0,0,0,0,TRUE,1
"LT","R9","V8","V20","ipadvnt","ipsuces",0,0.0133635155225333,0.0247181104995401,0,0.0793752619230848,TRUE,0.748
"LT","R9","V8","V21","ipadvnt","ipudrst",0,0.000363737140440477,0.00421239543028481,0,0,TRUE,0.992
"LT","R9","V8","V9","ipadvnt","ipbhprp",-0.0532138009715111,-0.0460286525366661,0.0350221691674504,-0.107644718205078,0,TRUE,0.288
"LT","R9","V9","V10","ipbhprp","ipcrtiv",0,0,0,0,0,TRUE,1
"LT","R9","V9","V11","ipbhprp","ipeqopt",0.0190566496614937,0.0233371795206954,0.0249176935375775,0,0.0714621521470517,TRUE,0.466
"LT","R9","V9","V12","ipbhprp","ipfrule",0.0861864880851542,0.0836845174571951,0.0303819746909727,0,0.143156594470426,TRUE,0.028
"LT","R9","V9","V13","ipbhprp","ipgdtim",0,-0.00141627961937458,0.00819216758770076,-0.0378029266105996,0,TRUE,0.97
"LT","R9","V9","V14","ipbhprp","iphlppl",0.038299592105741,0.0348227267147392,0.0297071863850758,0,0.0944109426684705,TRUE,0.338
"LT","R9","V9","V15","ipbhprp","iplylfr",0.0292646931517255,0.0246304329708676,0.0275487022187534,0,0.0870754610903194,TRUE,0.48
"LT","R9","V9","V16","ipbhprp","ipmodst",0.262749050357788,0.259269282413096,0.0275474960202201,0.204710402378748,0.313084358887085,FALSE,0
"LT","R9","V9","V17","ipbhprp","iprspot",0.106658235473813,0.101707770088219,0.0290872621791956,0.0430816997967238,0.161627535714022,FALSE,0.006
"LT","R9","V9","V18","ipbhprp","ipshabt",0,0,0,0,0,TRUE,1
"LT","R9","V9","V19","ipbhprp","ipstrgv",0.0578252781020623,0.0566937690183074,0.0315678338581736,0,0.119625196483071,TRUE,0.13
"LT","R9","V9","V20","ipbhprp","ipsuces",0.0456804928371986,0.0347996686035734,0.036673577491918,0,0.111386898242755,TRUE,0.468
"LT","R9","V9","V21","ipbhprp","ipudrst",0.0290592066137409,0.0261625879647337,0.0292788047115215,0,0.0910346256142477,TRUE,0.486
"ME","R10","V1","V10","impdiff","ipcrtiv",0.166805497406929,0.162562347918986,0.0346609034668094,0.0898241273572432,0.232081845452748,FALSE,0
"ME","R10","V1","V11","impdiff","ipeqopt",0,0.00122341461849994,0.0084857155106532,0,0.012248470743371,TRUE,0.976
"ME","R10","V1","V12","impdiff","ipfrule",0,0.000132635155180454,0.00211081605396869,0,0,TRUE,0.996
"ME","R10","V1","V13","impdiff","ipgdtim",0.0770771859357097,0.0677469637510019,0.0387928505306343,0,0.134508789999922,TRUE,0.158
"ME","R10","V1","V14","impdiff","iphlppl",0,0.0016018905621107,0.00885429442107227,0,0.0394720320217013,TRUE,0.966
"ME","R10","V1","V15","impdiff","iplylfr",0,0,0,0,0,TRUE,1
"ME","R10","V1","V16","impdiff","ipmodst",0,0,0,0,0,TRUE,1
"ME","R10","V1","V17","impdiff","iprspot",0,0.00136412331330526,0.00776706858974201,0,0.0289330729865136,TRUE,0.966
"ME","R10","V1","V18","impdiff","ipshabt",0.154587679475199,0.148434146422635,0.0346952219533937,0.0780282956352217,0.214463824522408,FALSE,0
"ME","R10","V1","V19","impdiff","ipstrgv",0,0,0,0,0,TRUE,1
"ME","R10","V1","V2","impdiff","impenv",0,0.00076603512181158,0.00559002635225647,0,0,TRUE,0.98
"ME","R10","V1","V20","impdiff","ipsuces",0.0334461268548686,0.028456468880586,0.0301654012722244,0,0.097473708871105,TRUE,0.448
"ME","R10","V1","V21","impdiff","ipudrst",0,0.0124612437119071,0.0232526609543851,0,0.0736892254825521,TRUE,0.75
"ME","R10","V1","V3","impdiff","impfree",0.0589576763822957,0.0543954879859925,0.0351722357950329,0,0.124442562377052,TRUE,0.174
"ME","R10","V1","V4","impdiff","impfun",0.0949538611732964,0.0890082367986012,0.038099903872436,0,0.159332692286059,TRUE,0.056
"ME","R10","V1","V5","impdiff","imprich",0,0.0061314078799307,0.0167634788983459,0,0.05626288404771,TRUE,0.87
"ME","R10","V1","V6","impdiff","impsafe",0,0,0,0,0,TRUE,1
"ME","R10","V1","V7","impdiff","imptrad",0,0,0,0,0,TRUE,1
"ME","R10","V1","V8","impdiff","ipadvnt",0.180620937989464,0.179838962960965,0.0318234556524607,0.120346860307571,0.243768097043139,FALSE,0
"ME","R10","V1","V9","impdiff","ipbhprp",0,0.000470471948050772,0.00404056561280871,0,0,TRUE,0.986
"ME","R10","V10","V11","ipcrtiv","ipeqopt",0.043489719473402,0.0362207905687942,0.0324751353082899,0,0.095097600575305,TRUE,0.382
"ME","R10","V10","V12","ipcrtiv","ipfrule",0,0.00032370907267104,0.0041764748268707,0,0,TRUE,0.994
"ME","R10","V10","V13","ipcrtiv","ipgdtim",0,0.000623872633473564,0.00574984238000429,0,0,TRUE,0.988
"ME","R10","V10","V14","ipcrtiv","iphlppl",0,0.00348694703595568,0.0124085501572468,0,0.0518893932170415,TRUE,0.916
"ME","R10","V10","V15","ipcrtiv","iplylfr",0,0,0,0,0,TRUE,1
"ME","R10","V10","V16","ipcrtiv","ipmodst",0,0.00431370526604988,0.0147749082131203,0,0.0601089519412191,TRUE,0.914
"ME","R10","V10","V17","ipcrtiv","iprspot",0,-0.0515968738090263,0.0539697945607235,-0.15279491311209,0,TRUE,0.476
"ME","R10","V10","V18","ipcrtiv","ipshabt",0.112453858611572,0.11773975015497,0.037956304713415,0.0462139671415823,0.193251606159966,FALSE,0.004
"ME","R10","V10","V19","ipcrtiv","ipstrgv",0,0.000494681638558891,0.00546880034510644,0,0,TRUE,0.99
"ME","R10","V10","V20","ipcrtiv","ipsuces",0.111059409479576,0.103225348562968,0.0383476438798539,0,0.172582420283053,TRUE,0.028
"ME","R10","V10","V21","ipcrtiv","ipudrst",0,0.000258041924165129,0.00341034756169464,0,0,TRUE,0.994
"ME","R10","V11","V12","ipeqopt","ipfrule",0,-0.00102531415583761,0.00841202962486977,0,0,TRUE,0.984
"ME","R10","V11","V13","ipeqopt","ipgdtim",0,0,0,0,0,TRUE,1
"ME","R10","V11","V14","ipeqopt","iphlppl",0,0.0189952898271754,0.0278669140577801,0,0.0843696956728005,TRUE,0.64
"ME","R10","V11","V15","ipeqopt","iplylfr",0.0674461374689989,0.0662478590306182,0.0384973142659991,0,0.139053891195714,TRUE,0.142
"ME","R10","V11","V16","ipeqopt","ipmodst",0,0.00330529619084336,0.011686435902067,0,0.0464445718777762,TRUE,0.918
"ME","R10","V11","V17","ipeqopt","iprspot",0,0,0,0,0,TRUE,1
"ME","R10","V11","V18","ipeqopt","ipshabt",0,0.0200431671407301,0.0299152684830015,0,0.0863568615629072,TRUE,0.664
"ME","R10","V11","V19","ipeqopt","ipstrgv",0.0817126658001456,0.0771343762411477,0.0403803483890568,0,0.157440230206558,TRUE,0.088
"ME","R10","V11","V20","ipeqopt","ipsuces",0,4.23058542146463e-05,0.00094598765870145,0,0,TRUE,0.998
"ME","R10","V11","V21","ipeqopt","ipudrst",0.161073134658851,0.158073417387203,0.0357032608841013,0.0889203550797405,0.226979562900874,FALSE,0.002
"ME","R10","V12","V13","ipfrule","ipgdtim",0,0,0,0,0,TRUE,1
"ME","R10","V12","V14","ipfrule","iphlppl",0,-0.000392834686062975,0.00514070166603035,0,0,TRUE,0.994
"ME","R10","V12","V15","ipfrule","iplylfr",0,0,0,0,0,TRUE,1
"ME","R10","V12","V16","ipfrule","ipmodst",0.130984094748465,0.127404466926858,0.041540674845892,0.0163356405731621,0.206621098381571,FALSE,0.024
"ME","R10","V12","V17","ipfrule","iprspot",0.0684898402509,0.0596886276098451,0.0357205366740342,0,0.124383605010212,TRUE,0.162
"ME","R10","V12","V18","ipfrule","ipshabt",0,0.0011208604547921,0.00762462456230586,0,0.0106906254397763,TRUE,0.976
"ME","R10","V12","V19","ipfrule","ipstrgv",0,0,0,0,0,TRUE,1
"ME","R10","V12","V20","ipfrule","ipsuces",0,0.000210555072954256,0.00340158436213295,0,0,TRUE,0.996
"ME","R10","V12","V21","ipfrule","ipudrst",0,0.0076032785713339,0.0198889784274313,0,0.0699054394403476,TRUE,0.848
"ME","R10","V13","V14","ipgdtim","iphlppl",0,0,0,0,0,TRUE,1
"ME","R10","V13","V15","ipgdtim","iplylfr",0,0,0,0,0,TRUE,1
"ME","R10","V13","V16","ipgdtim","ipmodst",0,-0.0118303565217086,0.0256829205784227,-0.089341748824063,0,TRUE,0.808
"ME","R10","V13","V17","ipgdtim","iprspot",0,0.000326104985469634,0.00434962556285718,0,0,TRUE,0.994
"ME","R10","V13","V18","ipgdtim","ipshabt",0,0.00400220182242358,0.0128678394070614,0,0.0496769910786369,TRUE,0.902
"ME","R10","V13","V19","ipgdtim","ipstrgv",0,0,0,0,0,TRUE,1
"ME","R10","V13","V20","ipgdtim","ipsuces",0.0790913046378103,0.0695950113104362,0.0355313279890221,0,0.132721423927014,TRUE,0.122
"ME","R10","V13","V21","ipgdtim","ipudrst",0,0,0,0,0,TRUE,1
"ME","R10","V14","V15","iphlppl","iplylfr",0.143705395669727,0.142147418337307,0.03886810480175,0.0646705903228432,0.221613975153359,FALSE,0
"ME","R10","V14","V16","iphlppl","ipmodst",0.0981638650499376,0.088406849028976,0.0428708492949188,0,0.161367264761352,TRUE,0.108
"ME","R10","V14","V17","iphlppl","iprspot",0,0.0102422946363752,0.0255993547875239,0,0.0882636939822556,TRUE,0.852
"ME","R10","V14","V18","iphlppl","ipshabt",0,0,0,0,0,TRUE,1
"ME","R10","V14","V19","iphlppl","ipstrgv",0.166661539256996,0.165689127726301,0.0356866167559858,0.0923251015817444,0.235529219528537,FALSE,0
"ME","R10","V14","V20","iphlppl","ipsuces",0,0.0221866714430753,0.0303014662270869,0,0.0869117979322154,TRUE,0.62
"ME","R10","V14","V21","iphlppl","ipudrst",0.231755816364115,0.225320174148178,0.0370079608248883,0.147602941638783,0.29898036376725,FALSE,0
"ME","R10","V15","V16","iplylfr","ipmodst",0,0.0345855252701419,0.0369426998787808,0,0.107786664983665,TRUE,0.47
"ME","R10","V15","V17","iplylfr","iprspot",0,0.0143027267377548,0.0270008893008268,0,0.0847813499891937,TRUE,0.762
"ME","R10","V15","V18","iplylfr","ipshabt",0,0.00206702550094699,0.0105522316428172,0,0.0441692274102771,TRUE,0.96
"ME","R10","V15","V19","iplylfr","ipstrgv",0.0978199840066146,0.0954565952959639,0.0420294516474662,0,0.177498924916755,TRUE,0.04
"ME","R10","V15","V20","iplylfr","ipsuces",0,0.0249837413401221,0.0334419189439824,0,0.0974761294978467,TRUE,0.616
"ME","R10","V15","V21","iplylfr","ipudrst",0.0676918123055305,0.0631576156650122,0.0383133475181166,0,0.139749663409764,TRUE,0.15
"ME","R10","V16","V17","ipmodst","iprspot",0,0.0196013061262503,0.0297415638671629,0,0.0936090564234995,TRUE,0.646
"ME","R10","V16","V18","ipmodst","ipshabt",0,0.000158585769911495,0.00252218064651187,0,0,TRUE,0.996
"ME","R10","V16","V19","ipmodst","ipstrgv",0,0.0147764563700775,0.0279202365263277,0,0.0927711144057629,TRUE,0.752
"ME","R10","V16","V20","ipmodst","ipsuces",0,0.000494512802074646,0.00491853439584311,0,0,TRUE,0.988
"ME","R10","V16","V21","ipmodst","ipudrst",0.109959783063467,0.107231306357376,0.038762371037366,0,0.180541853043002,TRUE,0.026
"ME","R10","V17","V18","iprspot","ipshabt",0.147887048930839,0.139002006276822,0.0352543855117613,0.067027359007989,0.208709059405266,FALSE,0
"ME","R10","V17","V19","iprspot","ipstrgv",0.0434409187594836,0.0359687750345663,0.0367565117532746,0,0.114304397570493,TRUE,0.43
"ME","R10","V17","V20","iprspot","ipsuces",0.0780175183493164,0.060708036356721,0.0377383202189039,0,0.130680435401198,TRUE,0.172
"ME","R10","V17","V21","iprspot","ipudrst",0,0.0303723193554274,0.03386538051374,0,0.104486048974924,TRUE,0.496
"ME","R10","V18","V19","ipshabt","ipstrgv",0,0.00473006182200665,0.0127075144741021,0,0.0456903432704651,TRUE,0.866
"ME","R10","V18","V20","ipshabt","ipsuces",0.219588769083815,0.219152816436678,0.0371327159001582,0.146934091640345,0.293665545211867,FALSE,0
"ME","R10","V18","V21","ipshabt","ipudrst",0.0862044394974566,0.0806023012482855,0.0322891408535549,0,0.139417279110449,TRUE,0.048
"ME","R10","V19","V20","ipstrgv","ipsuces",0,0.0170654869034726,0.0256509735257809,0,0.0776896789565361,TRUE,0.658
"ME","R10","V19","V21","ipstrgv","ipudrst",0.0649891233617905,0.0637425924606167,0.0344068787083971,0,0.126021946527583,TRUE,0.114
"ME","R10","V2","V10","impenv","ipcrtiv",0,0.0183791684455635,0.0272147508754674,0,0.0819357901475827,TRUE,0.638
"ME","R10","V2","V11","impenv","ipeqopt",0.0406500471065175,0.0280489577858811,0.0324235920328868,0,0.100037444861109,TRUE,0.518
"ME","R10","V2","V12","impenv","ipfrule",0,-0.000213949527540527,0.00366156985796656,0,0,TRUE,0.996
"ME","R10","V2","V13","impenv","ipgdtim",0,0,0,0,0,TRUE,1
"ME","R10","V2","V14","impenv","iphlppl",0.0706267978706932,0.0642531267350926,0.041344868281564,0,0.142066750303616,TRUE,0.21
"ME","R10","V2","V15","impenv","iplylfr",0,0.0119360745131686,0.0242688609856586,0,0.0825069679415891,TRUE,0.786
"ME","R10","V2","V16","impenv","ipmodst",0.120629754162373,0.110459642667965,0.0381025063443517,0.0362404487113822,0.180953258124543,FALSE,0.02
"ME","R10","V2","V17","impenv","iprspot",0.095087769576635,0.0814711792576408,0.0376820818927533,0,0.148202901002342,TRUE,0.078
"ME","R10","V2","V18","impenv","ipshabt",0,0.000366807195333145,0.00313268114352862,0,0,TRUE,0.986
"ME","R10","V2","V19","impenv","ipstrgv",0.055809162827914,0.0472613828433057,0.0369885445329145,0,0.117649369428368,TRUE,0.28
"ME","R10","V2","V20","impenv","ipsuces",0,0.000957228796607622,0.00558397395294523,0,0.0240345754541286,TRUE,0.97
"ME","R10","V2","V21","impenv","ipudrst",0.13809408184996,0.138956256216634,0.0349601150492567,0.0681630669448156,0.215109891959466,FALSE,0
"ME","R10","V2","V3","impenv","impfree",0.0259420032484461,0.0220665259577268,0.0271885573621911,0,0.0859090723028567,TRUE,0.532
"ME","R10","V2","V4","impenv","impfun",0,0.00558801075995565,0.0161320424197494,0,0.0566356209815478,TRUE,0.886
"ME","R10","V2","V5","impenv","imprich",0,-0.000798148808693395,0.00616724914763514,0,0,TRUE,0.982
"ME","R10","V2","V6","impenv","impsafe",0,0.0122519863117805,0.0236695804479893,0,0.0745331287012302,TRUE,0.768
"ME","R10","V2","V7","impenv","imptrad",0.0790648968741037,0.0654940990874059,0.0344010194386125,0,0.12905069991365,TRUE,0.108
"ME","R10","V2","V8","impenv","ipadvnt",0,0,0,0,0,TRUE,1
"ME","R10","V2","V9","impenv","ipbhprp",0.0252091756608449,0.0251522518847206,0.0314646454179049,0,0.0960678084038182,TRUE,0.536
"ME","R10","V20","V21","ipsuces","ipudrst",0,0.00238582522119719,0.00974076843148929,0,0.0394549814650552,TRUE,0.938
"ME","R10","V3","V10","impfree","ipcrtiv",0,0.0105956496368535,0.0202230190861708,0,0.0688469974304026,TRUE,0.744
"ME","R10","V3","V11","impfree","ipeqopt",0.0756359098407451,0.0638026993560073,0.0388449548907527,0,0.133823848659533,TRUE,0.17
"ME","R10","V3","V12","impfree","ipfrule",0,-9.98152511567074e-05,0.00223193686777612,0,0,TRUE,0.998
"ME","R10","V3","V13","impfree","ipgdtim",0,0.0109228400578996,0.0246797330585872,0,0.0819443664645641,TRUE,0.822
"ME","R10","V3","V14","impfree","iphlppl",0.0906124744067535,0.0789572678772273,0.0391317137880245,0,0.145389626728348,TRUE,0.118
"ME","R10","V3","V15","impfree","iplylfr",0.0828203480135857,0.0803824938655995,0.0361235871487499,0,0.14118268213798,TRUE,0.098
"ME","R10","V3","V16","impfree","ipmodst",0,0.0001150950891366,0.00257360443185835,0,0,TRUE,0.998
"ME","R10","V3","V17","impfree","iprspot",0,0.00242504659563923,0.0101139659487657,0,0.0392060972313066,TRUE,0.938
"ME","R10","V3","V18","impfree","ipshabt",0,0.0188750339259459,0.027545272117821,0,0.0891937108903409,TRUE,0.616
"ME","R10","V3","V19","impfree","ipstrgv",0,0.000136951801997698,0.00222052834475364,0,0,TRUE,0.996
"ME","R10","V3","V20","impfree","ipsuces",0.171339226095224,0.16828074241936,0.0338850915889024,0.101556326116284,0.236486578967485,FALSE,0
"ME","R10","V3","V21","impfree","ipudrst",0.0380692607289852,0.0353294575433286,0.0340656354357992,0,0.103769893781708,TRUE,0.404
"ME","R10","V3","V4","impfree","impfun",0.0899781986175663,0.0815631504197061,0.0385674193398706,0,0.148422618678849,TRUE,0.098
"ME","R10","V3","V5","impfree","imprich",0,0.000195026460779181,0.00308161723867775,0,0,TRUE,0.996
"ME","R10","V3","V6","impfree","impsafe",0,0,0,0,0,TRUE,1
"ME","R10","V3","V7","impfree","imptrad",0,0.000314787682391777,0.0029009871309222,0,0,TRUE,0.988
"ME","R10","V3","V8","impfree","ipadvnt",0,0.0238387064446253,0.0360572880111451,0,0.10413824837255,TRUE,0.676
"ME","R10","V3","V9","impfree","ipbhprp",0,0.00286421476495545,0.0105050801589851,0,0.0398865347434525,TRUE,0.922
"ME","R10","V4","V10","impfun","ipcrtiv",0.0975423261585207,0.0966648373882083,0.0336970751162092,0,0.162529987712271,TRUE,0.026
"ME","R10","V4","V11","impfun","ipeqopt",0,0,0,0,0,TRUE,1
"ME","R10","V4","V12","impfun","ipfrule",0,0.00144713858859814,0.00879577806714994,0,0.0400075876730037,TRUE,0.972
"ME","R10","V4","V13","impfun","ipgdtim",0.355655770024146,0.351634635749815,0.0334821967894264,0.289478965183118,0.420089465554751,FALSE,0
"ME","R10","V4","V14","impfun","iphlppl",0,0,0,0,0,TRUE,1
"ME","R10","V4","V15","impfun","iplylfr",0,-0.000159821142892162,0.00357370939748582,0,0,TRUE,0.998
"ME","R10","V4","V16","impfun","ipmodst",0,-6.00021613039861e-05,0.0013416891147262,0,0,TRUE,0.998
"ME","R10","V4","V17","impfun","iprspot",0,-1.18593608178412e-05,0.00367815478300276,0,0,TRUE,0.996
"ME","R10","V4","V18","impfun","ipshabt",0,0.000490594702016597,0.00423310592515419,0,0,TRUE,0.986
"ME","R10","V4","V19","impfun","ipstrgv",0,0,0,0,0,TRUE,1
"ME","R10","V4","V20","impfun","ipsuces",0.118258032344693,0.111108345569029,0.0359129772080906,0.0383329384378021,0.174993779704545,FALSE,0.02
"ME","R10","V4","V21","impfun","ipudrst",0,0,0,0,0,TRUE,1
"ME","R10","V4","V5","impfun","imprich",0,0,0,0,0,TRUE,1
"ME","R10","V4","V6","impfun","impsafe",0,0,0,0,0,TRUE,1
"ME","R10","V4","V7","impfun","imptrad",0,-0.000127397965590382,0.00284870511255274,0,0,TRUE,0.998
"ME","R10","V4","V8","impfun","ipadvnt",0.173209435492991,0.172669605225712,0.0353177483285581,0.110614591178781,0.249849010315584,FALSE,0
"ME","R10","V4","V9","impfun","ipbhprp",0,0,0,0,0,TRUE,1
"ME","R10","V5","V10","imprich","ipcrtiv",0,0.00171013185726663,0.00905493419496363,0,0.0395792496570636,TRUE,0.962
"ME","R10","V5","V11","imprich","ipeqopt",0,-0.00838412454508516,0.0222567050274031,-0.0781865406437377,0,TRUE,0.866
"ME","R10","V5","V12","imprich","ipfrule",0,0.0242225250876876,0.0310785358188622,0,0.10009792026617,TRUE,0.572
"ME","R10","V5","V13","imprich","ipgdtim",0.14657102130972,0.140868097708595,0.0313412674367413,0.0801544868778308,0.203231014061581,FALSE,0
"ME","R10","V5","V14","imprich","iphlppl",0,-0.0041725764508481,0.0164445346890535,-0.0632701016544674,0,TRUE,0.932
"ME","R10","V5","V15","imprich","iplylfr",0,-0.00646310079611981,0.020343512657979,-0.0783610209701155,0,TRUE,0.902
"ME","R10","V5","V16","imprich","ipmodst",-0.0751515604363201,-0.0709403407885558,0.0346933882007644,-0.12978785602001,0,TRUE,0.104
"ME","R10","V5","V17","imprich","iprspot",0.0795499148279147,0.0555396141901459,0.0459458683260512,0,0.133689710767079,TRUE,0.344
"ME","R10","V5","V18","imprich","ipshabt",0.198658709810948,0.192539670167971,0.0299209767901349,0.137715391603974,0.245202866567221,FALSE,0
"ME","R10","V5","V19","imprich","ipstrgv",0,9.89472095437545e-05,0.00221252686723751,0,0,TRUE,0.998
"ME","R10","V5","V20","imprich","ipsuces",0,0.0158860067828447,0.0272091923763544,0,0.0836512033357809,TRUE,0.716
"ME","R10","V5","V21","imprich","ipudrst",0,-0.00663325855167341,0.022138306778566,-0.086892646754487,0,TRUE,0.91
"ME","R10","V5","V6","imprich","impsafe",0,0,0,0,0,TRUE,1
"ME","R10","V5","V7","imprich","imptrad",0,0,0,0,0,TRUE,1
"ME","R10","V5","V8","imprich","ipadvnt",0.160923771043028,0.16152195880302,0.0331180336693919,0.0993438174831572,0.227156131538584,FALSE,0
"ME","R10","V5","V9","imprich","ipbhprp",0,-7.13870468118265e-05,0.00159626289384204,0,0,TRUE,0.998
"ME","R10","V6","V10","impsafe","ipcrtiv",0,0.00394981075112176,0.0146589028671639,0,0.0591045130264069,TRUE,0.924
"ME","R10","V6","V11","impsafe","ipeqopt",0.231364617555969,0.227203076180948,0.035402805597727,0.160162306123288,0.30086538486444,FALSE,0
"ME","R10","V6","V12","impsafe","ipfrule",0,0,0,0,0,TRUE,1
"ME","R10","V6","V13","impsafe","ipgdtim",0,0,0,0,0,TRUE,1
"ME","R10","V6","V14","impsafe","iphlppl",0.0799104207878253,0.0699384675623244,0.0402621393455422,0,0.141806710745453,TRUE,0.134
"ME","R10","V6","V15","impsafe","iplylfr",0.202014896391298,0.199705961830342,0.037035805333996,0.128203216380374,0.272139316686673,FALSE,0
"ME","R10","V6","V16","impsafe","ipmodst",0,0.0052758909774354,0.0157599265205013,0,0.0570903076870278,TRUE,0.886
"ME","R10","V6","V17","impsafe","iprspot",0,0.00300621100040387,0.0124911016339047,0,0.053344956160926,TRUE,0.942
"ME","R10","V6","V18","impsafe","ipshabt",0,7.29485544595843e-05,0.00163117926631976,0,0,TRUE,0.998
"ME","R10","V6","V19","impsafe","ipstrgv",0.198790065853984,0.194681054843158,0.0341516227079208,0.123251871690434,0.260666732834327,FALSE,0
"ME","R10","V6","V20","impsafe","ipsuces",0,0.000654581470133964,0.0051865489096378,0,0,TRUE,0.984
"ME","R10","V6","V21","impsafe","ipudrst",0.0263265485746005,0.026902452734894,0.0300999834470627,0,0.0947999424737115,TRUE,0.472
"ME","R10","V6","V7","impsafe","imptrad",0.0475731385442134,0.0412189395322191,0.0337277653376962,0,0.108181836305175,TRUE,0.324
"ME","R10","V6","V8","impsafe","ipadvnt",0,0,0,0,0,TRUE,1
"ME","R10","V6","V9","impsafe","ipbhprp",0,0.00270995415253343,0.010418301899752,0,0.0414755284314319,TRUE,0.928
"ME","R10","V7","V10","imptrad","ipcrtiv",0,-0.000224085506279639,0.00356674383979899,0,0,TRUE,0.996
"ME","R10","V7","V11","imptrad","ipeqopt",0,0,0,0,0,TRUE,1
"ME","R10","V7","V12","imptrad","ipfrule",0,-0.000607235512383154,0.00621357797106633,0,0,TRUE,0.99
"ME","R10","V7","V13","imptrad","ipgdtim",0,0,0,0,0,TRUE,1
"ME","R10","V7","V14","imptrad","iphlppl",0.139871476473794,0.131845317728018,0.0351986359805429,0.0615981488669293,0.196651556581266,FALSE,0.006
"ME","R10","V7","V15","imptrad","iplylfr",0.167905747306616,0.168800102774669,0.0341339834391885,0.102794378287849,0.238515463883193,FALSE,0
"ME","R10","V7","V16","imptrad","ipmodst",0,0.0061284568859743,0.016238376374002,0,0.0584051470457074,TRUE,0.862
"ME","R10","V7","V17","imptrad","iprspot",0,0.00748775725233974,0.0176685257408977,0,0.06063678454916,TRUE,0.826
"ME","R10","V7","V18","imptrad","ipshabt",0,0.00279607769546921,0.010825032257291,0,0.0479860956439057,TRUE,0.932
"ME","R10","V7","V19","imptrad","ipstrgv",0.0318767800066207,0.0293735783581902,0.030335074983084,0,0.0933917514966894,TRUE,0.45
"ME","R10","V7","V20","imptrad","ipsuces",0,0.00281929176772481,0.0113762986643564,0,0.0405059254637715,TRUE,0.93
"ME","R10","V7","V21","imptrad","ipudrst",0,5.90036545512222e-05,0.00131936182497448,0,0,TRUE,0.998
"ME","R10","V7","V8","imptrad","ipadvnt",0,0,0,0,0,TRUE,1
"ME","R10","V7","V9","imptrad","ipbhprp",0.109441037723093,0.0996348176547426,0.0346196156535955,0.0319589529897803,0.161618833545505,FALSE,0.014
"ME","R10","V8","V10","ipadvnt","ipcrtiv",0,0.000724947961807865,0.00607120354126854,0,0,TRUE,0.984
"ME","R10","V8","V11","ipadvnt","ipeqopt",0,-0.000381974853758855,0.00444443594465613,0,0,TRUE,0.992
"ME","R10","V8","V12","ipadvnt","ipfrule",0,0.0290926346355799,0.0399255646986089,0,0.10948601940274,TRUE,0.636
"ME","R10","V8","V13","ipadvnt","ipgdtim",0.263414260414012,0.263665676227218,0.0372340633438844,0.188568708707296,0.329274023714737,FALSE,0
"ME","R10","V8","V14","ipadvnt","iphlppl",0,0,0,0,0,TRUE,1
"ME","R10","V8","V15","ipadvnt","iplylfr",0,-9.73630721341177e-05,0.00217710447790103,0,0,TRUE,0.998
"ME","R10","V8","V16","ipadvnt","ipmodst",0,-0.00412322585265665,0.0155248178327481,-0.0671631162477297,0,TRUE,0.93
"ME","R10","V8","V17","ipadvnt","iprspot",0,-9.56458365890674e-05,0.00213870592377991,0,0,TRUE,0.998
"ME","R10","V8","V18","ipadvnt","ipshabt",0,-0.000219238100924754,0.00351041051465983,0,0,TRUE,0.996
"ME","R10","V8","V19","ipadvnt","ipstrgv",0,0,0,0,0,TRUE,1
"ME","R10","V8","V20","ipadvnt","ipsuces",0,0.00192711596887332,0.0102020970376143,0,0.0472976794176701,TRUE,0.964
"ME","R10","V8","V21","ipadvnt","ipudrst",0,0,0,0,0,TRUE,1
"ME","R10","V8","V9","ipadvnt","ipbhprp",0,0,0,0,0,TRUE,1
"ME","R10","V9","V10","ipbhprp","ipcrtiv",0,-8.10946418740166e-05,0.00181333131841302,0,0,TRUE,0.998
"ME","R10","V9","V11","ipbhprp","ipeqopt",0.0505010921291912,0.0370954372726283,0.0346005118899403,0,0.110836323036536,TRUE,0.38
"ME","R10","V9","V12","ipbhprp","ipfrule",0.0741216208019401,0.0666328313583159,0.0365539249427739,0,0.139694629901186,TRUE,0.122
"ME","R10","V9","V13","ipbhprp","ipgdtim",0,-0.000108120019895633,0.00241763714215265,0,0,TRUE,0.998
"ME","R10","V9","V14","ipbhprp","iphlppl",0.113450793902393,0.108072154353027,0.0336659168505158,0.041785554253179,0.174096782763911,FALSE,0.008
"ME","R10","V9","V15","ipbhprp","iplylfr",0.164510393245345,0.161728590415883,0.0392647549615507,0.0813465918812565,0.23170095149033,FALSE,0
"ME","R10","V9","V16","ipbhprp","ipmodst",0.104721781877897,0.097182898820458,0.040836576435931,0,0.176571621369998,TRUE,0.036
"ME","R10","V9","V17","ipbhprp","iprspot",0.16107831125975,0.154527501522468,0.035947329941571,0.0832226814478053,0.229166175311055,FALSE,0
"ME","R10","V9","V18","ipbhprp","ipshabt",0,0.00379108455706729,0.0119677363591784,0,0.0443258575956197,TRUE,0.9
"ME","R10","V9","V19","ipbhprp","ipstrgv",0.0998753171281674,0.0928837963331202,0.0366148465894904,0.0183915896854596,0.163775320523889,FALSE,0.022
"ME","R10","V9","V20","ipbhprp","ipsuces",0.0314160657257088,0.016182849202206,0.0254206249548648,0,0.0778930299841487,TRUE,0.674
"ME","R10","V9","V21","ipbhprp","ipudrst",0,0.0252121981519821,0.031190050604327,0,0.0950373636049424,TRUE,0.524
"ME","R9","V1","V10","impdiff","ipcrtiv",0.209655919212051,0.207059391932418,0.0319390092978922,0.143333286835307,0.270700366980954,FALSE,0
"ME","R9","V1","V11","impdiff","ipeqopt",0,0.00228081523995781,0.0097609247322096,0,0.0420632120521857,TRUE,0.944
"ME","R9","V1","V12","impdiff","ipfrule",0,-8.19939847355814e-05,0.0018334412361484,0,0,TRUE,0.998
"ME","R9","V1","V13","impdiff","ipgdtim",0.0572308045919019,0.0518235608456603,0.0385061659113128,0,0.129369528657068,TRUE,0.264
"ME","R9","V1","V14","impdiff","iphlppl",0,0.00113654683056413,0.00691334824208099,0,0.0285443650491126,TRUE,0.972
"ME","R9","V1","V15","impdiff","iplylfr",0,0,0,0,0,TRUE,1
"ME","R9","V1","V16","impdiff","ipmodst",0,-0.00239205051934913,0.0117452422181044,-0.0456553995546864,0,TRUE,0.956
"ME","R9","V1","V17","impdiff","iprspot",0,0,0,0,0,TRUE,1
"ME","R9","V1","V18","impdiff","ipshabt",0.129966937591769,0.123832744321016,0.0324043223407146,0.0601132034817638,0.190148893989943,FALSE,0
"ME","R9","V1","V19","impdiff","ipstrgv",0,0,0,0,0,TRUE,1
"ME","R9","V1","V2","impdiff","impenv",0,0.000213899930572051,0.00285736528970743,0,0,TRUE,0.994
"ME","R9","V1","V20","impdiff","ipsuces",0.0606455754804812,0.0601647909710378,0.0355027209853342,0,0.13140078852008,TRUE,0.128
"ME","R9","V1","V21","impdiff","ipudrst",0,0.00810539684729909,0.0187513032022554,0,0.0647428533989312,TRUE,0.826
"ME","R9","V1","V3","impdiff","impfree",0.0771066440674442,0.0696279111601353,0.0359146165558108,0,0.133330292793884,TRUE,0.114
"ME","R9","V1","V4","impdiff","impfun",0.0729996021586497,0.0675274990535606,0.0417090787081747,0,0.158513476977526,TRUE,0.16
"ME","R9","V1","V5","impdiff","imprich",0,0.00180609459216357,0.00933065528029954,0,0.0365266593048949,TRUE,0.958
"ME","R9","V1","V6","impdiff","impsafe",0,0.000840757496515356,0.00645132438502837,0,0,TRUE,0.982
"ME","R9","V1","V7","impdiff","imptrad",0,0.000548055636358723,0.00553264288482962,0,0,TRUE,0.99
"ME","R9","V1","V8","impdiff","ipadvnt",0.146221099752193,0.155347965232446,0.0346943523491154,0.0883882543782178,0.223230479610803,FALSE,0.004
"ME","R9","V1","V9","impdiff","ipbhprp",0,-0.00158885375403129,0.0093036676036981,-0.0429949925243843,0,TRUE,0.97
"ME","R9","V10","V11","ipcrtiv","ipeqopt",0,0.000807798445945898,0.00603684092946697,0,0.00882827463558556,TRUE,0.976
"ME","R9","V10","V12","ipcrtiv","ipfrule",0,-0.00159757415765305,0.00812007960913604,-0.0343774975374283,0,TRUE,0.96
"ME","R9","V10","V13","ipcrtiv","ipgdtim",0,0.000731707603056702,0.00548793125088939,0,0,TRUE,0.98
"ME","R9","V10","V14","ipcrtiv","iphlppl",0,0.00303768012128632,0.0113021306111152,0,0.0444455887944881,TRUE,0.926
"ME","R9","V10","V15","ipcrtiv","iplylfr",0,0.00118607977939686,0.00721145944437841,0,0.0257669422661351,TRUE,0.972
"ME","R9","V10","V16","ipcrtiv","ipmodst",0,0,0,0,0,TRUE,1
"ME","R9","V10","V17","ipcrtiv","iprspot",0,-0.0402322900178452,0.0491393384202516,-0.140071748506628,0,TRUE,0.562
"ME","R9","V10","V18","ipcrtiv","ipshabt",0.0582686907695036,0.0605576092998696,0.0358003487647982,0,0.127808445855736,TRUE,0.144
"ME","R9","V10","V19","ipcrtiv","ipstrgv",0,0.0002278684236432,0.00297424955195857,0,0,TRUE,0.994
"ME","R9","V10","V20","ipcrtiv","ipsuces",0.160570335158017,0.161148429191734,0.0322331617798877,0.0914166637725158,0.22264310739929,FALSE,0
"ME","R9","V10","V21","ipcrtiv","ipudrst",0,-9.13627614564731e-05,0.00204293345228772,0,0,TRUE,0.998
"ME","R9","V11","V12","ipeqopt","ipfrule",0,0,0,0,0,TRUE,1
"ME","R9","V11","V13","ipeqopt","ipgdtim",0,0,0,0,0,TRUE,1
"ME","R9","V11","V14","ipeqopt","iphlppl",0.0878809987682515,0.0832493771867927,0.0356389694708371,0,0.151178427658751,TRUE,0.04
"ME","R9","V11","V15","ipeqopt","iplylfr",0.0998927580666812,0.0913875863804268,0.0365403957521531,0,0.157040982217145,TRUE,0.05
"ME","R9","V11","V16","ipeqopt","ipmodst",0.0246126285818967,0.0323958989219887,0.0302097379511343,0,0.0978386438657428,TRUE,0.366
"ME","R9","V11","V17","ipeqopt","iprspot",0,-0.0189594493200569,0.034350527543273,-0.108289362535543,0,TRUE,0.744
"ME","R9","V11","V18","ipeqopt","ipshabt",0,0.0105631575437995,0.0244919460006777,0,0.0833518294668232,TRUE,0.822
"ME","R9","V11","V19","ipeqopt","ipstrgv",0.041261051681754,0.0467145527384932,0.035546843068743,0,0.120888237732836,TRUE,0.264
"ME","R9","V11","V20","ipeqopt","ipsuces",0,-0.000144731284878044,0.00323628991458193,0,0,TRUE,0.998
"ME","R9","V11","V21","ipeqopt","ipudrst",0.156457448684039,0.15156605083899,0.0400939655130161,0.0655510681563234,0.233145342479071,FALSE,0
"ME","R9","V12","V13","ipfrule","ipgdtim",0,-6.68261722559219e-05,0.00149427863840352,0,0,TRUE,0.998
"ME","R9","V12","V14","ipfrule","iphlppl",0,-0.000117609207704812,0.00262982183207852,0,0,TRUE,0.998
"ME","R9","V12","V15","ipfrule","iplylfr",0,0,0,0,0,TRUE,1
"ME","R9","V12","V16","ipfrule","ipmodst",0,0.0130450455020028,0.0228479487279064,0,0.0719948620350222,TRUE,0.718
"ME","R9","V12","V17","ipfrule","iprspot",0.0439726120651349,0.0346798632978518,0.0371317111899581,0,0.112001146531814,TRUE,0.468
"ME","R9","V12","V18","ipfrule","ipshabt",0,-0.000206446969998425,0.00328292105059331,0,0,TRUE,0.996
"ME","R9","V12","V19","ipfrule","ipstrgv",0,0.0231396564401658,0.0326213614741383,0,0.100805207986301,TRUE,0.618
"ME","R9","V12","V20","ipfrule","ipsuces",0,0,0,0,0,TRUE,1
"ME","R9","V12","V21","ipfrule","ipudrst",0.0703508409294924,0.0628762122824933,0.0354997690061067,0,0.132493947659761,TRUE,0.132
"ME","R9","V13","V14","ipgdtim","iphlppl",0,0,0,0,0,TRUE,1
"ME","R9","V13","V15","ipgdtim","iplylfr",0,0,0,0,0,TRUE,1
"ME","R9","V13","V16","ipgdtim","ipmodst",0,-0.0077649486737749,0.0223061940180293,-0.0808490713816493,0,TRUE,0.886
"ME","R9","V13","V17","ipgdtim","iprspot",0,0,0,0,0,TRUE,1
"ME","R9","V13","V18","ipgdtim","ipshabt",0,0.00887020445689173,0.0196692197654203,0,0.0665014075475268,TRUE,0.814
"ME","R9","V13","V19","ipgdtim","ipstrgv",0,0,0,0,0,TRUE,1
"ME","R9","V13","V20","ipgdtim","ipsuces",0.0501074353024785,0.0435801030325283,0.0339827503687059,0,0.106654239254583,TRUE,0.294
"ME","R9","V13","V21","ipgdtim","ipudrst",0,0,0,0,0,TRUE,1
"ME","R9","V14","V15","iphlppl","iplylfr",0.224377312562264,0.222112579784176,0.0390351493056819,0.142886979341918,0.295974138632604,FALSE,0
"ME","R9","V14","V16","iphlppl","ipmodst",0.119626465457722,0.1173365225781,0.0410715832020773,0.0423594265092958,0.196746409491767,FALSE,0.01
"ME","R9","V14","V17","iphlppl","iprspot",0,0.00323465360734093,0.0129110800015183,0,0.0525104043749655,TRUE,0.936
"ME","R9","V14","V18","iphlppl","ipshabt",0,0.00064627593320882,0.00528906248941543,0,0,TRUE,0.984
"ME","R9","V14","V19","iphlppl","ipstrgv",0.0554137241041882,0.05080836272149,0.0370882080303542,0,0.125981125284704,TRUE,0.242
"ME","R9","V14","V20","iphlppl","ipsuces",0.0365213890925592,0.0230424796171511,0.0288921327166913,0,0.0830050288481017,TRUE,0.564
"ME","R9","V14","V21","iphlppl","ipudrst",0.122681381216638,0.117107580841031,0.0365922143311708,0.0430050297154248,0.192993278528493,FALSE,0.01
"ME","R9","V15","V16","iplylfr","ipmodst",0,0.00487847148414426,0.0148394152461942,0,0.0561188320436836,TRUE,0.89
"ME","R9","V15","V17","iplylfr","iprspot",0,0.0133332725357673,0.0239296357133057,0,0.0740708852830855,TRUE,0.738
"ME","R9","V15","V18","iplylfr","ipshabt",0.0272484493135729,0.0161075429404295,0.0237854173095777,0,0.0710704993977939,TRUE,0.65
"ME","R9","V15","V19","iplylfr","ipstrgv",0.10853899915307,0.109097947266601,0.0394338596018103,0.0319773887664405,0.187238692392169,FALSE,0.014
"ME","R9","V15","V20","iplylfr","ipsuces",0,0.00351394834866079,0.0121512556958865,0,0.0433823158542486,TRUE,0.912
"ME","R9","V15","V21","iplylfr","ipudrst",0.106922950420274,0.101808902491838,0.0370998532932395,0.0336119460958393,0.178086653575709,FALSE,0.014
"ME","R9","V16","V17","ipmodst","iprspot",0,8.39150623992873e-05,0.00187639783860943,0,0,TRUE,0.998
"ME","R9","V16","V18","ipmodst","ipshabt",0,0,0,0,0,TRUE,1
"ME","R9","V16","V19","ipmodst","ipstrgv",0,0.0189073235321883,0.0265674018560949,0,0.076551361669954,TRUE,0.612
"ME","R9","V16","V20","ipmodst","ipsuces",0,-0.000337639476987396,0.00443154695212356,0,0,TRUE,0.994
"ME","R9","V16","V21","ipmodst","ipudrst",0.0813474465117386,0.0799330979669012,0.0372925026907484,0,0.154561919444405,TRUE,0.044
"ME","R9","V17","V18","iprspot","ipshabt",0.156515651858948,0.144007689162831,0.0349270173157587,0.0748819017944029,0.211120987606763,FALSE,0.002
"ME","R9","V17","V19","iprspot","ipstrgv",0,0.0264011543596067,0.0347231096654278,0,0.1045874413673,TRUE,0.588
"ME","R9","V17","V20","iprspot","ipsuces",0.131270745996802,0.127457004114511,0.0361378091347677,0.0637846484329636,0.203806869910106,FALSE,0.004
"ME","R9","V17","V21","iprspot","ipudrst",0,-0.000825587240054656,0.00727694742148812,0,0,TRUE,0.986
"ME","R9","V18","V19","ipshabt","ipstrgv",0,0.00270759341395923,0.0104188371622679,0,0.0403406573951779,TRUE,0.93
"ME","R9","V18","V20","ipshabt","ipsuces",0.290699758319063,0.285322860722249,0.0339999470252436,0.218286110252489,0.354482839089301,FALSE,0
"ME","R9","V18","V21","ipshabt","ipudrst",0,-0.000109716652981763,0.00245333894330977,0,0,TRUE,0.998
"ME","R9","V19","V20","ipstrgv","ipsuces",0,0.00565090632980516,0.0165363235323084,0,0.0587163718014376,TRUE,0.882
"ME","R9","V19","V21","ipstrgv","ipudrst",0.138078858633059,0.138338367946211,0.0363394853415769,0.0632483508848646,0.206432110509743,FALSE,0
"ME","R9","V2","V10","impenv","ipcrtiv",0.0587527907355227,0.0561991347762365,0.0365252316871318,0,0.117068575848141,TRUE,0.222
"ME","R9","V2","V11","impenv","ipeqopt",0.0458769631927009,0.0403040567652013,0.0314615309680794,0,0.103391330691721,TRUE,0.28
"ME","R9","V2","V12","impenv","ipfrule",0,-0.000745653610554263,0.00710118662279367,0,0,TRUE,0.988
"ME","R9","V2","V13","impenv","ipgdtim",0,0,0,0,0,TRUE,1
"ME","R9","V2","V14","impenv","iphlppl",0.101741380445131,0.098715252756523,0.0385130600380331,0.0251432314915061,0.170671284587137,FALSE,0.018
"ME","R9","V2","V15","impenv","iplylfr",0.144120739671392,0.135042695263741,0.0393481370226169,0.0521737733387714,0.20641519841714,FALSE,0
"ME","R9","V2","V16","impenv","ipmodst",0.132246421217182,0.130267506418787,0.0331349256800817,0.0684063402692074,0.195001783064956,FALSE,0
"ME","R9","V2","V17","impenv","iprspot",0,0.00707481393094945,0.0196538858239766,0,0.0692954366284856,TRUE,0.876
"ME","R9","V2","V18","impenv","ipshabt",0,-0.000252690134667747,0.00399195390737481,0,0,TRUE,0.996
"ME","R9","V2","V19","impenv","ipstrgv",0.0859416450628926,0.088229210487854,0.0377887617902336,0,0.164995821235583,TRUE,0.036
"ME","R9","V2","V20","impenv","ipsuces",0.0893352792992106,0.0805518582821473,0.0373384950332381,0,0.150568737249514,TRUE,0.078
"ME","R9","V2","V21","impenv","ipudrst",0,0.00290570528452377,0.0105569618303272,0,0.0357633891498239,TRUE,0.916
"ME","R9","V2","V3","impenv","impfree",0,0.000385632790297226,0.00385418581770035,0,0,TRUE,0.99
"ME","R9","V2","V4","impenv","impfun",0,0,0,0,0,TRUE,1
"ME","R9","V2","V5","impenv","imprich",-0.0338120065400554,-0.0249674878847758,0.031186119472461,-0.0918644447112425,0,TRUE,0.562
"ME","R9","V2","V6","impenv","impsafe",0,0.0102862301325854,0.0207542354548238,0,0.068585165926741,TRUE,0.764
"ME","R9","V2","V7","impenv","imptrad",0.125364202515945,0.121304157255122,0.0360035215444177,0.0456305484068818,0.198181775521298,FALSE,0
"ME","R9","V2","V8","impenv","ipadvnt",0,-0.00472120299045918,0.0151978214244771,-0.0572657875274154,0,TRUE,0.902
"ME","R9","V2","V9","impenv","ipbhprp",0,0.0089759438592636,0.0189418671317285,0,0.0656148174626233,TRUE,0.784
"ME","R9","V20","V21","ipsuces","ipudrst",0,0,0,0,0,TRUE,1
"ME","R9","V3","V10","impfree","ipcrtiv",0,0.00579968825405127,0.0156166547317562,0,0.057270753364109,TRUE,0.86
"ME","R9","V3","V11","impfree","ipeqopt",0,0.00414028715282166,0.0138964023523374,0,0.0582549888210435,TRUE,0.912
"ME","R9","V3","V12","impfree","ipfrule",0,0.00102457920142247,0.00664306907101216,0,0.0139635265823271,TRUE,0.976
"ME","R9","V3","V13","impfree","ipgdtim",0.0700530884653003,0.0584179257494519,0.0385277225532533,0,0.130893619222281,TRUE,0.228
"ME","R9","V3","V14","impfree","iphlppl",0.0592670998885911,0.0535455322162185,0.0330161059457526,0,0.11216506881025,TRUE,0.19
"ME","R9","V3","V15","impfree","iplylfr",0.100096593342882,0.0862110873441376,0.0350472193259387,0,0.148436660947359,TRUE,0.072
"ME","R9","V3","V16","impfree","ipmodst",0,-0.000418381952047181,0.00490423767413092,0,0,TRUE,0.992
"ME","R9","V3","V17","impfree","iprspot",0,0.00171550899155053,0.008322937808532,0,0.0323241280555622,TRUE,0.954
"ME","R9","V3","V18","impfree","ipshabt",0,0.0046782280458979,0.0135894514207181,0,0.0481925650907769,TRUE,0.882
"ME","R9","V3","V19","impfree","ipstrgv",0,0.00166880967832666,0.00921083249846431,0,0.0429683203316566,TRUE,0.966
"ME","R9","V3","V20","impfree","ipsuces",0.13932145282598,0.133838034847509,0.0348192384430139,0.0623008495623111,0.203573105434487,FALSE,0.002
"ME","R9","V3","V21","impfree","ipudrst",0,0.00814066449527633,0.019398238285253,0,0.0667967988403814,TRUE,0.832
"ME","R9","V3","V4","impfree","impfun",0,0.022540511635677,0.0359582129097987,0,0.104671920331572,TRUE,0.692
"ME","R9","V3","V5","impfree","imprich",0,-0.000108829772370833,0.0024335076899701,0,0,TRUE,0.998
"ME","R9","V3","V6","impfree","impsafe",0,0.00872442272762639,0.021448389855424,0,0.0737441695763466,TRUE,0.838
"ME","R9","V3","V7","impfree","imptrad",0,-0.00667109482260124,0.0231037107181785,-0.0920262978636385,0,TRUE,0.916
"ME","R9","V3","V8","impfree","ipadvnt",0,0.0161636284486163,0.0297763789269828,0,0.0932089121190134,TRUE,0.746
"ME","R9","V3","V9","impfree","ipbhprp",0,0.0262252976971891,0.0368026694200219,0,0.103094862073973,TRUE,0.628
"ME","R9","V4","V10","impfun","ipcrtiv",0.136306340107641,0.145225975518068,0.0313366168461064,0.0871915239393108,0.204619742326945,FALSE,0.002
"ME","R9","V4","V11","impfun","ipeqopt",0,0,0,0,0,TRUE,1
"ME","R9","V4","V12","impfun","ipfrule",0,0,0,0,0,TRUE,1
"ME","R9","V4","V13","impfun","ipgdtim",0.299227122635311,0.300156126298168,0.0324587464576392,0.23287286369519,0.360281107666243,FALSE,0
"ME","R9","V4","V14","impfun","iphlppl",0,-0.000354670699561697,0.00399449633173272,0,0,TRUE,0.992
"ME","R9","V4","V15","impfun","iplylfr",0,0,0,0,0,TRUE,1
"ME","R9","V4","V16","impfun","ipmodst",0,-0.00902004618013757,0.0223988088587516,-0.0760076427808238,0,TRUE,0.85
"ME","R9","V4","V17","impfun","iprspot",0,0,0,0,0,TRUE,1
"ME","R9","V4","V18","impfun","ipshabt",0,7.22692921110576e-05,0.00161599049846114,0,0,TRUE,0.998
"ME","R9","V4","V19","impfun","ipstrgv",0,0,0,0,0,TRUE,1
"ME","R9","V4","V20","impfun","ipsuces",0,0.0300097195225459,0.0340766856127227,0,0.100389465424376,TRUE,0.52
"ME","R9","V4","V21","impfun","ipudrst",0,0,0,0,0,TRUE,1
"ME","R9","V4","V5","impfun","imprich",0,0,0,0,0,TRUE,1
"ME","R9","V4","V6","impfun","impsafe",0,-7.14726147851534e-05,0.00159817625189259,0,0,TRUE,0.998
"ME","R9","V4","V7","impfun","imptrad",0,0.00300080032374427,0.0148046697428869,0,0.062493771803878,TRUE,0.956
"ME","R9","V4","V8","impfun","ipadvnt",0.196325299880273,0.203596097364945,0.0316183051230905,0.137217869313359,0.265449951928468,FALSE,0
"ME","R9","V4","V9","impfun","ipbhprp",0,0,0,0,0,TRUE,1
"ME","R9","V5","V10","imprich","ipcrtiv",0,0.00366238185275945,0.0141742432982345,0,0.0545901574911971,TRUE,0.93
"ME","R9","V5","V11","imprich","ipeqopt",-0.102118317410515,-0.0985469507285695,0.0310862743301715,-0.158353661089548,-0.0377856257851928,FALSE,0.01
"ME","R9","V5","V12","imprich","ipfrule",0,0.00101972425314894,0.00778234243303324,0,0,TRUE,0.982
"ME","R9","V5","V13","imprich","ipgdtim",0.176890617188748,0.168999989146783,0.0281061488661005,0.119828689751751,0.227681804064822,FALSE,0
"ME","R9","V5","V14","imprich","iphlppl",0,-0.000182302956850639,0.00291804807397412,0,0,TRUE,0.996
"ME","R9","V5","V15","imprich","iplylfr",0,0,0,0,0,TRUE,1
"ME","R9","V5","V16","imprich","ipmodst",-0.136820866607692,-0.13728000045499,0.0299041103394847,-0.192321449817734,-0.0749572733993615,FALSE,0
"ME","R9","V5","V17","imprich","iprspot",0.110143393778449,0.0951079043240712,0.0363879767076326,0,0.161860978547249,TRUE,0.046
"ME","R9","V5","V18","imprich","ipshabt",0.110967688088246,0.103321188222652,0.0363481644060187,0,0.168742958939961,TRUE,0.048
"ME","R9","V5","V19","imprich","ipstrgv",0,-0.00056521323651454,0.00461069135518013,0,0,TRUE,0.984
"ME","R9","V5","V20","imprich","ipsuces",0.061496625397637,0.05559288518831,0.0338284281790431,0,0.113743358958937,TRUE,0.19
"ME","R9","V5","V21","imprich","ipudrst",-0.0681421658114639,-0.0611263566538173,0.0337621541377967,-0.121791578304298,0,TRUE,0.148
"ME","R9","V5","V6","imprich","impsafe",0,0,0,0,0,TRUE,1
"ME","R9","V5","V7","imprich","imptrad",0,-0.047739617599132,0.0398953661302692,-0.121525014224626,0,TRUE,0.34
"ME","R9","V5","V8","imprich","ipadvnt",0.126951566117913,0.123758918479094,0.0337031971846995,0.0554104573913545,0.188226849011664,FALSE,0
"ME","R9","V5","V9","imprich","ipbhprp",0,-0.000367425235606852,0.00382048878211202,0,0,TRUE,0.99
"ME","R9","V6","V10","impsafe","ipcrtiv",0,0.00224530565891519,0.0101401248619155,0,0.0416474399857374,TRUE,0.948
"ME","R9","V6","V11","impsafe","ipeqopt",0.138875793050338,0.13642285950018,0.0360308807639683,0.071600484572733,0.211588289532533,FALSE,0.002
"ME","R9","V6","V12","impsafe","ipfrule",0,0.00796553017702241,0.0201063229368444,0,0.0644136891383913,TRUE,0.846
"ME","R9","V6","V13","impsafe","ipgdtim",0,0,0,0,0,TRUE,1
"ME","R9","V6","V14","impsafe","iphlppl",0.048607558701434,0.0469938538550272,0.0348964134008275,0,0.113534795381302,TRUE,0.242
"ME","R9","V6","V15","impsafe","iplylfr",0.0990727405813693,0.0963746393470349,0.0345098576764236,0.0262623061679879,0.168115021533534,FALSE,0.016
"ME","R9","V6","V16","impsafe","ipmodst",0.0945314217076078,0.0896257075335979,0.0335406549101278,0.012531563191281,0.155545292446538,FALSE,0.024
"ME","R9","V6","V17","impsafe","iprspot",0,0.000958440188270928,0.00663891825566983,0,0,TRUE,0.978
"ME","R9","V6","V18","impsafe","ipshabt",0.0937306712241476,0.0843596568682149,0.0309777772054449,0,0.142616158054764,TRUE,0.044
"ME","R9","V6","V19","impsafe","ipstrgv",0.227323801719745,0.2219840190785,0.037207246507207,0.142561797268055,0.287385482351157,FALSE,0
"ME","R9","V6","V20","impsafe","ipsuces",0,0,0,0,0,TRUE,1
"ME","R9","V6","V21","impsafe","ipudrst",0.0940052590123467,0.0914286371382671,0.0354099823714408,0,0.157160408783858,TRUE,0.03
"ME","R9","V6","V7","impsafe","imptrad",0,0.00153336795540744,0.00800077069376221,0,0.0324553292371646,TRUE,0.96
"ME","R9","V6","V8","impsafe","ipadvnt",0,-0.0125645200192222,0.0257570239004232,-0.0830535465974175,0,TRUE,0.79
"ME","R9","V6","V9","impsafe","ipbhprp",0.154581853995497,0.14968465278987,0.0348117483688735,0.0888284061894354,0.220018628012702,FALSE,0
"ME","R9","V7","V10","imptrad","ipcrtiv",0,0.0198246102350196,0.0300478706029527,0,0.0901760011824976,TRUE,0.658
"ME","R9","V7","V11","imptrad","ipeqopt",0,0.000766727132789155,0.00525082570541291,0,0,TRUE,0.978
"ME","R9","V7","V12","imptrad","ipfrule",0,0.000168090802201874,0.00236221792536218,0,0,TRUE,0.994
"ME","R9","V7","V13","imptrad","ipgdtim",0,-0.0052930762803596,0.0176206873467268,-0.0670634191336852,0,TRUE,0.91
"ME","R9","V7","V14","imptrad","iphlppl",0.0693602108311089,0.0662180388457833,0.0361287261115336,0,0.131079886161033,TRUE,0.13
"ME","R9","V7","V15","imptrad","iplylfr",0,0.00567827970123032,0.014723971772855,0,0.0523777186676689,TRUE,0.856
"ME","R9","V7","V16","imptrad","ipmodst",0.104164836434812,0.104719376092821,0.037036006514246,0.0358936199237619,0.174805838979223,FALSE,0.016
"ME","R9","V7","V17","imptrad","iprspot",0,0.0307346869398218,0.0382664685429839,0,0.114365002437047,TRUE,0.562
"ME","R9","V7","V18","imptrad","ipshabt",0,0.00921684719058329,0.0221660385611844,0,0.0770627101476936,TRUE,0.834
"ME","R9","V7","V19","imptrad","ipstrgv",0,0.00741232973786858,0.018807516674134,0,0.0623559330574863,TRUE,0.84
"ME","R9","V7","V20","imptrad","ipsuces",0,0.00868388629563279,0.0211693592189768,0,0.0764161367057541,TRUE,0.838
"ME","R9","V7","V21","imptrad","ipudrst",0,0.00111767503695196,0.00635665612673739,0,0.0241232488007732,TRUE,0.966
"ME","R9","V7","V8","imptrad","ipadvnt",0,-0.0325631101689022,0.0359970793170555,-0.106069469446716,0,TRUE,0.496
"ME","R9","V7","V9","imptrad","ipbhprp",0.111308558934999,0.118462650044903,0.0383615891550576,0.0477231368545872,0.189625747065208,FALSE,0.006
"ME","R9","V8","V10","ipadvnt","ipcrtiv",0,-0.00011353797635813,0.00253878633164542,0,0,TRUE,0.998
"ME","R9","V8","V11","ipadvnt","ipeqopt",0,-0.000197272825296468,0.00255325327269312,0,0,TRUE,0.994
"ME","R9","V8","V12","ipadvnt","ipfrule",0,0,0,0,0,TRUE,1
"ME","R9","V8","V13","ipadvnt","ipgdtim",0.263921196463844,0.262795541845493,0.0351113590678995,0.19068124879382,0.323963642499204,FALSE,0
"ME","R9","V8","V14","ipadvnt","iphlppl",0,0,0,0,0,TRUE,1
"ME","R9","V8","V15","ipadvnt","iplylfr",0,-0.00133723394221715,0.00859889542665391,-0.0333940747507588,0,TRUE,0.974
"ME","R9","V8","V16","ipadvnt","ipmodst",-0.0448271281979006,-0.0339578622025244,0.0322458016420644,-0.0979323857414375,0,TRUE,0.402
"ME","R9","V8","V17","ipadvnt","iprspot",0,0.0307377453577355,0.0388757848140839,0,0.109292513867771,TRUE,0.582
"ME","R9","V8","V18","ipadvnt","ipshabt",0,0,0,0,0,TRUE,1
"ME","R9","V8","V19","ipadvnt","ipstrgv",0,-0.00405951264361122,0.0143428906680953,-0.0587509930218708,0,TRUE,0.92
"ME","R9","V8","V20","ipadvnt","ipsuces",0,0.0107783048927321,0.0238176052557412,0,0.0759469887938447,TRUE,0.814
"ME","R9","V8","V21","ipadvnt","ipudrst",0,-8.46966207278191e-05,0.00189387401411921,0,0,TRUE,0.998
"ME","R9","V8","V9","ipadvnt","ipbhprp",0,-0.000462935469361264,0.00427200160357738,0,0,TRUE,0.988
"ME","R9","V9","V10","ipbhprp","ipcrtiv",0,-7.80891515368344e-05,0.00174612651141644,0,0,TRUE,0.998
"ME","R9","V9","V11","ipbhprp","ipeqopt",0,0.00588488664985202,0.0159455540043804,0,0.056095995333977,TRUE,0.86
"ME","R9","V9","V12","ipbhprp","ipfrule",0.142127261917731,0.140165812238351,0.0333372704395025,0.0778898317230675,0.20013329261318,FALSE,0
"ME","R9","V9","V13","ipbhprp","ipgdtim",0,-0.000492088743373947,0.00433639531768822,0,0,TRUE,0.986
"ME","R9","V9","V14","ipbhprp","iphlppl",0.0885725632749788,0.0846927414239322,0.0354787825808691,0,0.144698474675598,TRUE,0.046
"ME","R9","V9","V15","ipbhprp","iplylfr",0.102877857101123,0.0915447421662548,0.0359581279248293,0,0.160162456929664,TRUE,0.03
"ME","R9","V9","V16","ipbhprp","ipmodst",0.123851200922325,0.120762876544072,0.0343862783099849,0.0529922053170251,0.188290882937527,FALSE,0.002
"ME","R9","V9","V17","ipbhprp","iprspot",0.0679502298133436,0.0542084245697218,0.0454687130065907,0,0.130686555658865,TRUE,0.364
"ME","R9","V9","V18","ipbhprp","ipshabt",0,-0.000186867186377066,0.0030278330919732,0,0,TRUE,0.996
"ME","R9","V9","V19","ipbhprp","ipstrgv",0,0.00863832751418525,0.0201147091104988,0,0.075637888538916,TRUE,0.804
"ME","R9","V9","V20","ipbhprp","ipsuces",0,0,0,0,0,TRUE,1
"ME","R9","V9","V21","ipbhprp","ipudrst",0.0177254543841398,0.0214321726629432,0.028121089672308,0,0.0887069510820153,TRUE,0.556
"NL","R10","V1","V10","impdiff","ipcrtiv",0.149921940838849,0.164972585978839,0.0257064575232423,0.115999287455501,0.217312421558419,FALSE,0
"NL","R10","V1","V11","impdiff","ipeqopt",0,0.000318298422624578,0.00359477131689047,0,0,TRUE,0.992
"NL","R10","V1","V12","impdiff","ipfrule",0,4.69311017125716e-05,0.00104941133688267,0,0,TRUE,0.998
"NL","R10","V1","V13","impdiff","ipgdtim",0,0.0255368446751853,0.0293989460506206,0,0.0896238952449235,TRUE,0.52
"NL","R10","V1","V14","impdiff","iphlppl",0,0.0165445226373469,0.0251146866671226,0,0.0722318917653613,TRUE,0.668
"NL","R10","V1","V15","impdiff","iplylfr",0,0.000101304820395619,0.00164611065173541,0,0,TRUE,0.996
"NL","R10","V1","V16","impdiff","ipmodst",0,-0.00555443834652206,0.0171759437314099,-0.0654654625650347,0,TRUE,0.898
"NL","R10","V1","V17","impdiff","iprspot",0,5.58417691547918e-05,0.00124865991813965,0,0,TRUE,0.998
"NL","R10","V1","V18","impdiff","ipshabt",0,0.00206914569023202,0.00864714068818059,0,0.0372013075744855,TRUE,0.944
"NL","R10","V1","V19","impdiff","ipstrgv",0,0,0,0,0,TRUE,1
"NL","R10","V1","V2","impdiff","impenv",0,0.00551968500029473,0.0164266647983263,0,0.0534898316971008,TRUE,0.884
"NL","R10","V1","V20","impdiff","ipsuces",0,0.0181948826303339,0.0244753898997758,0,0.0750682226410378,TRUE,0.604
"NL","R10","V1","V21","impdiff","ipudrst",0,0.00133030682040903,0.00711644827860702,0,0.0329018546120168,TRUE,0.964
"NL","R10","V1","V3","impdiff","impfree",0,0.0075770640568483,0.0179939941852996,0,0.0591374653169393,TRUE,0.834
"NL","R10","V1","V4","impdiff","impfun",0.100816868573879,0.111256880375367,0.0285932940220514,0.0590296136930908,0.166621246208778,FALSE,0.004
"NL","R10","V1","V5","impdiff","imprich",0,0,0,0,0,TRUE,1
"NL","R10","V1","V6","impdiff","impsafe",0,-0.00159274273737892,0.00935523681556975,-0.0355346007122645,0,TRUE,0.968
"NL","R10","V1","V7","impdiff","imptrad",0,-0.000126338331497679,0.00282501097392714,0,0,TRUE,0.998
"NL","R10","V1","V8","impdiff","ipadvnt",0.345402197866227,0.350553252182904,0.024540425436783,0.299766495474269,0.399248422128395,FALSE,0
"NL","R10","V1","V9","impdiff","ipbhprp",0,0,0,0,0,TRUE,1
"NL","R10","V10","V11","ipcrtiv","ipeqopt",0.0663671133083836,0.0752521059735364,0.0306904511778926,0,0.134337131625564,TRUE,0.046
"NL","R10","V10","V12","ipcrtiv","ipfrule",0,-0.000337515155360827,0.00339040622384099,0,0,TRUE,0.99
"NL","R10","V10","V13","ipcrtiv","ipgdtim",0,-9.26513584311129e-05,0.00207174735659667,0,0,TRUE,0.998
"NL","R10","V10","V14","ipcrtiv","iphlppl",0,0.0093052989707398,0.0195394721516539,0,0.0636279630734045,TRUE,0.784
"NL","R10","V10","V15","ipcrtiv","iplylfr",0,0.00982660453125234,0.018813928774547,0,0.0622435811412577,TRUE,0.756
"NL","R10","V10","V16","ipcrtiv","ipmodst",0,-0.0234849726619786,0.0299064684013552,-0.0895875839546204,0,TRUE,0.57
"NL","R10","V10","V17","ipcrtiv","iprspot",0,0,0,0,0,TRUE,1
"NL","R10","V10","V18","ipcrtiv","ipshabt",0,0.00130133689600533,0.00710885438707767,0,0.0332208900845565,TRUE,0.966
"NL","R10","V10","V19","ipcrtiv","ipstrgv",0,-0.000333856474598796,0.00373316625472416,0,0,TRUE,0.992
"NL","R10","V10","V20","ipcrtiv","ipsuces",0,0,0,0,0,TRUE,1
"NL","R10","V10","V21","ipcrtiv","ipudrst",0.0485832578377365,0.0536837393303003,0.0308810098947379,0,0.109668959361357,TRUE,0.144
"NL","R10","V11","V12","ipeqopt","ipfrule",0,-0.00120855631199478,0.00683327368465389,-0.0278508683181454,0,TRUE,0.966
"NL","R10","V11","V13","ipeqopt","ipgdtim",0,0.000619728299198702,0.00477020133019145,0,0,TRUE,0.982
"NL","R10","V11","V14","ipeqopt","iphlppl",0,0.02103944468156,0.0251511643897619,0,0.0798153530435432,TRUE,0.516
"NL","R10","V11","V15","ipeqopt","iplylfr",0,0.0141410674382795,0.0224607653943723,0,0.0662162754894387,TRUE,0.674
"NL","R10","V11","V16","ipeqopt","ipmodst",0,0.00216446930328549,0.0099888992939434,0,0.0416442807075375,TRUE,0.95
"NL","R10","V11","V17","ipeqopt","iprspot",0,-0.00643971192047673,0.0176308583950525,-0.064160387728491,0,TRUE,0.87
"NL","R10","V11","V18","ipeqopt","ipshabt",0,0,0,0,0,TRUE,1
"NL","R10","V11","V19","ipeqopt","ipstrgv",0,0.0139455586959679,0.0257838962551353,0,0.0769557663896852,TRUE,0.746
"NL","R10","V11","V20","ipeqopt","ipsuces",0,-8.06788075059556e-05,0.00180403297926937,0,0,TRUE,0.998
"NL","R10","V11","V21","ipeqopt","ipudrst",0.136868146163979,0.140507021642835,0.0291802835553178,0.0859785999261816,0.196350174371173,FALSE,0
"NL","R10","V12","V13","ipfrule","ipgdtim",0,0.000580264929040446,0.00435535095073176,0,0,TRUE,0.982
"NL","R10","V12","V14","ipfrule","iphlppl",0,-0.000147561455430527,0.00233720075507506,0,0,TRUE,0.996
"NL","R10","V12","V15","ipfrule","iplylfr",0,-8.80456089544307e-05,0.00196875966742471,0,0,TRUE,0.998
"NL","R10","V12","V16","ipfrule","ipmodst",0.0776395571009406,0.072704727859873,0.0323476992925956,0,0.133015831876591,TRUE,0.06
"NL","R10","V12","V17","ipfrule","iprspot",0.0896426723687112,0.0859849783588479,0.0292670564231509,0.0302234338166446,0.143241287157661,FALSE,0.01
"NL","R10","V12","V18","ipfrule","ipshabt",0,0,0,0,0,TRUE,1
"NL","R10","V12","V19","ipfrule","ipstrgv",0.0810657773442396,0.0726711197914798,0.0308168237329019,0,0.130838829100975,TRUE,0.056
"NL","R10","V12","V20","ipfrule","ipsuces",0,0.000319252499442511,0.00339574544506932,0,0,TRUE,0.99
"NL","R10","V12","V21","ipfrule","ipudrst",0,0.000532393308242839,0.0047251401734368,0,0,TRUE,0.986
"NL","R10","V13","V14","ipgdtim","iphlppl",0,0.000185817761787443,0.00338417216446421,0,0,TRUE,0.99
"NL","R10","V13","V15","ipgdtim","iplylfr",0.0451013442668485,0.0443422756606402,0.0310882667284037,0,0.105015093314545,TRUE,0.24
"NL","R10","V13","V16","ipgdtim","ipmodst",0,-0.000488043646691687,0.00418299624555178,0,0,TRUE,0.986
"NL","R10","V13","V17","ipgdtim","iprspot",0.0823166650838919,0.0795656816433783,0.0294142656102172,0.0216474318386892,0.13572099536912,FALSE,0.02
"NL","R10","V13","V18","ipgdtim","ipshabt",0,0.00458091456598063,0.0130792466361167,0,0.0476978890546317,TRUE,0.878
"NL","R10","V13","V19","ipgdtim","ipstrgv",0,0.000365147038133504,0.00433157600538587,0,0,TRUE,0.982
"NL","R10","V13","V20","ipgdtim","ipsuces",0,0.00754611415029857,0.0171799396319833,0,0.0566075503291065,TRUE,0.822
"NL","R10","V13","V21","ipgdtim","ipudrst",0,-0.000178158231423985,0.00282756637344208,0,0,TRUE,0.996
"NL","R10","V14","V15","iphlppl","iplylfr",0.258897310730468,0.266205812241521,0.0310436867329502,0.206066908370235,0.326712047659719,FALSE,0
"NL","R10","V14","V16","iphlppl","ipmodst",0.0870334269588428,0.0941056809507927,0.0325556919630301,0,0.156960096943016,TRUE,0.032
"NL","R10","V14","V17","iphlppl","iprspot",0,0.000194409508114998,0.00364462131268602,0,0,TRUE,0.992
"NL","R10","V14","V18","iphlppl","ipshabt",0,0,0,0,0,TRUE,1
"NL","R10","V14","V19","iphlppl","ipstrgv",0,0.00837544112504633,0.01633445096505,0,0.0542531314320368,TRUE,0.764
"NL","R10","V14","V20","iphlppl","ipsuces",0,0.0116593104606917,0.023471566861533,0,0.075746182685247,TRUE,0.784
"NL","R10","V14","V21","iphlppl","ipudrst",0.158034466233431,0.160680622109642,0.0308860075186848,0.101301060577935,0.218793073090231,FALSE,0
"NL","R10","V15","V16","iplylfr","ipmodst",0,0.00137400949417567,0.00744563564860623,0,0.0278345962836955,TRUE,0.962
"NL","R10","V15","V17","iplylfr","iprspot",0,0.00491687883788623,0.0141432862446939,0,0.0522629557122543,TRUE,0.876
"NL","R10","V15","V18","iplylfr","ipshabt",0,0.00117336796655154,0.00742380060146615,0,0.0322133492764966,TRUE,0.974
"NL","R10","V15","V19","iplylfr","ipstrgv",0.0251878835737932,0.0211602848916965,0.0241147733109677,0,0.0736144790592834,TRUE,0.498
"NL","R10","V15","V20","iplylfr","ipsuces",0,0,0,0,0,TRUE,1
"NL","R10","V15","V21","iplylfr","ipudrst",0.0403819644857845,0.0415682049265406,0.0305794115797153,0,0.097747242142808,TRUE,0.252
"NL","R10","V16","V17","ipmodst","iprspot",0,-0.000340185508413228,0.00392938775154957,0,0,TRUE,0.992
"NL","R10","V16","V18","ipmodst","ipshabt",0,-0.000783874075716929,0.0074567567232775,0,0,TRUE,0.988
"NL","R10","V16","V19","ipmodst","ipstrgv",0.0381801575951562,0.0276598841996142,0.0270852109109225,0,0.0818000773669928,TRUE,0.412
"NL","R10","V16","V20","ipmodst","ipsuces",0,-0.00375891548214738,0.014323285982002,-0.0594374678807358,0,TRUE,0.93
"NL","R10","V16","V21","ipmodst","ipudrst",0.117965307731016,0.112560637430906,0.0298156133428364,0.0570971649595069,0.174441627636515,FALSE,0.006
"NL","R10","V17","V18","iprspot","ipshabt",0.132104689739354,0.129492810393575,0.0274413931988294,0.0712332909881145,0.181233973959045,FALSE,0.002
"NL","R10","V17","V19","iprspot","ipstrgv",0.0681177857230172,0.0633481298852412,0.0289909538427049,0,0.116448016480254,TRUE,0.062
"NL","R10","V17","V20","iprspot","ipsuces",0.11659849893971,0.112351408729019,0.0302568031782967,0.0541979540843975,0.170289509260672,FALSE,0.008
"NL","R10","V17","V21","iprspot","ipudrst",0,-0.000626963483179207,0.00568611760943044,0,0,TRUE,0.986
"NL","R10","V18","V19","ipshabt","ipstrgv",0,0,0,0,0,TRUE,1
"NL","R10","V18","V20","ipshabt","ipsuces",0.370472558158972,0.366112245701088,0.0266503578608343,0.312675262883024,0.416614010424293,FALSE,0
"NL","R10","V18","V21","ipshabt","ipudrst",0,0.00049061915037551,0.00429356493098525,0,0,TRUE,0.986
"NL","R10","V19","V20","ipstrgv","ipsuces",0.0519183313917907,0.0338240155796078,0.0337383481459895,0,0.0990718426246984,TRUE,0.452
"NL","R10","V19","V21","ipstrgv","ipudrst",0,0.0101507206316387,0.0204013824493427,0,0.0637183711556646,TRUE,0.784
"NL","R10","V2","V10","impenv","ipcrtiv",0,0.017516142456072,0.0245760036235227,0,0.0769324992341784,TRUE,0.6
"NL","R10","V2","V11","impenv","ipeqopt",0.157570842198517,0.157818198333959,0.0282085888914858,0.104401423975529,0.214973731517425,FALSE,0
"NL","R10","V2","V12","impenv","ipfrule",0,-0.000434184984185368,0.00429182604461526,0,0,TRUE,0.988
"NL","R10","V2","V13","impenv","ipgdtim",0,-0.00359172229316556,0.0123149248202709,-0.0520844023614254,0,TRUE,0.91
"NL","R10","V2","V14","impenv","iphlppl",0.0584618979976604,0.065413006853232,0.0296348072436032,0,0.124340897229895,TRUE,0.068
"NL","R10","V2","V15","impenv","iplylfr",0.0258900938456609,0.03070299753797,0.0288074415631462,0,0.0882295106280252,TRUE,0.388
"NL","R10","V2","V16","impenv","ipmodst",0,-0.000342102898229408,0.00400867658042775,0,0,TRUE,0.992
"NL","R10","V2","V17","impenv","iprspot",0,0.00196017295009964,0.00957113941100057,0,0.04394390677213,TRUE,0.958
"NL","R10","V2","V18","impenv","ipshabt",0,-0.00052423378947301,0.00539616245726899,0,0,TRUE,0.99
"NL","R10","V2","V19","impenv","ipstrgv",0.058768629068777,0.0495912575162156,0.0332796906542483,0,0.115244993347354,TRUE,0.204
"NL","R10","V2","V20","impenv","ipsuces",0,-0.00182573695371764,0.00962483434589994,-0.0424303440330421,0,TRUE,0.962
"NL","R10","V2","V21","impenv","ipudrst",0.0715059827222878,0.0691103854028842,0.0287900994444801,0,0.122956951375727,TRUE,0.038
"NL","R10","V2","V3","impenv","impfree",0.0581063261497393,0.0583250308872173,0.0322768970689094,0,0.121756799958824,TRUE,0.128
"NL","R10","V2","V4","impenv","impfun",0,-0.0139166467519354,0.0240038366212588,-0.0736136667966306,0,TRUE,0.72
"NL","R10","V2","V5","impenv","imprich",-0.0630942519809313,-0.0622902929616102,0.0297102664586819,-0.115464556182782,0,TRUE,0.092
"NL","R10","V2","V6","impenv","impsafe",0.0284057199269446,0.0311501785005654,0.0298071564200748,0,0.0905118525312933,TRUE,0.404
"NL","R10","V2","V7","impenv","imptrad",0,0.000310096403125693,0.00349812262434121,0,0,TRUE,0.992
"NL","R10","V2","V8","impenv","ipadvnt",0,-7.32583069702661e-05,0.00163810554302062,0,0,TRUE,0.998
"NL","R10","V2","V9","impenv","ipbhprp",0,0.000191722280002033,0.00225160606039755,0,0,TRUE,0.992
"NL","R10","V20","V21","ipsuces","ipudrst",0,-9.80556850926021e-05,0.0015871562151209,0,0,TRUE,0.996
"NL","R10","V3","V10","impfree","ipcrtiv",0.0861068497940265,0.0880611404520818,0.0268040813388054,0.0323713946533047,0.13798019007093,FALSE,0.012
"NL","R10","V3","V11","impfree","ipeqopt",0,0.0211344230031004,0.0263842941608125,0,0.0812945296849956,TRUE,0.542
"NL","R10","V3","V12","impfree","ipfrule",0,-0.00151360213946539,0.00809056436325998,-0.0295496485047037,0,TRUE,0.962
"NL","R10","V3","V13","impfree","ipgdtim",0.107866747346103,0.102228034199052,0.0278746726151293,0.0512768210356902,0.159729554691954,FALSE,0.004
"NL","R10","V3","V14","impfree","iphlppl",0,0.00588098869509723,0.0150317571521448,0,0.0537679712606832,TRUE,0.844
"NL","R10","V3","V15","impfree","iplylfr",0.0261752175718635,0.0296678597139155,0.0290549776089143,0,0.087065101833059,TRUE,0.406
"NL","R10","V3","V16","impfree","ipmodst",-0.0390160698120777,-0.0335028997079541,0.0312484575341386,-0.091816607599673,0,TRUE,0.402
"NL","R10","V3","V17","impfree","iprspot",0,0.00309817407215121,0.0114814491483491,0,0.0488096244438614,TRUE,0.92
"NL","R10","V3","V18","impfree","ipshabt",0,0.000910662936302807,0.00673603739979162,0,0,TRUE,0.98
"NL","R10","V3","V19","impfree","ipstrgv",0,0.000306762612922714,0.00334386157088934,0,0,TRUE,0.99
"NL","R10","V3","V20","impfree","ipsuces",0,0.00679698878307544,0.0180424432420409,0,0.0637495132520126,TRUE,0.866
"NL","R10","V3","V21","impfree","ipudrst",0.0779182622030195,0.0737539408166358,0.029649313783835,0,0.126629281902953,TRUE,0.044
"NL","R10","V3","V4","impfree","impfun",0,0.000763754703425109,0.00610709436008781,0,0,TRUE,0.982
"NL","R10","V3","V5","impfree","imprich",0,-0.00139865026231349,0.00812405788426128,-0.0291080217672201,0,TRUE,0.968
"NL","R10","V3","V6","impfree","impsafe",0,0.00486723732882778,0.0145958611231015,0,0.0547513431762739,TRUE,0.886
"NL","R10","V3","V7","impfree","imptrad",0,-0.00888501677880815,0.0195467911573748,-0.0648304487489398,0,TRUE,0.808
"NL","R10","V3","V8","impfree","ipadvnt",0,0.0208876086988463,0.0261432382440308,0,0.0762212862197575,TRUE,0.568
"NL","R10","V3","V9","impfree","ipbhprp",0,-0.00216814658239308,0.00977445595552678,-0.0384898619593641,0,TRUE,0.946
"NL","R10","V4","V10","impfun","ipcrtiv",0,-5.24007657737398e-05,0.00117171674343127,0,0,TRUE,0.998
"NL","R10","V4","V11","impfun","ipeqopt",0,-0.000261978007990685,0.00351413984282214,0,0,TRUE,0.994
"NL","R10","V4","V12","impfun","ipfrule",0,0.000181722494176943,0.00238295089676619,0,0,TRUE,0.994
"NL","R10","V4","V13","impfun","ipgdtim",0.232484430967598,0.22771935509515,0.0280310373238827,0.16889480355482,0.284972377748439,FALSE,0
"NL","R10","V4","V14","impfun","iphlppl",0,0.00581407886119174,0.0156948133208796,0,0.0568292929476414,TRUE,0.862
"NL","R10","V4","V15","impfun","iplylfr",0.0648475289460874,0.0677800493290812,0.0335397400897095,0,0.126362297615328,TRUE,0.09
"NL","R10","V4","V16","impfun","ipmodst",0,0.000623855789548453,0.00506090159129467,0,0,TRUE,0.984
"NL","R10","V4","V17","impfun","iprspot",0,-0.00877352875185609,0.0232475233548817,-0.0849156136468505,0,TRUE,0.862
"NL","R10","V4","V18","impfun","ipshabt",0,0.00216206360866971,0.00957773180687334,0,0.0421517378099155,TRUE,0.948
"NL","R10","V4","V19","impfun","ipstrgv",0.0619901840937969,0.052242962789934,0.033639837658299,0,0.109315583397635,TRUE,0.206
"NL","R10","V4","V20","impfun","ipsuces",0.0319433263647615,0.0222920391480763,0.026751353928787,0,0.0809705452199174,TRUE,0.54
"NL","R10","V4","V21","impfun","ipudrst",0,-0.000231623580179896,0.00300887757668236,0,0,TRUE,0.994
"NL","R10","V4","V5","impfun","imprich",0,0.00543549329541701,0.0133118048539897,0,0.0464674916056975,TRUE,0.844
"NL","R10","V4","V6","impfun","impsafe",0,3.74631677589091e-05,0.00366942168350773,0,0,TRUE,0.99
"NL","R10","V4","V7","impfun","imptrad",0,0.0355236434318937,0.0346559848069025,0,0.105342233736977,TRUE,0.42
"NL","R10","V4","V8","impfun","ipadvnt",0.0530870878820777,0.052127889167357,0.0344632887565685,0,0.114664722439331,TRUE,0.226
"NL","R10","V4","V9","impfun","ipbhprp",0,-0.000225858178895847,0.00298455960476813,0,0,TRUE,0.994
"NL","R10","V5","V10","imprich","ipcrtiv",0,0.00729058888945391,0.0188781728689981,0,0.0704470201475368,TRUE,0.85
"NL","R10","V5","V11","imprich","ipeqopt",0,-0.00196669017975001,0.00859241638081491,-0.0363792060827295,0,TRUE,0.944
"NL","R10","V5","V12","imprich","ipfrule",0,0.00419650130760548,0.0124336728916575,0,0.0449391450620521,TRUE,0.888
"NL","R10","V5","V13","imprich","ipgdtim",0.126079644847968,0.122537046867159,0.0240654485749318,0.0766486089845743,0.16804871078368,FALSE,0
"NL","R10","V5","V14","imprich","iphlppl",0,-0.0414565747284552,0.0369274154807433,-0.10907304913616,0,TRUE,0.386
"NL","R10","V5","V15","imprich","iplylfr",0,0.000171328222507423,0.00244922288158891,0,0,TRUE,0.994
"NL","R10","V5","V16","imprich","ipmodst",0,-0.000252969167284447,0.00297195907208753,0,0,TRUE,0.992
"NL","R10","V5","V17","imprich","iprspot",0.0285902892945104,0.0307360957939791,0.0272396202056066,0,0.0908969941809988,TRUE,0.338
"NL","R10","V5","V18","imprich","ipshabt",0.0693664378048345,0.0666771827724539,0.0313931029752008,0,0.120629838400273,TRUE,0.1
"NL","R10","V5","V19","imprich","ipstrgv",0,0.0144220088074927,0.0238255787869707,0,0.0753763909156061,TRUE,0.692
"NL","R10","V5","V20","imprich","ipsuces",0.210514008327257,0.204212256450787,0.0257392805212242,0.151180710935517,0.254968776512992,FALSE,0
"NL","R10","V5","V21","imprich","ipudrst",-0.0428483530900069,-0.0465279462947237,0.0321547396694447,-0.109792805994948,0,TRUE,0.22
"NL","R10","V5","V6","imprich","impsafe",0,0.00189134888861742,0.00855453382981901,0,0.0349259296968702,TRUE,0.95
"NL","R10","V5","V7","imprich","imptrad",0,-0.000961406241042014,0.00660759569982959,0,0,TRUE,0.978
"NL","R10","V5","V8","imprich","ipadvnt",0.0588936062471882,0.0634732428938866,0.0302985481486501,0,0.12225701607202,TRUE,0.086
"NL","R10","V5","V9","imprich","ipbhprp",0,-9.57206126067921e-05,0.0021403779663671,0,0,TRUE,0.998
"NL","R10","V6","V10","impsafe","ipcrtiv",0,-4.95042187491931e-05,0.00110694798296215,0,0,TRUE,0.998
"NL","R10","V6","V11","impsafe","ipeqopt",0,0.011772652786819,0.0224632391407465,0,0.0743875423853341,TRUE,0.754
"NL","R10","V6","V12","impsafe","ipfrule",0,0.00128831793000508,0.0066401736930677,0,0.0266849153463744,TRUE,0.96
"NL","R10","V6","V13","impsafe","ipgdtim",0.0897082313576259,0.0905227825158564,0.030539739646719,0,0.147113061493747,TRUE,0.028
"NL","R10","V6","V14","impsafe","iphlppl",0,0.00897696277126571,0.0178415065087387,0,0.0592429639616462,TRUE,0.776
"NL","R10","V6","V15","impsafe","iplylfr",0,0.000247459534071525,0.00458335435253707,0,0,TRUE,0.986
"NL","R10","V6","V16","impsafe","ipmodst",0,0.0102611736050901,0.0187855594204148,0,0.0595677111926734,TRUE,0.736
"NL","R10","V6","V17","impsafe","iprspot",0.0488722961116108,0.0513663292829134,0.0303510108259268,0,0.111127065584428,TRUE,0.14
"NL","R10","V6","V18","impsafe","ipshabt",0,0.0127141746472915,0.0254626186853114,0,0.0817848332128518,TRUE,0.782
"NL","R10","V6","V19","impsafe","ipstrgv",0.216229280107505,0.210314183824681,0.0274294752600157,0.155203758384039,0.268366635342502,FALSE,0
"NL","R10","V6","V20","impsafe","ipsuces",0,0,0,0,0,TRUE,1
"NL","R10","V6","V21","impsafe","ipudrst",0,-0.000362869648085999,0.00418860028420525,0,0,TRUE,0.992
"NL","R10","V6","V7","impsafe","imptrad",0.0381272725724812,0.0409196229610541,0.0306150666666016,0,0.102851015315011,TRUE,0.254
"NL","R10","V6","V8","impsafe","ipadvnt",-0.127647704158755,-0.133679723233358,0.0298967831189918,-0.192259696838932,-0.0766423201200376,FALSE,0
"NL","R10","V6","V9","impsafe","ipbhprp",0.141984996103649,0.140751055546543,0.0272245140667426,0.0892537047610329,0.196244775937981,FALSE,0
"NL","R10","V7","V10","imptrad","ipcrtiv",0,-0.000306158149956773,0.00319840825995411,0,0,TRUE,0.99
"NL","R10","V7","V11","imptrad","ipeqopt",0,-0.00939460929354504,0.0213440243801232,-0.0732420412961919,0,TRUE,0.822
"NL","R10","V7","V12","imptrad","ipfrule",0.0465434457837597,0.0468715993998679,0.0317985345478167,0,0.107161807459978,TRUE,0.204
"NL","R10","V7","V13","imptrad","ipgdtim",0,-0.000408418729840538,0.00377419650334324,0,0,TRUE,0.988
"NL","R10","V7","V14","imptrad","iphlppl",0.0240840160184027,0.0411658936367512,0.0321007597102893,0,0.103573132887132,TRUE,0.29
"NL","R10","V7","V15","imptrad","iplylfr",0,0.0104413687701579,0.0210981132150733,0,0.0719808480696562,TRUE,0.772
"NL","R10","V7","V16","imptrad","ipmodst",0.0341797950421167,0.0324809269582377,0.0289520347222583,0,0.0914115666313495,TRUE,0.344
"NL","R10","V7","V17","imptrad","iprspot",0,0.0185881902232907,0.0261860969382537,0,0.0816167701488932,TRUE,0.612
"NL","R10","V7","V18","imptrad","ipshabt",0,-0.000773351916106009,0.0068185903681572,0,0,TRUE,0.986
"NL","R10","V7","V19","imptrad","ipstrgv",0.126241369223022,0.12054811461716,0.0289118055201274,0.0656178900714121,0.178035946896049,FALSE,0
"NL","R10","V7","V20","imptrad","ipsuces",0,0.00022878775368397,0.00310415862096731,0,0,TRUE,0.994
"NL","R10","V7","V21","imptrad","ipudrst",0,-0.00288444298644546,0.0117011324685573,-0.0510181350755524,0,TRUE,0.938
"NL","R10","V7","V8","imptrad","ipadvnt",0,-0.00865328751370521,0.0199712587598262,-0.0670454250174154,0,TRUE,0.822
"NL","R10","V7","V9","imptrad","ipbhprp",0.0873257027785518,0.0802371042404634,0.0324650603242019,0,0.140465479270489,TRUE,0.042
"NL","R10","V8","V10","ipadvnt","ipcrtiv",0,0.00500018738262024,0.0141670441692692,0,0.0534705223633443,TRUE,0.878
"NL","R10","V8","V11","ipadvnt","ipeqopt",0,0.000740962267429585,0.00596146173040469,0,0,TRUE,0.984
"NL","R10","V8","V12","ipadvnt","ipfrule",0,-0.00221041351155313,0.0095272437460455,-0.0427580740297737,0,TRUE,0.946
"NL","R10","V8","V13","ipadvnt","ipgdtim",0.0882710174877309,0.0845702169529489,0.0302423036711408,0.0304986072835421,0.142172863958599,FALSE,0.012
"NL","R10","V8","V14","ipadvnt","iphlppl",0,-8.47176764391222e-05,0.0018943448341371,0,0,TRUE,0.998
"NL","R10","V8","V15","ipadvnt","iplylfr",0,0.000997568730685327,0.00658432323589855,0,0.0225351805483287,TRUE,0.974
"NL","R10","V8","V16","ipadvnt","ipmodst",0,-0.000528324495056127,0.00482716497176267,0,0,TRUE,0.988
"NL","R10","V8","V17","ipadvnt","iprspot",0,0.00960927170493216,0.0210589560812897,0,0.0681395416845698,TRUE,0.81
"NL","R10","V8","V18","ipadvnt","ipshabt",0,0.00362820882883468,0.0117508130097415,0,0.0438095539694673,TRUE,0.908
"NL","R10","V8","V19","ipadvnt","ipstrgv",0,-0.000139233239602787,0.00220394312496687,0,0,TRUE,0.996
"NL","R10","V8","V20","ipadvnt","ipsuces",0.139160637653127,0.133001034128583,0.0261477475490557,0.0798141003779367,0.182932618933344,FALSE,0
"NL","R10","V8","V21","ipadvnt","ipudrst",0,0.00326314332850519,0.0125253693012376,0,0.0461804308118691,TRUE,0.926
"NL","R10","V8","V9","ipadvnt","ipbhprp",-0.0326977093045785,-0.0316505905660214,0.0296963518014978,-0.0889162878298056,0,TRUE,0.4
"NL","R10","V9","V10","ipbhprp","ipcrtiv",0,-0.00745233320542148,0.0178790349660022,-0.0597743804503439,0,TRUE,0.834
"NL","R10","V9","V11","ipbhprp","ipeqopt",0,-0.000260930100871433,0.00338418385399693,0,0,TRUE,0.994
"NL","R10","V9","V12","ipbhprp","ipfrule",0.232399520005765,0.229276178569642,0.0287840567934449,0.170274584550167,0.286913269595428,FALSE,0
"NL","R10","V9","V13","ipbhprp","ipgdtim",0,-0.000557368405754088,0.00452185549472542,0,0,TRUE,0.984
"NL","R10","V9","V14","ipbhprp","iphlppl",0,0.00402875164414664,0.0127774402991614,0,0.0489319281298971,TRUE,0.898
"NL","R10","V9","V15","ipbhprp","iplylfr",0,0.01880718796281,0.0246574918204772,0,0.0721269199046796,TRUE,0.592
"NL","R10","V9","V16","ipbhprp","ipmodst",0.143655353790329,0.138453954565726,0.029560192406551,0.0838756639216236,0.199957841511581,FALSE,0
"NL","R10","V9","V17","ipbhprp","iprspot",0.0969519243170391,0.0967836375662054,0.0300799398183988,0.0425912993309381,0.158352350254809,FALSE,0.012
"NL","R10","V9","V18","ipbhprp","ipshabt",0,8.73071020390637e-05,0.00195224615077857,0,0,TRUE,0.998
"NL","R10","V9","V19","ipbhprp","ipstrgv",0.0858596839516129,0.0800662922879023,0.0300869928155101,0,0.133399879225291,TRUE,0.032
"NL","R10","V9","V20","ipbhprp","ipsuces",0,5.03048461656114e-05,0.00112485055623977,0,0,TRUE,0.998
"NL","R10","V9","V21","ipbhprp","ipudrst",0,0.000350296041613573,0.00324430221612388,0,0,TRUE,0.988
"NL","R9","V1","V10","impdiff","ipcrtiv",0.20412675685638,0.202904213715544,0.0273019342479488,0.148895930978242,0.258534337694377,FALSE,0
"NL","R9","V1","V11","impdiff","ipeqopt",0.0187390807469468,0.0160180405816623,0.0209922317310887,0,0.0642538695006744,TRUE,0.584
"NL","R9","V1","V12","impdiff","ipfrule",0,-4.11324054574041e-05,0.000919748546808388,0,0,TRUE,0.998
"NL","R9","V1","V13","impdiff","ipgdtim",0.0323602282749437,0.0254902375691545,0.0289039595069931,0,0.0853302245729677,TRUE,0.498
"NL","R9","V1","V14","impdiff","iphlppl",0.0885164547563452,0.0748037294583938,0.0275769671355253,0,0.128127408096795,TRUE,0.034
"NL","R9","V1","V15","impdiff","iplylfr",0,0.00106582491975777,0.00622237379547094,0,0.0293115735409211,TRUE,0.97
"NL","R9","V1","V16","impdiff","ipmodst",0,-0.000412146935361572,0.00428800536386186,0,0,TRUE,0.99
"NL","R9","V1","V17","impdiff","iprspot",0,0,0,0,0,TRUE,1
"NL","R9","V1","V18","impdiff","ipshabt",0,0.00150126784607533,0.00758822095727543,0,0.0354574632784351,TRUE,0.96
"NL","R9","V1","V19","impdiff","ipstrgv",0,0.000642793427314602,0.00487618279146381,0,0,TRUE,0.982
"NL","R9","V1","V2","impdiff","impenv",0,0.00336707343616663,0.0114290933265734,0,0.0441629485680231,TRUE,0.91
"NL","R9","V1","V20","impdiff","ipsuces",0.034030883574219,0.0236126051978682,0.0270165613535891,0,0.0789676698697547,TRUE,0.52
"NL","R9","V1","V21","impdiff","ipudrst",0.0572049239655623,0.0588481645667687,0.0314201921510826,0,0.122286153218989,TRUE,0.108
"NL","R9","V1","V3","impdiff","impfree",0.0368401196994813,0.0326939898927359,0.0298725684396541,0,0.092104674959255,TRUE,0.388
"NL","R9","V1","V4","impdiff","impfun",0.082283767096604,0.0782941590258958,0.0272446900389159,0.00932331074051154,0.129906582920181,FALSE,0.024
"NL","R9","V1","V5","impdiff","imprich",0,-0.00439269516649529,0.014826915452067,-0.0600842685028785,0,TRUE,0.912
"NL","R9","V1","V6","impdiff","impsafe",0,-0.016013262569768,0.0271567680081311,-0.0823225266002637,0,TRUE,0.71
"NL","R9","V1","V7","impdiff","imptrad",0,0,0,0,0,TRUE,1
"NL","R9","V1","V8","impdiff","ipadvnt",0.332119051214171,0.325530613966631,0.0264354813966674,0.267429784783393,0.376071813000476,FALSE,0
"NL","R9","V1","V9","impdiff","ipbhprp",0,-5.04108144761499e-05,0.00112722007969802,0,0,TRUE,0.998
"NL","R9","V10","V11","ipcrtiv","ipeqopt",0.0291324595778619,0.0324982422194387,0.0270725585068936,0,0.0886173717448128,TRUE,0.292
"NL","R9","V10","V12","ipcrtiv","ipfrule",0,-0.00676225389531274,0.0163960742723986,-0.053985148933376,0,TRUE,0.838
"NL","R9","V10","V13","ipcrtiv","ipgdtim",0,0.000298699336255761,0.00316024176182997,0,0,TRUE,0.99
"NL","R9","V10","V14","ipcrtiv","iphlppl",0,0.0101854992994097,0.0194060570945861,0,0.0645922885333489,TRUE,0.75
"NL","R9","V10","V15","ipcrtiv","iplylfr",0,0.00115553459132619,0.00611340167558277,0,0.0236074674650766,TRUE,0.962
"NL","R9","V10","V16","ipcrtiv","ipmodst",0,-2.79796829053149e-05,0.00304066610309843,0,0,TRUE,0.992
"NL","R9","V10","V17","ipcrtiv","iprspot",0,-0.000376688336363032,0.00380616366140285,0,0,TRUE,0.99
"NL","R9","V10","V18","ipcrtiv","ipshabt",0.0428279768680216,0.0311456041781972,0.0308862650053255,0,0.09424805520758,TRUE,0.44
"NL","R9","V10","V19","ipcrtiv","ipstrgv",0,0,0,0,0,TRUE,1
"NL","R9","V10","V20","ipcrtiv","ipsuces",0.0322724904596331,0.0278801528610607,0.0314567090386981,0,0.0942701934001652,TRUE,0.51
"NL","R9","V10","V21","ipcrtiv","ipudrst",0.0541883578714707,0.0638372277327603,0.0283509301705501,0,0.113414386126173,TRUE,0.064
"NL","R9","V11","V12","ipeqopt","ipfrule",0,0.000502354399820142,0.00473620359702581,0,0,TRUE,0.988
"NL","R9","V11","V13","ipeqopt","ipgdtim",0,4.65151362287838e-05,0.00104011006590224,0,0,TRUE,0.998
"NL","R9","V11","V14","ipeqopt","iphlppl",0.0918291442975941,0.088274595014792,0.0289466821400885,0.0324407009624841,0.146630394742937,FALSE,0.006
"NL","R9","V11","V15","ipeqopt","iplylfr",0.0590207886896943,0.0685097681021683,0.0325332160827098,0,0.128676087576152,TRUE,0.062
"NL","R9","V11","V16","ipeqopt","ipmodst",0,0.0148297622420706,0.0228455770786608,0,0.073515654403423,TRUE,0.662
"NL","R9","V11","V17","ipeqopt","iprspot",0,-0.00354157523809746,0.0132504477877309,-0.054096354064472,0,TRUE,0.922
"NL","R9","V11","V18","ipeqopt","ipshabt",0,0.00555514747310548,0.0144173671714798,0,0.0517083235282512,TRUE,0.858
"NL","R9","V11","V19","ipeqopt","ipstrgv",0.0300777949655633,0.0325592834116573,0.0306489367587531,0,0.0944061223007934,TRUE,0.392
"NL","R9","V11","V20","ipeqopt","ipsuces",0,-3.64319378407462e-05,0.000814642895639555,0,0,TRUE,0.998
"NL","R9","V11","V21","ipeqopt","ipudrst",0.160582973709227,0.161515262547082,0.0302748939831114,0.102870770491259,0.216836969232873,FALSE,0
"NL","R9","V12","V13","ipfrule","ipgdtim",0,-0.000571239417957222,0.00445348426019769,0,0,TRUE,0.982
"NL","R9","V12","V14","ipfrule","iphlppl",0,0.000707301139078883,0.00492354402263758,0,0,TRUE,0.978
"NL","R9","V12","V15","ipfrule","iplylfr",0,0,0,0,0,TRUE,1
"NL","R9","V12","V16","ipfrule","ipmodst",0.0334199371780119,0.0325815817848443,0.0294304437485751,0,0.0913223496353867,TRUE,0.364
"NL","R9","V12","V17","ipfrule","iprspot",0.0419314086444711,0.0377313736730032,0.0299746647872386,0,0.0957409198354597,TRUE,0.294
"NL","R9","V12","V18","ipfrule","ipshabt",0,0.000166591980961308,0.00263643832991451,0,0,TRUE,0.996
"NL","R9","V12","V19","ipfrule","ipstrgv",0.115729558188139,0.113103087459844,0.028394550278675,0.0559888402021007,0.171888761081321,FALSE,0
"NL","R9","V12","V20","ipfrule","ipsuces",0,0.00187015513593124,0.00887520663072272,0,0.0331902985670577,TRUE,0.952
"NL","R9","V12","V21","ipfrule","ipudrst",0,0.0088338749373924,0.0195653653382021,0,0.0695049416720714,TRUE,0.802
"NL","R9","V13","V14","ipgdtim","iphlppl",0,-0.00107832388140308,0.00800667292817016,0,0,TRUE,0.978
"NL","R9","V13","V15","ipgdtim","iplylfr",0,0.0058532241452028,0.0151368696524603,0,0.0545205505645667,TRUE,0.858
"NL","R9","V13","V16","ipgdtim","ipmodst",0,-0.00215705667641226,0.00908525561952694,-0.0406538834231594,0,TRUE,0.94
"NL","R9","V13","V17","ipgdtim","iprspot",0.0282380774247163,0.0230597594508233,0.0258814659704174,0,0.0784973197804273,TRUE,0.484
"NL","R9","V13","V18","ipgdtim","ipshabt",0.056600928506847,0.0445327772559332,0.0287278855690779,0,0.0958807015075503,TRUE,0.21
"NL","R9","V13","V19","ipgdtim","ipstrgv",0.0232636305688921,0.0189905491168001,0.0247970620972476,0,0.0747212049793405,TRUE,0.584
"NL","R9","V13","V20","ipgdtim","ipsuces",0,0.0121669063581578,0.0211434831779691,0,0.0643590175364854,TRUE,0.732
"NL","R9","V13","V21","ipgdtim","ipudrst",0,0.0108878458868457,0.0215006432904826,0,0.0692947999396292,TRUE,0.768
"NL","R9","V14","V15","iphlppl","iplylfr",0.260360250290397,0.265947073884365,0.02717150515995,0.212609827336952,0.317321248052941,FALSE,0
"NL","R9","V14","V16","iphlppl","ipmodst",0.0459563284084573,0.0394302777610173,0.0286602478887058,0,0.0946285959206329,TRUE,0.252
"NL","R9","V14","V17","iphlppl","iprspot",0,-0.000102239012776275,0.00228613382520221,0,0,TRUE,0.998
"NL","R9","V14","V18","iphlppl","ipshabt",0.0315152507681444,0.0139913534831353,0.0226430014067587,0,0.0695651182760346,TRUE,0.692
"NL","R9","V14","V19","iphlppl","ipstrgv",0,0.013482576413368,0.0198813291942709,0,0.0606359454933248,TRUE,0.634
"NL","R9","V14","V20","iphlppl","ipsuces",0,0.000133615429716147,0.00211241479425693,0,0,TRUE,0.996
"NL","R9","V14","V21","iphlppl","ipudrst",0.0923020021296613,0.0914682066190599,0.0280519756582864,0.0334772752977586,0.144780260902406,FALSE,0.002
"NL","R9","V15","V16","iplylfr","ipmodst",0,0.0141684859355251,0.0229576881685634,0,0.0724585146827764,TRUE,0.684
"NL","R9","V15","V17","iplylfr","iprspot",0,0.00937059333094824,0.0195747677050415,0,0.0669442289033103,TRUE,0.79
"NL","R9","V15","V18","iplylfr","ipshabt",0,0.00812034540738158,0.0159217425069938,0,0.0501093721003732,TRUE,0.774
"NL","R9","V15","V19","iplylfr","ipstrgv",0,0.0132271413019967,0.0194731096885589,0,0.0617408395775332,TRUE,0.634
"NL","R9","V15","V20","iplylfr","ipsuces",0,0,0,0,0,TRUE,1
"NL","R9","V15","V21","iplylfr","ipudrst",0.0254828358062298,0.0401212784390973,0.0290394966590706,0,0.0982182318461097,TRUE,0.242
"NL","R9","V16","V17","ipmodst","iprspot",0,-0.0119244941803426,0.0229083547952845,-0.0754631100146193,0,TRUE,0.754
"NL","R9","V16","V18","ipmodst","ipshabt",0,-0.00231077736182967,0.0104390378593206,-0.0459693529591107,0,TRUE,0.95
"NL","R9","V16","V19","ipmodst","ipstrgv",0,0.0131926718961695,0.0218017741881733,0,0.066128474650936,TRUE,0.692
"NL","R9","V16","V20","ipmodst","ipsuces",0,-0.00893647428414295,0.0239100808306112,-0.0843535919936462,0,TRUE,0.87
"NL","R9","V16","V21","ipmodst","ipudrst",0.0716382106007412,0.0818237890118792,0.0301977507151745,0,0.134726840589957,TRUE,0.03
"NL","R9","V17","V18","iprspot","ipshabt",0.150422398844377,0.141497113569629,0.0261774001246143,0.0891922744321332,0.194102207877269,FALSE,0
"NL","R9","V17","V19","iprspot","ipstrgv",0,0.00333933946108146,0.0104466143076591,0,0.0382473900299484,TRUE,0.894
"NL","R9","V17","V20","iprspot","ipsuces",0.0696001078389735,0.0592968545843789,0.0352375797124984,0,0.124241737310092,TRUE,0.188
"NL","R9","V17","V21","iprspot","ipudrst",0,-5.53420405038975e-05,0.00235577915938494,0,0,TRUE,0.996
"NL","R9","V18","V19","ipshabt","ipstrgv",0,0.000272044217183586,0.00307378372003341,0,0,TRUE,0.992
"NL","R9","V18","V20","ipshabt","ipsuces",0.383283430092747,0.376076922035923,0.02376620485904,0.328220011567038,0.423037377781987,FALSE,0
"NL","R9","V18","V21","ipshabt","ipudrst",0,6.70336886903537e-05,0.0014989188469419,0,0,TRUE,0.998
"NL","R9","V19","V20","ipstrgv","ipsuces",0,0.0160207956685301,0.0245629113379051,0,0.0705418804920292,TRUE,0.68
"NL","R9","V19","V21","ipstrgv","ipudrst",0,-0.000801095497514067,0.0067914798016062,0,0,TRUE,0.984
"NL","R9","V2","V10","impenv","ipcrtiv",0.0722444251258615,0.0684702687534426,0.02889125799589,0,0.120373014449091,TRUE,0.06
"NL","R9","V2","V11","impenv","ipeqopt",0.143352391646876,0.139172389671154,0.0322201609351075,0.0748461805889737,0.203247745554811,FALSE,0
"NL","R9","V2","V12","impenv","ipfrule",0,-0.000561005884858812,0.00468997389610264,0,0,TRUE,0.984
"NL","R9","V2","V13","impenv","ipgdtim",0,-0.00147574507805535,0.00748617432990277,-0.030078987115714,0,TRUE,0.958
"NL","R9","V2","V14","impenv","iphlppl",0,0.00903225514824318,0.0185813362741214,0,0.0657817300503251,TRUE,0.776
"NL","R9","V2","V15","impenv","iplylfr",0,0.007730079582687,0.0164882651152306,0,0.0541199991536326,TRUE,0.794
"NL","R9","V2","V16","impenv","ipmodst",0,0.0036048353533473,0.0110727529947761,0,0.0420437878654033,TRUE,0.884
"NL","R9","V2","V17","impenv","iprspot",0,-3.69941435017592e-05,0.000827214196393158,0,0,TRUE,0.998
"NL","R9","V2","V18","impenv","ipshabt",0,-0.000636437056038818,0.00507987976888537,0,0,TRUE,0.984
"NL","R9","V2","V19","impenv","ipstrgv",0,0.00211187900792397,0.0090735830697042,0,0.0354212831260399,TRUE,0.94
"NL","R9","V2","V20","impenv","ipsuces",0,0,0,0,0,TRUE,1
"NL","R9","V2","V21","impenv","ipudrst",0.0519842440467812,0.0520266814843898,0.0296758831185135,0,0.109096991766128,TRUE,0.126
"NL","R9","V2","V3","impenv","impfree",0,0.00831187203915711,0.0177997203386695,0,0.0602371393729966,TRUE,0.79
"NL","R9","V2","V4","impenv","impfun",0,0.00267430079758151,0.0103176164301289,0,0.0403564340894277,TRUE,0.928
"NL","R9","V2","V5","impenv","imprich",-0.0686034564089626,-0.0549516889928682,0.0292107848532931,-0.107108621480498,0,TRUE,0.128
"NL","R9","V2","V6","impenv","impsafe",0.0335643595772608,0.0189647727766556,0.0240527554974629,0,0.0757104955657596,TRUE,0.556
"NL","R9","V2","V7","impenv","imptrad",0,0.00111086361477267,0.00634943698906558,0,0.0244105492243564,TRUE,0.966
"NL","R9","V2","V8","impenv","ipadvnt",0,-6.10260198946688e-05,0.00136458328880734,0,0,TRUE,0.998
"NL","R9","V2","V9","impenv","ipbhprp",0.0689124581862108,0.056146498896212,0.030772812431992,0,0.112580016875818,TRUE,0.122
"NL","R9","V20","V21","ipsuces","ipudrst",0,0,0,0,0,TRUE,1
"NL","R9","V3","V10","impfree","ipcrtiv",0.0934075332197464,0.0964959019000507,0.0288487015409245,0.0410456885791753,0.153428693206252,FALSE,0.006
"NL","R9","V3","V11","impfree","ipeqopt",0.0191541444387934,0.023681104838529,0.0263530100677037,0,0.0797397024102432,TRUE,0.466
"NL","R9","V3","V12","impfree","ipfrule",0,-0.00282426337529263,0.0101433836975154,-0.0407879617745006,0,TRUE,0.92
"NL","R9","V3","V13","impfree","ipgdtim",0.101717860093325,0.0970808884214068,0.0268864502292,0.0402023513964039,0.147374859061359,FALSE,0.006
"NL","R9","V3","V14","impfree","iphlppl",0,-0.000177381354935654,0.00286531054775,0,0,TRUE,0.996
"NL","R9","V3","V15","impfree","iplylfr",0.0507835002399676,0.0653894806020811,0.0299683548769607,0,0.119988862019584,TRUE,0.064
"NL","R9","V3","V16","impfree","ipmodst",0,-0.00954758400471432,0.0189868552038692,-0.0585943087032349,0,TRUE,0.772
"NL","R9","V3","V17","impfree","iprspot",0,0.0063751574250136,0.016489131336045,0,0.0581264995462632,TRUE,0.848
"NL","R9","V3","V18","impfree","ipshabt",0,0.000734229656152267,0.00504760115168384,0,0,TRUE,0.978
"NL","R9","V3","V19","impfree","ipstrgv",0,0.000889692443964203,0.00628862499793667,0,0.0193620881505514,TRUE,0.972
"NL","R9","V3","V20","impfree","ipsuces",0,0.00581796069186704,0.0151332600807905,0,0.0552197116408433,TRUE,0.856
"NL","R9","V3","V21","impfree","ipudrst",0,0.0126280495362171,0.0200438998769545,0,0.0638652360971546,TRUE,0.672
"NL","R9","V3","V4","impfree","impfun",0,0.0193119502402446,0.0255851615176952,0,0.0757588087251791,TRUE,0.576
"NL","R9","V3","V5","impfree","imprich",0,0.00220314446637696,0.00891353396088133,0,0.0399105445393391,TRUE,0.936
"NL","R9","V3","V6","impfree","impsafe",0,4.12005735605719e-05,0.00196013561019913,0,0,TRUE,0.996
"NL","R9","V3","V7","impfree","imptrad",0,-0.0142504299855741,0.0232355089593528,-0.0723623979410036,0,TRUE,0.692
"NL","R9","V3","V8","impfree","ipadvnt",0.0750493446046762,0.0667285364386933,0.0282593673764934,0,0.123778896782098,TRUE,0.062
"NL","R9","V3","V9","impfree","ipbhprp",0,-0.000687766383525795,0.00492648985972681,0,0,TRUE,0.98
"NL","R9","V4","V10","impfun","ipcrtiv",0,0.000739842152371761,0.00584434845517245,0,0,TRUE,0.982
"NL","R9","V4","V11","impfun","ipeqopt",0,0.000511101293278467,0.00441589523043249,0,0,TRUE,0.984
"NL","R9","V4","V12","impfun","ipfrule",0,5.47660552189537e-05,0.00122460622329088,0,0,TRUE,0.998
"NL","R9","V4","V13","impfun","ipgdtim",0.252585979881607,0.246343464972932,0.0285811303724294,0.184560184837737,0.305211610393796,FALSE,0
"NL","R9","V4","V14","impfun","iphlppl",0,0.00582679979623404,0.0148922261543635,0,0.0532724002021428,TRUE,0.848
"NL","R9","V4","V15","impfun","iplylfr",0.0784414477596073,0.0907583821081463,0.0267449519548382,0.0364583194945114,0.139544272355874,FALSE,0.008
"NL","R9","V4","V16","impfun","ipmodst",0,0.000712459242914765,0.00580786635834065,0,0,TRUE,0.984
"NL","R9","V4","V17","impfun","iprspot",-0.0215224187019244,-0.0240541724088313,0.0349102214618723,-0.106103411748602,0,TRUE,0.632
"NL","R9","V4","V18","impfun","ipshabt",0,0.000364023656216096,0.00341366513634177,0,0,TRUE,0.988
"NL","R9","V4","V19","impfun","ipstrgv",0,0.0030786297766317,0.00969388650281002,0,0.0366166734069745,TRUE,0.9
"NL","R9","V4","V20","impfun","ipsuces",0.0325353978585682,0.0264288345625833,0.0279134521852266,0,0.0859080297603776,TRUE,0.472
"NL","R9","V4","V21","impfun","ipudrst",0,-0.00820186584211742,0.0206308970592347,-0.0730297756226339,0,TRUE,0.848
"NL","R9","V4","V5","impfun","imprich",0,-3.19162534267114e-05,0.00202640515297757,0,0,TRUE,0.996
"NL","R9","V4","V6","impfun","impsafe",0,-5.71872734706117e-05,0.00127874630928158,0,0,TRUE,0.998
"NL","R9","V4","V7","impfun","imptrad",0,0.0372617308686882,0.0333098156822903,0,0.0997751964116724,TRUE,0.378
"NL","R9","V4","V8","impfun","ipadvnt",0.101029609503002,0.0929518703090444,0.0289148137354159,0.0393067035603627,0.145116502921525,FALSE,0.012
"NL","R9","V4","V9","impfun","ipbhprp",0,-0.000850524081797905,0.00556430135576568,-0.0184321812340674,0,TRUE,0.974
"NL","R9","V5","V10","imprich","ipcrtiv",0,0.00912788584482569,0.0196414806410682,0,0.0647401268235076,TRUE,0.796
"NL","R9","V5","V11","imprich","ipeqopt",0,-0.00681935276261224,0.0157067830322587,-0.0517175919750591,0,TRUE,0.824
"NL","R9","V5","V12","imprich","ipfrule",0,0,0,0,0,TRUE,1
"NL","R9","V5","V13","imprich","ipgdtim",0.139833880252262,0.133360611109209,0.0246174330115977,0.0834328315464028,0.183002385952571,FALSE,0
"NL","R9","V5","V14","imprich","iphlppl",-0.0976845536511662,-0.081849887782001,0.0310512661259926,-0.136610985628591,0,TRUE,0.048
"NL","R9","V5","V15","imprich","iplylfr",0,0.000304997554363832,0.00348161797745579,0,0,TRUE,0.992
"NL","R9","V5","V16","imprich","ipmodst",-0.0290231926707262,-0.0239068305207688,0.0263246578539289,-0.0791348304866509,0,TRUE,0.486
"NL","R9","V5","V17","imprich","iprspot",0.0509425986353145,0.0454990918480875,0.027260297255652,0,0.0961384983144759,TRUE,0.158
"NL","R9","V5","V18","imprich","ipshabt",0.0587697190942648,0.0430481303712797,0.0329978708600006,0,0.105087743200631,TRUE,0.302
"NL","R9","V5","V19","imprich","ipstrgv",0,0.000984582472363766,0.00644495639564871,0,0.0145859483209489,TRUE,0.976
"NL","R9","V5","V20","imprich","ipsuces",0.227259431352159,0.222849231298249,0.0231468195873192,0.177489637790842,0.268052160182399,FALSE,0
"NL","R9","V5","V21","imprich","ipudrst",0,-0.00137064453427234,0.00710690102472776,-0.0276439912094663,0,TRUE,0.96
"NL","R9","V5","V6","imprich","impsafe",0,0.000278782794895927,0.00315326592170922,0,0,TRUE,0.992
"NL","R9","V5","V7","imprich","imptrad",0,-0.00400933267946392,0.0124348274687857,-0.0486603793274486,0,TRUE,0.898
"NL","R9","V5","V8","imprich","ipadvnt",0.0806234812686511,0.0745785540249884,0.0290260886467657,0,0.12797615281032,TRUE,0.044
"NL","R9","V5","V9","imprich","ipbhprp",0,0,0,0,0,TRUE,1
"NL","R9","V6","V10","impsafe","ipcrtiv",0,0.000314620861089661,0.00356406087608027,0,0,TRUE,0.992
"NL","R9","V6","V11","impsafe","ipeqopt",0,0.000959854298108128,0.00571823192463213,0,0.0257572278757573,TRUE,0.97
"NL","R9","V6","V12","impsafe","ipfrule",0,0.0127524220195175,0.0194399909197451,0,0.0630028625230554,TRUE,0.644
"NL","R9","V6","V13","impsafe","ipgdtim",0.0783375645350935,0.0555519622011823,0.0315411383583972,0,0.113048208556284,TRUE,0.154
"NL","R9","V6","V14","impsafe","iphlppl",0.0365889523092212,0.0219929366347988,0.0242980346417602,0,0.0726320505463484,TRUE,0.49
"NL","R9","V6","V15","impsafe","iplylfr",0,0.0099298740458223,0.0173997525398626,0,0.0528426563196088,TRUE,0.722
"NL","R9","V6","V16","impsafe","ipmodst",0.0761266666319931,0.0701051544622938,0.0283790588684732,0,0.122323914864969,TRUE,0.042
"NL","R9","V6","V17","impsafe","iprspot",0.109896754260119,0.101328890679544,0.0266142572608385,0.0522985809761943,0.15374808379625,FALSE,0.002
"NL","R9","V6","V18","impsafe","ipshabt",0.0579702440062579,0.0292587117360442,0.031470619819708,0,0.0917422144474895,TRUE,0.49
"NL","R9","V6","V19","impsafe","ipstrgv",0.210568532495021,0.204905967829978,0.0269525613646374,0.146166227343952,0.253788075556251,FALSE,0
"NL","R9","V6","V20","impsafe","ipsuces",0,0,0,0,0,TRUE,1
"NL","R9","V6","V21","impsafe","ipudrst",0,0.00123418823058212,0.00720133625378359,0,0.0260535092634977,TRUE,0.96
"NL","R9","V6","V7","impsafe","imptrad",0.0537030256477231,0.0523404396584256,0.0267372133366953,0,0.0976394170954026,TRUE,0.11
"NL","R9","V6","V8","impsafe","ipadvnt",-0.145421292728987,-0.126336005398865,0.0255132706954717,-0.177282455859788,-0.0749401010073105,FALSE,0
"NL","R9","V6","V9","impsafe","ipbhprp",0.152159786176658,0.152583603289795,0.0285400934866826,0.0951922237720173,0.207311394258475,FALSE,0
"NL","R9","V7","V10","imptrad","ipcrtiv",0,-0.00152289808671372,0.00725245055336038,-0.0304888171139977,0,TRUE,0.952
"NL","R9","V7","V11","imptrad","ipeqopt",0,-0.00804223606257667,0.0194472070328888,-0.0694776887080549,0,TRUE,0.838
"NL","R9","V7","V12","imptrad","ipfrule",0.0624512012857361,0.0663993788100873,0.0277797163732246,0,0.123065086860198,TRUE,0.04
"NL","R9","V7","V13","imptrad","ipgdtim",0,-0.000195538942603203,0.00267756907173119,0,0,TRUE,0.994
"NL","R9","V7","V14","imptrad","iphlppl",0.0368613989399024,0.0398497914102256,0.0286971297716679,0,0.096402206589488,TRUE,0.248
"NL","R9","V7","V15","imptrad","iplylfr",0,0.0216617665071383,0.0265075201289244,0,0.080856370892474,TRUE,0.546
"NL","R9","V7","V16","imptrad","ipmodst",0.0689961290015688,0.0817267558592417,0.029124955184068,0,0.134295346734181,TRUE,0.026
"NL","R9","V7","V17","imptrad","iprspot",0,0.00463718760979706,0.0129807483984744,0,0.0478602865470848,TRUE,0.872
"NL","R9","V7","V18","imptrad","ipshabt",0,0,0,0,0,TRUE,1
"NL","R9","V7","V19","imptrad","ipstrgv",0.091268108812434,0.100510435721819,0.0273518645964233,0.0441244113441025,0.154651719226386,FALSE,0
"NL","R9","V7","V20","imptrad","ipsuces",0,0.000680170177320859,0.00491480563157946,0,0,TRUE,0.98
"NL","R9","V7","V21","imptrad","ipudrst",0,-0.00522281323137491,0.0162696460832795,-0.066299764125325,0,TRUE,0.892
"NL","R9","V7","V8","imptrad","ipadvnt",0,-0.0205119991561659,0.0266084290659427,-0.0796716522624894,0,TRUE,0.578
"NL","R9","V7","V9","imptrad","ipbhprp",0.0729621354866177,0.0743295705204196,0.0281742648021892,0,0.12441224533641,TRUE,0.026
"NL","R9","V8","V10","ipadvnt","ipcrtiv",0.0372340350515056,0.027003269730072,0.0272737203286613,0,0.084614362893042,TRUE,0.44
"NL","R9","V8","V11","ipadvnt","ipeqopt",0,8.98085239785262e-05,0.00141869300449462,0,0,TRUE,0.996
"NL","R9","V8","V12","ipadvnt","ipfrule",-0.0481742449898628,-0.0330063243051034,0.0289961979508497,-0.0929556416962447,0,TRUE,0.366
"NL","R9","V8","V13","ipadvnt","ipgdtim",0.0389311179119297,0.0280396014821623,0.027147115016994,0,0.0802747370060093,TRUE,0.398
"NL","R9","V8","V14","ipadvnt","iphlppl",0,4.30558829012639e-05,0.00203223791311091,0,0,TRUE,0.996
"NL","R9","V8","V15","ipadvnt","iplylfr",0,0.00597122847824578,0.0150808965716438,0,0.0558533246665666,TRUE,0.85
"NL","R9","V8","V16","ipadvnt","ipmodst",0,-0.00405497867957441,0.0126236693669547,-0.0467162732523559,0,TRUE,0.894
"NL","R9","V8","V17","ipadvnt","iprspot",0.0628766827849214,0.0441421142724477,0.033746878906886,0,0.106392597895157,TRUE,0.294
"NL","R9","V8","V18","ipadvnt","ipshabt",0,0.00888779862568554,0.0191096459491057,0,0.0656707829831485,TRUE,0.802
"NL","R9","V8","V19","ipadvnt","ipstrgv",0,0.00118391858197984,0.00702255311673613,0,0.0280919262137668,TRUE,0.97
"NL","R9","V8","V20","ipadvnt","ipsuces",0.100723907425045,0.0959470502934471,0.0285331683392941,0.0394456189218281,0.153714241806601,FALSE,0.008
"NL","R9","V8","V21","ipadvnt","ipudrst",0,-0.00741317120525761,0.0191363815232854,-0.0689546274413545,0,TRUE,0.854
"NL","R9","V8","V9","ipadvnt","ipbhprp",-0.0519129345043471,-0.0351476099659855,0.0284000628724535,-0.0877347201476167,0,TRUE,0.312
"NL","R9","V9","V10","ipbhprp","ipcrtiv",0,-0.0027216562148562,0.00983733157292235,-0.0413124798171115,0,TRUE,0.922
"NL","R9","V9","V11","ipbhprp","ipeqopt",0,0.000100710302402386,0.00159082145469563,0,0,TRUE,0.996
"NL","R9","V9","V12","ipbhprp","ipfrule",0.193000784945318,0.187810494307666,0.0256806223974257,0.135826823083658,0.241743955261496,FALSE,0
"NL","R9","V9","V13","ipbhprp","ipgdtim",0,-0.00116045396637871,0.00760667504669375,-0.024758915316482,0,TRUE,0.974
"NL","R9","V9","V14","ipbhprp","iphlppl",0,0.00428813631891234,0.0119885461159386,0,0.0447438345955469,TRUE,0.87
"NL","R9","V9","V15","ipbhprp","iplylfr",0,0.000220920795194565,0.00252276233390314,0,0,TRUE,0.992
"NL","R9","V9","V16","ipbhprp","ipmodst",0.106510667039192,0.105022544134954,0.0282169850561371,0.051372602424681,0.159792718945203,FALSE,0.002
"NL","R9","V9","V17","ipbhprp","iprspot",0.119235825991516,0.11172561005727,0.0262031673629532,0.0590306876217261,0.160060045485031,FALSE,0.002
"NL","R9","V9","V18","ipbhprp","ipshabt",0,6.43884687132885e-05,0.00143976993010031,0,0,TRUE,0.998
"NL","R9","V9","V19","ipbhprp","ipstrgv",0.0849808655066477,0.0816585045687454,0.0278716017773459,0.0274298289226468,0.133327733672827,FALSE,0.012
"NL","R9","V9","V20","ipbhprp","ipsuces",0,0.000848674398904971,0.005867063021166,0,0,TRUE,0.978
"NL","R9","V9","V21","ipbhprp","ipudrst",0.0381687398414703,0.037083910178537,0.0280492287799137,0,0.0933687638079749,TRUE,0.26
"NO","R10","V1","V10","impdiff","ipcrtiv",0.149624648838266,0.14918330032274,0.0271558699621073,0.0974757939076724,0.203405027306116,FALSE,0
"NO","R10","V1","V11","impdiff","ipeqopt",0,0.0129592491224992,0.0243684475346904,0,0.0758956742753511,TRUE,0.76
"NO","R10","V1","V12","impdiff","ipfrule",0,0.000290671737628184,0.0029057474255446,0,0,TRUE,0.99
"NO","R10","V1","V13","impdiff","ipgdtim",0.0335255400113049,0.0370843159524844,0.0304893062242328,0,0.0971284501723256,TRUE,0.316
"NO","R10","V1","V14","impdiff","iphlppl",0.0361804089582549,0.0306679410645682,0.0282508247012304,0,0.0883866597182131,TRUE,0.388
"NO","R10","V1","V15","impdiff","iplylfr",0.0268971595447772,0.0251151341868514,0.0251565563917026,0,0.0762403545029705,TRUE,0.438
"NO","R10","V1","V16","impdiff","ipmodst",0,-0.00151795422784918,0.00772450526640044,-0.0342009996604848,0,TRUE,0.96
"NO","R10","V1","V17","impdiff","iprspot",0,0.000284538389698629,0.00328297619331121,0,0,TRUE,0.992
"NO","R10","V1","V18","impdiff","ipshabt",0,0.00630593174978877,0.0168147723775874,0,0.0632812382238005,TRUE,0.864
"NO","R10","V1","V19","impdiff","ipstrgv",0,0,0,0,0,TRUE,1
"NO","R10","V1","V2","impdiff","impenv",0,0.000210436305840846,0.00281483357037917,0,0,TRUE,0.994
"NO","R10","V1","V20","impdiff","ipsuces",0,0.000269256963790788,0.00270280229234417,0,0,TRUE,0.99
"NO","R10","V1","V21","impdiff","ipudrst",0.0637125889596162,0.0556107936357159,0.0326437806468232,0,0.113159152573456,TRUE,0.184
"NO","R10","V1","V3","impdiff","impfree",0,0.00178234663599648,0.0097326471429193,0,0.0461618172173253,TRUE,0.966
"NO","R10","V1","V4","impdiff","impfun",0.0632052424382277,0.0604028162396538,0.031132089543207,0,0.116883351162173,TRUE,0.114
"NO","R10","V1","V5","impdiff","imprich",0,0,0,0,0,TRUE,1
"NO","R10","V1","V6","impdiff","impsafe",0,-0.000343114343585584,0.00455997139796024,0,0,TRUE,0.994
"NO","R10","V1","V7","impdiff","imptrad",0,0,0,0,0,TRUE,1
"NO","R10","V1","V8","impdiff","ipadvnt",0.372658624117468,0.371087635119146,0.0252912446453859,0.319050411919969,0.425622235098307,FALSE,0
"NO","R10","V1","V9","impdiff","ipbhprp",0,-0.00326872140969096,0.0131025781793423,-0.0535682217315703,0,TRUE,0.936
"NO","R10","V10","V11","ipcrtiv","ipeqopt",0.0223243320176981,0.0220805836506144,0.0248128973661295,0,0.0736873289493419,TRUE,0.498
"NO","R10","V10","V12","ipcrtiv","ipfrule",0,-0.00163942643329383,0.00821525380758283,-0.0346416315977928,0,TRUE,0.958
"NO","R10","V10","V13","ipcrtiv","ipgdtim",0,0.000109586191874523,0.00187655717406234,0,0,TRUE,0.996
"NO","R10","V10","V14","ipcrtiv","iphlppl",0,0.00733703958512146,0.017135358073186,0,0.0592207302327802,TRUE,0.826
"NO","R10","V10","V15","ipcrtiv","iplylfr",0,0.00186876591009055,0.00882808270969462,0,0.0330598422266964,TRUE,0.95
"NO","R10","V10","V16","ipcrtiv","ipmodst",0,-0.00184493074151709,0.00868019761503093,-0.0362872364601273,0,TRUE,0.948
"NO","R10","V10","V17","ipcrtiv","iprspot",0,0,0,0,0,TRUE,1
"NO","R10","V10","V18","ipcrtiv","ipshabt",0.0595424119304216,0.0501137041788254,0.0280076934769933,0,0.10303691957902,TRUE,0.15
"NO","R10","V10","V19","ipcrtiv","ipstrgv",0,-7.90447570582991e-05,0.00176749450047313,0,0,TRUE,0.998
"NO","R10","V10","V20","ipcrtiv","ipsuces",0,8.4018229197581e-05,0.00187870471834949,0,0,TRUE,0.998
"NO","R10","V10","V21","ipcrtiv","ipudrst",0.0433714431879691,0.043065922600302,0.0303322220157325,0,0.100172542767389,TRUE,0.234
"NO","R10","V11","V12","ipeqopt","ipfrule",0,0.000760074752535451,0.00518695743510732,0,0,TRUE,0.978
"NO","R10","V11","V13","ipeqopt","ipgdtim",0,0.00117693118447063,0.00720100841226355,0,0.0222046694672482,TRUE,0.97
"NO","R10","V11","V14","ipeqopt","iphlppl",0.09113029309206,0.0852076559902152,0.0259393628224842,0.0356087273603784,0.132527890171596,FALSE,0.004
"NO","R10","V11","V15","ipeqopt","iplylfr",0.074919000880197,0.0669529168890415,0.0318191717755414,0,0.129534229653141,TRUE,0.068
"NO","R10","V11","V16","ipeqopt","ipmodst",0,3.99211144535851e-05,0.000892663256557657,0,0,TRUE,0.998
"NO","R10","V11","V17","ipeqopt","iprspot",0,-0.0111418819672546,0.0241465880360436,-0.0796820022462366,0,TRUE,0.8
"NO","R10","V11","V18","ipeqopt","ipshabt",0,0.0072928298925714,0.0178421285610103,0,0.0586968346804585,TRUE,0.84
"NO","R10","V11","V19","ipeqopt","ipstrgv",0.0866838866330338,0.079349799930056,0.0311286701551437,0,0.138464765030208,TRUE,0.03
"NO","R10","V11","V20","ipeqopt","ipsuces",0,-0.000434041042280314,0.00518242037036368,0,0,TRUE,0.992
"NO","R10","V11","V21","ipeqopt","ipudrst",0.137209581269196,0.134320241117561,0.0270959122694791,0.0817568838280433,0.189293710795793,FALSE,0
"NO","R10","V12","V13","ipfrule","ipgdtim",0,0.000337107216992409,0.00397456626819988,0,0,TRUE,0.992
"NO","R10","V12","V14","ipfrule","iphlppl",0,0.000268347993383362,0.00303098143420767,0,0,TRUE,0.992
"NO","R10","V12","V15","ipfrule","iplylfr",0.0405964176605169,0.0308393927813082,0.027562471720038,0,0.0838205525154493,TRUE,0.376
"NO","R10","V12","V16","ipfrule","ipmodst",0.065342912219204,0.0521572069489982,0.0318963954661026,0,0.108420694904412,TRUE,0.186
"NO","R10","V12","V17","ipfrule","iprspot",0.059759204838069,0.0477119789202279,0.0326269401630585,0,0.105407396414409,TRUE,0.244
"NO","R10","V12","V18","ipfrule","ipshabt",0,-8.89016477234414e-05,0.00198790127621354,0,0,TRUE,0.998
"NO","R10","V12","V19","ipfrule","ipstrgv",0.194304983413414,0.188168357552358,0.0269635264450904,0.13770437146534,0.244047274231781,FALSE,0
"NO","R10","V12","V20","ipfrule","ipsuces",0,8.7886963710093e-05,0.00196521225191825,0,0,TRUE,0.998
"NO","R10","V12","V21","ipfrule","ipudrst",0,0.0197300257405233,0.0262425498998041,0,0.0783337681765742,TRUE,0.592
"NO","R10","V13","V14","ipgdtim","iphlppl",0,0.0100075318496551,0.0189244698719903,0,0.0622878020665327,TRUE,0.752
"NO","R10","V13","V15","ipgdtim","iplylfr",0,0.0130750561772689,0.0214618753190095,0,0.0664703870112616,TRUE,0.692
"NO","R10","V13","V16","ipgdtim","ipmodst",0,0.000199827975713176,0.00264667142111354,0,0,TRUE,0.994
"NO","R10","V13","V17","ipgdtim","iprspot",0,7.4221135396046e-05,0.00165963504112775,0,0,TRUE,0.998
"NO","R10","V13","V18","ipgdtim","ipshabt",0.0360553907171052,0.0311872759925849,0.0290429579595355,0,0.0900585364720946,TRUE,0.384
"NO","R10","V13","V19","ipgdtim","ipstrgv",0,0.00232565958399251,0.00946112254634672,0,0.0383840552692484,TRUE,0.94
"NO","R10","V13","V20","ipgdtim","ipsuces",0,0.000722397170057879,0.00518184765134005,0,0,TRUE,0.98
"NO","R10","V13","V21","ipgdtim","ipudrst",0,0.000258023367878452,0.00292344965936901,0,0,TRUE,0.992
"NO","R10","V14","V15","iphlppl","iplylfr",0.175830549639333,0.171704067405133,0.0303029726299991,0.113596387727392,0.230984161173583,FALSE,0
"NO","R10","V14","V16","iphlppl","ipmodst",0,0.00181653701526037,0.0084643720224243,0,0.0345859670088525,TRUE,0.95
"NO","R10","V14","V17","iphlppl","iprspot",0,-0.000661488392909413,0.00695030800223179,0,0,TRUE,0.99
"NO","R10","V14","V18","iphlppl","ipshabt",0,-6.83534588929542e-05,0.00152842980581883,0,0,TRUE,0.998
"NO","R10","V14","V19","iphlppl","ipstrgv",0.0334202220429651,0.0295355113751125,0.0262368860248834,0,0.0838373338317229,TRUE,0.348
"NO","R10","V14","V20","iphlppl","ipsuces",0.0548583475758362,0.0483545523103181,0.0315254432745459,0,0.10851815061305,TRUE,0.206
"NO","R10","V14","V21","iphlppl","ipudrst",0.14132398019108,0.140308359135379,0.0292879129897218,0.0846373051844168,0.196290074122118,FALSE,0
"NO","R10","V15","V16","iplylfr","ipmodst",0,5.84376189486646e-05,0.00130670488412444,0,0,TRUE,0.998
"NO","R10","V15","V17","iplylfr","iprspot",0,0.0158576558073242,0.0239934067910099,0,0.0729565537158303,TRUE,0.66
"NO","R10","V15","V18","iplylfr","ipshabt",0,6.59087537989469e-05,0.00147376453806743,0,0,TRUE,0.998
"NO","R10","V15","V19","iplylfr","ipstrgv",0.0505845622217235,0.0464130663714561,0.0266345141622887,0,0.102136584064433,TRUE,0.12
"NO","R10","V15","V20","iplylfr","ipsuces",0,0,0,0,0,TRUE,1
"NO","R10","V15","V21","iplylfr","ipudrst",0.124722137349038,0.12006660783478,0.0302959911331673,0.0631573438518973,0.186482599517943,FALSE,0
"NO","R10","V16","V17","ipmodst","iprspot",0,-0.00119593124309769,0.00745085718782834,-0.026309929506854,0,TRUE,0.972
"NO","R10","V16","V18","ipmodst","ipshabt",-0.0470528781124099,-0.0144218276264234,0.0264347048016515,-0.0848877447397804,0,TRUE,0.75
"NO","R10","V16","V19","ipmodst","ipstrgv",0.0148739701197665,0.0133621195896017,0.0216892446234393,0,0.0663494888625656,TRUE,0.678
"NO","R10","V16","V20","ipmodst","ipsuces",0,-0.000293900743880472,0.00337860571248361,0,0,TRUE,0.992
"NO","R10","V16","V21","ipmodst","ipudrst",0.0318220944182893,0.0279889422986488,0.0294399976368608,0,0.0884089876192058,TRUE,0.464
"NO","R10","V17","V18","iprspot","ipshabt",0.127105424838997,0.116860990977111,0.0275289969590198,0.0614516394915399,0.172906392458457,FALSE,0.002
"NO","R10","V17","V19","iprspot","ipstrgv",0,0.0100298354658968,0.0194764061705634,0,0.0621940007598335,TRUE,0.77
"NO","R10","V17","V20","iprspot","ipsuces",0.235505590302687,0.232879704308375,0.0254658200819142,0.182142217668737,0.283815917920553,FALSE,0
"NO","R10","V17","V21","iprspot","ipudrst",0,0,0,0,0,TRUE,1
"NO","R10","V18","V19","ipshabt","ipstrgv",0,0.000414926509452393,0.00379923533505419,0,0,TRUE,0.988
"NO","R10","V18","V20","ipshabt","ipsuces",0.33051772313077,0.324502960534553,0.0259433220598883,0.274041780309215,0.372381395284874,FALSE,0
"NO","R10","V18","V21","ipshabt","ipudrst",0,0,0,0,0,TRUE,1
"NO","R10","V19","V20","ipstrgv","ipsuces",0.0508437347094897,0.0330147168354501,0.0329746925922242,0,0.093018014429555,TRUE,0.462
"NO","R10","V19","V21","ipstrgv","ipudrst",0,0.00941871082362312,0.0178286238877868,0,0.0584669057894517,TRUE,0.752
"NO","R10","V2","V10","impenv","ipcrtiv",0,0.0126994678887123,0.0223943658969404,0,0.0702491257844371,TRUE,0.72
"NO","R10","V2","V11","impenv","ipeqopt",0.0994639454228921,0.095073476832338,0.0271522994335651,0.0421752932966837,0.152119802334796,FALSE,0.006
"NO","R10","V2","V12","impenv","ipfrule",0,-0.000473066975483743,0.00571407306650473,0,0,TRUE,0.992
"NO","R10","V2","V13","impenv","ipgdtim",0,0,0,0,0,TRUE,1
"NO","R10","V2","V14","impenv","iphlppl",0.0709185747258342,0.0658726369902685,0.031796642416949,0,0.128291565641402,TRUE,0.08
"NO","R10","V2","V15","impenv","iplylfr",0,0.00800478643262943,0.0169531561359957,0,0.0601026456298263,TRUE,0.78
"NO","R10","V2","V16","impenv","ipmodst",0,-1.70747153270805e-06,0.00143349043202414,0,0,TRUE,0.996
"NO","R10","V2","V17","impenv","iprspot",0,8.00740382125674e-05,0.00179050992676216,0,0,TRUE,0.998
"NO","R10","V2","V18","impenv","ipshabt",0,0.000172216284727102,0.00230949636048356,0,0,TRUE,0.994
"NO","R10","V2","V19","impenv","ipstrgv",0.0403756234403788,0.0377746125730335,0.0296461440255646,0,0.0938354753511326,TRUE,0.294
"NO","R10","V2","V20","impenv","ipsuces",0,0.00460426256868718,0.0149014736190837,0,0.0583776175968995,TRUE,0.904
"NO","R10","V2","V21","impenv","ipudrst",0.0848001941483066,0.0843871085724473,0.0296265074424954,0,0.136496183019761,TRUE,0.026
"NO","R10","V2","V3","impenv","impfree",0,0.0100130849159917,0.0196244134159475,0,0.0621199189398785,TRUE,0.758
"NO","R10","V2","V4","impenv","impfun",0,-0.000678741416420227,0.00621468937791438,0,0,TRUE,0.988
"NO","R10","V2","V5","impenv","imprich",-0.0624919790209036,-0.0727316527188228,0.0409098843605833,-0.13792382674394,0,TRUE,0.176
"NO","R10","V2","V6","impenv","impsafe",0,-0.000757700619667212,0.00577907211352981,0,0,TRUE,0.98
"NO","R10","V2","V7","impenv","imptrad",0,0.00225259796206744,0.00966266262293583,0,0.0433019859574624,TRUE,0.944
"NO","R10","V2","V8","impenv","ipadvnt",0,0.00797953652586224,0.0193904441482427,0,0.0686931758706809,TRUE,0.836
"NO","R10","V2","V9","impenv","ipbhprp",0,0.00962481672861013,0.0193211221806632,0,0.0604745595189244,TRUE,0.78
"NO","R10","V20","V21","ipsuces","ipudrst",0,-0.000298650587948105,0.00342229374524586,0,0,TRUE,0.992
"NO","R10","V3","V10","impfree","ipcrtiv",0.0838613732140897,0.0868447992569024,0.0317630725123169,0.0229797623170325,0.151273556407471,FALSE,0.022
"NO","R10","V3","V11","impfree","ipeqopt",0.0278945732135537,0.023408090862683,0.0257902024544902,0,0.0787342990168682,TRUE,0.474
"NO","R10","V3","V12","impfree","ipfrule",0,-6.90978785437039e-05,0.00154507553524746,0,0,TRUE,0.998
"NO","R10","V3","V13","impfree","ipgdtim",0,0.0154575183474822,0.0254158252033829,0,0.0794370291838682,TRUE,0.702
"NO","R10","V3","V14","impfree","iphlppl",0,0.00378226032057813,0.0117911467643249,0,0.0429116061425577,TRUE,0.894
"NO","R10","V3","V15","impfree","iplylfr",0.0211668577466892,0.0189844933462079,0.0233911803838755,0,0.0695927363493541,TRUE,0.542
"NO","R10","V3","V16","impfree","ipmodst",0,-5.72076443175626e-05,0.001279201815267,0,0,TRUE,0.998
"NO","R10","V3","V17","impfree","iprspot",0,0.00659100133383443,0.0160638321703865,0,0.0534844830504488,TRUE,0.842
"NO","R10","V3","V18","impfree","ipshabt",0,0.00093131936880173,0.00577237549673026,0,0.019917918261796,TRUE,0.972
"NO","R10","V3","V19","impfree","ipstrgv",0,0.00383234760880638,0.0119073674881085,0,0.0460872512305058,TRUE,0.892
"NO","R10","V3","V20","impfree","ipsuces",0,0.00317302137708668,0.0126617528916343,0,0.0531978557220591,TRUE,0.936
"NO","R10","V3","V21","impfree","ipudrst",0,0.00742608717134442,0.0168069849270155,0,0.0567209695827617,TRUE,0.814
"NO","R10","V3","V4","impfree","impfun",0,0.000877280724602429,0.00667397688621808,0,0,TRUE,0.982
"NO","R10","V3","V5","impfree","imprich",0,0.00154833946606466,0.00781668234542194,0,0.0337042150283455,TRUE,0.958
"NO","R10","V3","V6","impfree","impsafe",0.0272610233485621,0.0282335527753441,0.0327621856590726,0,0.0972708243893816,TRUE,0.516
"NO","R10","V3","V7","impfree","imptrad",0,-0.00313437906545059,0.0125245238794769,-0.0532276511595791,0,TRUE,0.936
"NO","R10","V3","V8","impfree","ipadvnt",0.0742410595421646,0.0707041783082893,0.0335835300454679,0,0.126149351755932,TRUE,0.12
"NO","R10","V3","V9","impfree","ipbhprp",0,8.67249602301308e-05,0.00193922906420538,0,0,TRUE,0.998
"NO","R10","V4","V10","impfun","ipcrtiv",0,-0.000386727526252976,0.00443090080760215,0,0,TRUE,0.992
"NO","R10","V4","V11","impfun","ipeqopt",0,7.36135832234074e-05,0.00164604976154877,0,0,TRUE,0.998
"NO","R10","V4","V12","impfun","ipfrule",0,0,0,0,0,TRUE,1
"NO","R10","V4","V13","impfun","ipgdtim",0.288563309873518,0.286650809792042,0.0254106573446897,0.235182824900807,0.338686378153578,FALSE,0
"NO","R10","V4","V14","impfun","iphlppl",0.0349048258514716,0.0279424820800656,0.0285177693446323,0,0.0852418878436985,TRUE,0.458
"NO","R10","V4","V15","impfun","iplylfr",0.0481739910749995,0.0439185355056472,0.0282308761583726,0,0.0960705130934995,TRUE,0.204
"NO","R10","V4","V16","impfun","ipmodst",0,-0.000143648313675134,0.00321207394230812,0,0,TRUE,0.998
"NO","R10","V4","V17","impfun","iprspot",0,0,0,0,0,TRUE,1
"NO","R10","V4","V18","impfun","ipshabt",0,0.000698090486876271,0.00508229186298272,0,0,TRUE,0.98
"NO","R10","V4","V19","impfun","ipstrgv",0,0.0102251711645514,0.0203293444771642,0,0.062882695511683,TRUE,0.782
"NO","R10","V4","V20","impfun","ipsuces",0,0.00143623480718482,0.00728000062723152,0,0.0336028588566564,TRUE,0.96
"NO","R10","V4","V21","impfun","ipudrst",0,0.00280203996721523,0.0101405827461157,0,0.0387808185116347,TRUE,0.92
"NO","R10","V4","V5","impfun","imprich",0,0.00211886210891671,0.00858178429519791,0,0.0341654572261071,TRUE,0.938
"NO","R10","V4","V6","impfun","impsafe",0,0.0125710430875146,0.0237444476656196,0,0.0745448498812314,TRUE,0.758
"NO","R10","V4","V7","impfun","imptrad",0.0643123978833483,0.0678548351093905,0.0354544423575343,0,0.133888753749191,TRUE,0.122
"NO","R10","V4","V8","impfun","ipadvnt",0.205945223927789,0.215920153204341,0.0275733186075787,0.156166029960305,0.268278359042084,FALSE,0
"NO","R10","V4","V9","impfun","ipbhprp",0,-0.00116828681317915,0.00736572911160374,-0.0310994393571439,0,TRUE,0.974
"NO","R10","V5","V10","imprich","ipcrtiv",0.0614270986774416,0.0701693665909473,0.0347881834066344,0,0.132359015696111,TRUE,0.094
"NO","R10","V5","V11","imprich","ipeqopt",0,-0.000673761391247573,0.00533904913267973,0,0,TRUE,0.982
"NO","R10","V5","V12","imprich","ipfrule",0,0,0,0,0,TRUE,1
"NO","R10","V5","V13","imprich","ipgdtim",0.119226335120636,0.124894845194883,0.0267409305335264,0.0678495709036001,0.180266406218869,FALSE,0
"NO","R10","V5","V14","imprich","iphlppl",0,-0.010856632135478,0.0230800225072317,-0.0743006823399709,0,TRUE,0.798
"NO","R10","V5","V15","imprich","iplylfr",0,-5.11570810930733e-05,0.00114390710854581,0,0,TRUE,0.998
"NO","R10","V5","V16","imprich","ipmodst",0,0.0024666945393457,0.0117924086537815,0,0.0491670876436277,TRUE,0.954
"NO","R10","V5","V17","imprich","iprspot",0,0.00267023803829552,0.010362662487693,0,0.0388972105062742,TRUE,0.928
"NO","R10","V5","V18","imprich","ipshabt",0.0933196667795654,0.0850147455191444,0.0278144307851102,0.0335593538299417,0.141840961540962,FALSE,0.012
"NO","R10","V5","V19","imprich","ipstrgv",0,0.000130213866451955,0.00205953258689123,0,0,TRUE,0.996
"NO","R10","V5","V20","imprich","ipsuces",0.211526583272718,0.211430845937011,0.0239513793729671,0.164165988273772,0.25848407694512,FALSE,0
"NO","R10","V5","V21","imprich","ipudrst",0,-0.00683649708081035,0.0180797766679241,-0.0620703733778119,0,TRUE,0.858
"NO","R10","V5","V6","imprich","impsafe",0,0.0102689947623526,0.0197535217535639,0,0.0613724373442532,TRUE,0.762
"NO","R10","V5","V7","imprich","imptrad",0,-0.000341387941095975,0.00384912825050253,0,0,TRUE,0.992
"NO","R10","V5","V8","imprich","ipadvnt",0.0629702050441114,0.0691088978994744,0.0300032254511864,0,0.124080610558405,TRUE,0.064
"NO","R10","V5","V9","imprich","ipbhprp",0,0,0,0,0,TRUE,1
"NO","R10","V6","V10","impsafe","ipcrtiv",0,-0.00720680543966914,0.0179338736172385,-0.0620885532467988,0,TRUE,0.846
"NO","R10","V6","V11","impsafe","ipeqopt",0,0.00330573576127191,0.0121280207399567,0,0.0497844901257577,TRUE,0.92
"NO","R10","V6","V12","impsafe","ipfrule",0.106054445616247,0.100366784838813,0.0293807813997229,0.0407482564102191,0.152625973354017,FALSE,0.008
"NO","R10","V6","V13","impsafe","ipgdtim",0,0.0234692974406704,0.0304736417541279,0,0.0929620125167692,TRUE,0.584
"NO","R10","V6","V14","impsafe","iphlppl",0,0.0174583329697475,0.0241595499343645,0,0.0726012102230258,TRUE,0.604
"NO","R10","V6","V15","impsafe","iplylfr",0,0.000216755727266587,0.00295256138497432,0,0,TRUE,0.994
"NO","R10","V6","V16","impsafe","ipmodst",0.0930376040618921,0.0869324224192652,0.0305519284483442,0,0.143311911345339,TRUE,0.026
"NO","R10","V6","V17","impsafe","iprspot",0,0.00179245958094736,0.00783755871876828,0,0.0339424203926914,TRUE,0.946
"NO","R10","V6","V18","impsafe","ipshabt",0.0619592054943467,0.0318846004848141,0.0360502061834456,0,0.103568772650867,TRUE,0.518
"NO","R10","V6","V19","impsafe","ipstrgv",0.136414074293367,0.132291933864572,0.0274352700780968,0.0766323895710579,0.18528182350494,FALSE,0
"NO","R10","V6","V20","impsafe","ipsuces",0,0,0,0,0,TRUE,1
"NO","R10","V6","V21","impsafe","ipudrst",0,-0.000472755161213064,0.00496601725805069,0,0,TRUE,0.99
"NO","R10","V6","V7","impsafe","imptrad",0.0262583990534707,0.0247696208731023,0.0273890038014035,0,0.0841617164948056,TRUE,0.474
"NO","R10","V6","V8","impsafe","ipadvnt",-0.105464077305897,-0.104990933786421,0.0447503849061956,-0.183070032071053,0,TRUE,0.076
"NO","R10","V6","V9","impsafe","ipbhprp",0.0683711265750523,0.0720909470838304,0.0309500629360478,0,0.129841227337768,TRUE,0.052
"NO","R10","V7","V10","imptrad","ipcrtiv",0,-0.00330601621676934,0.0114870177536833,-0.0466769412736366,0,TRUE,0.916
"NO","R10","V7","V11","imptrad","ipeqopt",0,-0.00144528383085039,0.00817945351341731,-0.0398270951114389,0,TRUE,0.968
"NO","R10","V7","V12","imptrad","ipfrule",0.0640583980716266,0.0523558501132286,0.0341675189138253,0,0.115194500319052,TRUE,0.218
"NO","R10","V7","V13","imptrad","ipgdtim",0,-0.000134061174518766,0.00211862581921849,0,0,TRUE,0.996
"NO","R10","V7","V14","imptrad","iphlppl",0.0400622590294782,0.0393195454491616,0.0300078104643866,0,0.0950451127557504,TRUE,0.256
"NO","R10","V7","V15","imptrad","iplylfr",0.0576375084407089,0.0534349876615156,0.0314827051045136,0,0.111539474160294,TRUE,0.154
"NO","R10","V7","V16","imptrad","ipmodst",0,-5.19610598709976e-06,0.00140068362274618,0,0,TRUE,0.996
"NO","R10","V7","V17","imptrad","iprspot",0,0.00555373339442774,0.0148099696329348,0,0.0522328992887193,TRUE,0.858
"NO","R10","V7","V18","imptrad","ipshabt",0,-0.00350418904303603,0.0133857333310417,-0.0568375828477497,0,TRUE,0.93
"NO","R10","V7","V19","imptrad","ipstrgv",0.0308576407051738,0.0287781608948922,0.0272909899757312,0,0.0879849138081105,TRUE,0.378
"NO","R10","V7","V20","imptrad","ipsuces",0,0,0,0,0,TRUE,1
"NO","R10","V7","V21","imptrad","ipudrst",0,-9.71859882969873e-05,0.00217314476292563,0,0,TRUE,0.998
"NO","R10","V7","V8","imptrad","ipadvnt",0,-0.00775434116803009,0.0187500310433531,-0.0666564771185849,0,TRUE,0.84
"NO","R10","V7","V9","imptrad","ipbhprp",0,0.0256639165785014,0.0293827079295009,0,0.0864198691476372,TRUE,0.51
"NO","R10","V8","V10","ipadvnt","ipcrtiv",0,0.00629467108749982,0.0163984420338364,0,0.0580924525415921,TRUE,0.862
"NO","R10","V8","V11","ipadvnt","ipeqopt",0,0.0140201998603604,0.0229838671040778,0,0.0726065643798072,TRUE,0.698
"NO","R10","V8","V12","ipadvnt","ipfrule",-0.0532357720791653,-0.0387226616666026,0.0341653761464461,-0.101204515324534,0,TRUE,0.382
"NO","R10","V8","V13","ipadvnt","ipgdtim",0.153656723787458,0.15635994853306,0.0276670545282226,0.10220263285154,0.211296045172869,FALSE,0
"NO","R10","V8","V14","ipadvnt","iphlppl",0,0.000142549128933608,0.00230645462651009,0,0,TRUE,0.996
"NO","R10","V8","V15","ipadvnt","iplylfr",0,-0.000148820408205342,0.00235210312795734,0,0,TRUE,0.996
"NO","R10","V8","V16","ipadvnt","ipmodst",0,-5.61801780778995e-05,0.00125622697170227,0,0,TRUE,0.998
"NO","R10","V8","V17","ipadvnt","iprspot",0,0.000200122879804038,0.00261858961863126,0,0,TRUE,0.994
"NO","R10","V8","V18","ipadvnt","ipshabt",0,0.0224131168713404,0.025467758028323,0,0.077041442568334,TRUE,0.516
"NO","R10","V8","V19","ipadvnt","ipstrgv",0,0.000255198942454637,0.00341786875435428,0,0,TRUE,0.994
"NO","R10","V8","V20","ipadvnt","ipsuces",0.0619001726703859,0.0564118645127359,0.0273586496807582,0,0.102882747255149,TRUE,0.11
"NO","R10","V8","V21","ipadvnt","ipudrst",0,0.00484892884886857,0.0145974739185846,0,0.0547076063440312,TRUE,0.894
"NO","R10","V8","V9","ipadvnt","ipbhprp",0,-0.00244825940315796,0.0108746828934529,-0.0420540988605608,0,TRUE,0.946
"NO","R10","V9","V10","ipbhprp","ipcrtiv",0,-0.00583314530220277,0.0166201617632375,-0.0629504241139176,0,TRUE,0.876
"NO","R10","V9","V11","ipbhprp","ipeqopt",0,0.000324219167421577,0.00328036255298802,0,0,TRUE,0.99
"NO","R10","V9","V12","ipbhprp","ipfrule",0.254359264597977,0.252996498814061,0.0272326784987954,0.199724059905149,0.304635379380387,FALSE,0
"NO","R10","V9","V13","ipbhprp","ipgdtim",0,0,0,0,0,TRUE,1
"NO","R10","V9","V14","ipbhprp","iphlppl",0,0.0217516680371324,0.0264685988368716,0,0.0782926355552937,TRUE,0.542
"NO","R10","V9","V15","ipbhprp","iplylfr",0,0.0219143243491001,0.0287557021335275,0,0.0862089307544053,TRUE,0.586
"NO","R10","V9","V16","ipbhprp","ipmodst",0.108863928865505,0.113398474398779,0.0274189388439677,0.0600028157295267,0.165197679758997,FALSE,0.004
"NO","R10","V9","V17","ipbhprp","iprspot",0.0851007244525665,0.102355581757411,0.0285324070279745,0.0451721690090165,0.157767992432632,FALSE,0.004
"NO","R10","V9","V18","ipbhprp","ipshabt",0,0.00020032317404564,0.00262317519075686,0,0,TRUE,0.994
"NO","R10","V9","V19","ipbhprp","ipstrgv",0.0301362569301828,0.0338995543330741,0.0278257655636117,0,0.0918124753643944,TRUE,0.304
"NO","R10","V9","V20","ipbhprp","ipsuces",0,0.00234864441591397,0.00996336949112475,0,0.0422294203223858,TRUE,0.944
"NO","R10","V9","V21","ipbhprp","ipudrst",0,-7.44352512274084e-05,0.0016644228166676,0,0,TRUE,0.998
"NO","R9","V1","V10","impdiff","ipcrtiv",0.120876136728782,0.117713223612965,0.0303686605107435,0.0619564595365669,0.178137127182006,FALSE,0.008
"NO","R9","V1","V11","impdiff","ipeqopt",0,0.000873941622024243,0.00613301121814183,0,0,TRUE,0.978
"NO","R9","V1","V12","impdiff","ipfrule",0,0.00346977766043336,0.0139180205451141,0,0.058367444591191,TRUE,0.936
"NO","R9","V1","V13","impdiff","ipgdtim",0.0801985062250919,0.0750202697167406,0.0315700270229217,0,0.135953052401817,TRUE,0.056
"NO","R9","V1","V14","impdiff","iphlppl",0.0747256050442799,0.0723886868085636,0.0290693014413063,0,0.127920280509134,TRUE,0.056
"NO","R9","V1","V15","impdiff","iplylfr",0,0,0,0,0,TRUE,1
"NO","R9","V1","V16","impdiff","ipmodst",0,0.000202921939002523,0.00263193782799133,0,0,TRUE,0.994
"NO","R9","V1","V17","impdiff","iprspot",0,0,0,0,0,TRUE,1
"NO","R9","V1","V18","impdiff","ipshabt",0,0.00433025648490636,0.0129176537893767,0,0.0488628290193799,TRUE,0.888
"NO","R9","V1","V19","impdiff","ipstrgv",0,0,0,0,0,TRUE,1
"NO","R9","V1","V2","impdiff","impenv",0,0.00420946670280881,0.0150684998878555,0,0.0585952495457228,TRUE,0.916
"NO","R9","V1","V20","impdiff","ipsuces",0.0306321233732954,0.0159058784441984,0.02346152731153,0,0.0698140179760691,TRUE,0.644
"NO","R9","V1","V21","impdiff","ipudrst",0.0618849330655383,0.0523351683149797,0.0334571039658091,0,0.113273855193807,TRUE,0.216
"NO","R9","V1","V3","impdiff","impfree",0,0.00688123782388334,0.0177942584825153,0,0.0608829057870374,TRUE,0.858
"NO","R9","V1","V4","impdiff","impfun",0.0839222333944957,0.0774185763193947,0.0320117279094337,0,0.136115801334769,TRUE,0.042
"NO","R9","V1","V5","impdiff","imprich",0,0,0,0,0,TRUE,1
"NO","R9","V1","V6","impdiff","impsafe",0,0,0,0,0,TRUE,1
"NO","R9","V1","V7","impdiff","imptrad",0,0.000173231903624626,0.00387358312376355,0,0,TRUE,0.998
"NO","R9","V1","V8","impdiff","ipadvnt",0.361443230991242,0.35870839920726,0.0267519805876318,0.303750529108198,0.410110816617729,FALSE,0
"NO","R9","V1","V9","impdiff","ipbhprp",0,-0.00339899098189369,0.0145887017419808,-0.0595722293416247,0,TRUE,0.942
"NO","R9","V10","V11","ipcrtiv","ipeqopt",0,0.0130374663198553,0.0236353305384362,0,0.0756090859563698,TRUE,0.73
"NO","R9","V10","V12","ipcrtiv","ipfrule",0,-0.0209351271154495,0.0291076041036487,-0.0867942899280521,0,TRUE,0.614
"NO","R9","V10","V13","ipcrtiv","ipgdtim",0,5.62777017347892e-05,0.00125840766696447,0,0,TRUE,0.998
"NO","R9","V10","V14","ipcrtiv","iphlppl",0,0.0137287324453057,0.0230131599228145,0,0.0739341465853864,TRUE,0.698
"NO","R9","V10","V15","ipcrtiv","iplylfr",0,0.00558902632314707,0.0141328206636747,0,0.0512367964991144,TRUE,0.842
"NO","R9","V10","V16","ipcrtiv","ipmodst",0,-0.000988387894300237,0.00645568378404654,-0.0215743652170925,0,TRUE,0.974
"NO","R9","V10","V17","ipcrtiv","iprspot",0,0.000129623116880755,0.00204811994504649,0,0,TRUE,0.996
"NO","R9","V10","V18","ipcrtiv","ipshabt",0,0.00333153316456216,0.0111166221690846,0,0.0416218974869058,TRUE,0.91
"NO","R9","V10","V19","ipcrtiv","ipstrgv",0,8.45937129352231e-05,0.00189157292592262,0,0,TRUE,0.998
"NO","R9","V10","V20","ipcrtiv","ipsuces",0,0.000160243063205157,0.00207304315557458,0,0,TRUE,0.994
"NO","R9","V10","V21","ipcrtiv","ipudrst",0,0.00724276709320663,0.0170407967966283,0,0.0561287779485681,TRUE,0.826
"NO","R9","V11","V12","ipeqopt","ipfrule",0,0.00617272351474039,0.0160095128962024,0,0.0578747972803554,TRUE,0.858
"NO","R9","V11","V13","ipeqopt","ipgdtim",0,-0.000522573129062022,0.00539007825773647,0,0,TRUE,0.99
"NO","R9","V11","V14","ipeqopt","iphlppl",0.135518327786063,0.136948073765708,0.0295899917011848,0.0742031100150131,0.192654962646827,FALSE,0
"NO","R9","V11","V15","ipeqopt","iplylfr",0,0.00317945519062044,0.0104803452048589,0,0.0385075785547759,TRUE,0.908
"NO","R9","V11","V16","ipeqopt","ipmodst",0,0.0173398442394909,0.0258315983112418,0,0.0784449340450995,TRUE,0.65
"NO","R9","V11","V17","ipeqopt","iprspot",0,-0.00191684477920477,0.0108013870721572,-0.0434987421835408,0,TRUE,0.966
"NO","R9","V11","V18","ipeqopt","ipshabt",0,0.00294099638823488,0.0107258829798613,0,0.0441077615997073,TRUE,0.922
"NO","R9","V11","V19","ipeqopt","ipstrgv",0,0.023288596526327,0.0260764081496316,0,0.0811456647190345,TRUE,0.486
"NO","R9","V11","V20","ipeqopt","ipsuces",0,0.00143203334913395,0.00753411948245092,0,0.0327154975457866,TRUE,0.962
"NO","R9","V11","V21","ipeqopt","ipudrst",0.162144653418222,0.164799297887568,0.0303439686983666,0.102682243562831,0.222654250953304,FALSE,0
"NO","R9","V12","V13","ipfrule","ipgdtim",0,0,0,0,0,TRUE,1
"NO","R9","V12","V14","ipfrule","iphlppl",0,0.00164098886419209,0.00737432140207367,0,0.0326922797335914,TRUE,0.948
"NO","R9","V12","V15","ipfrule","iplylfr",0,-0.000857091985983482,0.00754452605563249,0,0,TRUE,0.986
"NO","R9","V12","V16","ipfrule","ipmodst",0.0880616228137738,0.0812306413765352,0.0298468607265339,0,0.141909518885759,TRUE,0.03
"NO","R9","V12","V17","ipfrule","iprspot",0.0543717416314429,0.0486088210379026,0.0321919982804114,0,0.109568611721729,TRUE,0.214
"NO","R9","V12","V18","ipfrule","ipshabt",0,-0.000564583450315937,0.00539766371258737,0,0,TRUE,0.988
"NO","R9","V12","V19","ipfrule","ipstrgv",0.0834868000405646,0.0813229109431782,0.0297161048162884,0,0.133898099208821,TRUE,0.032
"NO","R9","V12","V20","ipfrule","ipsuces",0,0.000714527423355748,0.00492323490517434,0,0,TRUE,0.978
"NO","R9","V12","V21","ipfrule","ipudrst",0.0456138207926946,0.0433900239776285,0.0313784680545896,0,0.1019071581949,TRUE,0.264
"NO","R9","V13","V14","ipgdtim","iphlppl",0,0.000425622994506461,0.00361775391636199,0,0,TRUE,0.986
"NO","R9","V13","V15","ipgdtim","iplylfr",0.0429943322672864,0.0397331281284815,0.0317999043450206,0,0.100139176578009,TRUE,0.312
"NO","R9","V13","V16","ipgdtim","ipmodst",0,9.51289460389011e-05,0.00212714789970892,0,0,TRUE,0.998
"NO","R9","V13","V17","ipgdtim","iprspot",0.0542288008169286,0.0482209305001809,0.0295520912903921,0,0.104816410979201,TRUE,0.168
"NO","R9","V13","V18","ipgdtim","ipshabt",0,0.0165325379351956,0.0225339457862865,0,0.0663711922345439,TRUE,0.616
"NO","R9","V13","V19","ipgdtim","ipstrgv",0,0.00614914223871578,0.0156773945550643,0,0.0546666168885263,TRUE,0.848
"NO","R9","V13","V20","ipgdtim","ipsuces",0,0.00389268522113766,0.0120795255343252,0,0.04186885579942,TRUE,0.894
"NO","R9","V13","V21","ipgdtim","ipudrst",0,0.00461789260957017,0.0150243434120362,0,0.0569666407213135,TRUE,0.902
"NO","R9","V14","V15","iphlppl","iplylfr",0.153371937000344,0.156777509703441,0.029838663331425,0.0912286144117187,0.215980593286861,FALSE,0
"NO","R9","V14","V16","iphlppl","ipmodst",0.0231719774592609,0.0262977577492948,0.0260465196621245,0,0.0845685258492527,TRUE,0.412
"NO","R9","V14","V17","iphlppl","iprspot",0,0.000602418625371701,0.00464530830088935,0,0,TRUE,0.982
"NO","R9","V14","V18","iphlppl","ipshabt",0,-0.0015034059903276,0.0100691947886998,-0.0175795697531511,0,TRUE,0.976
"NO","R9","V14","V19","iphlppl","ipstrgv",0,0.0182277466318753,0.0223936271273141,0,0.0703961690208243,TRUE,0.534
"NO","R9","V14","V20","iphlppl","ipsuces",0,0.0135316929942286,0.0224582002932501,0,0.0714624702578741,TRUE,0.698
"NO","R9","V14","V21","iphlppl","ipudrst",0.139231521128178,0.139069856032111,0.0305693814276531,0.0784051779733434,0.199287282634047,FALSE,0
"NO","R9","V15","V16","iplylfr","ipmodst",0,0.00198396372016988,0.00848609890500389,0,0.0368417920912548,TRUE,0.944
"NO","R9","V15","V17","iplylfr","iprspot",0.0497705968755833,0.0503633758970838,0.0306540050333661,0,0.107956782863833,TRUE,0.156
"NO","R9","V15","V18","iplylfr","ipshabt",0,0.00229327027204188,0.0103221584490153,0,0.0423100894675601,TRUE,0.948
"NO","R9","V15","V19","iplylfr","ipstrgv",0.0586158788690932,0.0619606843124821,0.0320630989873224,0,0.122709962023781,TRUE,0.09
"NO","R9","V15","V20","iplylfr","ipsuces",0,0,0,0,0,TRUE,1
"NO","R9","V15","V21","iplylfr","ipudrst",0.0598574170963316,0.0628789346794972,0.0306146735259484,0,0.122716859263706,TRUE,0.076
"NO","R9","V16","V17","ipmodst","iprspot",0,-0.004528422544649,0.0149506679773872,-0.0574067693509679,0,TRUE,0.906
"NO","R9","V16","V18","ipmodst","ipshabt",0,-0.0360287006610818,0.0355566719319006,-0.103492611955127,0,TRUE,0.444
"NO","R9","V16","V19","ipmodst","ipstrgv",0,0.0028145990409528,0.0101078031905276,0,0.0385354561833268,TRUE,0.914
"NO","R9","V16","V20","ipmodst","ipsuces",0,0,0,0,0,TRUE,1
"NO","R9","V16","V21","ipmodst","ipudrst",0,0.0152941085397124,0.0240301074938944,0,0.0747618682887282,TRUE,0.668
"NO","R9","V17","V18","iprspot","ipshabt",0.153148357404589,0.160776831304457,0.0308890516315595,0.101232045880494,0.223466869591212,FALSE,0
"NO","R9","V17","V19","iprspot","ipstrgv",0,0.00085008090076395,0.00519359979638967,0,0.0178726766274487,TRUE,0.97
"NO","R9","V17","V20","iprspot","ipsuces",0.126621004744788,0.121062753938147,0.0303465855853089,0.0621102703777592,0.179616091362383,FALSE,0.002
"NO","R9","V17","V21","iprspot","ipudrst",0,0.000114027353485274,0.00189616824753439,0,0,TRUE,0.996
"NO","R9","V18","V19","ipshabt","ipstrgv",0,-0.000328751788975405,0.00371234195371368,0,0,TRUE,0.992
"NO","R9","V18","V20","ipshabt","ipsuces",0.366599357512016,0.363489542701353,0.0257127740014637,0.3068219192304,0.411609132971736,FALSE,0
"NO","R9","V18","V21","ipshabt","ipudrst",0,0.01152264674424,0.0227129360795255,0,0.0738592768825714,TRUE,0.764
"NO","R9","V19","V20","ipstrgv","ipsuces",0.143130810977627,0.133467552454551,0.025673361987233,0.0836568760918775,0.182685906692497,FALSE,0
"NO","R9","V19","V21","ipstrgv","ipudrst",0,0.023035490116791,0.0258902641197419,0,0.0816816604145158,TRUE,0.492
"NO","R9","V2","V10","impenv","ipcrtiv",0,0.00604805992856802,0.0164383162004217,0,0.0609214031150908,TRUE,0.86
"NO","R9","V2","V11","impenv","ipeqopt",0.0802898106413011,0.0837154239326043,0.031858624719492,0,0.140593568733208,TRUE,0.042
"NO","R9","V2","V12","impenv","ipfrule",0,-0.000321270357401831,0.00513038868894966,0,0,TRUE,0.996
"NO","R9","V2","V13","impenv","ipgdtim",0,-0.0137801417199581,0.0267155235894262,-0.0882763123256833,0,TRUE,0.764
"NO","R9","V2","V14","impenv","iphlppl",0.049715674534118,0.0531736374497698,0.0335804605404045,0,0.117511859972327,TRUE,0.174
"NO","R9","V2","V15","impenv","iplylfr",0,0.0107872465953291,0.0204029073839261,0,0.0646564206511972,TRUE,0.744
"NO","R9","V2","V16","impenv","ipmodst",0,-0.00358802598752975,0.014552609485999,-0.0570920265286124,0,TRUE,0.934
"NO","R9","V2","V17","impenv","iprspot",0,0.000207387670536045,0.00341186751838924,0,0,TRUE,0.996
"NO","R9","V2","V18","impenv","ipshabt",0,0.000295882328749167,0.00393166863151382,0,0,TRUE,0.994
"NO","R9","V2","V19","impenv","ipstrgv",0.018275550547373,0.0266659656590297,0.0303785441852188,0,0.0882078022304138,TRUE,0.494
"NO","R9","V2","V20","impenv","ipsuces",0,0.000912802953979824,0.00640117579925033,0,0,TRUE,0.978
"NO","R9","V2","V21","impenv","ipudrst",0.0881732718241384,0.090258905651983,0.0300523569939252,0.0296880909636206,0.147977691305524,FALSE,0.018
"NO","R9","V2","V3","impenv","impfree",0,0.00296318059584955,0.012102890675692,0,0.0518194628191276,TRUE,0.934
"NO","R9","V2","V4","impenv","impfun",0,-0.000174126431018618,0.00389358536437058,0,0,TRUE,0.998
"NO","R9","V2","V5","impenv","imprich",-0.0617026131903299,-0.055580926884766,0.0373974081861358,-0.120957373726606,0,TRUE,0.23
"NO","R9","V2","V6","impenv","impsafe",0,-0.000919276652144916,0.0072658117679206,0,0,TRUE,0.98
"NO","R9","V2","V7","impenv","imptrad",0.041893754989693,0.0339844625036347,0.0355147067505517,0,0.105183369325718,TRUE,0.458
"NO","R9","V2","V8","impenv","ipadvnt",0,0.00108659298706572,0.00682519929646281,0,0.0263335403707222,TRUE,0.974
"NO","R9","V2","V9","impenv","ipbhprp",0,0.00526999088799197,0.0143774324602595,0,0.0536553690844205,TRUE,0.866
"NO","R9","V20","V21","ipsuces","ipudrst",0,-2.59012184091315e-05,0.00234663789638977,0,0,TRUE,0.996
"NO","R9","V3","V10","impfree","ipcrtiv",0.117229098425712,0.120652233885162,0.0299629813105481,0.0650190153858765,0.181223762932939,FALSE,0.004
"NO","R9","V3","V11","impfree","ipeqopt",0,0.000679879437395019,0.00457605298731167,0,0.00806958982589868,TRUE,0.976
"NO","R9","V3","V12","impfree","ipfrule",0,-0.00876184884777682,0.0217517074012837,-0.075704746795087,0,TRUE,0.844
"NO","R9","V3","V13","impfree","ipgdtim",0.0973520764548518,0.0900511669304196,0.0310988534972768,0,0.144605071994542,TRUE,0.034
"NO","R9","V3","V14","impfree","iphlppl",0,0.00753928032985689,0.0168295181484875,0,0.0577840130673186,TRUE,0.806
"NO","R9","V3","V15","impfree","iplylfr",0,0.00373543919225789,0.0112260295936762,0,0.0408520184643764,TRUE,0.886
"NO","R9","V3","V16","impfree","ipmodst",0,0,0,0,0,TRUE,1
"NO","R9","V3","V17","impfree","iprspot",0,0.00575236967416792,0.0144302107358638,0,0.0517526259100389,TRUE,0.844
"NO","R9","V3","V18","impfree","ipshabt",0,0.000532132580332623,0.00487803078746101,0,0,TRUE,0.988
"NO","R9","V3","V19","impfree","ipstrgv",0,0.000231348896820475,0.00393268681308719,0,0,TRUE,0.986
"NO","R9","V3","V20","impfree","ipsuces",0.0261489648249875,0.0163556315846946,0.0241368801787068,0,0.0692480547792561,TRUE,0.65
"NO","R9","V3","V21","impfree","ipudrst",0,0,0,0,0,TRUE,1
"NO","R9","V3","V4","impfree","impfun",0,0.00103158392769627,0.00633799436715519,0,0.0209489046214776,TRUE,0.97
"NO","R9","V3","V5","impfree","imprich",0,0.000214054367539528,0.00242128277681134,0,0,TRUE,0.992
"NO","R9","V3","V6","impfree","impsafe",0,0.0130530773194816,0.0228622951789298,0,0.069735933777511,TRUE,0.724
"NO","R9","V3","V7","impfree","imptrad",0,-0.00143235609314766,0.0090832800365611,-0.0356724870027644,0,TRUE,0.974
"NO","R9","V3","V8","impfree","ipadvnt",0.0898270169313045,0.0852806743212971,0.0310848508547142,0,0.141478448826138,TRUE,0.044
"NO","R9","V3","V9","impfree","ipbhprp",0,0.000733375252113364,0.00623670278933072,0,0,TRUE,0.986
"NO","R9","V4","V10","impfun","ipcrtiv",0,0,0,0,0,TRUE,1
"NO","R9","V4","V11","impfun","ipeqopt",0,0.00145041796683305,0.00731941806041202,0,0.0325312256471732,TRUE,0.96
"NO","R9","V4","V12","impfun","ipfrule",0,0.0014048590161043,0.00835401609525665,0,0.0344997796469577,TRUE,0.97
"NO","R9","V4","V13","impfun","ipgdtim",0.221857172601264,0.215074077187266,0.028050083117136,0.156538706693739,0.261781273582846,FALSE,0
"NO","R9","V4","V14","impfun","iphlppl",0.0506080676443183,0.051674963844702,0.0289838060216513,0,0.107118972412038,TRUE,0.136
"NO","R9","V4","V15","impfun","iplylfr",0.0420931996915971,0.0356375687531986,0.0324210982894156,0,0.096932349974014,TRUE,0.392
"NO","R9","V4","V16","impfun","ipmodst",0,3.20571909965636e-05,0.000716820582360103,0,0,TRUE,0.998
"NO","R9","V4","V17","impfun","iprspot",0,-0.00015240631391015,0.00340790878103268,0,0,TRUE,0.998
"NO","R9","V4","V18","impfun","ipshabt",0,0.000890614730894967,0.00559514059146719,0,0.024197187072005,TRUE,0.974
"NO","R9","V4","V19","impfun","ipstrgv",0,0.00553843648402384,0.0140786413433628,0,0.047605044221235,TRUE,0.85
"NO","R9","V4","V20","impfun","ipsuces",0.0580450790994773,0.0470712206622604,0.0291683859512315,0,0.0979324069788171,TRUE,0.19
"NO","R9","V4","V21","impfun","ipudrst",0,0.00275729796536922,0.0103774519492119,0,0.0394585404472206,TRUE,0.926
"NO","R9","V4","V5","impfun","imprich",0,0.00782795379487711,0.0180080385921925,0,0.0624205296864957,TRUE,0.822
"NO","R9","V4","V6","impfun","impsafe",0,0.00510852709542422,0.0145830611374905,0,0.0526194020929304,TRUE,0.878
"NO","R9","V4","V7","impfun","imptrad",0.0910632630134139,0.0749068653820739,0.0407446745603762,0,0.146586255293022,TRUE,0.156
"NO","R9","V4","V8","impfun","ipadvnt",0.225031538162828,0.221057994652624,0.0310495014795293,0.15777422702094,0.283511390580505,FALSE,0
"NO","R9","V4","V9","impfun","ipbhprp",0,-0.0100065012567349,0.0237055281219552,-0.0809133525429968,0,TRUE,0.832
"NO","R9","V5","V10","imprich","ipcrtiv",0,0.014332108929412,0.024708101233641,0,0.0778034493132034,TRUE,0.714
"NO","R9","V5","V11","imprich","ipeqopt",0,-0.000329333855567393,0.00338964465034808,0,0,TRUE,0.99
"NO","R9","V5","V12","imprich","ipfrule",0,-3.55892149669134e-05,0.00360490847518023,0,0,TRUE,0.992
"NO","R9","V5","V13","imprich","ipgdtim",0.155538536960146,0.150672036533263,0.0269476235036114,0.0924442028284235,0.20193512172178,FALSE,0
"NO","R9","V5","V14","imprich","iphlppl",0,-0.0131650034439212,0.0250181535325554,-0.0812631143660743,0,TRUE,0.756
"NO","R9","V5","V15","imprich","iplylfr",0,8.3053015896869e-05,0.0018571218928177,0,0,TRUE,0.998
"NO","R9","V5","V16","imprich","ipmodst",0,0.00026228495506086,0.00366855858559582,0,0,TRUE,0.994
"NO","R9","V5","V17","imprich","iprspot",0.0500444332876692,0.0455809059326981,0.0288737880099729,0,0.103293188467786,TRUE,0.172
"NO","R9","V5","V18","imprich","ipshabt",0.0866405524031778,0.0886774720728324,0.0285869322642361,0.0178864598093392,0.143313236247931,FALSE,0.024
"NO","R9","V5","V19","imprich","ipstrgv",0,0,0,0,0,TRUE,1
"NO","R9","V5","V20","imprich","ipsuces",0.136365271766527,0.125539683837193,0.0256356915163614,0.0778169262325859,0.175710227064643,FALSE,0
"NO","R9","V5","V21","imprich","ipudrst",0,-0.0442151554148421,0.040565761750078,-0.118677529178136,0,TRUE,0.404
"NO","R9","V5","V6","imprich","impsafe",0.0552418327829596,0.0398681683052855,0.0328660043516077,0,0.0979623802864752,TRUE,0.33
"NO","R9","V5","V7","imprich","imptrad",0,0.00104134618599319,0.00633318674609512,0,0.0288253428043785,TRUE,0.972
"NO","R9","V5","V8","imprich","ipadvnt",0.0689970520237776,0.0540132278748057,0.0337680907635797,0,0.111331050354535,TRUE,0.206
"NO","R9","V5","V9","imprich","ipbhprp",0,-7.17998370020682e-05,0.00160549316310029,0,0,TRUE,0.998
"NO","R9","V6","V10","impsafe","ipcrtiv",0,-0.00185193207138997,0.00907364577154587,-0.0366906421104018,0,TRUE,0.956
"NO","R9","V6","V11","impsafe","ipeqopt",0,5.15596991689571e-05,0.00115290992241227,0,0,TRUE,0.998
"NO","R9","V6","V12","impsafe","ipfrule",0.0838717076861879,0.0812326809953557,0.0273851329298561,0.0299632694780017,0.137085673687312,FALSE,0.012
"NO","R9","V6","V13","impsafe","ipgdtim",0.0477012194137515,0.0393733073873962,0.0307309110336011,0,0.0983938251494896,TRUE,0.3
"NO","R9","V6","V14","impsafe","iphlppl",0.0285298030069919,0.0308766141887838,0.0276408788282606,0,0.0859467396930975,TRUE,0.366
"NO","R9","V6","V15","impsafe","iplylfr",0,0.00622372502839605,0.0143729794103108,0,0.0478678781665493,TRUE,0.822
"NO","R9","V6","V16","impsafe","ipmodst",0.124438128743891,0.119226966380703,0.028372348580957,0.0616853062313271,0.175136595073415,FALSE,0
"NO","R9","V6","V17","impsafe","iprspot",0.0352351652814969,0.0364835568878024,0.0281972673799821,0,0.0878103622422372,TRUE,0.286
"NO","R9","V6","V18","impsafe","ipshabt",0.0985602305428346,0.112057097528073,0.0401746481378068,0,0.176098961778436,TRUE,0.07
"NO","R9","V6","V19","impsafe","ipstrgv",0.122640135223225,0.122689569790711,0.0274700421569387,0.0663168668741836,0.177707358763171,FALSE,0
"NO","R9","V6","V20","impsafe","ipsuces",0,0,0,0,0,TRUE,1
"NO","R9","V6","V21","impsafe","ipudrst",0,-0.00027622156089923,0.00357946881305305,0,0,TRUE,0.994
"NO","R9","V6","V7","impsafe","imptrad",0.0976106668940469,0.0936719176790892,0.0282702495717713,0.0383370369489919,0.152262211510688,FALSE,0.004
"NO","R9","V6","V8","impsafe","ipadvnt",-0.122510876792953,-0.120363273856235,0.0317883021535126,-0.187098672475336,-0.0572364912621997,FALSE,0.004
"NO","R9","V6","V9","impsafe","ipbhprp",0.107427151088251,0.104367495616623,0.0282604972280141,0.0502445623085308,0.154967296516698,FALSE,0.006
"NO","R9","V7","V10","imptrad","ipcrtiv",0,-0.00739702312189402,0.0200826817831605,-0.0760917019672073,0,TRUE,0.862
"NO","R9","V7","V11","imptrad","ipeqopt",0,-0.011955919631698,0.026296817490854,-0.0857363563469489,0,TRUE,0.808
"NO","R9","V7","V12","imptrad","ipfrule",0.0391345004220381,0.0340628108022161,0.0307355503533474,0,0.0925662905342727,TRUE,0.366
"NO","R9","V7","V13","imptrad","ipgdtim",0,0,0,0,0,TRUE,1
"NO","R9","V7","V14","imptrad","iphlppl",0.115355928877167,0.115247587513783,0.0286015780936917,0.0617372553072131,0.167268629126544,FALSE,0.002
"NO","R9","V7","V15","imptrad","iplylfr",0,0.0055055052761395,0.0143328222141511,0,0.0502852594648664,TRUE,0.856
"NO","R9","V7","V16","imptrad","ipmodst",0,-0.000237250533332597,0.00474121576421005,0,0,TRUE,0.99
"NO","R9","V7","V17","imptrad","iprspot",0.0966848892642246,0.0889909717815126,0.0324810628066975,0,0.146863029122471,TRUE,0.034
"NO","R9","V7","V18","imptrad","ipshabt",0,-0.0363603288392074,0.0376229414843542,-0.106813604449786,0,TRUE,0.476
"NO","R9","V7","V19","imptrad","ipstrgv",0.0368366289300059,0.03341195596533,0.0280996649517271,0,0.0891573076785118,TRUE,0.322
"NO","R9","V7","V20","imptrad","ipsuces",0,0.00111480650222775,0.00749891188167409,0,0.0118433853774254,TRUE,0.976
"NO","R9","V7","V21","imptrad","ipudrst",0,-0.00156192189430735,0.00804374033998183,-0.0344542355287528,0,TRUE,0.96
"NO","R9","V7","V8","imptrad","ipadvnt",-0.0486382619102362,-0.0330698361303883,0.0354033471845763,-0.104023821982661,0,TRUE,0.484
"NO","R9","V7","V9","imptrad","ipbhprp",0.055044027418008,0.0421837673076453,0.0304307976903928,0,0.0964896623498433,TRUE,0.268
"NO","R9","V8","V10","ipadvnt","ipcrtiv",0.0476275244632354,0.0352668393560848,0.0343945148704663,0,0.0967728441839713,TRUE,0.442
"NO","R9","V8","V11","ipadvnt","ipeqopt",0,0.000206867810781943,0.00288300420234432,0,0,TRUE,0.994
"NO","R9","V8","V12","ipadvnt","ipfrule",-0.049573706903164,-0.0387287452870622,0.0372941751025425,-0.113191557220236,0,TRUE,0.408
"NO","R9","V8","V13","ipadvnt","ipgdtim",0.143048617246843,0.139936506761043,0.0295568761945854,0.0833680272951381,0.199080854549693,FALSE,0
"NO","R9","V8","V14","ipadvnt","iphlppl",0,-8.10376245237822e-05,0.00181205637170281,0,0,TRUE,0.998
"NO","R9","V8","V15","ipadvnt","iplylfr",0,0.00651980528058528,0.0169603136434366,0,0.0604913742307883,TRUE,0.858
"NO","R9","V8","V16","ipadvnt","ipmodst",0,-0.000867239475504833,0.0055594516649364,-0.0222462537221719,0,TRUE,0.974
"NO","R9","V8","V17","ipadvnt","iprspot",0,0.000238013703181269,0.00322375587344448,0,0,TRUE,0.994
"NO","R9","V8","V18","ipadvnt","ipshabt",0.0857530195605325,0.0821728623592259,0.0264390545830756,0.0317834538583609,0.129764083793397,FALSE,0.018
"NO","R9","V8","V19","ipadvnt","ipstrgv",0,0.000135047633559939,0.00213556188907119,0,0,TRUE,0.996
"NO","R9","V8","V20","ipadvnt","ipsuces",0,0.0135298299726064,0.0218778524282395,0,0.0659178171712808,TRUE,0.692
"NO","R9","V8","V21","ipadvnt","ipudrst",0.0363175186270924,0.0317546492117187,0.0345361392324017,0,0.100770014100268,TRUE,0.494
"NO","R9","V8","V9","ipadvnt","ipbhprp",0,-0.00390691572947043,0.01289515034469,-0.0482222225459621,0,TRUE,0.91
"NO","R9","V9","V10","ipbhprp","ipcrtiv",0,-3.99092537661984e-05,0.000892398043525092,0,0,TRUE,0.998
"NO","R9","V9","V11","ipbhprp","ipeqopt",0,0.000324074587282673,0.00394777526739329,0,0,TRUE,0.992
"NO","R9","V9","V12","ipbhprp","ipfrule",0.279207202632405,0.275631089594071,0.0257416376167857,0.22299353580668,0.326677606904947,FALSE,0
"NO","R9","V9","V13","ipbhprp","ipgdtim",0,-0.000195885557105558,0.00330019477464128,0,0,TRUE,0.996
"NO","R9","V9","V14","ipbhprp","iphlppl",0,0.00771372028962269,0.0170870710104365,0,0.0555802056082664,TRUE,0.806
"NO","R9","V9","V15","ipbhprp","iplylfr",0.0630494119260553,0.065578836979543,0.03164131515431,0,0.124686153258491,TRUE,0.09
"NO","R9","V9","V16","ipbhprp","ipmodst",0.124626434096364,0.117155391111741,0.0276820402944723,0.061001476371096,0.170314536935283,FALSE,0
"NO","R9","V9","V17","ipbhprp","iprspot",0.126047499239814,0.122098170804705,0.0294381201517181,0.0645989139598743,0.182401367040049,FALSE,0.004
"NO","R9","V9","V18","ipbhprp","ipshabt",0,-0.00450530226583093,0.0154412186597354,-0.0568246087313572,0,TRUE,0.912
"NO","R9","V9","V19","ipbhprp","ipstrgv",0.0586941729621115,0.055561904438139,0.0319031663136391,0,0.114827944156127,TRUE,0.142
"NO","R9","V9","V20","ipbhprp","ipsuces",0,0.00282306435871527,0.0118116421418169,0,0.0488654979221822,TRUE,0.938
"NO","R9","V9","V21","ipbhprp","ipudrst",0,0.0021163693150357,0.00928890248116001,0,0.0373799711615045,TRUE,0.946
"PT","R10","V1","V10","impdiff","ipcrtiv",0.157289504171309,0.160012398790115,0.0258783852550304,0.110577433352797,0.211154520662751,FALSE,0
"PT","R10","V1","V11","impdiff","ipeqopt",0,0.00481986191314163,0.0127515644504679,0,0.0455072260914075,TRUE,0.866
"PT","R10","V1","V12","impdiff","ipfrule",0,0.0199557412754604,0.0237837974573014,0,0.0754075454811394,TRUE,0.522
"PT","R10","V1","V13","impdiff","ipgdtim",0.0524121118599438,0.0503090504674808,0.0269436924209836,0,0.0975768277802386,TRUE,0.126
"PT","R10","V1","V14","impdiff","iphlppl",0.0455576886306553,0.0440372129439078,0.0244880336548251,0,0.089138188217981,TRUE,0.14
"PT","R10","V1","V15","impdiff","iplylfr",0,0,0,0,0,TRUE,1
"PT","R10","V1","V16","impdiff","ipmodst",0,-0.000242096793497185,0.00323423564691194,0,0,TRUE,0.994
"PT","R10","V1","V17","impdiff","iprspot",0,0,0,0,0,TRUE,1
"PT","R10","V1","V18","impdiff","ipshabt",0.0771675002693417,0.0778843460569562,0.0239802340450356,0.0275823761036393,0.121705605259808,FALSE,0.014
"PT","R10","V1","V19","impdiff","ipstrgv",0,0.0058993013527017,0.0126095342165445,0,0.0415468936715725,TRUE,0.796
"PT","R10","V1","V2","impdiff","impenv",0.0332987420796877,0.0326309394769188,0.0250939258639983,0,0.0852602153577025,TRUE,0.256
"PT","R10","V1","V20","impdiff","ipsuces",0.0858695332603565,0.0836399044718764,0.0265605811657752,0.0272121625256517,0.135213294908862,FALSE,0.008
"PT","R10","V1","V21","impdiff","ipudrst",0.0457273578535006,0.0458987136346118,0.0249751998867328,0,0.0929066736046399,TRUE,0.108
"PT","R10","V1","V3","impdiff","impfree",0.0258738990432815,0.0285021668556713,0.0248935662999793,0,0.0825441752276355,TRUE,0.336
"PT","R10","V1","V4","impdiff","impfun",0.0988770249234716,0.102268203699842,0.026594677258112,0.0500932509905431,0.150292190527857,FALSE,0.002
"PT","R10","V1","V5","impdiff","imprich",0,0.00730175859820542,0.0160757140690153,0,0.052772841575612,TRUE,0.806
"PT","R10","V1","V6","impdiff","impsafe",0,0.00512961894003099,0.0145297035044222,0,0.0526318258165077,TRUE,0.874
"PT","R10","V1","V7","impdiff","imptrad",0,-0.00110154899165814,0.00700542981640169,-0.0280540912109151,0,TRUE,0.974
"PT","R10","V1","V8","impdiff","ipadvnt",0.149831121095545,0.15805094394289,0.0259008464766021,0.102246023043559,0.210308892716782,FALSE,0
"PT","R10","V1","V9","impdiff","ipbhprp",0,-0.000107372915460645,0.0024009313791234,0,0,TRUE,0.998
"PT","R10","V10","V11","ipcrtiv","ipeqopt",0,0.00761711769723277,0.0166268607073522,0,0.0519776163929739,TRUE,0.806
"PT","R10","V10","V12","ipcrtiv","ipfrule",0,0.00120608772174029,0.00663848058438023,0,0.0284419480829679,TRUE,0.966
"PT","R10","V10","V13","ipcrtiv","ipgdtim",0,0.00253154127689512,0.00932508426408328,0,0.0367224013969891,TRUE,0.926
"PT","R10","V10","V14","ipcrtiv","iphlppl",0,0.000474322625446882,0.00381372416389514,0,0,TRUE,0.984
"PT","R10","V10","V15","ipcrtiv","iplylfr",0,0.00190186856237994,0.00852520075730163,0,0.0328615256120629,TRUE,0.946
"PT","R10","V10","V16","ipcrtiv","ipmodst",0,0.000627196513935283,0.0050467178272637,0,0,TRUE,0.982
"PT","R10","V10","V17","ipcrtiv","iprspot",0.0273730601032654,0.0260883165398606,0.0255815216664549,0,0.0796695406136456,TRUE,0.4
"PT","R10","V10","V18","ipcrtiv","ipshabt",0.109505074284803,0.105421389866172,0.0269504020637496,0.0568822902577664,0.163308060345984,FALSE,0.002
"PT","R10","V10","V19","ipcrtiv","ipstrgv",0,0.000245681084394455,0.00248213098723788,0,0,TRUE,0.99
"PT","R10","V10","V20","ipcrtiv","ipsuces",0.0686793737807226,0.0653306566033647,0.0256767638434298,0,0.113368425716357,TRUE,0.03
"PT","R10","V10","V21","ipcrtiv","ipudrst",0.0250206753867143,0.0203183413018792,0.0223737237544377,0,0.0675938283169058,TRUE,0.47
"PT","R10","V11","V12","ipeqopt","ipfrule",0,0,0,0,0,TRUE,1
"PT","R10","V11","V13","ipeqopt","ipgdtim",0.025554143356192,0.0250124790086556,0.0249638295752053,0,0.0778858331127849,TRUE,0.426
"PT","R10","V11","V14","ipeqopt","iphlppl",0.130289816352886,0.127304495126163,0.024775331782913,0.0806415641862354,0.178497067353384,FALSE,0
"PT","R10","V11","V15","ipeqopt","iplylfr",0.139717298385997,0.137810122578364,0.0236344086542083,0.0915645229951315,0.185528258258992,FALSE,0
"PT","R10","V11","V16","ipeqopt","ipmodst",0,0.0158965599645273,0.020545290401306,0,0.0612613049486719,TRUE,0.574
"PT","R10","V11","V17","ipeqopt","iprspot",0,-0.00906682683378262,0.021161362207374,-0.0742972014418354,0,TRUE,0.828
"PT","R10","V11","V18","ipeqopt","ipshabt",0,0.000484178312109473,0.00400661341251171,0,0,TRUE,0.984
"PT","R10","V11","V19","ipeqopt","ipstrgv",0.0679124445256461,0.0631744306950343,0.0277956019927747,0,0.115379652701568,TRUE,0.048
"PT","R10","V11","V20","ipeqopt","ipsuces",0,0.000140064868262003,0.0022388920549638,0,0,TRUE,0.996
"PT","R10","V11","V21","ipeqopt","ipudrst",0.0807522199857086,0.0752410082342935,0.0234503866437846,0.029832610047959,0.122010463963504,FALSE,0.004
"PT","R10","V12","V13","ipfrule","ipgdtim",0,-0.00331694123719972,0.012799634680682,-0.0525354116079567,0,TRUE,0.932
"PT","R10","V12","V14","ipfrule","iphlppl",0,0,0,0,0,TRUE,1
"PT","R10","V12","V15","ipfrule","iplylfr",0,-0.000180579784921327,0.00292991393417728,0,0,TRUE,0.996
"PT","R10","V12","V16","ipfrule","ipmodst",0,0.000489686668716769,0.00349177351441056,0,0,TRUE,0.98
"PT","R10","V12","V17","ipfrule","iprspot",0,0.00340975330943811,0.0103321720105961,0,0.0389473083581349,TRUE,0.886
"PT","R10","V12","V18","ipfrule","ipshabt",0,0.00180547126967497,0.00825976968374953,0,0.0333067631300537,TRUE,0.946
"PT","R10","V12","V19","ipfrule","ipstrgv",0.0357383122133286,0.0312513806115497,0.0250678002841911,0,0.0780377310238351,TRUE,0.29
"PT","R10","V12","V20","ipfrule","ipsuces",0.036173492965184,0.0287000887776803,0.0254699955891262,0,0.0779319593761397,TRUE,0.362
"PT","R10","V12","V21","ipfrule","ipudrst",0.0851134930929612,0.0680609284220608,0.0305908701806826,0,0.122008604242694,TRUE,0.072
"PT","R10","V13","V14","ipgdtim","iphlppl",0,0.00739351838268873,0.0149635570454793,0,0.0506140026798438,TRUE,0.78
"PT","R10","V13","V15","ipgdtim","iplylfr",0,0.0128979217648166,0.0178240849764287,0,0.054288210334948,TRUE,0.61
"PT","R10","V13","V16","ipgdtim","ipmodst",0,0.00176201755524437,0.00860307964553775,0,0.0369169631363455,TRUE,0.956
"PT","R10","V13","V17","ipgdtim","iprspot",0,0.012031200291537,0.0210029254683706,0,0.0651056998700971,TRUE,0.718
"PT","R10","V13","V18","ipgdtim","ipshabt",0,0.000468106411561423,0.00388340732868348,0,0,TRUE,0.984
"PT","R10","V13","V19","ipgdtim","ipstrgv",0,0.000273936767076211,0.00280045752605273,0,0,TRUE,0.99
"PT","R10","V13","V20","ipgdtim","ipsuces",0.133255357697697,0.13150646896042,0.0241724810579739,0.0849363454584844,0.179090283901984,FALSE,0
"PT","R10","V13","V21","ipgdtim","ipudrst",0.112677560976066,0.108299023593273,0.023585546767448,0.0633098315829364,0.153961716418008,FALSE,0
"PT","R10","V14","V15","iphlppl","iplylfr",0.218870714260021,0.219380682747772,0.0243581004490466,0.167456516719085,0.263661765760468,FALSE,0
"PT","R10","V14","V16","iphlppl","ipmodst",0.117882025552692,0.111549307773886,0.0247530385493676,0.0637164523876138,0.159733245845085,FALSE,0
"PT","R10","V14","V17","iphlppl","iprspot",0,0.000106054129345051,0.00174878102985584,0,0,TRUE,0.996
"PT","R10","V14","V18","iphlppl","ipshabt",0,-7.48820105260023e-05,0.00167441265827996,0,0,TRUE,0.998
"PT","R10","V14","V19","iphlppl","ipstrgv",0.0518157048823129,0.0493667980223904,0.0276673437808621,0,0.103502939893614,TRUE,0.124
"PT","R10","V14","V20","iphlppl","ipsuces",0.0329647540461251,0.0218441735243355,0.0233900919008273,0,0.0736712374455093,TRUE,0.472
"PT","R10","V14","V21","iphlppl","ipudrst",0.108402503615912,0.107214277294707,0.0273562855269904,0.0510611416101505,0.16108007692055,FALSE,0.002
"PT","R10","V15","V16","iplylfr","ipmodst",0.114330448783777,0.112968667870473,0.0255007805328794,0.0593751920012198,0.165543052951995,FALSE,0
"PT","R10","V15","V17","iplylfr","iprspot",0,0.00111026736271213,0.00688321101718854,0,0.0252522131432615,TRUE,0.972
"PT","R10","V15","V18","iplylfr","ipshabt",0,0.00041320511146421,0.00389151676567529,0,0,TRUE,0.986
"PT","R10","V15","V19","iplylfr","ipstrgv",0.068917715736886,0.065432267614135,0.0282980799733248,0,0.119373969834557,TRUE,0.058
"PT","R10","V15","V20","iplylfr","ipsuces",0,0.000491122823464631,0.00371854010535716,0,0,TRUE,0.982
"PT","R10","V15","V21","iplylfr","ipudrst",0.0845727172820985,0.0799966251646844,0.0249646632498995,0.0338124879760135,0.126135023421739,FALSE,0.014
"PT","R10","V16","V17","ipmodst","iprspot",0.0384185382037841,0.0310145752119691,0.0295044362950041,0,0.0878660886673285,TRUE,0.414
"PT","R10","V16","V18","ipmodst","ipshabt",0,-0.00101622980208026,0.00613394013902496,-0.0269227796705337,0,TRUE,0.97
"PT","R10","V16","V19","ipmodst","ipstrgv",0.0213484991298917,0.0189845631260715,0.0220486785759266,0,0.0691281674867944,TRUE,0.504
"PT","R10","V16","V20","ipmodst","ipsuces",-0.0398475156750971,-0.0168369904412588,0.027706087578803,-0.0857058939365693,0,TRUE,0.7
"PT","R10","V16","V21","ipmodst","ipudrst",0.128589332557608,0.114957658176784,0.0269280447063099,0.0608162936561114,0.170137283168494,FALSE,0
"PT","R10","V17","V18","iprspot","ipshabt",0.0689019930914331,0.0642030544520135,0.0259480166130262,0,0.11082716190498,TRUE,0.048
"PT","R10","V17","V19","iprspot","ipstrgv",0,0.00217133561040606,0.00795630331272133,0,0.0320540900847191,TRUE,0.922
"PT","R10","V17","V20","iprspot","ipsuces",0.0735522933007065,0.0679076497622548,0.0265734471527445,0,0.117005046128926,TRUE,0.034
"PT","R10","V17","V21","iprspot","ipudrst",0,-0.000226166315785455,0.00292324186308808,0,0,TRUE,0.994
"PT","R10","V18","V19","ipshabt","ipstrgv",0,-0.00022244605431206,0.00395097044425205,0,0,TRUE,0.996
"PT","R10","V18","V20","ipshabt","ipsuces",0.233533634516887,0.227382000389066,0.0262905638221163,0.179690296506327,0.280564526984112,FALSE,0
"PT","R10","V18","V21","ipshabt","ipudrst",0,0.0108784322605842,0.0187436901366092,0,0.0579083966555973,TRUE,0.716
"PT","R10","V19","V20","ipstrgv","ipsuces",0.0713189708391226,0.0629312907342179,0.0232605103960318,0.0199369394505863,0.10737040401256,FALSE,0.022
"PT","R10","V19","V21","ipstrgv","ipudrst",0.0239427214883381,0.0162101554504286,0.0195574787570887,0,0.0636120390454617,TRUE,0.526
"PT","R10","V2","V10","impenv","ipcrtiv",0.040072599437783,0.0308307769578731,0.0250868757249712,0,0.0790853026798962,TRUE,0.312
"PT","R10","V2","V11","impenv","ipeqopt",0.115114402385907,0.112637941416615,0.0255946633677822,0.0632102696875595,0.164033819946931,FALSE,0
"PT","R10","V2","V12","impenv","ipfrule",0,-0.000908716704922564,0.00745305299803289,0,0,TRUE,0.984
"PT","R10","V2","V13","impenv","ipgdtim",0.0853123160340399,0.0804977690646374,0.0250716234863123,0.033367099440881,0.129584037928948,FALSE,0.006
"PT","R10","V2","V14","impenv","iphlppl",0.108166656942585,0.105582162327938,0.0242991037743592,0.0613646491918035,0.15603733320719,FALSE,0
"PT","R10","V2","V15","impenv","iplylfr",0.139470372011165,0.136771081526708,0.0260086584979,0.083938015488927,0.188813854324909,FALSE,0
"PT","R10","V2","V16","impenv","ipmodst",0.0185014857639312,0.0156132610833001,0.0205550085043847,0,0.062036301868796,TRUE,0.58
"PT","R10","V2","V17","impenv","iprspot",0,0.00343483500682796,0.0113717123861108,0,0.0392887487792032,TRUE,0.902
"PT","R10","V2","V18","impenv","ipshabt",0,-0.000379390647564792,0.00431450318229846,0,0,TRUE,0.992
"PT","R10","V2","V19","impenv","ipstrgv",0.0766497582428746,0.0692869732983088,0.0255828675032489,0.016218645869497,0.119135149651623,FALSE,0.02
"PT","R10","V2","V20","impenv","ipsuces",0,-9.84667707568869e-06,0.00288430557414078,0,0,TRUE,0.994
"PT","R10","V2","V21","impenv","ipudrst",0.0626959155315488,0.0562482474749806,0.0280560597494575,0,0.116420124137852,TRUE,0.076
"PT","R10","V2","V3","impenv","impfree",0,0.0146150799394028,0.0194058080345988,0,0.0593544644802804,TRUE,0.578
"PT","R10","V2","V4","impenv","impfun",0,0.0133636626186814,0.0213173222583784,0,0.062452823467324,TRUE,0.682
"PT","R10","V2","V5","impenv","imprich",-0.0368841135245698,-0.0118919565124701,0.0241880606841348,-0.0775066518296479,0,TRUE,0.786
"PT","R10","V2","V6","impenv","impsafe",0.0457291485288348,0.0422186912179088,0.0287876483190009,0,0.0923206472920143,TRUE,0.222
"PT","R10","V2","V7","impenv","imptrad",0,0.0107773691660277,0.0209006501350207,0,0.0654446298433411,TRUE,0.764
"PT","R10","V2","V8","impenv","ipadvnt",0.0381336907235272,0.0175196553333655,0.0262604254211686,0,0.0777316723474959,TRUE,0.652
"PT","R10","V2","V9","impenv","ipbhprp",0,0.000282873487228556,0.00366164815063601,0,0,TRUE,0.994
"PT","R10","V20","V21","ipsuces","ipudrst",0,0.00224072793845414,0.0088702881104139,0,0.0350323224291978,TRUE,0.934
"PT","R10","V3","V10","impfree","ipcrtiv",0.142430477140921,0.14254073150606,0.0253134960525194,0.090859775814988,0.194150886250075,FALSE,0
"PT","R10","V3","V11","impfree","ipeqopt",0.0662496444974889,0.0634225022717203,0.0233652529621541,0.0176207544448268,0.109650345256611,FALSE,0.018
"PT","R10","V3","V12","impfree","ipfrule",0,0.000182618745533196,0.00239714966863206,0,0,TRUE,0.994
"PT","R10","V3","V13","impfree","ipgdtim",0.151557520158332,0.149441570578206,0.0260479640933378,0.0972519786937219,0.198990141819594,FALSE,0
"PT","R10","V3","V14","impfree","iphlppl",0.151988504136269,0.145799015870986,0.024913669816553,0.0985982618262812,0.192014308304982,FALSE,0
"PT","R10","V3","V15","impfree","iplylfr",0.100244102073633,0.0971921451727909,0.0246517752943019,0.0456465247274494,0.14736187601579,FALSE,0
"PT","R10","V3","V16","impfree","ipmodst",0,0.00880722955936494,0.0179400951740618,0,0.0569197177534353,TRUE,0.786
"PT","R10","V3","V17","impfree","iprspot",0,0.000113020845122916,0.00252722292569316,0,0,TRUE,0.998
"PT","R10","V3","V18","impfree","ipshabt",0,0.0151213243489667,0.0203050838132698,0,0.057741234954051,TRUE,0.606
"PT","R10","V3","V19","impfree","ipstrgv",0.0435539111298581,0.0400910545182612,0.0284551227786876,0,0.0906433541405428,TRUE,0.242
"PT","R10","V3","V20","impfree","ipsuces",0.0585531553563886,0.0554112910770325,0.0296435162260926,0,0.110108259854445,TRUE,0.108
"PT","R10","V3","V21","impfree","ipudrst",0.0154960017410832,0.0181126753047442,0.0215506187819443,0,0.0688914536422738,TRUE,0.508
"PT","R10","V3","V4","impfree","impfun",0.023393186933271,0.0227579842694913,0.0234600732942985,0,0.0746036008537666,TRUE,0.436
"PT","R10","V3","V5","impfree","imprich",0,-0.0205875420190551,0.0320612844772367,-0.0979933286240102,0,TRUE,0.678
"PT","R10","V3","V6","impfree","impsafe",0,0.00860012034429951,0.0171818062638502,0,0.0563394153440255,TRUE,0.772
"PT","R10","V3","V7","impfree","imptrad",0,-0.000897200044700215,0.00700404665089669,0,0,TRUE,0.982
"PT","R10","V3","V8","impfree","ipadvnt",0,0,0,0,0,TRUE,1
"PT","R10","V3","V9","impfree","ipbhprp",0,-0.0164935564698489,0.0257122152428062,-0.0767453817792129,0,TRUE,0.678
"PT","R10","V4","V10","impfun","ipcrtiv",0.024060601675549,0.0220152595592087,0.0236235658504388,0,0.0738857867785044,TRUE,0.472
"PT","R10","V4","V11","impfun","ipeqopt",0,4.30649898674534e-05,0.000962962447939654,0,0,TRUE,0.998
"PT","R10","V4","V12","impfun","ipfrule",0,-0.00446598031950076,0.0149611032813223,-0.058441585893629,0,TRUE,0.908
"PT","R10","V4","V13","impfun","ipgdtim",0.239460886003824,0.238353907781759,0.0240880459627408,0.191567334267485,0.281289109727632,FALSE,0
"PT","R10","V4","V14","impfun","iphlppl",0,0.000327482991693549,0.00313594023591279,0,0,TRUE,0.988
"PT","R10","V4","V15","impfun","iplylfr",0,0.00552232941133325,0.0136932316743391,0,0.0487659041817565,TRUE,0.846
"PT","R10","V4","V16","impfun","ipmodst",0,-0.000792505592225748,0.00609289487587403,0,0,TRUE,0.98
"PT","R10","V4","V17","impfun","iprspot",0,-9.25585904467713e-05,0.00206967300140543,0,0,TRUE,0.998
"PT","R10","V4","V18","impfun","ipshabt",0,0.00127783949849798,0.00676530821575353,0,0.0272748355248486,TRUE,0.962
"PT","R10","V4","V19","impfun","ipstrgv",0,0,0,0,0,TRUE,1
"PT","R10","V4","V20","impfun","ipsuces",0.113431168813977,0.109935089565877,0.0258252701040969,0.0555081014016434,0.157938874789782,FALSE,0.002
"PT","R10","V4","V21","impfun","ipudrst",0.0499369306756766,0.0359851911068327,0.0286222206641425,0,0.0885268080144281,TRUE,0.328
"PT","R10","V4","V5","impfun","imprich",0,0.000655509089111485,0.00538541452304453,0,0,TRUE,0.984
"PT","R10","V4","V6","impfun","impsafe",0,-0.00134378430605185,0.00891564837235628,-0.0249014496827158,0,TRUE,0.972
"PT","R10","V4","V7","impfun","imptrad",0,0,0,0,0,TRUE,1
"PT","R10","V4","V8","impfun","ipadvnt",0.21958830482627,0.214886737695569,0.0232779247845623,0.170493378771791,0.25947427430208,FALSE,0
"PT","R10","V4","V9","impfun","ipbhprp",0,-0.00448000628887228,0.0132597326741544,-0.0531799639446449,0,TRUE,0.888
"PT","R10","V5","V10","imprich","ipcrtiv",0.0910133991283203,0.0814476856301756,0.0255668401442116,0.0289053162012291,0.132452799775614,FALSE,0.014
"PT","R10","V5","V11","imprich","ipeqopt",0,-0.0106806931646094,0.0211457403624674,-0.0659888302048069,0,TRUE,0.776
"PT","R10","V5","V12","imprich","ipfrule",0,0.00201324603493352,0.00869028364301951,0,0.0349632913493467,TRUE,0.942
"PT","R10","V5","V13","imprich","ipgdtim",0.0809766692381247,0.0737238474119579,0.0309986030421999,0,0.136046970450957,TRUE,0.056
"PT","R10","V5","V14","imprich","iphlppl",0,-0.00847540647026116,0.0215646072014472,-0.0728029723614557,0,TRUE,0.854
"PT","R10","V5","V15","imprich","iplylfr",0,-0.00845407002899198,0.0214729970529802,-0.0711639645143455,0,TRUE,0.858
"PT","R10","V5","V16","imprich","ipmodst",-0.0923668642641298,-0.0860715910745271,0.0242593332581468,-0.130142195947763,-0.0392767638538411,FALSE,0.004
"PT","R10","V5","V17","imprich","iprspot",0.110698871953009,0.106790253014194,0.0241249772769085,0.059620260305114,0.151859388326546,FALSE,0
"PT","R10","V5","V18","imprich","ipshabt",0.0788057153195402,0.0686044842829646,0.0264181545460493,0,0.117804270428254,TRUE,0.044
"PT","R10","V5","V19","imprich","ipstrgv",0.0493852062610578,0.0297715519226976,0.0321860544883215,0,0.0943717359037939,TRUE,0.486
"PT","R10","V5","V20","imprich","ipsuces",0.0529269986762003,0.0488119828933229,0.0278431029116448,0,0.0978976316430491,TRUE,0.144
"PT","R10","V5","V21","imprich","ipudrst",0,-0.000994284884875624,0.00675138645184573,-0.00916033364985513,0,TRUE,0.976
"PT","R10","V5","V6","imprich","impsafe",0,0.00420433779806256,0.0147054515155613,0,0.0546847996441964,TRUE,0.914
"PT","R10","V5","V7","imprich","imptrad",0,-0.00687935535173948,0.0163675660678463,-0.0568836435770614,0,TRUE,0.832
"PT","R10","V5","V8","imprich","ipadvnt",0.147837404689074,0.141506246257942,0.0240793487659471,0.0961543297128,0.19266347099916,FALSE,0
"PT","R10","V5","V9","imprich","ipbhprp",0,0.0012740984388906,0.007366507974974,0,0.0279562459427256,TRUE,0.968
"PT","R10","V6","V10","impsafe","ipcrtiv",0,-0.00390618260332066,0.0164271713762962,-0.0723286374741056,0,TRUE,0.94
"PT","R10","V6","V11","impsafe","ipeqopt",0.0679357821895804,0.0711153971080141,0.0268745293159566,0.0165309783928437,0.12232420767824,FALSE,0.022
"PT","R10","V6","V12","impsafe","ipfrule",0.0251859420078196,0.028024925375544,0.024056714749859,0,0.0773678764975511,TRUE,0.326
"PT","R10","V6","V13","impsafe","ipgdtim",0,0.0120731295421065,0.019668478309593,0,0.058934379504785,TRUE,0.698
"PT","R10","V6","V14","impsafe","iphlppl",0.035794266007839,0.0306089223953403,0.0272441394284969,0,0.0808326490225614,TRUE,0.378
"PT","R10","V6","V15","impsafe","iplylfr",0,0.0228292142370411,0.0253347045568948,0,0.0765487262122376,TRUE,0.486
"PT","R10","V6","V16","impsafe","ipmodst",0.0805672992728824,0.079238229906675,0.0242673541333866,0.0316586068174999,0.123013336430542,FALSE,0.006
"PT","R10","V6","V17","impsafe","iprspot",0,0.0140854553310947,0.0213826018844835,0,0.0670833070675552,TRUE,0.65
"PT","R10","V6","V18","impsafe","ipshabt",0.0934333448534264,0.0922506010248029,0.0234706950114319,0.0474717235786869,0.138126550937564,FALSE,0.002
"PT","R10","V6","V19","impsafe","ipstrgv",0.245477799869744,0.243390570106628,0.0257718517622842,0.19446009955425,0.295031425343434,FALSE,0
"PT","R10","V6","V20","impsafe","ipsuces",0,0.00273499978950557,0.0100378226766845,0,0.0394136504129669,TRUE,0.924
"PT","R10","V6","V21","impsafe","ipudrst",0,0.0113018523364462,0.0183237851603707,0,0.0609811297661604,TRUE,0.676
"PT","R10","V6","V7","impsafe","imptrad",0,0.00499704388781395,0.0130087017282914,0,0.0467295379708541,TRUE,0.854
"PT","R10","V6","V8","impsafe","ipadvnt",0,-0.0272915833093773,0.0321003129807274,-0.0966397996017352,0,TRUE,0.524
"PT","R10","V6","V9","impsafe","ipbhprp",0,0.0119937956394257,0.0191507696977862,0,0.0613854264803256,TRUE,0.676
"PT","R10","V7","V10","imptrad","ipcrtiv",0,-0.000131076679566399,0.00212657202331994,0,0,TRUE,0.996
"PT","R10","V7","V11","imptrad","ipeqopt",0,0,0,0,0,TRUE,1
"PT","R10","V7","V12","imptrad","ipfrule",0.138673820974318,0.142547455214144,0.0279715402286078,0.0918530059208572,0.201136272535864,FALSE,0
"PT","R10","V7","V13","imptrad","ipgdtim",0,-0.00588112720017896,0.0167116712824122,-0.0591912583332095,0,TRUE,0.876
"PT","R10","V7","V14","imptrad","iphlppl",0,0.00148859092692048,0.00714618632014043,0,0.0282327169161758,TRUE,0.952
"PT","R10","V7","V15","imptrad","iplylfr",0.0554888185844227,0.0608551180846829,0.0261060025342247,0,0.105707291216057,TRUE,0.062
"PT","R10","V7","V16","imptrad","ipmodst",0.130746669528081,0.129755200081173,0.0239864894848558,0.0824421393362599,0.176880536744498,FALSE,0
"PT","R10","V7","V17","imptrad","iprspot",0,0.0281338573151453,0.0321504997198311,0,0.0933347195750559,TRUE,0.53
"PT","R10","V7","V18","imptrad","ipshabt",0,-4.45834877343957e-05,0.000996917092481369,0,0,TRUE,0.998
"PT","R10","V7","V19","imptrad","ipstrgv",0,0.0226743735474371,0.0257532427494521,0,0.0767102555186858,TRUE,0.504
"PT","R10","V7","V20","imptrad","ipsuces",0,0.000478593883504346,0.0044188798402493,0,0,TRUE,0.988
"PT","R10","V7","V21","imptrad","ipudrst",0,-0.0147162210038561,0.0276455258148401,-0.0874714225730742,0,TRUE,0.754
"PT","R10","V7","V8","imptrad","ipadvnt",0,-0.0154571408391636,0.0222550824611474,-0.0671233163218297,0,TRUE,0.63
"PT","R10","V7","V9","imptrad","ipbhprp",0.235698543567602,0.238231739630633,0.0265184407945561,0.182802091039316,0.288572931758378,FALSE,0
"PT","R10","V8","V10","ipadvnt","ipcrtiv",0.0549168943103401,0.0472751881688798,0.0256375307445308,0,0.0963664408395581,TRUE,0.128
"PT","R10","V8","V11","ipadvnt","ipeqopt",0,-0.00273122231325719,0.0118951137807358,-0.0459922844219957,0,TRUE,0.942
"PT","R10","V8","V12","ipadvnt","ipfrule",0,-0.000172356832096856,0.00224915123157055,0,0,TRUE,0.994
"PT","R10","V8","V13","ipadvnt","ipgdtim",0.0630452495002942,0.0581443243305338,0.0245163704310807,0,0.107859875529239,TRUE,0.048
"PT","R10","V8","V14","ipadvnt","iphlppl",0,0,0,0,0,TRUE,1
"PT","R10","V8","V15","ipadvnt","iplylfr",0,-7.93592201223948e-05,0.00177452610835044,0,0,TRUE,0.998
"PT","R10","V8","V16","ipadvnt","ipmodst",-0.0624413934046216,-0.0510072778567599,0.0252972374936084,-0.0980932038211176,0,TRUE,0.102
"PT","R10","V8","V17","ipadvnt","iprspot",0.0285760962609761,0.0213735157064919,0.026487312660608,0,0.0773667732803348,TRUE,0.558
"PT","R10","V8","V18","ipadvnt","ipshabt",0,0.00174617055503505,0.00801232019262541,0,0.0337159553744205,TRUE,0.948
"PT","R10","V8","V19","ipadvnt","ipstrgv",0,0,0,0,0,TRUE,1
"PT","R10","V8","V20","ipadvnt","ipsuces",0.0774512672991015,0.074157507754945,0.0249998991929643,0.028013562227911,0.122067052512939,FALSE,0.014
"PT","R10","V8","V21","ipadvnt","ipudrst",0,0.000466715584628079,0.00378564101592537,0,0,TRUE,0.984
"PT","R10","V8","V9","ipadvnt","ipbhprp",0,-0.00275556318405115,0.0100466193716767,-0.0394222567868231,0,TRUE,0.924
"PT","R10","V9","V10","ipbhprp","ipcrtiv",0,0.000118501145165492,0.00187405148220835,0,0,TRUE,0.996
"PT","R10","V9","V11","ipbhprp","ipeqopt",0,4.30020017763781e-05,0.000961553991405481,0,0,TRUE,0.998
"PT","R10","V9","V12","ipbhprp","ipfrule",0.180135938246205,0.180775619106751,0.0267367493436236,0.128057138437796,0.231880789934841,FALSE,0
"PT","R10","V9","V13","ipbhprp","ipgdtim",0,0,0,0,0,TRUE,1
"PT","R10","V9","V14","ipbhprp","iphlppl",0,0.000125231457507453,0.00165507824773857,0,0,TRUE,0.994
"PT","R10","V9","V15","ipbhprp","iplylfr",0,0,0,0,0,TRUE,1
"PT","R10","V9","V16","ipbhprp","ipmodst",0.123516694262178,0.12598764355148,0.025438820004833,0.0772107926967401,0.176542105315091,FALSE,0
"PT","R10","V9","V17","ipbhprp","iprspot",0.158190368001632,0.161921951470222,0.0266785405591558,0.107340677644782,0.212944182653161,FALSE,0
"PT","R10","V9","V18","ipbhprp","ipshabt",0,0.00034691163514327,0.00351599208639228,0,0,TRUE,0.99
"PT","R10","V9","V19","ipbhprp","ipstrgv",0.0674551686116926,0.0676314576049083,0.0267254823397253,0,0.118821787535791,TRUE,0.044
"PT","R10","V9","V20","ipbhprp","ipsuces",0,0.00691482813073104,0.0175134394511599,0,0.0592671164893046,TRUE,0.848
"PT","R10","V9","V21","ipbhprp","ipudrst",0,-0.00701172688965578,0.0183566246699669,-0.0637885656208025,0,TRUE,0.862
"PT","R9","V1","V10","impdiff","ipcrtiv",0.152314569300377,0.155288771001748,0.0304437070167118,0.0954255578952127,0.214266223920172,FALSE,0
"PT","R9","V1","V11","impdiff","ipeqopt",0,0.000203235350474442,0.00271296685610191,0,0,TRUE,0.994
"PT","R9","V1","V12","impdiff","ipfrule",0,0.00231094555631082,0.0125476918823275,0,0.043342144315886,TRUE,0.962
"PT","R9","V1","V13","impdiff","ipgdtim",0.0733718028903366,0.0661437694821275,0.0361497573239591,0,0.13800418478196,TRUE,0.11
"PT","R9","V1","V14","impdiff","iphlppl",0,0.000635280804173271,0.00493212526703684,0,0,TRUE,0.982
"PT","R9","V1","V15","impdiff","iplylfr",0,0.00445130895669324,0.0151546158254205,0,0.0579785046929113,TRUE,0.91
"PT","R9","V1","V16","impdiff","ipmodst",0,-0.000312384987291228,0.00406383282062445,0,0,TRUE,0.994
"PT","R9","V1","V17","impdiff","iprspot",0,-0.00112830017844083,0.0085959933267824,0,0,TRUE,0.982
"PT","R9","V1","V18","impdiff","ipshabt",0.0408803118368272,0.0395182758293401,0.0337662768305073,0,0.105516090354756,TRUE,0.342
"PT","R9","V1","V19","impdiff","ipstrgv",0,0,0,0,0,TRUE,1
"PT","R9","V1","V2","impdiff","impenv",0,0.0127446578247185,0.0227201369053614,0,0.0758996697021465,TRUE,0.726
"PT","R9","V1","V20","impdiff","ipsuces",0.0394376337775277,0.0328955728880864,0.0311739244662649,0,0.0969933710283644,TRUE,0.39
"PT","R9","V1","V21","impdiff","ipudrst",0.0957434628576125,0.0899333008211082,0.0330837121640838,0.0262537260684018,0.156094364324387,FALSE,0.022
"PT","R9","V1","V3","impdiff","impfree",0,0.00567641561238602,0.014407194000146,0,0.0499745758045658,TRUE,0.848
"PT","R9","V1","V4","impdiff","impfun",0.0950307327006392,0.0902578255372955,0.0378184639837708,0,0.162194589458873,TRUE,0.04
"PT","R9","V1","V5","impdiff","imprich",0,0,0,0,0,TRUE,1
"PT","R9","V1","V6","impdiff","impsafe",0,0.00348861771979478,0.0130421089150061,0,0.0501232397522663,TRUE,0.926
"PT","R9","V1","V7","impdiff","imptrad",0,6.57950281359783e-05,0.00147122155493559,0,0,TRUE,0.998
"PT","R9","V1","V8","impdiff","ipadvnt",0.225207594914695,0.225187851071177,0.0300738190317274,0.166077712516092,0.28400985675005,FALSE,0
"PT","R9","V1","V9","impdiff","ipbhprp",0,-0.00407236451141425,0.0142097531351816,-0.0545809195195382,0,TRUE,0.916
"PT","R9","V10","V11","ipcrtiv","ipeqopt",0,0.00991883301391671,0.0205835441987895,0,0.0666733061370935,TRUE,0.788
"PT","R9","V10","V12","ipcrtiv","ipfrule",0,-8.41124322625297e-05,0.00188081116291863,0,0,TRUE,0.998
"PT","R9","V10","V13","ipcrtiv","ipgdtim",0.0282020083354599,0.0253662932282376,0.0303939543948028,0,0.0879689074477495,TRUE,0.546
"PT","R9","V10","V14","ipcrtiv","iphlppl",0,0.0235130527841693,0.0295335169831817,0,0.0911508023536733,TRUE,0.558
"PT","R9","V10","V15","ipcrtiv","iplylfr",0,-0.000110073116256199,0.00246130970444097,0,0,TRUE,0.998
"PT","R9","V10","V16","ipcrtiv","ipmodst",0,0,0,0,0,TRUE,1
"PT","R9","V10","V17","ipcrtiv","iprspot",0,0.000140153912941083,0.00224507700285601,0,0,TRUE,0.996
"PT","R9","V10","V18","ipcrtiv","ipshabt",0,0.01481420578724,0.0243202507051112,0,0.0728830071123865,TRUE,0.704
"PT","R9","V10","V19","ipcrtiv","ipstrgv",0,0.00488016914913482,0.0146656627836317,0,0.053550394975741,TRUE,0.884
"PT","R9","V10","V20","ipcrtiv","ipsuces",0,0.00157922570835244,0.00889542664496089,0,0.0408592899126685,TRUE,0.968
"PT","R9","V10","V21","ipcrtiv","ipudrst",0,0.0107550675626551,0.0216445551663479,0,0.070781158548086,TRUE,0.764
"PT","R9","V11","V12","ipeqopt","ipfrule",0,8.37524285103677e-05,0.00187276123429874,0,0,TRUE,0.998
"PT","R9","V11","V13","ipeqopt","ipgdtim",0,7.22141964016372e-05,0.00161475852094581,0,0,TRUE,0.998
"PT","R9","V11","V14","ipeqopt","iphlppl",0.133027213839126,0.127199061518412,0.0341679603996503,0.0618912255456103,0.195844228868157,FALSE,0.002
"PT","R9","V11","V15","ipeqopt","iplylfr",0.136978397982211,0.131237341493339,0.0351712962671037,0.0619272612476022,0.198454707552921,FALSE,0
"PT","R9","V11","V16","ipeqopt","ipmodst",0.0543738545806676,0.0444938399060903,0.0383849165334225,0,0.130553579044945,TRUE,0.338
"PT","R9","V11","V17","ipeqopt","iprspot",0,-0.000324021736776759,0.00424159354974003,0,0,TRUE,0.994
"PT","R9","V11","V18","ipeqopt","ipshabt",0,0.000986047999860692,0.00804016483119891,0,0,TRUE,0.984
"PT","R9","V11","V19","ipeqopt","ipstrgv",0,0.0220771536595005,0.0286213034156071,0,0.0950821597349208,TRUE,0.566
"PT","R9","V11","V20","ipeqopt","ipsuces",0,0.000702122691609235,0.00465438097928411,0,0.00935465924708775,TRUE,0.976
"PT","R9","V11","V21","ipeqopt","ipudrst",0.11005520847015,0.105134446322895,0.0386882693008304,0.0249360631249067,0.179252122183088,FALSE,0.02
"PT","R9","V12","V13","ipfrule","ipgdtim",0,-0.00394515238869956,0.0180747157161152,-0.0785467375797761,0,TRUE,0.946
"PT","R9","V12","V14","ipfrule","iphlppl",0,5.41073893032377e-05,0.00120987800567084,0,0,TRUE,0.998
"PT","R9","V12","V15","ipfrule","iplylfr",0,-0.000174578682198066,0.00279383574118263,0,0,TRUE,0.996
"PT","R9","V12","V16","ipfrule","ipmodst",0.0437854700735072,0.0429365530759275,0.035842160590282,0,0.115530569300127,TRUE,0.316
"PT","R9","V12","V17","ipfrule","iprspot",0,0.00449029136211823,0.0160751309027962,0,0.0670901366275998,TRUE,0.916
"PT","R9","V12","V18","ipfrule","ipshabt",0,0.00724816521192798,0.0191440283464046,0,0.066132444149933,TRUE,0.86
"PT","R9","V12","V19","ipfrule","ipstrgv",0.0568166448756374,0.0484484101620732,0.0373478573406841,0,0.122083290324841,TRUE,0.28
"PT","R9","V12","V20","ipfrule","ipsuces",0,0.000177186660780543,0.00290622490316957,0,0,TRUE,0.996
"PT","R9","V12","V21","ipfrule","ipudrst",0,0.00689837752545466,0.0192360356715817,0,0.074764497074848,TRUE,0.87
"PT","R9","V13","V14","ipgdtim","iphlppl",0,0.000233590780847281,0.00261779548266286,0,0,TRUE,0.992
"PT","R9","V13","V15","ipgdtim","iplylfr",0,0.0103302457297803,0.0204598053422172,0,0.0716389907437005,TRUE,0.766
"PT","R9","V13","V16","ipgdtim","ipmodst",0.0459700906962953,0.0382532661377625,0.0352267243443562,0,0.106845579985425,TRUE,0.382
"PT","R9","V13","V17","ipgdtim","iprspot",0,0.0135972977234376,0.0240498875051855,0,0.0758603808820346,TRUE,0.732
"PT","R9","V13","V18","ipgdtim","ipshabt",0,0.000527958685532732,0.00522595230600222,0,0,TRUE,0.988
"PT","R9","V13","V19","ipgdtim","ipstrgv",0.0386958258259397,0.0286137667043131,0.030306799416698,0,0.0944747856474076,TRUE,0.45
"PT","R9","V13","V20","ipgdtim","ipsuces",0.107943794375158,0.100958952899323,0.0373859502666342,0,0.177090800482515,TRUE,0.028
"PT","R9","V13","V21","ipgdtim","ipudrst",0.0982451187095011,0.0910891039391635,0.0378385336144538,0,0.163543833810473,TRUE,0.05
"PT","R9","V14","V15","iphlppl","iplylfr",0.268912035303838,0.266985185939164,0.0363370771446723,0.19785803081724,0.338989816199095,FALSE,0
"PT","R9","V14","V16","iphlppl","ipmodst",0.118765873850864,0.112630213183962,0.0341647432744392,0.0502666731185443,0.184231667724016,FALSE,0.006
"PT","R9","V14","V17","iphlppl","iprspot",0,-0.00138642156519847,0.00992655172416213,0,0,TRUE,0.98
"PT","R9","V14","V18","iphlppl","ipshabt",0,0,0,0,0,TRUE,1
"PT","R9","V14","V19","iphlppl","ipstrgv",0.0632328760530716,0.0537681771817859,0.04058276709948,0,0.131389095741442,TRUE,0.272
"PT","R9","V14","V20","iphlppl","ipsuces",0.0819842379249377,0.0711068733259804,0.0363605709036501,0,0.134674010550502,TRUE,0.134
"PT","R9","V14","V21","iphlppl","ipudrst",0.0773726294476977,0.0738267743979574,0.0391956515937172,0,0.145480027798359,TRUE,0.112
"PT","R9","V15","V16","iplylfr","ipmodst",0,0.00912093395782453,0.0209195240410244,0,0.0713077244742483,TRUE,0.82
"PT","R9","V15","V17","iplylfr","iprspot",0,0.0163018992175477,0.0276039748857195,0,0.0890131449577093,TRUE,0.71
"PT","R9","V15","V18","iplylfr","ipshabt",0,-0.000253785612263801,0.00405336026807494,0,0,TRUE,0.996
"PT","R9","V15","V19","iplylfr","ipstrgv",0.0442587322303414,0.0333819580122564,0.0356793629829988,0,0.107668920923087,TRUE,0.48
"PT","R9","V15","V20","iplylfr","ipsuces",0,0.00560562110884088,0.0168354131351069,0,0.0612550383794153,TRUE,0.894
"PT","R9","V15","V21","iplylfr","ipudrst",0,0.00566509260933049,0.0170491520984204,0,0.0585638074883817,TRUE,0.886
"PT","R9","V16","V17","ipmodst","iprspot",0,-0.00811940086605343,0.0230385005054857,-0.0858819776314533,0,TRUE,0.88
"PT","R9","V16","V18","ipmodst","ipshabt",0,0.000111523260913813,0.00249373592475731,0,0,TRUE,0.998
"PT","R9","V16","V19","ipmodst","ipstrgv",0.0326779775818801,0.0288314511744217,0.0301557695374138,0,0.0936271640442521,TRUE,0.442
"PT","R9","V16","V20","ipmodst","ipsuces",0,-0.000320462443303353,0.00435120312114121,0,0,TRUE,0.994
"PT","R9","V16","V21","ipmodst","ipudrst",0.106577407696443,0.107372835381847,0.0379465466062769,0,0.178984579354238,TRUE,0.026
"PT","R9","V17","V18","iprspot","ipshabt",0.0743940024254903,0.0683550434766288,0.0399970992403033,0,0.135872564142572,TRUE,0.17
"PT","R9","V17","V19","iprspot","ipstrgv",0,8.10546482748131e-05,0.00181243703434818,0,0,TRUE,0.998
"PT","R9","V17","V20","iprspot","ipsuces",0.042410106803634,0.028909217127352,0.0338562242017249,0,0.100294095993076,TRUE,0.532
"PT","R9","V17","V21","iprspot","ipudrst",0,-0.000287954704850603,0.00377029120419532,0,0,TRUE,0.994
"PT","R9","V18","V19","ipshabt","ipstrgv",0,0,0,0,0,TRUE,1
"PT","R9","V18","V20","ipshabt","ipsuces",0.349186448513044,0.341014208306949,0.031360448612467,0.27887759674365,0.400505403252542,FALSE,0
"PT","R9","V18","V21","ipshabt","ipudrst",0,0,0,0,0,TRUE,1
"PT","R9","V19","V20","ipstrgv","ipsuces",0.0674455414012666,0.0499934998692701,0.0349040674662082,0,0.117532947230606,TRUE,0.234
"PT","R9","V19","V21","ipstrgv","ipudrst",0.0427578595872102,0.0368126437481973,0.0351469989155489,0,0.106590655465364,TRUE,0.39
"PT","R9","V2","V10","impenv","ipcrtiv",0,0.0059235715211579,0.0159713635434305,0,0.0583110792348495,TRUE,0.86
"PT","R9","V2","V11","impenv","ipeqopt",0.150885804056925,0.150389758304762,0.0340762586479239,0.0860791234685427,0.219814762273038,FALSE,0
"PT","R9","V2","V12","impenv","ipfrule",0,0,0,0,0,TRUE,1
"PT","R9","V2","V13","impenv","ipgdtim",0,0.012730133405082,0.0212327322635568,0,0.0648809435326907,TRUE,0.704
"PT","R9","V2","V14","impenv","iphlppl",0.0516787344085044,0.0452348487820792,0.0358277761841512,0,0.117376814942204,TRUE,0.294
"PT","R9","V2","V15","impenv","iplylfr",0.200757456146284,0.195762273437942,0.0394604381121256,0.119415214225972,0.272170716277076,FALSE,0
"PT","R9","V2","V16","impenv","ipmodst",0,0.0136800596766386,0.0242386961598853,0,0.0756646717471713,TRUE,0.728
"PT","R9","V2","V17","impenv","iprspot",0,0.00309200569805064,0.0114999381965781,0,0.0489654972453,TRUE,0.924
"PT","R9","V2","V18","impenv","ipshabt",0,-0.000342439974812543,0.0054631388813609,0,0,TRUE,0.996
"PT","R9","V2","V19","impenv","ipstrgv",0.106141833853901,0.100517071513308,0.0390464043444499,0,0.175057517521784,TRUE,0.042
"PT","R9","V2","V20","impenv","ipsuces",0,0.00505508061530853,0.0156216077762586,0,0.0585417270763688,TRUE,0.896
"PT","R9","V2","V21","impenv","ipudrst",0.133496595843904,0.126225461886561,0.0321596668700462,0.0574406555455028,0.188719075391752,FALSE,0.002
"PT","R9","V2","V3","impenv","impfree",0,0.00203791829349801,0.00899874001642957,0,0.0406438379030293,TRUE,0.946
"PT","R9","V2","V4","impenv","impfun",0,0.0207511683517387,0.0278837327784078,0,0.08186856049857,TRUE,0.6
"PT","R9","V2","V5","impenv","imprich",0,-0.000352843996524805,0.00403850148180321,0,0,TRUE,0.992
"PT","R9","V2","V6","impenv","impsafe",0,0.000902827611624501,0.00631631454727224,0,0,TRUE,0.978
"PT","R9","V2","V7","impenv","imptrad",0.0457366183978368,0.0389952134116355,0.0360819715505417,0,0.109228726189959,TRUE,0.39
"PT","R9","V2","V8","impenv","ipadvnt",0,0.00479803051257419,0.0159161834872187,0,0.0614098165978285,TRUE,0.908
"PT","R9","V2","V9","impenv","ipbhprp",0,0.000179793901092153,0.00402031384781928,0,0,TRUE,0.998
"PT","R9","V20","V21","ipsuces","ipudrst",0,0.000135778243948952,0.00442699167244176,0,0,TRUE,0.992
"PT","R9","V3","V10","impfree","ipcrtiv",0.127273250472694,0.133354334948012,0.033370667495143,0.0663410666910508,0.198777854276658,FALSE,0.002
"PT","R9","V3","V11","impfree","ipeqopt",0,0.0177244591724793,0.0265171771579326,0,0.0818703868974031,TRUE,0.642
"PT","R9","V3","V12","impfree","ipfrule",0,-0.0142349886149233,0.0307682565738872,-0.108244707694487,0,TRUE,0.796
"PT","R9","V3","V13","impfree","ipgdtim",0.142806064905212,0.137069430203276,0.0347277323823988,0.0686836428901396,0.205159323031633,FALSE,0.002
"PT","R9","V3","V14","impfree","iphlppl",0.115445752294215,0.11210334991685,0.0305836810415221,0.0466046680562786,0.168105397440636,FALSE,0.006
"PT","R9","V3","V15","impfree","iplylfr",0.0777364711362526,0.0702611401549327,0.0398525584733187,0,0.14351626376211,TRUE,0.16
"PT","R9","V3","V16","impfree","ipmodst",0,0.000388099093303127,0.00357427104514242,0,0,TRUE,0.988
"PT","R9","V3","V17","impfree","iprspot",0,0.0120932842587645,0.0241019925295784,0,0.076808384145866,TRUE,0.78
"PT","R9","V3","V18","impfree","ipshabt",0,4.7466698089562e-05,0.0010613876359572,0,0,TRUE,0.998
"PT","R9","V3","V19","impfree","ipstrgv",0,0.00203361381101936,0.00975626812135396,0,0.0385869061710899,TRUE,0.954
"PT","R9","V3","V20","impfree","ipsuces",0,0.00710555889377406,0.0174218933329181,0,0.0612113723683453,TRUE,0.838
"PT","R9","V3","V21","impfree","ipudrst",0.0416241341725851,0.0399500981507739,0.034487129523214,0,0.115138032001346,TRUE,0.314
"PT","R9","V3","V4","impfree","impfun",0.0280543066346882,0.0230670598656375,0.0287823024029908,0,0.0914561680132447,TRUE,0.552
"PT","R9","V3","V5","impfree","imprich",0,0,0,0,0,TRUE,1
"PT","R9","V3","V6","impfree","impsafe",0,0.00454341169085286,0.0149082170247621,0,0.059450069396392,TRUE,0.906
"PT","R9","V3","V7","impfree","imptrad",0,-0.00299047234257998,0.014741593456584,-0.0571330235415501,0,TRUE,0.954
"PT","R9","V3","V8","impfree","ipadvnt",0,0.00849447734945363,0.0190401775299861,0,0.0639064953580706,TRUE,0.816
"PT","R9","V3","V9","impfree","ipbhprp",0,-0.00102390245460912,0.00707626836552567,0,0,TRUE,0.978
"PT","R9","V4","V10","impfun","ipcrtiv",0.0325689686408863,0.0329880974048822,0.0316376857273861,0,0.0939433410291723,TRUE,0.416
"PT","R9","V4","V11","impfun","ipeqopt",0,0.000161897298959459,0.0028302529328043,0,0,TRUE,0.996
"PT","R9","V4","V12","impfun","ipfrule",0,-0.000378331237074265,0.00496112285395351,0,0,TRUE,0.994
"PT","R9","V4","V13","impfun","ipgdtim",0.259752359561914,0.251758357997152,0.0362524029576659,0.180289811769712,0.317864737847272,FALSE,0
"PT","R9","V4","V14","impfun","iphlppl",0,0.000254110999239773,0.00286849752026574,0,0,TRUE,0.992
"PT","R9","V4","V15","impfun","iplylfr",0.0684650355895216,0.0543007523282875,0.0368759972916928,0,0.123900183767542,TRUE,0.22
"PT","R9","V4","V16","impfun","ipmodst",0,0.000145656718773354,0.00233788927724036,0,0,TRUE,0.996
"PT","R9","V4","V17","impfun","iprspot",0,0.000239688519606092,0.00392871042646953,0,0,TRUE,0.996
"PT","R9","V4","V18","impfun","ipshabt",0,0.00445051397583551,0.0138376323981272,0,0.0503986571952179,TRUE,0.898
"PT","R9","V4","V19","impfun","ipstrgv",0,0,0,0,0,TRUE,1
"PT","R9","V4","V20","impfun","ipsuces",0.0881785800954644,0.0783869017655212,0.0345294839046624,0,0.144618896376298,TRUE,0.066
"PT","R9","V4","V21","impfun","ipudrst",0,0.00158135177170976,0.00844655260875683,0,0.0341597236932555,TRUE,0.962
"PT","R9","V4","V5","impfun","imprich",0,7.39229878267325e-05,0.00165296825880463,0,0,TRUE,0.998
"PT","R9","V4","V6","impfun","impsafe",0,0.00176087368983834,0.00996066294982628,0,0.0409751112688425,TRUE,0.966
"PT","R9","V4","V7","impfun","imptrad",0,0.00484593462020056,0.0181981054306663,0,0.0760374261155227,TRUE,0.926
"PT","R9","V4","V8","impfun","ipadvnt",0.236852717699657,0.230030568170454,0.0325857952627959,0.164739309514134,0.293339918417865,FALSE,0
"PT","R9","V4","V9","impfun","ipbhprp",0,-0.0117246178956949,0.0274031677952209,-0.0974136666551339,0,TRUE,0.828
"PT","R9","V5","V10","imprich","ipcrtiv",0,0.0277481236426269,0.0357922795837768,0,0.112643258860905,TRUE,0.566
"PT","R9","V5","V11","imprich","ipeqopt",0,-0.00278989936293031,0.0125759843975386,-0.0540228141005448,0,TRUE,0.948
"PT","R9","V5","V12","imprich","ipfrule",0,0.000181904960962978,0.00237879460296917,0,0,TRUE,0.994
"PT","R9","V5","V13","imprich","ipgdtim",0,0.00130894016222326,0.00877507265760654,0,0.0127179798877396,TRUE,0.976
"PT","R9","V5","V14","imprich","iphlppl",0,-0.0154274452341127,0.0295039811693043,-0.0931821699235534,0,TRUE,0.76
"PT","R9","V5","V15","imprich","iplylfr",0,-0.000129579218501895,0.00222019195725919,0,0,TRUE,0.996
"PT","R9","V5","V16","imprich","ipmodst",-0.0702174706588847,-0.0499062869160393,0.0381828047484931,-0.122090576637801,0,TRUE,0.274
"PT","R9","V5","V17","imprich","iprspot",0.0956768212990188,0.062446138227584,0.0380808340719725,0,0.126633732149665,TRUE,0.184
"PT","R9","V5","V18","imprich","ipshabt",0,0.0288464699572669,0.0336323847158945,0,0.0944392015846954,TRUE,0.534
"PT","R9","V5","V19","imprich","ipstrgv",0,-0.0016564123753179,0.00850501415025089,-0.0364290315705388,0,TRUE,0.96
"PT","R9","V5","V20","imprich","ipsuces",0.100692848060414,0.0727815506430901,0.0429003219014501,0,0.146218116662243,TRUE,0.18
"PT","R9","V5","V21","imprich","ipudrst",0,-0.000314163878301088,0.00407147864377251,0,0,TRUE,0.992
"PT","R9","V5","V6","imprich","impsafe",0,0.000474506056162829,0.00477018920389119,0,0,TRUE,0.99
"PT","R9","V5","V7","imprich","imptrad",0,-0.000855462934512504,0.00592542369554723,0,0,TRUE,0.978
"PT","R9","V5","V8","imprich","ipadvnt",0.141140498712796,0.130327077660048,0.033967174399719,0.0640824157720397,0.194156778653128,FALSE,0.006
"PT","R9","V5","V9","imprich","ipbhprp",0,-0.000112321953576269,0.00179626983657,0,0,TRUE,0.996
"PT","R9","V6","V10","impsafe","ipcrtiv",0,0.00255827502372189,0.0100284011090737,0,0.0407447656736924,TRUE,0.934
"PT","R9","V6","V11","impsafe","ipeqopt",0.0663658758590946,0.0601333215205505,0.0355209264453546,0,0.126183555581941,TRUE,0.164
"PT","R9","V6","V12","impsafe","ipfrule",0,0.00787106021941478,0.0185026645376477,0,0.0640500287023042,TRUE,0.82
"PT","R9","V6","V13","impsafe","ipgdtim",0.0572842380099221,0.045684548817823,0.0334375048900481,0,0.108451689329842,TRUE,0.264
"PT","R9","V6","V14","impsafe","iphlppl",0.0453925670766898,0.033748456995984,0.0351405627576863,0,0.105581311027675,TRUE,0.464
"PT","R9","V6","V15","impsafe","iplylfr",0,0.00756562720603626,0.0191420004676367,0,0.0644522803374187,TRUE,0.856
"PT","R9","V6","V16","impsafe","ipmodst",0.0726377305239819,0.0695822088356335,0.0346730695878769,0,0.13984382964345,TRUE,0.088
"PT","R9","V6","V17","impsafe","iprspot",0.0492201106279944,0.0368483612334523,0.0350279768761046,0,0.102895236663829,TRUE,0.412
"PT","R9","V6","V18","impsafe","ipshabt",0.111184548005791,0.114761669750452,0.0323116187676296,0.0532669144171934,0.174420417259039,FALSE,0.01
"PT","R9","V6","V19","impsafe","ipstrgv",0.133017300754445,0.121127267979193,0.0347971273972259,0.0440369255528577,0.187363374632868,FALSE,0.002
"PT","R9","V6","V20","impsafe","ipsuces",0,0.00276328963888242,0.0116215501830401,0,0.0460047842594402,TRUE,0.942
"PT","R9","V6","V21","impsafe","ipudrst",0,0.000926111467609016,0.00727746345669643,0,0,TRUE,0.982
"PT","R9","V6","V7","impsafe","imptrad",0,0.00625475090917017,0.0159899139459116,0,0.0582946344646747,TRUE,0.844
"PT","R9","V6","V8","impsafe","ipadvnt",-0.0280135595436503,-0.0361087139831503,0.0440386946399822,-0.127056159007646,0,TRUE,0.55
"PT","R9","V6","V9","impsafe","ipbhprp",0.0856530634481798,0.0853648903291664,0.0356485905087757,0,0.150125255347453,TRUE,0.074
"PT","R9","V7","V10","imptrad","ipcrtiv",0,0,0,0,0,TRUE,1
"PT","R9","V7","V11","imptrad","ipeqopt",0,0.000103063001362638,0.00165004874246348,0,0,TRUE,0.996
"PT","R9","V7","V12","imptrad","ipfrule",0.0730757722267521,0.0684496107522824,0.0383417779196245,0,0.139248157835852,TRUE,0.132
"PT","R9","V7","V13","imptrad","ipgdtim",0,8.59902583512008e-05,0.00192280063076054,0,0,TRUE,0.998
"PT","R9","V7","V14","imptrad","iphlppl",0.0609475477986807,0.053269725979478,0.037018584555126,0,0.124231332457146,TRUE,0.246
"PT","R9","V7","V15","imptrad","iplylfr",0,0.00189886184596385,0.00932054549698646,0,0.0412778347529906,TRUE,0.958
"PT","R9","V7","V16","imptrad","ipmodst",0,0.008740684637397,0.0183945781979021,0,0.0605318475958033,TRUE,0.794
"PT","R9","V7","V17","imptrad","iprspot",0.0285547688040482,0.0206694217921261,0.0296366296483988,0,0.0929407461201623,TRUE,0.624
"PT","R9","V7","V18","imptrad","ipshabt",0,0,0,0,0,TRUE,1
"PT","R9","V7","V19","imptrad","ipstrgv",0.075523429868515,0.0653312188367923,0.0349282632918264,0,0.127477285076811,TRUE,0.102
"PT","R9","V7","V20","imptrad","ipsuces",0,0.000279422955912279,0.00418256736535143,0,0,TRUE,0.99
"PT","R9","V7","V21","imptrad","ipudrst",0,-0.0031017458306056,0.0150353960783708,-0.0619350225425188,0,TRUE,0.954
"PT","R9","V7","V8","imptrad","ipadvnt",-0.0317980907460445,-0.0370704456570218,0.0405244722664179,-0.12056235890683,0,TRUE,0.482
"PT","R9","V7","V9","imptrad","ipbhprp",0.228852914765921,0.229707635097,0.0330903210017183,0.162119982447444,0.295670542560561,FALSE,0
"PT","R9","V8","V10","ipadvnt","ipcrtiv",0,0.00184448849941085,0.00912282975395214,0,0.0377659897621289,TRUE,0.956
"PT","R9","V8","V11","ipadvnt","ipeqopt",0,0,0,0,0,TRUE,1
"PT","R9","V8","V12","ipadvnt","ipfrule",0,-0.000404930169491756,0.0045461796628046,0,0,TRUE,0.992
"PT","R9","V8","V13","ipadvnt","ipgdtim",0,0.00249446406402082,0.0115265421287326,0,0.0479901033903049,TRUE,0.952
"PT","R9","V8","V14","ipadvnt","iphlppl",0,0,0,0,0,TRUE,1
"PT","R9","V8","V15","ipadvnt","iplylfr",0,0.000167644715850939,0.0027804108718623,0,0,TRUE,0.996
"PT","R9","V8","V16","ipadvnt","ipmodst",0,-0.00199489418644006,0.0101541698873854,-0.0413718851150374,0,TRUE,0.958
"PT","R9","V8","V17","ipadvnt","iprspot",0,0.000625824702609979,0.00575932967877666,0,0,TRUE,0.988
"PT","R9","V8","V18","ipadvnt","ipshabt",0,0.0082979448924163,0.0205883951824418,0,0.0671786681257639,TRUE,0.84
"PT","R9","V8","V19","ipadvnt","ipstrgv",0,-0.000238934393020643,0.00311774557353534,0,0,TRUE,0.994
"PT","R9","V8","V20","ipadvnt","ipsuces",0,0.0104475926505437,0.0214161783118792,0,0.0694653924290419,TRUE,0.784
"PT","R9","V8","V21","ipadvnt","ipudrst",0,0.000355837646209038,0.00402469983586369,0,0,TRUE,0.992
"PT","R9","V8","V9","ipadvnt","ipbhprp",0,-5.97377762593434e-05,0.00133577728540565,0,0,TRUE,0.998
"PT","R9","V9","V10","ipbhprp","ipcrtiv",0,-0.000239093573316719,0.00318367187394418,0,0,TRUE,0.994
"PT","R9","V9","V11","ipbhprp","ipeqopt",0,-0.000152541619522475,0.00241348389173232,0,0,TRUE,0.996
"PT","R9","V9","V12","ipbhprp","ipfrule",0.145048557722607,0.144892870928959,0.033387346146856,0.0799440467236317,0.20630725630878,FALSE,0
"PT","R9","V9","V13","ipbhprp","ipgdtim",0,9.2368850615092e-05,0.00206543028978869,0,0,TRUE,0.998
"PT","R9","V9","V14","ipbhprp","iphlppl",0,0.00050263250398959,0.00459844913328031,0,0,TRUE,0.988
"PT","R9","V9","V15","ipbhprp","iplylfr",0,0,0,0,0,TRUE,1
"PT","R9","V9","V16","ipbhprp","ipmodst",0.159091316398125,0.163873941274294,0.0324799922477766,0.100859224584332,0.22703240860735,FALSE,0
"PT","R9","V9","V17","ipbhprp","iprspot",0.26327605481815,0.254669355286249,0.0329687992100159,0.190679014698151,0.321061953455924,FALSE,0
"PT","R9","V9","V18","ipbhprp","ipshabt",0,0.000118943287210793,0.00265965275670614,0,0,TRUE,0.998
"PT","R9","V9","V19","ipbhprp","ipstrgv",0,0.0113513890433193,0.0234238173472291,0,0.0759162282353721,TRUE,0.788
"PT","R9","V9","V20","ipbhprp","ipsuces",0,-0.000341563291179423,0.0044780933218874,0,0,TRUE,0.994
"PT","R9","V9","V21","ipbhprp","ipudrst",0,-0.00956184605643414,0.023129806172473,-0.0775422827003196,0,TRUE,0.838
"SI","R10","V1","V10","impdiff","ipcrtiv",0.201656652232493,0.192744794391333,0.0318876250478946,0.130294983861482,0.253410955570949,FALSE,0
"SI","R10","V1","V11","impdiff","ipeqopt",0,0.00479972735894376,0.0146640458978554,0,0.0554685703988194,TRUE,0.888
"SI","R10","V1","V12","impdiff","ipfrule",0,0.00136652395497477,0.00822171189150842,0,0.0305442049681788,TRUE,0.97
"SI","R10","V1","V13","impdiff","ipgdtim",0.0454933360952436,0.0346500424600899,0.0309144524639331,0,0.101763967790259,TRUE,0.342
"SI","R10","V1","V14","impdiff","iphlppl",0,0.0167465924541464,0.0249371095279768,0,0.0754736205528518,TRUE,0.642
"SI","R10","V1","V15","impdiff","iplylfr",0,0.00801611287830033,0.0179446006075778,0,0.0596529767283512,TRUE,0.812
"SI","R10","V1","V16","impdiff","ipmodst",0,0,0,0,0,TRUE,1
"SI","R10","V1","V17","impdiff","iprspot",0,-0.00326887945784068,0.0156795516428656,-0.0716656008173267,0,TRUE,0.956
"SI","R10","V1","V18","impdiff","ipshabt",0.0432921645060237,0.0337595366066871,0.0309732017442802,0,0.0965753152928817,TRUE,0.38
"SI","R10","V1","V19","impdiff","ipstrgv",0,-6.50635903265952e-05,0.00145486610830465,0,0,TRUE,0.998
"SI","R10","V1","V2","impdiff","impenv",0,0.000282828151946252,0.00376948610513435,0,0,TRUE,0.994
"SI","R10","V1","V20","impdiff","ipsuces",0.053012395124439,0.0462786936262514,0.0339936608071785,0,0.110553510862041,TRUE,0.254
"SI","R10","V1","V21","impdiff","ipudrst",0.030046629215724,0.020368339172825,0.0282511454512277,0,0.0869062451788511,TRUE,0.606
"SI","R10","V1","V3","impdiff","impfree",0,0.00471862441934669,0.0129743878791162,0,0.0458702983137661,TRUE,0.872
"SI","R10","V1","V4","impdiff","impfun",0.153165395884794,0.145509364445597,0.0343217133679446,0.0799979237247328,0.221548371564877,FALSE,0
"SI","R10","V1","V5","impdiff","imprich",0,0,0,0,0,TRUE,1
"SI","R10","V1","V6","impdiff","impsafe",0,0.00116707071113622,0.00744497413985745,0,0.0249230113099066,TRUE,0.974
"SI","R10","V1","V7","impdiff","imptrad",0,0.00020045581404398,0.00262954332230654,0,0,TRUE,0.994
"SI","R10","V1","V8","impdiff","ipadvnt",0.196471258244983,0.190109781937488,0.0292048152481283,0.126254490953849,0.248789414802084,FALSE,0
"SI","R10","V1","V9","impdiff","ipbhprp",0,0,0,0,0,TRUE,1
"SI","R10","V10","V11","ipcrtiv","ipeqopt",0.0265973940616656,0.0353250863767301,0.0364083118184272,0,0.116610338322816,TRUE,0.432
"SI","R10","V10","V12","ipcrtiv","ipfrule",0,0.000240777812899001,0.00310492331339573,0,0,TRUE,0.994
"SI","R10","V10","V13","ipcrtiv","ipgdtim",0,0.0005267497495957,0.00483788907826171,0,0,TRUE,0.986
"SI","R10","V10","V14","ipcrtiv","iphlppl",0,0.010777518009508,0.0211678620692099,0,0.0699559892973411,TRUE,0.756
"SI","R10","V10","V15","ipcrtiv","iplylfr",0,0.0119293163970027,0.0212332078676058,0,0.0691381060073004,TRUE,0.73
"SI","R10","V10","V16","ipcrtiv","ipmodst",0,-0.000386223853542289,0.00453227647570332,0,0,TRUE,0.992
"SI","R10","V10","V17","ipcrtiv","iprspot",0,0.001195193496632,0.00717797838352195,0,0.0261694951715501,TRUE,0.97
"SI","R10","V10","V18","ipcrtiv","ipshabt",0,0.0132181607169971,0.023689579448564,0,0.0814851455179985,TRUE,0.718
"SI","R10","V10","V19","ipcrtiv","ipstrgv",0,-0.000165730020771363,0.00264176154810071,0,0,TRUE,0.996
"SI","R10","V10","V20","ipcrtiv","ipsuces",0.0594125325561926,0.0514499146889318,0.0352890914466028,0,0.115606000507836,TRUE,0.224
"SI","R10","V10","V21","ipcrtiv","ipudrst",0.0296289339737995,0.0306755003174478,0.0322310359683246,0,0.0986307512609177,TRUE,0.446
"SI","R10","V11","V12","ipeqopt","ipfrule",0,0.000443812168646659,0.00456563776555567,0,0,TRUE,0.99
"SI","R10","V11","V13","ipeqopt","ipgdtim",0,-0.000100396919070906,0.0022449433577409,0,0,TRUE,0.998
"SI","R10","V11","V14","ipeqopt","iphlppl",0.0558348632532455,0.0589558986852237,0.0364048100250677,0,0.125381209318304,TRUE,0.154
"SI","R10","V11","V15","ipeqopt","iplylfr",0,0.00825550920252252,0.0177198330420231,0,0.0587117253996537,TRUE,0.8
"SI","R10","V11","V16","ipeqopt","ipmodst",0.0717536434152856,0.0715732224046387,0.0380751635389292,0,0.155059569351609,TRUE,0.096
"SI","R10","V11","V17","ipeqopt","iprspot",0,-0.000839537015079695,0.00651259572766918,0,0,TRUE,0.982
"SI","R10","V11","V18","ipeqopt","ipshabt",0.061907574555478,0.070948825558412,0.0391756951820734,0,0.147305255658382,TRUE,0.138
"SI","R10","V11","V19","ipeqopt","ipstrgv",0,0.024289173908429,0.030212163259428,0,0.0942193828753079,TRUE,0.526
"SI","R10","V11","V20","ipeqopt","ipsuces",0,-0.00187534882403549,0.010505658359241,-0.0377531621869944,0,TRUE,0.964
"SI","R10","V11","V21","ipeqopt","ipudrst",0.136855651443389,0.134103891075647,0.0325115506452991,0.0681258529412717,0.1970026057267,FALSE,0
"SI","R10","V12","V13","ipfrule","ipgdtim",-0.109627653260429,-0.0779617089534123,0.0437699212194147,-0.146435130946192,0,TRUE,0.16
"SI","R10","V12","V14","ipfrule","iphlppl",0,-0.000194499169919024,0.00250886163099471,0,0,TRUE,0.994
"SI","R10","V12","V15","ipfrule","iplylfr",0,0.00087925250093491,0.0063669568190667,0,0,TRUE,0.98
"SI","R10","V12","V16","ipfrule","ipmodst",0,0.0127951637430898,0.0220750242932038,0,0.0692988368022404,TRUE,0.712
"SI","R10","V12","V17","ipfrule","iprspot",0.058740916546948,0.0357792473898485,0.0376427123101048,0,0.110592697705906,TRUE,0.472
"SI","R10","V12","V18","ipfrule","ipshabt",0,0.00531735450358316,0.0178531740953518,0,0.069591125172431,TRUE,0.912
"SI","R10","V12","V19","ipfrule","ipstrgv",0,0.0316237660519516,0.0309241114101655,0,0.0950450248606378,TRUE,0.408
"SI","R10","V12","V20","ipfrule","ipsuces",0,0.0174188951936996,0.0303457573644623,0,0.09658182337238,TRUE,0.72
"SI","R10","V12","V21","ipfrule","ipudrst",0.0995863810118099,0.0914002767303044,0.0393905857706418,0,0.165015423776872,TRUE,0.072
"SI","R10","V13","V14","ipgdtim","iphlppl",0.051198401936206,0.0502640513626169,0.0362819983040595,0,0.123858574608269,TRUE,0.23
"SI","R10","V13","V15","ipgdtim","iplylfr",0.042661856288125,0.0481936416615332,0.0364044502796965,0,0.124391080699374,TRUE,0.248
"SI","R10","V13","V16","ipgdtim","ipmodst",0,0.00605273406561672,0.0187963020316956,0,0.0743219157070655,TRUE,0.892
"SI","R10","V13","V17","ipgdtim","iprspot",0.0525649082875163,0.0325092340570516,0.0336865902406338,0,0.101528727065985,TRUE,0.446
"SI","R10","V13","V18","ipgdtim","ipshabt",0.0815531946382217,0.0762129043343058,0.0348377987025669,0,0.143978198468445,TRUE,0.058
"SI","R10","V13","V19","ipgdtim","ipstrgv",0,0.000910119711508287,0.00608688123381787,0,0.00948116201748397,TRUE,0.976
"SI","R10","V13","V20","ipgdtim","ipsuces",0.0319017878621411,0.0286340621204545,0.0314272578178554,0,0.0968076839684869,TRUE,0.476
"SI","R10","V13","V21","ipgdtim","ipudrst",0,0.00368024472809808,0.0128120677492112,0,0.0527817845423638,TRUE,0.912
"SI","R10","V14","V15","iphlppl","iplylfr",0.171798925042782,0.178895978832199,0.0383478439282149,0.100777900757709,0.25291521047776,FALSE,0
"SI","R10","V14","V16","iphlppl","ipmodst",0.0987167206477139,0.106286584001258,0.039172882693064,0.0311221988272536,0.183959623141341,FALSE,0.014
"SI","R10","V14","V17","iphlppl","iprspot",0,-0.00269753115656655,0.0135511387379507,-0.0558980472640512,0,TRUE,0.958
"SI","R10","V14","V18","iphlppl","ipshabt",0,-0.00283067040529099,0.013868571408098,-0.0648318059092304,0,TRUE,0.956
"SI","R10","V14","V19","iphlppl","ipstrgv",0.110164362397438,0.111342638191836,0.0376764128723136,0.035961222757989,0.185027353120964,FALSE,0.008
"SI","R10","V14","V20","iphlppl","ipsuces",0.0457024205172855,0.0491828499904972,0.0367824229093118,0,0.118693333888097,TRUE,0.264
"SI","R10","V14","V21","iphlppl","ipudrst",0.0586319916056526,0.0606775822912654,0.035796357472563,0,0.133580874365168,TRUE,0.138
"SI","R10","V15","V16","iplylfr","ipmodst",0,-0.00015936825376582,0.00356358248875811,0,0,TRUE,0.998
"SI","R10","V15","V17","iplylfr","iprspot",0.127935349689003,0.127843628185684,0.0356778642342319,0.061191560726222,0.191684757594046,FALSE,0.008
"SI","R10","V15","V18","iplylfr","ipshabt",0,0.000150430734464226,0.00241387081133399,0,0,TRUE,0.996
"SI","R10","V15","V19","iplylfr","ipstrgv",0,0.0140015576697239,0.0221223809029395,0,0.0738643911621595,TRUE,0.662
"SI","R10","V15","V20","iplylfr","ipsuces",0.0760747180090946,0.0822920923287425,0.0376945911536357,0,0.157156691180238,TRUE,0.05
"SI","R10","V15","V21","iplylfr","ipudrst",0,0.0172914915390448,0.0253944685493531,0,0.0823697294069397,TRUE,0.624
"SI","R10","V16","V17","ipmodst","iprspot",0,0.000912695839619851,0.00632660436240633,0,0,TRUE,0.978
"SI","R10","V16","V18","ipmodst","ipshabt",0,-0.00495207332774999,0.0160128933761982,-0.0636606451236669,0,TRUE,0.9
"SI","R10","V16","V19","ipmodst","ipstrgv",0,0.017083639424773,0.0230093194575559,0,0.0706513284201609,TRUE,0.584
"SI","R10","V16","V20","ipmodst","ipsuces",0,-0.000224988577388865,0.00290917284098267,0,0,TRUE,0.994
"SI","R10","V16","V21","ipmodst","ipudrst",0.0942792251192769,0.0918717731409168,0.0341521451409503,0,0.160930271084941,TRUE,0.03
"SI","R10","V17","V18","iprspot","ipshabt",0.112788810211738,0.115239329010295,0.0360107857424165,0.0431726868001289,0.18039552273301,FALSE,0.008
"SI","R10","V17","V19","iprspot","ipstrgv",0,0.000835293032894184,0.00531128239484189,0,0.0230522508027563,TRUE,0.974
"SI","R10","V17","V20","iprspot","ipsuces",0.192108173373844,0.184607921023014,0.035952302763949,0.122293127050787,0.255297720725331,FALSE,0
"SI","R10","V17","V21","iprspot","ipudrst",0,-0.0107040481080136,0.0239279695188289,-0.0746393111768901,0,TRUE,0.816
"SI","R10","V18","V19","ipshabt","ipstrgv",0,-0.000111239052843063,0.00248738083909781,0,0,TRUE,0.998
"SI","R10","V18","V20","ipshabt","ipsuces",0.237611063799938,0.236879018612703,0.032913345818437,0.168329698795952,0.301267823680343,FALSE,0
"SI","R10","V18","V21","ipshabt","ipudrst",0,8.35661527052579e-05,0.00186859598067085,0,0,TRUE,0.998
"SI","R10","V19","V20","ipstrgv","ipsuces",0.0711803205375761,0.0852331951701038,0.0314625560743455,0,0.14300754472485,TRUE,0.032
"SI","R10","V19","V21","ipstrgv","ipudrst",0,0.00972575004679641,0.0193702635427087,0,0.0685557764513715,TRUE,0.762
"SI","R10","V2","V10","impenv","ipcrtiv",0,0.00969597950239084,0.0196719909214862,0,0.0625737210017068,TRUE,0.78
"SI","R10","V2","V11","impenv","ipeqopt",0.119169743895516,0.119929450981164,0.0323047346062054,0.0582892706475393,0.18709447676499,FALSE,0
"SI","R10","V2","V12","impenv","ipfrule",0,-9.1087406336046e-05,0.00378532332440129,0,0,TRUE,0.99
"SI","R10","V2","V13","impenv","ipgdtim",0,-0.000137150410122658,0.00306677640176239,0,0,TRUE,0.998
"SI","R10","V2","V14","impenv","iphlppl",0.0939730837737152,0.0952770371066965,0.0354344813700619,0.0300817669898069,0.168253932561364,FALSE,0.012
"SI","R10","V2","V15","impenv","iplylfr",0.0919628039245048,0.0987432212735417,0.0326332769085665,0.0315123358889861,0.15947273531964,FALSE,0.012
"SI","R10","V2","V16","impenv","ipmodst",0,0.00676557397065418,0.0150475075884344,0,0.0523409006803378,TRUE,0.806
"SI","R10","V2","V17","impenv","iprspot",0,0.000161749429473816,0.00260819025234849,0,0,TRUE,0.996
"SI","R10","V2","V18","impenv","ipshabt",0,-0.000927656941000559,0.00637093669487649,-0.00897114366952274,0,TRUE,0.976
"SI","R10","V2","V19","impenv","ipstrgv",0.0768710247890271,0.0795777955248612,0.0296064182214492,0.0244573336908133,0.138507199103785,FALSE,0.014
"SI","R10","V2","V20","impenv","ipsuces",0,-0.000809522767159747,0.0067734864943821,0,0,TRUE,0.984
"SI","R10","V2","V21","impenv","ipudrst",0.10747062349101,0.103560035112504,0.0378570044093229,0.0281898152986798,0.182093244495453,FALSE,0.012
"SI","R10","V2","V3","impenv","impfree",0.0487838651420907,0.0555781260445818,0.0346588571128345,0,0.119521450425317,TRUE,0.168
"SI","R10","V2","V4","impenv","impfun",0,0.000488787974293425,0.00366694067116957,0,0,TRUE,0.982
"SI","R10","V2","V5","impenv","imprich",0,-0.000823234312503559,0.00545441706165528,-0.0106004143718657,0,TRUE,0.976
"SI","R10","V2","V6","impenv","impsafe",0.0233037526973733,0.0228610759034599,0.0261860647541188,0,0.0822305631367243,TRUE,0.504
"SI","R10","V2","V7","impenv","imptrad",0.0835503783304624,0.0884841533334915,0.0366428734653777,0,0.148565965197917,TRUE,0.06
"SI","R10","V2","V8","impenv","ipadvnt",0,-0.000191092935434949,0.00306462870260144,0,0,TRUE,0.996
"SI","R10","V2","V9","impenv","ipbhprp",0,0.000748024028490584,0.00531573742929707,0,0.00855457898445925,TRUE,0.976
"SI","R10","V20","V21","ipsuces","ipudrst",0,0,0,0,0,TRUE,1
"SI","R10","V3","V10","impfree","ipcrtiv",0,0.0113104260347198,0.0216826316060666,0,0.0691727055241573,TRUE,0.742
"SI","R10","V3","V11","impfree","ipeqopt",0.0339123088398059,0.0370335598104651,0.0325102668021907,0,0.102297811640467,TRUE,0.334
"SI","R10","V3","V12","impfree","ipfrule",0,-0.0403017166289371,0.0402242472393109,-0.121116029242117,0,TRUE,0.436
"SI","R10","V3","V13","impfree","ipgdtim",0.12853172860568,0.12364946465148,0.0339871240506185,0.0548233448923078,0.191930713054386,FALSE,0
"SI","R10","V3","V14","impfree","iphlppl",0.0831923834480198,0.0888447704513734,0.0378219965614984,0,0.1589332952227,TRUE,0.036
"SI","R10","V3","V15","impfree","iplylfr",0,0.0155020354514208,0.0258032150146045,0,0.0835505855371958,TRUE,0.672
"SI","R10","V3","V16","impfree","ipmodst",0,8.86980385253698e-05,0.00198334843613622,0,0,TRUE,0.998
"SI","R10","V3","V17","impfree","iprspot",0,0.000597831847907829,0.00527407107841541,0,0,TRUE,0.986
"SI","R10","V3","V18","impfree","ipshabt",0,0.00144439829648317,0.00758028013816848,0,0.0329202152751116,TRUE,0.962
"SI","R10","V3","V19","impfree","ipstrgv",0,0.00918389657000345,0.0207362083762963,0,0.0781201760322016,TRUE,0.804
"SI","R10","V3","V20","impfree","ipsuces",0,0.00306948639264706,0.0119879114018715,0,0.0481722851399362,TRUE,0.93
"SI","R10","V3","V21","impfree","ipudrst",0.074921181663153,0.0821686461064348,0.0393442436904077,0,0.154112754848102,TRUE,0.074
"SI","R10","V3","V4","impfree","impfun",0.0755031174271784,0.0797970795758707,0.0364885614133761,0,0.145978332071905,TRUE,0.082
"SI","R10","V3","V5","impfree","imprich",0,0,0,0,0,TRUE,1
"SI","R10","V3","V6","impfree","impsafe",0,0.0300285922334574,0.0341654503269083,0,0.103796979379157,TRUE,0.496
"SI","R10","V3","V7","impfree","imptrad",0,-0.0111621422649062,0.0259684260739223,-0.0886984134965662,0,TRUE,0.824
"SI","R10","V3","V8","impfree","ipadvnt",0,0.00230904234397967,0.00916922982029024,0,0.0393769661076032,TRUE,0.936
"SI","R10","V3","V9","impfree","ipbhprp",0,0.000260452745046391,0.00372679792098124,0,0,TRUE,0.994
"SI","R10","V4","V10","impfun","ipcrtiv",0.0309065003848059,0.0297882561870479,0.0315805601666581,0,0.0982233101567494,TRUE,0.458
"SI","R10","V4","V11","impfun","ipeqopt",0,0,0,0,0,TRUE,1
"SI","R10","V4","V12","impfun","ipfrule",0,0.000248920514675255,0.00341761853830762,0,0,TRUE,0.994
"SI","R10","V4","V13","impfun","ipgdtim",0.184793234661182,0.180300715139069,0.0335779065947223,0.113011418722874,0.245234505164684,FALSE,0
"SI","R10","V4","V14","impfun","iphlppl",0,0.000338135278428748,0.0040758334462637,0,0,TRUE,0.992
"SI","R10","V4","V15","impfun","iplylfr",0.0256304333518641,0.0331616311010424,0.0337562705540041,0,0.104090210205373,TRUE,0.436
"SI","R10","V4","V16","impfun","ipmodst",0,-0.000514383053136727,0.00501144597425738,0,0,TRUE,0.988
"SI","R10","V4","V17","impfun","iprspot",0,0.000118747935212288,0.0018941322109828,0,0,TRUE,0.996
"SI","R10","V4","V18","impfun","ipshabt",0,0.00283101380545214,0.0106816240737057,0,0.0434359564481222,TRUE,0.928
"SI","R10","V4","V19","impfun","ipstrgv",0,-0.000112493502796153,0.00251543119279261,0,0,TRUE,0.998
"SI","R10","V4","V20","impfun","ipsuces",0.0512581247938698,0.0477967995206714,0.0345941965796539,0,0.114082687901957,TRUE,0.248
"SI","R10","V4","V21","impfun","ipudrst",0,0.0136499544115632,0.0246101079100625,0,0.0772906202486339,TRUE,0.744
"SI","R10","V4","V5","impfun","imprich",0,0.000672908680626355,0.00495265806834972,0,0,TRUE,0.98
"SI","R10","V4","V6","impfun","impsafe",0,0.000369627160443868,0.00491577157457612,0,0,TRUE,0.994
"SI","R10","V4","V7","impfun","imptrad",0,0.00383542438803909,0.014987856052622,0,0.0618640782514492,TRUE,0.934
"SI","R10","V4","V8","impfun","ipadvnt",0.253186582378239,0.251310862435174,0.0300985747822581,0.189092737331497,0.305489985368253,FALSE,0
"SI","R10","V4","V9","impfun","ipbhprp",0,-0.00029745173526026,0.00336980925091122,0,0,TRUE,0.992
"SI","R10","V5","V10","imprich","ipcrtiv",0,0.0129998014820213,0.0240804905344448,0,0.0765013305303922,TRUE,0.74
"SI","R10","V5","V11","imprich","ipeqopt",0,-0.00926652928640936,0.0212428394551347,-0.072414131649143,0,TRUE,0.822
"SI","R10","V5","V12","imprich","ipfrule",0,0.0001814329431432,0.00287666521609999,0,0,TRUE,0.996
"SI","R10","V5","V13","imprich","ipgdtim",0.0344056767187536,0.0269185763605369,0.0296982375396669,0,0.0914932194130529,TRUE,0.48
"SI","R10","V5","V14","imprich","iphlppl",0,-0.00350498138586011,0.0134958956463136,-0.0557693735294,0,TRUE,0.93
"SI","R10","V5","V15","imprich","iplylfr",0,-0.00202678841166341,0.0103813547234776,-0.0424127331416824,0,TRUE,0.96
"SI","R10","V5","V16","imprich","ipmodst",-0.0520197205244541,-0.0457903165199504,0.0348817565231618,-0.116834859091721,0,TRUE,0.272
"SI","R10","V5","V17","imprich","iprspot",0.0413829417230178,0.0351336400456005,0.0304911207645636,0,0.0940718625640062,TRUE,0.35
"SI","R10","V5","V18","imprich","ipshabt",0.0741810611115996,0.0790420390809181,0.0284132085350372,0,0.132034429315883,TRUE,0.026
"SI","R10","V5","V19","imprich","ipstrgv",0,-0.00333582916823864,0.012344472233099,-0.0531898420479189,0,TRUE,0.924
"SI","R10","V5","V20","imprich","ipsuces",0.0970449441101738,0.0979305004362981,0.027349966850308,0.042164798259674,0.151540951970184,FALSE,0.002
"SI","R10","V5","V21","imprich","ipudrst",0,-0.00238462787887595,0.0102753333546693,-0.0440527587576451,0,TRUE,0.94
"SI","R10","V5","V6","imprich","impsafe",0,0.00106265162669422,0.00687476767355232,0,0.0231561152333239,TRUE,0.974
"SI","R10","V5","V7","imprich","imptrad",0,-0.000135231444537306,0.00359089654740157,0,0,TRUE,0.992
"SI","R10","V5","V8","imprich","ipadvnt",0.0849026770722589,0.0817965421541674,0.0306172970588464,0,0.13879748842056,TRUE,0.038
"SI","R10","V5","V9","imprich","ipbhprp",0,-0.000461032816271157,0.00498327159332965,0,0,TRUE,0.982
"SI","R10","V6","V10","impsafe","ipcrtiv",0,-0.0123196413802966,0.0267234161224992,-0.0885116467532004,0,TRUE,0.806
"SI","R10","V6","V11","impsafe","ipeqopt",0.0503621176880844,0.0504437190556054,0.0351251282605244,0,0.123828114626213,TRUE,0.208
"SI","R10","V6","V12","impsafe","ipfrule",0,0.000668704364247496,0.00506292512988993,0,0,TRUE,0.982
"SI","R10","V6","V13","impsafe","ipgdtim",0.0355220355829933,0.0246172120097634,0.030273438241587,0,0.0875325494585618,TRUE,0.554
"SI","R10","V6","V14","impsafe","iphlppl",0,0.0193745703376722,0.0281887917304676,0,0.0863735250894035,TRUE,0.63
"SI","R10","V6","V15","impsafe","iplylfr",0,0.000149843444913095,0.00463044114723777,0,0,TRUE,0.984
"SI","R10","V6","V16","impsafe","ipmodst",0.0735533567257275,0.0713094573870906,0.0309968702528319,0,0.133207249622443,TRUE,0.05
"SI","R10","V6","V17","impsafe","iprspot",0,0.00240563574324038,0.0103149722260955,0,0.0406049599726854,TRUE,0.942
"SI","R10","V6","V18","impsafe","ipshabt",0.138805145574765,0.147680571315894,0.0325116777430099,0.0867621025690437,0.217461470579576,FALSE,0
"SI","R10","V6","V19","impsafe","ipstrgv",0.178613876791044,0.183074585234681,0.0362584013663574,0.106029272716566,0.248034276284729,FALSE,0
"SI","R10","V6","V20","impsafe","ipsuces",0,-0.0010814054504281,0.00814796969601601,0,0,TRUE,0.98
"SI","R10","V6","V21","impsafe","ipudrst",0,0.00106350359976789,0.0062213604149469,0,0.028253364343592,TRUE,0.97
"SI","R10","V6","V7","impsafe","imptrad",0.0465701203602867,0.0501825034741992,0.0333421148646695,0,0.111996913773636,TRUE,0.19
"SI","R10","V6","V8","impsafe","ipadvnt",-0.0971860801019358,-0.0887535400559915,0.0380779585290088,-0.152487807282958,0,TRUE,0.078
"SI","R10","V6","V9","impsafe","ipbhprp",0.0895212125514393,0.0873743995175428,0.0339005055128952,0.00971261150845684,0.153987301633575,FALSE,0.024
"SI","R10","V7","V10","imptrad","ipcrtiv",0,-7.4104011049711e-05,0.00165701606112549,0,0,TRUE,0.998
"SI","R10","V7","V11","imptrad","ipeqopt",0,-0.0240991628350117,0.0374510554373009,-0.11385193589111,0,TRUE,0.674
"SI","R10","V7","V12","imptrad","ipfrule",0.0858575701619602,0.0830544343821855,0.0322864063344637,0,0.141030499921199,TRUE,0.052
"SI","R10","V7","V13","imptrad","ipgdtim",0,-0.000488303539758111,0.0045405649536317,0,0,TRUE,0.988
"SI","R10","V7","V14","imptrad","iphlppl",0,0.0104653105262211,0.0226638407370129,0,0.0760714189276827,TRUE,0.794
"SI","R10","V7","V15","imptrad","iplylfr",0,0.0318695686001617,0.0318588208123888,0,0.0955800858976074,TRUE,0.422
"SI","R10","V7","V16","imptrad","ipmodst",0.0461525808159043,0.0481891476097853,0.0339541444527102,0,0.113087269309413,TRUE,0.234
"SI","R10","V7","V17","imptrad","iprspot",0.0512735541725387,0.0486464942693199,0.0339865263331812,0,0.117773280279422,TRUE,0.222
"SI","R10","V7","V18","imptrad","ipshabt",0,-0.00185863887864337,0.00918990799958453,-0.0403589876793159,0,TRUE,0.958
"SI","R10","V7","V19","imptrad","ipstrgv",0.0723312946760108,0.0861358145238485,0.0355117767628259,0,0.156171012584031,TRUE,0.038
"SI","R10","V7","V20","imptrad","ipsuces",0,0.000200617556029972,0.00225539748690411,0,0,TRUE,0.992
"SI","R10","V7","V21","imptrad","ipudrst",0,-0.0147441249174052,0.029126091527467,-0.097594259420324,0,TRUE,0.772
"SI","R10","V7","V8","imptrad","ipadvnt",0,-0.0233580427677078,0.0310136163449786,-0.0920618825589537,0,TRUE,0.598
"SI","R10","V7","V9","imptrad","ipbhprp",0.180146489123796,0.17910493777297,0.035709050539999,0.111046569153792,0.25591862691904,FALSE,0
"SI","R10","V8","V10","ipadvnt","ipcrtiv",0,0.00530501265308662,0.0148324850859671,0,0.0504274848034202,TRUE,0.876
"SI","R10","V8","V11","ipadvnt","ipeqopt",0,0.00432049942215728,0.0145650658809454,0,0.0556853714726776,TRUE,0.906
"SI","R10","V8","V12","ipadvnt","ipfrule",-0.0268370306742451,-0.0185361336700054,0.0270595940168427,-0.0837901260565633,0,TRUE,0.644
"SI","R10","V8","V13","ipadvnt","ipgdtim",0.110199068002966,0.101290577792286,0.0294797850810109,0.0471587329799464,0.157006392891574,FALSE,0.004
"SI","R10","V8","V14","ipadvnt","iphlppl",0,0.00153872833024819,0.00816183982355131,0,0.0353314972712581,TRUE,0.962
"SI","R10","V8","V15","ipadvnt","iplylfr",0,0.000223346712873482,0.0029466546494656,0,0,TRUE,0.994
"SI","R10","V8","V16","ipadvnt","ipmodst",0,-0.00278936867727132,0.0106846838008825,-0.0429339658589743,0,TRUE,0.932
"SI","R10","V8","V17","ipadvnt","iprspot",0.0746682483923438,0.0548753972658394,0.0373287143938334,0,0.127747198148988,TRUE,0.226
"SI","R10","V8","V18","ipadvnt","ipshabt",0,0.00690481528324783,0.0159796628167435,0,0.051483043925783,TRUE,0.828
"SI","R10","V8","V19","ipadvnt","ipstrgv",0,5.98201139546746e-05,0.00133761841224436,0,0,TRUE,0.998
"SI","R10","V8","V20","ipadvnt","ipsuces",0.0379545779747189,0.0339259467482699,0.0303971595320584,0,0.0985071018912486,TRUE,0.348
"SI","R10","V8","V21","ipadvnt","ipudrst",0,0.000384843747368799,0.00441241458615717,0,0,TRUE,0.992
"SI","R10","V8","V9","ipadvnt","ipbhprp",0,-0.00530350491550306,0.0152285401243195,-0.053029260627965,0,TRUE,0.882
"SI","R10","V9","V10","ipbhprp","ipcrtiv",0,-0.000218259613175192,0.00352902082873933,0,0,TRUE,0.996
"SI","R10","V9","V11","ipbhprp","ipeqopt",0.0419841638869332,0.0481049112147072,0.036364171702232,0,0.117004171795352,TRUE,0.268
"SI","R10","V9","V12","ipbhprp","ipfrule",0.101685097859456,0.0976698107979807,0.0309750987187904,0.042210525736693,0.153185549306349,FALSE,0.012
"SI","R10","V9","V13","ipbhprp","ipgdtim",0,-0.00132082627424972,0.00839129347272655,-0.0342132872615985,0,TRUE,0.974
"SI","R10","V9","V14","ipbhprp","iphlppl",0,0.0175956246529062,0.0257608211121229,0,0.0805860839050206,TRUE,0.63
"SI","R10","V9","V15","ipbhprp","iplylfr",0,0.0168061663781074,0.0251964621599248,0,0.0763326861118773,TRUE,0.654
"SI","R10","V9","V16","ipbhprp","ipmodst",0.160693932683515,0.158206010513218,0.0327201805522231,0.0943690512095024,0.222981128005842,FALSE,0
"SI","R10","V9","V17","ipbhprp","iprspot",0.136238742150843,0.128684184277362,0.0343513911260305,0.0621119177357087,0.194998854735552,FALSE,0.002
"SI","R10","V9","V18","ipbhprp","ipshabt",0,-0.017159865905963,0.0312937546434328,-0.0948452503048533,0,TRUE,0.742
"SI","R10","V9","V19","ipbhprp","ipstrgv",0.107207110866988,0.111413773638076,0.0349425671892404,0.0471046183937958,0.17723923147473,FALSE,0.004
"SI","R10","V9","V20","ipbhprp","ipsuces",0,0,0,0,0,TRUE,1
"SI","R10","V9","V21","ipbhprp","ipudrst",0,0.00566424389921841,0.0171301495684759,0,0.0591266952860666,TRUE,0.884
"SI","R9","V1","V10","impdiff","ipcrtiv",0.198854882361727,0.203894687814754,0.0325442780281097,0.142789140359554,0.271441054090511,FALSE,0
"SI","R9","V1","V11","impdiff","ipeqopt",0,0.000231310266338524,0.00307911600347897,0,0,TRUE,0.994
"SI","R9","V1","V12","impdiff","ipfrule",0,0.0114690878000367,0.0247657704376518,0,0.0835284271680779,TRUE,0.79
"SI","R9","V1","V13","impdiff","ipgdtim",0.0417610775443501,0.0424312157350165,0.0316800674250567,0,0.100796694244819,TRUE,0.258
"SI","R9","V1","V14","impdiff","iphlppl",0,0.00718311586196014,0.0164590837750426,0,0.0570424568571896,TRUE,0.814
"SI","R9","V1","V15","impdiff","iplylfr",0,0.00432676876014782,0.0139637194753111,0,0.0501899769812285,TRUE,0.894
"SI","R9","V1","V16","impdiff","ipmodst",0,0.000477365448157794,0.00455954238593876,0,0,TRUE,0.988
"SI","R9","V1","V17","impdiff","iprspot",0,0.000410430978934613,0.0038837759044121,0,0,TRUE,0.988
"SI","R9","V1","V18","impdiff","ipshabt",0.0383886355361896,0.0396286190060662,0.0323656097971563,0,0.105930679442969,TRUE,0.31
"SI","R9","V1","V19","impdiff","ipstrgv",0,0.00336224837458183,0.0114191853842566,0,0.042397236987356,TRUE,0.91
"SI","R9","V1","V2","impdiff","impenv",0,0.0209902913795798,0.0276274080884393,0,0.0836101921243091,TRUE,0.578
"SI","R9","V1","V20","impdiff","ipsuces",0.105436788690094,0.104073226133618,0.0343929155870351,0.0307447270955281,0.165305208222166,FALSE,0.018
"SI","R9","V1","V21","impdiff","ipudrst",0,0.0189104917552552,0.025917745492062,0,0.0835159354317742,TRUE,0.596
"SI","R9","V1","V3","impdiff","impfree",0,0.000802836587684062,0.00637975332094593,0,0,TRUE,0.978
"SI","R9","V1","V4","impdiff","impfun",0.0900307026554445,0.0942717704107815,0.0369656457740209,0.0111327903205811,0.173139146677425,FALSE,0.024
"SI","R9","V1","V5","impdiff","imprich",0,-0.000450600078435307,0.00517181053187648,0,0,TRUE,0.992
"SI","R9","V1","V6","impdiff","impsafe",0,0.00875355035482186,0.0205383845612923,0,0.0711568429444662,TRUE,0.826
"SI","R9","V1","V7","impdiff","imptrad",0,-0.00017674198502961,0.00440637958626385,0,0,TRUE,0.994
"SI","R9","V1","V8","impdiff","ipadvnt",0.205595573059222,0.214757861979424,0.0290978388112074,0.158788621995899,0.266791751915195,FALSE,0
"SI","R9","V1","V9","impdiff","ipbhprp",0,0.000665966602362311,0.00546394500266905,0,0,TRUE,0.984
"SI","R9","V10","V11","ipcrtiv","ipeqopt",0,0.0146296467180969,0.0247570973436418,0,0.0766501999470043,TRUE,0.706
"SI","R9","V10","V12","ipcrtiv","ipfrule",0,-0.0105402312290777,0.0220686705446364,-0.0716581054250288,0,TRUE,0.788
"SI","R9","V10","V13","ipcrtiv","ipgdtim",0,-0.00014468130294859,0.00323517228466288,0,0,TRUE,0.998
"SI","R9","V10","V14","ipcrtiv","iphlppl",0,0.0170926120401118,0.0252256809520929,0,0.0785599355688513,TRUE,0.64
"SI","R9","V10","V15","ipcrtiv","iplylfr",0,0.0122652307258266,0.0242168741416654,0,0.0787490642277266,TRUE,0.768
"SI","R9","V10","V16","ipcrtiv","ipmodst",0,-0.00270546250379436,0.0114124303615148,-0.0489239449002431,0,TRUE,0.942
"SI","R9","V10","V17","ipcrtiv","iprspot",0,4.35851349409978e-05,0.000974593245365723,0,0,TRUE,0.998
"SI","R9","V10","V18","ipcrtiv","ipshabt",0,0.00395061044576157,0.011751791264449,0,0.0431612014246645,TRUE,0.886
"SI","R9","V10","V19","ipcrtiv","ipstrgv",0,0,0,0,0,TRUE,1
"SI","R9","V10","V20","ipcrtiv","ipsuces",0.0598075308537546,0.0509107252827653,0.0334541040758606,0,0.117879348940862,TRUE,0.204
"SI","R9","V10","V21","ipcrtiv","ipudrst",0.161061612431949,0.160639201888741,0.0309795579241566,0.0989123361768073,0.220869075378787,FALSE,0
"SI","R9","V11","V12","ipeqopt","ipfrule",0,-0.00109999239646524,0.00707716198530653,-0.0220578595512096,0,TRUE,0.972
"SI","R9","V11","V13","ipeqopt","ipgdtim",0,0.00184494574098479,0.00965604577326146,0,0.0433082569698668,TRUE,0.96
"SI","R9","V11","V14","ipeqopt","iphlppl",0.109476521569999,0.111561357474166,0.0352613289333159,0.0421254544912944,0.17893873072919,FALSE,0.006
"SI","R9","V11","V15","ipeqopt","iplylfr",0,0.0090510141894691,0.01843510830988,0,0.0608050565963524,TRUE,0.778
"SI","R9","V11","V16","ipeqopt","ipmodst",0.0746571268345824,0.06961181320898,0.0349195497950682,0,0.136076728446427,TRUE,0.082
"SI","R9","V11","V17","ipeqopt","iprspot",0,-0.0151991631956428,0.0259021299455061,-0.0772854043401436,0,TRUE,0.716
"SI","R9","V11","V18","ipeqopt","ipshabt",0.0836537500980805,0.085439781019726,0.0453036046203024,0,0.170646868873475,TRUE,0.126
"SI","R9","V11","V19","ipeqopt","ipstrgv",0.0238293735640836,0.0289716837096191,0.0316518378579587,0,0.0976407076530751,TRUE,0.468
"SI","R9","V11","V20","ipeqopt","ipsuces",0,-0.0143227482567674,0.0283705469881263,-0.0914196629249493,0,TRUE,0.768
"SI","R9","V11","V21","ipeqopt","ipudrst",0.0850361925892543,0.0844515325785793,0.0318084857193537,0.0209101241322087,0.144955184690991,FALSE,0.022
"SI","R9","V12","V13","ipfrule","ipgdtim",-0.02711495855643,-0.0175364285034088,0.0277291468768519,-0.0869847880767267,0,TRUE,0.672
"SI","R9","V12","V14","ipfrule","iphlppl",0,0,0,0,0,TRUE,1
"SI","R9","V12","V15","ipfrule","iplylfr",0,-0.000190387104094582,0.00380359494945607,0,0,TRUE,0.992
"SI","R9","V12","V16","ipfrule","ipmodst",0,0.00454689586118655,0.012693472241161,0,0.0462696531807112,TRUE,0.876
"SI","R9","V12","V17","ipfrule","iprspot",0.0934369043638155,0.0981478837190601,0.0356217419624413,0,0.162207629215884,TRUE,0.04
"SI","R9","V12","V18","ipfrule","ipshabt",0,0.000101798588661185,0.00227628564259948,0,0,TRUE,0.998
"SI","R9","V12","V19","ipfrule","ipstrgv",0,0.00518673115846484,0.0148545503882993,0,0.0542871005695299,TRUE,0.874
"SI","R9","V12","V20","ipfrule","ipsuces",0,0.000399931671781888,0.00446720026602978,0,0,TRUE,0.992
"SI","R9","V12","V21","ipfrule","ipudrst",0.148398826424275,0.141017874199696,0.0357923121336628,0.0722884719065904,0.215987130031842,FALSE,0.002
"SI","R9","V13","V14","ipgdtim","iphlppl",0,0.000594350539293974,0.00516254927526382,0,0,TRUE,0.986
"SI","R9","V13","V15","ipgdtim","iplylfr",0.0797459214817158,0.0665748910985366,0.0384326089907977,0,0.137853685448995,TRUE,0.168
"SI","R9","V13","V16","ipgdtim","ipmodst",0,0.00102520839694438,0.00729559283878597,0,0,TRUE,0.978
"SI","R9","V13","V17","ipgdtim","iprspot",0,0.00187236848603172,0.00894116948673327,0,0.0356198799576368,TRUE,0.954
"SI","R9","V13","V18","ipgdtim","ipshabt",0,0.0138105033911885,0.0217339144269368,0,0.0668842782327227,TRUE,0.666
"SI","R9","V13","V19","ipgdtim","ipstrgv",0,0.000458715975804181,0.00431478060948694,0,0,TRUE,0.988
"SI","R9","V13","V20","ipgdtim","ipsuces",0.0547991082329087,0.0437160199668161,0.0337189702856956,0,0.109139076859798,TRUE,0.27
"SI","R9","V13","V21","ipgdtim","ipudrst",0,0.000633022657110683,0.0054992685800033,0,0,TRUE,0.986
"SI","R9","V14","V15","iphlppl","iplylfr",0.124164924380161,0.129053794432812,0.0341511273825035,0.0583598289853799,0.196706383692549,FALSE,0
"SI","R9","V14","V16","iphlppl","ipmodst",0.105367402257694,0.100563315598192,0.0329248604108833,0.038056269604997,0.16611817110719,FALSE,0.014
"SI","R9","V14","V17","iphlppl","iprspot",0,-0.0128743253215426,0.0273443691206171,-0.092841511224322,0,TRUE,0.796
"SI","R9","V14","V18","iphlppl","ipshabt",0,0.00450976363900436,0.0134239115575627,0,0.0488681620784866,TRUE,0.886
"SI","R9","V14","V19","iphlppl","ipstrgv",0.0182962072114197,0.0202851560892544,0.0262082482432736,0,0.0809632368490518,TRUE,0.562
"SI","R9","V14","V20","iphlppl","ipsuces",0.12234011794835,0.109693638415308,0.0348003974401903,0.04187852512106,0.172066539778931,FALSE,0.014
"SI","R9","V14","V21","iphlppl","ipudrst",0.0564557711175988,0.0535707032352458,0.03444133937315,0,0.124147660671661,TRUE,0.166
"SI","R9","V15","V16","iplylfr","ipmodst",0.029071075016507,0.024450232454041,0.0288409824244592,0,0.084498677006083,TRUE,0.53
"SI","R9","V15","V17","iplylfr","iprspot",0.0425254921145895,0.0500286029583429,0.0392580256010305,0,0.123214391259314,TRUE,0.314
"SI","R9","V15","V18","iplylfr","ipshabt",0,0.000755042792697838,0.00531338001303384,0,0,TRUE,0.978
"SI","R9","V15","V19","iplylfr","ipstrgv",0,0.000409360924706858,0.00359650505713521,0,0,TRUE,0.986
"SI","R9","V15","V20","iplylfr","ipsuces",0,0.00112736747889771,0.00621460918382714,0,0.0277260865116111,TRUE,0.966
"SI","R9","V15","V21","iplylfr","ipudrst",0.0569812099625076,0.0541248469479239,0.0361056714557404,0,0.12541527941328,TRUE,0.192
"SI","R9","V16","V17","ipmodst","iprspot",0,-0.007515237312858,0.02073729617236,-0.0733292083891509,0,TRUE,0.87
"SI","R9","V16","V18","ipmodst","ipshabt",0,-0.0011410588997277,0.00741147479553987,-0.0239834205700399,0,TRUE,0.974
"SI","R9","V16","V19","ipmodst","ipstrgv",0.0574455763453051,0.0500398226830958,0.035034224776287,0,0.117661447960751,TRUE,0.204
"SI","R9","V16","V20","ipmodst","ipsuces",0,-0.000450589113875242,0.00417076855492394,0,0,TRUE,0.988
"SI","R9","V16","V21","ipmodst","ipudrst",0.0895412883807725,0.0771834529783706,0.0376941494047244,0,0.15070461400365,TRUE,0.076
"SI","R9","V17","V18","iprspot","ipshabt",0.134121804276177,0.133155023156077,0.0342020814078393,0.0649656517330572,0.20104506832709,FALSE,0.002
"SI","R9","V17","V19","iprspot","ipstrgv",0,0.00560352967385014,0.0144105840921416,0,0.0494927292267911,TRUE,0.856
"SI","R9","V17","V20","iprspot","ipsuces",0.167873121879108,0.165410045677991,0.0326065510640325,0.100533072831348,0.229281356313704,FALSE,0
"SI","R9","V17","V21","iprspot","ipudrst",0,-0.00517841916503731,0.0174144855609499,-0.0710764589697443,0,TRUE,0.906
"SI","R9","V18","V19","ipshabt","ipstrgv",0,-0.000191414022396509,0.00313880377960426,0,0,TRUE,0.996
"SI","R9","V18","V20","ipshabt","ipsuces",0.258141458970477,0.249275638231585,0.0345665179667349,0.183280434113486,0.314911957482205,FALSE,0
"SI","R9","V18","V21","ipshabt","ipudrst",0,0.000163931014036519,0.00582987286965734,0,0,TRUE,0.982
"SI","R9","V19","V20","ipstrgv","ipsuces",0.0681067817797944,0.0529201491484322,0.0346469308117825,0,0.117760041349728,TRUE,0.19
"SI","R9","V19","V21","ipstrgv","ipudrst",0,0.00870636342980665,0.0197927598534617,0,0.0717272148986931,TRUE,0.81
"SI","R9","V2","V10","impenv","ipcrtiv",0,0.0222639109107454,0.031839230104565,0,0.0993823657913735,TRUE,0.624
"SI","R9","V2","V11","impenv","ipeqopt",0.0542133465433418,0.0510128642033658,0.0356768797333855,0,0.120241123952533,TRUE,0.194
"SI","R9","V2","V12","impenv","ipfrule",0,-0.000215528126456457,0.0061108524049498,0,0,TRUE,0.99
"SI","R9","V2","V13","impenv","ipgdtim",0,0.000754529929867327,0.00526569136636218,0,0,TRUE,0.978
"SI","R9","V2","V14","impenv","iphlppl",0.0878499073042579,0.081990602911849,0.0399728249496215,0,0.158250335416352,TRUE,0.056
"SI","R9","V2","V15","impenv","iplylfr",0.0504890890157871,0.0450975469864053,0.0324673875290792,0,0.110314751900615,TRUE,0.208
"SI","R9","V2","V16","impenv","ipmodst",0.105845915127599,0.0998179222372853,0.0341431973166645,0.0369708351577667,0.163677403268291,FALSE,0.01
"SI","R9","V2","V17","impenv","iprspot",0,0.000762932416660845,0.00578125509944083,0,0,TRUE,0.982
"SI","R9","V2","V18","impenv","ipshabt",0,0.00224864949076834,0.00933241978429964,0,0.0396841742988235,TRUE,0.938
"SI","R9","V2","V19","impenv","ipstrgv",0.110653736553562,0.104509169361441,0.0355651810138973,0.0361647494291695,0.178741546880252,FALSE,0.012
"SI","R9","V2","V20","impenv","ipsuces",0,0.000517634998059539,0.0053762453877164,0,0,TRUE,0.99
"SI","R9","V2","V21","impenv","ipudrst",0.0373137036417421,0.0340472467967976,0.0329672453415619,0,0.101245861045118,TRUE,0.374
"SI","R9","V2","V3","impenv","impfree",0.0616145105130612,0.0458117748018709,0.03466078132286,0,0.109744992451279,TRUE,0.272
"SI","R9","V2","V4","impenv","impfun",0,-0.000727541100146078,0.00636753273479519,0,0,TRUE,0.986
"SI","R9","V2","V5","impenv","imprich",-0.0486932161815867,-0.029523166679965,0.0325116632551714,-0.0894060203028956,0,TRUE,0.49
"SI","R9","V2","V6","impenv","impsafe",0,0.000201450636501538,0.00313441643403651,0,0,TRUE,0.992
"SI","R9","V2","V7","impenv","imptrad",0.0545358940197752,0.0387800879749691,0.0330088436654485,0,0.104632069463402,TRUE,0.334
"SI","R9","V2","V8","impenv","ipadvnt",0,0,0,0,0,TRUE,1
"SI","R9","V2","V9","impenv","ipbhprp",0.0299419544865075,0.0241337987939179,0.0301979195113387,0,0.0973649002996866,TRUE,0.534
"SI","R9","V20","V21","ipsuces","ipudrst",0,0.00156621045365948,0.00839956049257765,0,0.0339122729458358,TRUE,0.962
"SI","R9","V3","V10","impfree","ipcrtiv",0.0691425257826442,0.0602413280507158,0.0347350711919268,0,0.118603373288277,TRUE,0.15
"SI","R9","V3","V11","impfree","ipeqopt",0,0.0156423330213268,0.024504942655282,0,0.0798158833916014,TRUE,0.66
"SI","R9","V3","V12","impfree","ipfrule",-0.0618103768489528,-0.0510058638115346,0.0342858416522955,-0.112012057224211,0,TRUE,0.218
"SI","R9","V3","V13","impfree","ipgdtim",0.148022010723711,0.140652893620379,0.0336264627870677,0.0797925924019291,0.206082973596766,FALSE,0
"SI","R9","V3","V14","impfree","iphlppl",0.0555894299027298,0.0500249598615016,0.039121259893652,0,0.127831388434264,TRUE,0.25
"SI","R9","V3","V15","impfree","iplylfr",0,0.00997351957917128,0.0198629899448171,0,0.0722274411195075,TRUE,0.768
"SI","R9","V3","V16","impfree","ipmodst",0,0.000513099927534544,0.00508136303911132,0,0,TRUE,0.988
"SI","R9","V3","V17","impfree","iprspot",0,0.000198772320944956,0.00332222274182293,0,0,TRUE,0.996
"SI","R9","V3","V18","impfree","ipshabt",0,0.00647884766102492,0.0155834479650187,0,0.0512391961175695,TRUE,0.826
"SI","R9","V3","V19","impfree","ipstrgv",0.0475813297251463,0.0399619181692101,0.0342867766725775,0,0.105054683800455,TRUE,0.34
"SI","R9","V3","V20","impfree","ipsuces",0,0.000828929461752966,0.0053386045633615,0,0.0183951203269969,TRUE,0.974
"SI","R9","V3","V21","impfree","ipudrst",0,0.0031894252113143,0.0108608363123987,0,0.0407417197106343,TRUE,0.908
"SI","R9","V3","V4","impfree","impfun",0.0860193880674795,0.0793875331508704,0.038606474330444,0,0.143486202867444,TRUE,0.116
"SI","R9","V3","V5","impfree","imprich",0,-0.000677143940293821,0.00592560190345804,0,0,TRUE,0.986
"SI","R9","V3","V6","impfree","impsafe",0.0603217657351935,0.0538414529281699,0.0388040197681555,0,0.119543086430932,TRUE,0.264
"SI","R9","V3","V7","impfree","imptrad",-0.0647660493269369,-0.047035831583402,0.0383007630116123,-0.113041772479892,0,TRUE,0.334
"SI","R9","V3","V8","impfree","ipadvnt",0.0302557932597216,0.0222764076429127,0.0280153187696444,0,0.0823749884013686,TRUE,0.566
"SI","R9","V3","V9","impfree","ipbhprp",0,-0.00122474909436806,0.00834455978498438,-0.0181046823347247,0,TRUE,0.974
"SI","R9","V4","V10","impfun","ipcrtiv",0,0.0130959064744519,0.0217316625396216,0,0.0691809034892259,TRUE,0.69
"SI","R9","V4","V11","impfun","ipeqopt",0,0.000237725430748516,0.00320955573834569,0,0,TRUE,0.994
"SI","R9","V4","V12","impfun","ipfrule",0,-0.0104844564570118,0.0233941864720783,-0.0765611011387289,0,TRUE,0.818
"SI","R9","V4","V13","impfun","ipgdtim",0.25971455385478,0.254846109219304,0.0329398260539438,0.190610986496739,0.317435767310703,FALSE,0
"SI","R9","V4","V14","impfun","iphlppl",0,0,0,0,0,TRUE,1
"SI","R9","V4","V15","impfun","iplylfr",0,0.013570431199001,0.0283257494803037,0,0.0927418944171616,TRUE,0.798
"SI","R9","V4","V16","impfun","ipmodst",0,-0.00857512454244679,0.0195311887010368,-0.0672244510607875,0,TRUE,0.822
"SI","R9","V4","V17","impfun","iprspot",0,0,0,0,0,TRUE,1
"SI","R9","V4","V18","impfun","ipshabt",0,0.000500651688188339,0.00439688476094926,0,0,TRUE,0.986
"SI","R9","V4","V19","impfun","ipstrgv",0,9.96970195292151e-05,0.00222929312821449,0,0,TRUE,0.998
"SI","R9","V4","V20","impfun","ipsuces",0.0901474966819341,0.0845108845309721,0.0338292348877931,0,0.150548201555284,TRUE,0.05
"SI","R9","V4","V21","impfun","ipudrst",0,0.00991822864873493,0.0238541350420956,0,0.0804151281356283,TRUE,0.84
"SI","R9","V4","V5","impfun","imprich",0,0.000813800276255003,0.00584574457961402,0,0,TRUE,0.98
"SI","R9","V4","V6","impfun","impsafe",0,0,0,0,0,TRUE,1
"SI","R9","V4","V7","impfun","imptrad",0,0.000382765624543242,0.0049681970068085,0,0,TRUE,0.994
"SI","R9","V4","V8","impfun","ipadvnt",0.236718081984803,0.232566721725562,0.029023563373335,0.174981720288006,0.290792091838965,FALSE,0
"SI","R9","V4","V9","impfun","ipbhprp",0,0,0,0,0,TRUE,1
"SI","R9","V5","V10","imprich","ipcrtiv",0.0348744341809612,0.0280021179842367,0.0333357484948992,0,0.102853457422375,TRUE,0.53
"SI","R9","V5","V11","imprich","ipeqopt",0,-0.0105036890178627,0.020687714536873,-0.0683221401918792,0,TRUE,0.754
"SI","R9","V5","V12","imprich","ipfrule",0,0.00153697074069748,0.0095822625597829,0,0.0429108913824852,TRUE,0.968
"SI","R9","V5","V13","imprich","ipgdtim",0.0749776444580203,0.0618432202063334,0.0315168300766934,0,0.119086853553949,TRUE,0.12
"SI","R9","V5","V14","imprich","iphlppl",0,-0.0156657889485463,0.0248539251163739,-0.0766340321241545,0,TRUE,0.682
"SI","R9","V5","V15","imprich","iplylfr",0,3.51521596029087e-05,0.000786026184280258,0,0,TRUE,0.998
"SI","R9","V5","V16","imprich","ipmodst",-0.0606980983231542,-0.0497965531269641,0.0301334760484284,-0.103597293735671,0,TRUE,0.156
"SI","R9","V5","V17","imprich","iprspot",0.0485888201098472,0.0435589874910075,0.0306267577258487,0,0.104824215194979,TRUE,0.242
"SI","R9","V5","V18","imprich","ipshabt",0.068882608103744,0.0561934507494821,0.0310948161491067,0,0.112294805826262,TRUE,0.146
"SI","R9","V5","V19","imprich","ipstrgv",0,-0.0083940257691444,0.0201165577935767,-0.0653920050348602,0,TRUE,0.838
"SI","R9","V5","V20","imprich","ipsuces",0.0968761953970266,0.0837314615034767,0.0290544005810731,0.024335371935635,0.136550765649403,FALSE,0.022
"SI","R9","V5","V21","imprich","ipudrst",-0.0577692364937309,-0.0411479332325478,0.0356456150540647,-0.108132103117403,0,TRUE,0.354
"SI","R9","V5","V6","imprich","impsafe",0,-0.000430140288254525,0.00397124436617867,0,0,TRUE,0.988
"SI","R9","V5","V7","imprich","imptrad",0,-0.00385728381566249,0.0128204481038875,-0.0503134260237058,0,TRUE,0.908
"SI","R9","V5","V8","imprich","ipadvnt",0.16935209796206,0.163691452072187,0.0274043453849471,0.107160140476643,0.215782648167421,FALSE,0
"SI","R9","V5","V9","imprich","ipbhprp",0,-0.00247012290127784,0.0101290438821188,-0.0415903899728941,0,TRUE,0.938
"SI","R9","V6","V10","impsafe","ipcrtiv",0,-0.00353625772936661,0.0129435620242469,-0.0491526880894027,0,TRUE,0.924
"SI","R9","V6","V11","impsafe","ipeqopt",0,0.00304246227786394,0.0102839278527946,0,0.0400849392199953,TRUE,0.91
"SI","R9","V6","V12","impsafe","ipfrule",0,0.009417141076844,0.0192891264866303,0,0.0657853818182916,TRUE,0.774
"SI","R9","V6","V13","impsafe","ipgdtim",0.0672984574244201,0.0547399039612151,0.0372912367468624,0,0.117593859311459,TRUE,0.238
"SI","R9","V6","V14","impsafe","iphlppl",0,0.0109463778826151,0.0199817423194717,0,0.0613034608775069,TRUE,0.738
"SI","R9","V6","V15","impsafe","iplylfr",0,0.000224220948706598,0.00436537741383635,0,0,TRUE,0.988
"SI","R9","V6","V16","impsafe","ipmodst",0.132066502054772,0.120985723675925,0.0359734645400984,0.0525928516329674,0.189778850642347,FALSE,0.004
"SI","R9","V6","V17","impsafe","iprspot",0,0.0164970337320135,0.0253518717540094,0,0.0797481306964637,TRUE,0.662
"SI","R9","V6","V18","impsafe","ipshabt",0.0851109569495434,0.074572017734563,0.03645890944569,0,0.139177970853657,TRUE,0.106
"SI","R9","V6","V19","impsafe","ipstrgv",0.224352121982961,0.219825109633348,0.0367830683417213,0.14854616931126,0.292344473964533,FALSE,0
"SI","R9","V6","V20","impsafe","ipsuces",0,0.00142670078220278,0.00768556833531803,0,0.0340293721789647,TRUE,0.964
"SI","R9","V6","V21","impsafe","ipudrst",0,0.00112260682728597,0.00640023531808354,0,0.0266316357188913,TRUE,0.96
"SI","R9","V6","V7","impsafe","imptrad",0.0740647443343111,0.0712416897053342,0.0339424930906716,0,0.133617218480085,TRUE,0.08
"SI","R9","V6","V8","impsafe","ipadvnt",-0.0815189510850282,-0.0743138186578421,0.0420189597022229,-0.148404276208313,0,TRUE,0.172
"SI","R9","V6","V9","impsafe","ipbhprp",0.115341478449624,0.112558654961934,0.0355898650252976,0.0425919666975068,0.183265819856158,FALSE,0.004
"SI","R9","V7","V10","imptrad","ipcrtiv",0,-0.0154946381771237,0.024654250990044,-0.0730887208770192,0,TRUE,0.684
"SI","R9","V7","V11","imptrad","ipeqopt",0,-0.000797367362781169,0.00737060995518035,0,0,TRUE,0.98
"SI","R9","V7","V12","imptrad","ipfrule",0.0633531633236133,0.0554315833674387,0.0338718478553885,0,0.117931181682575,TRUE,0.158
"SI","R9","V7","V13","imptrad","ipgdtim",0,-0.00373622972831152,0.0137891132557057,-0.0589243817351425,0,TRUE,0.924
"SI","R9","V7","V14","imptrad","iphlppl",0,0.001192764860352,0.0074105388772883,0,0.0248278421808236,TRUE,0.97
"SI","R9","V7","V15","imptrad","iplylfr",0.0970588023035611,0.0953435412615796,0.0351653207100509,0,0.158295841585328,TRUE,0.044
"SI","R9","V7","V16","imptrad","ipmodst",0.051139174139436,0.039114596657177,0.0322818669535107,0,0.104753628398992,TRUE,0.294
"SI","R9","V7","V17","imptrad","iprspot",0.0689157464056168,0.0668657320053323,0.035650019695299,0,0.134077599805033,TRUE,0.116
"SI","R9","V7","V18","imptrad","ipshabt",0,-0.000871765805237722,0.00703328451044126,0,0,TRUE,0.984
"SI","R9","V7","V19","imptrad","ipstrgv",0.136060272576225,0.128434631986393,0.0351260528180179,0.0583551437051772,0.189316783676737,FALSE,0.002
"SI","R9","V7","V20","imptrad","ipsuces",0,0.000782664392142853,0.00545308400746101,0,0,TRUE,0.978
"SI","R9","V7","V21","imptrad","ipudrst",-0.0306686708952973,-0.0208731281493129,0.0324422912571812,-0.0997660002506077,0,TRUE,0.668
"SI","R9","V7","V8","imptrad","ipadvnt",0,-0.000435298961481724,0.00397905652419717,0,0,TRUE,0.988
"SI","R9","V7","V9","imptrad","ipbhprp",0.12946720889367,0.126219800821978,0.0378348053675136,0.052807623920421,0.193282477474307,FALSE,0.008
"SI","R9","V8","V10","ipadvnt","ipcrtiv",0,0.00277722393867945,0.0108841283428987,0,0.044111608261006,TRUE,0.932
"SI","R9","V8","V11","ipadvnt","ipeqopt",0,-0.0056481087745098,0.0167282696156896,-0.0612573506729853,0,TRUE,0.888
"SI","R9","V8","V12","ipadvnt","ipfrule",0,-0.00118521603009247,0.00713147505297204,-0.0296002985900857,0,TRUE,0.97
"SI","R9","V8","V13","ipadvnt","ipgdtim",0.0760004012908037,0.0733127036712899,0.031550397745746,0,0.130777911750627,TRUE,0.064
"SI","R9","V8","V14","ipadvnt","iphlppl",0,0,0,0,0,TRUE,1
"SI","R9","V8","V15","ipadvnt","iplylfr",0,0.0030193715646429,0.012854045430469,0,0.0546514010180602,TRUE,0.944
"SI","R9","V8","V16","ipadvnt","ipmodst",0,-0.0183457190441201,0.0246600848898076,-0.0734518818108618,0,TRUE,0.604
"SI","R9","V8","V17","ipadvnt","iprspot",0,0.00214922763481058,0.0100788564223173,0,0.0370766103189572,TRUE,0.948
"SI","R9","V8","V18","ipadvnt","ipshabt",0,0.00670649965002095,0.0176941205664472,0,0.0586856200752162,TRUE,0.864
"SI","R9","V8","V19","ipadvnt","ipstrgv",0,0.00019662758953316,0.00311752442579879,0,0,TRUE,0.996
"SI","R9","V8","V20","ipadvnt","ipsuces",0.0513217276507754,0.0459009675833546,0.0314136444068445,0,0.10572358586963,TRUE,0.22
"SI","R9","V8","V21","ipadvnt","ipudrst",0,0,0,0,0,TRUE,1
"SI","R9","V8","V9","ipadvnt","ipbhprp",0,-0.000897465259438664,0.00654168839783695,0,0,TRUE,0.978
"SI","R9","V9","V10","ipbhprp","ipcrtiv",0,-7.48505638922817e-05,0.00387712606361854,0,0,TRUE,0.994
"SI","R9","V9","V11","ipbhprp","ipeqopt",0,0.000230817338654893,0.00305472303673761,0,0,TRUE,0.994
"SI","R9","V9","V12","ipbhprp","ipfrule",0.0941514662636164,0.0865876612459187,0.0315110695487417,0,0.145760995250704,TRUE,0.032
"SI","R9","V9","V13","ipbhprp","ipgdtim",0,-0.000174136672633086,0.00282180057947599,0,0,TRUE,0.996
"SI","R9","V9","V14","ipbhprp","iphlppl",0,0.00415178679620929,0.0140014708248033,0,0.0551429746348821,TRUE,0.902
"SI","R9","V9","V15","ipbhprp","iplylfr",0,0.00214580538114715,0.00927566940621732,0,0.042361726075161,TRUE,0.944
"SI","R9","V9","V16","ipbhprp","ipmodst",0.1805143574074,0.169668045381277,0.0368562449363614,0.0939984993868948,0.238206500940679,FALSE,0
"SI","R9","V9","V17","ipbhprp","iprspot",0.184350698318775,0.185657029245476,0.0334618897477148,0.117820379842165,0.251250080504707,FALSE,0
"SI","R9","V9","V18","ipbhprp","ipshabt",0,-0.000816085130038805,0.00667046987401039,0,0,TRUE,0.984
"SI","R9","V9","V19","ipbhprp","ipstrgv",0.0706695178433637,0.0646551436184495,0.0373006152890226,0,0.140933652429582,TRUE,0.118
"SI","R9","V9","V20","ipbhprp","ipsuces",0,5.34660624277286e-05,0.00119553750077649,0,0,TRUE,0.998
"SI","R9","V9","V21","ipbhprp","ipudrst",0,0.00215598418456145,0.0104911787768713,0,0.0432019669139908,TRUE,0.946
"SK","R10","V1","V10","impdiff","ipcrtiv",0.220298218820086,0.218264022659623,0.0350670173588289,0.148446333797599,0.287895276950627,FALSE,0
"SK","R10","V1","V11","impdiff","ipeqopt",0,5.80334892643341e-05,0.00129766826966555,0,0,TRUE,0.998
"SK","R10","V1","V12","impdiff","ipfrule",0.0246794230796697,0.0225190296317183,0.0291736719899043,0,0.0878667842770849,TRUE,0.572
"SK","R10","V1","V13","impdiff","ipgdtim",0.0922647837390084,0.0904688570754855,0.0327706475541508,0.0261931102401017,0.150881427472031,FALSE,0.018
"SK","R10","V1","V14","impdiff","iphlppl",0,0.000680473244624788,0.00441976441190303,0,0.0102128752433784,TRUE,0.976
"SK","R10","V1","V15","impdiff","iplylfr",0,0.000713069279136535,0.00541420788532354,0,0,TRUE,0.98
"SK","R10","V1","V16","impdiff","ipmodst",0,-0.00520292408755076,0.0209145136420331,-0.0830683044706599,0,TRUE,0.934
"SK","R10","V1","V17","impdiff","iprspot",0.0605469251674722,0.0549476141903559,0.0329034772231047,0,0.117540378168371,TRUE,0.146
"SK","R10","V1","V18","impdiff","ipshabt",0.161422514990363,0.158635204739748,0.033179062327728,0.0892628838867973,0.225423269556389,FALSE,0
"SK","R10","V1","V19","impdiff","ipstrgv",0,0,0,0,0,TRUE,1
"SK","R10","V1","V2","impdiff","impenv",0,0.00297268356914836,0.011232553893149,0,0.0422977465661168,TRUE,0.924
"SK","R10","V1","V20","impdiff","ipsuces",0.0789393792857424,0.0737942441776271,0.0328104323684886,0,0.137269885882969,TRUE,0.046
"SK","R10","V1","V21","impdiff","ipudrst",0.0453747149994744,0.0363307165508852,0.0323197179306709,0,0.0946047478247014,TRUE,0.382
"SK","R10","V1","V3","impdiff","impfree",0,0.016563109036281,0.025822097395335,0,0.0826351222060236,TRUE,0.666
"SK","R10","V1","V4","impdiff","impfun",0.0479473263432612,0.0438527460146504,0.0348162542450734,0,0.115469238974468,TRUE,0.276
"SK","R10","V1","V5","impdiff","imprich",0,0.000494744131089103,0.0044666494784181,0,0,TRUE,0.986
"SK","R10","V1","V6","impdiff","impsafe",0,0.00157374948794989,0.00850372885946994,0,0.0348602239956019,TRUE,0.964
"SK","R10","V1","V7","impdiff","imptrad",0,0,0,0,0,TRUE,1
"SK","R10","V1","V8","impdiff","ipadvnt",0.126714484129382,0.136795505074167,0.0318935509746566,0.0704994479245347,0.198764911962285,FALSE,0
"SK","R10","V1","V9","impdiff","ipbhprp",0,0.00686365490008016,0.0192115680173036,0,0.0660424774709486,TRUE,0.87
"SK","R10","V10","V11","ipcrtiv","ipeqopt",0,0.0199891949642441,0.0266738133930314,0,0.0803962899456964,TRUE,0.592
"SK","R10","V10","V12","ipcrtiv","ipfrule",0,0.00526661961739239,0.0160354043036443,0,0.0583785609562084,TRUE,0.89
"SK","R10","V10","V13","ipcrtiv","ipgdtim",0,0.0206391268166295,0.0269507092445152,0,0.0781686919298362,TRUE,0.572
"SK","R10","V10","V14","ipcrtiv","iphlppl",0,0.00640418728583134,0.015971612141462,0,0.0543282175270951,TRUE,0.848
"SK","R10","V10","V15","ipcrtiv","iplylfr",0,0.000263941812626921,0.00280134552407947,0,0,TRUE,0.99
"SK","R10","V10","V16","ipcrtiv","ipmodst",0,-0.0125221826232367,0.0278421339345712,-0.0926911113428231,0,TRUE,0.816
"SK","R10","V10","V17","ipcrtiv","iprspot",0,0.0136848697807414,0.0218196772359204,0,0.0676147465043945,TRUE,0.672
"SK","R10","V10","V18","ipcrtiv","ipshabt",0.130650722258035,0.127288300591887,0.0329534447511658,0.0608378500571586,0.188450232657219,FALSE,0.006
"SK","R10","V10","V19","ipcrtiv","ipstrgv",0,7.21489166138148e-05,0.00161329882051454,0,0,TRUE,0.998
"SK","R10","V10","V20","ipcrtiv","ipsuces",0,0.0153193115591885,0.023815455855151,0,0.0762407618274433,TRUE,0.67
"SK","R10","V10","V21","ipcrtiv","ipudrst",0,0.00850349638467303,0.0184070875562631,0,0.0615872659932436,TRUE,0.802
"SK","R10","V11","V12","ipeqopt","ipfrule",0,0.000927484999593135,0.00565717200842641,0,0.0235496817486465,TRUE,0.97
"SK","R10","V11","V13","ipeqopt","ipgdtim",0,0.000309068535967905,0.00368375892497807,0,0,TRUE,0.992
"SK","R10","V11","V14","ipeqopt","iphlppl",0.0409728190573667,0.0413710394892518,0.0306252373757831,0,0.104006510117459,TRUE,0.238
"SK","R10","V11","V15","ipeqopt","iplylfr",0.0216005246513049,0.0203182771174111,0.0247594192552499,0,0.0750555327807539,TRUE,0.522
"SK","R10","V11","V16","ipeqopt","ipmodst",0,0.00943413291081049,0.0202756067595285,0,0.0686057527566914,TRUE,0.788
"SK","R10","V11","V17","ipeqopt","iprspot",0,-0.00260308996105648,0.0134994344103425,-0.0568744682391504,0,TRUE,0.962
"SK","R10","V11","V18","ipeqopt","ipshabt",0,0.0279455312326722,0.0313447802184052,0,0.0913978392047113,TRUE,0.506
"SK","R10","V11","V19","ipeqopt","ipstrgv",0.107746801800478,0.106146769722163,0.0353826863178078,0.0327655736018277,0.170163768002795,FALSE,0.01
"SK","R10","V11","V20","ipeqopt","ipsuces",0,0,0,0,0,TRUE,1
"SK","R10","V11","V21","ipeqopt","ipudrst",0.121724555480724,0.116429708301281,0.0273414354875415,0.0633028437336598,0.169867068122458,FALSE,0
"SK","R10","V12","V13","ipfrule","ipgdtim",0,0.00728018913096277,0.0171995085896884,0,0.0580322062818669,TRUE,0.83
"SK","R10","V12","V14","ipfrule","iphlppl",0,0.000441657839586596,0.00366426275357397,0,0,TRUE,0.984
"SK","R10","V12","V15","ipfrule","iplylfr",0,0.00232219470020993,0.00941481804574083,0,0.038261967213389,TRUE,0.936
"SK","R10","V12","V16","ipfrule","ipmodst",0.0775629588510431,0.0813061871773447,0.037300908963848,0,0.152893749062111,TRUE,0.068
"SK","R10","V12","V17","ipfrule","iprspot",0,0.000506055625354,0.00479005662272214,0,0,TRUE,0.988
"SK","R10","V12","V18","ipfrule","ipshabt",0,-0.000384130432196952,0.00441610935450473,0,0,TRUE,0.992
"SK","R10","V12","V19","ipfrule","ipstrgv",0,0.00057754553364284,0.00412673614288906,0,0,TRUE,0.98
"SK","R10","V12","V20","ipfrule","ipsuces",0,0,0,0,0,TRUE,1
"SK","R10","V12","V21","ipfrule","ipudrst",0.188985541452957,0.185334323496772,0.0308685881093735,0.124784819009607,0.25077070516314,FALSE,0
"SK","R10","V13","V14","ipgdtim","iphlppl",0,0.0124827214162409,0.021448640152654,0,0.0673699398130874,TRUE,0.71
"SK","R10","V13","V15","ipgdtim","iplylfr",0,0.00128976507302804,0.00684636418960311,0,0.0330078784792067,TRUE,0.964
"SK","R10","V13","V16","ipgdtim","ipmodst",0,-0.000115576956535092,0.00258437931445004,0,0,TRUE,0.998
"SK","R10","V13","V17","ipgdtim","iprspot",0,0.00245495406513007,0.00988201983008238,0,0.041410614608639,TRUE,0.938
"SK","R10","V13","V18","ipgdtim","ipshabt",0,0.00604211364982134,0.0147069204613004,0,0.0492041138608053,TRUE,0.844
"SK","R10","V13","V19","ipgdtim","ipstrgv",0,0.00119299191269372,0.00687811241799419,0,0.0276731466081785,TRUE,0.968
"SK","R10","V13","V20","ipgdtim","ipsuces",0.115788258643719,0.110882457933558,0.0330539756723186,0.046347271239559,0.173929728987986,FALSE,0.002
"SK","R10","V13","V21","ipgdtim","ipudrst",0,0.0062257118729566,0.0149269588616935,0,0.0514274140868855,TRUE,0.84
"SK","R10","V14","V15","iphlppl","iplylfr",0.236548633244751,0.231888374187523,0.0324833894849679,0.162643782351872,0.293934619914069,FALSE,0
"SK","R10","V14","V16","iphlppl","ipmodst",0.0729121722003728,0.0840808444254942,0.035313964249728,0,0.152233888517901,TRUE,0.056
"SK","R10","V14","V17","iphlppl","iprspot",0.0670155772192642,0.0681842727773883,0.0293085822476932,0,0.12164675898594,TRUE,0.06
"SK","R10","V14","V18","iphlppl","ipshabt",0,0,0,0,0,TRUE,1
"SK","R10","V14","V19","iphlppl","ipstrgv",0.0528030030683238,0.0506187752738552,0.03216762780197,0,0.111502831356974,TRUE,0.17
"SK","R10","V14","V20","iphlppl","ipsuces",0,0.00223220509389091,0.0101140292850634,0,0.0440986814651032,TRUE,0.948
"SK","R10","V14","V21","iphlppl","ipudrst",0.193262321349219,0.189675353372154,0.0327630555611241,0.12662209145177,0.252703543393004,FALSE,0
"SK","R10","V15","V16","iplylfr","ipmodst",0,0.000553237852607222,0.00460923367418368,0,0,TRUE,0.984
"SK","R10","V15","V17","iplylfr","iprspot",0.0404017857330918,0.0304136485228216,0.0284404933885411,0,0.0865831840165606,TRUE,0.392
"SK","R10","V15","V18","iplylfr","ipshabt",0,0.00280103663758175,0.010646927921563,0,0.0401777606949123,TRUE,0.928
"SK","R10","V15","V19","iplylfr","ipstrgv",0.0566765257374858,0.0559497495617061,0.033730745385197,0,0.118515679595189,TRUE,0.142
"SK","R10","V15","V20","iplylfr","ipsuces",0,0,0,0,0,TRUE,1
"SK","R10","V15","V21","iplylfr","ipudrst",0.02990414667581,0.0260384046199812,0.0264745234593574,0,0.0812157207145367,TRUE,0.422
"SK","R10","V16","V17","ipmodst","iprspot",0,-0.020068135853254,0.0341260840224832,-0.104992867663241,0,TRUE,0.718
"SK","R10","V16","V18","ipmodst","ipshabt",0,-0.000590601583143544,0.00608571130384137,0,0,TRUE,0.99
"SK","R10","V16","V19","ipmodst","ipstrgv",0.0941922498668178,0.0948414912430749,0.0340622414742105,0,0.15898973515174,TRUE,0.026
"SK","R10","V16","V20","ipmodst","ipsuces",0,-0.00193584976685788,0.0110816704151091,-0.049163563805189,0,TRUE,0.968
"SK","R10","V16","V21","ipmodst","ipudrst",0.106847473040928,0.107108786892629,0.0386027513473637,0,0.179043236032569,TRUE,0.048
"SK","R10","V17","V18","iprspot","ipshabt",0.175227580929384,0.17279781774117,0.0336062537539407,0.108514255292973,0.241915811702549,FALSE,0
"SK","R10","V17","V19","iprspot","ipstrgv",0,0,0,0,0,TRUE,1
"SK","R10","V17","V20","iprspot","ipsuces",0.212509444067455,0.208076487105501,0.033068144261998,0.141195055815947,0.270246871890541,FALSE,0
"SK","R10","V17","V21","iprspot","ipudrst",0,0.00100948380764086,0.00742376177228756,0,0.0108840531032801,TRUE,0.974
"SK","R10","V18","V19","ipshabt","ipstrgv",0,0,0,0,0,TRUE,1
"SK","R10","V18","V20","ipshabt","ipsuces",0.22729403316829,0.22646413333354,0.0322960509400103,0.160064892444559,0.290716831460834,FALSE,0
"SK","R10","V18","V21","ipshabt","ipudrst",0,0.00500852152448229,0.0161182879494632,0,0.0616171438293387,TRUE,0.908
"SK","R10","V19","V20","ipstrgv","ipsuces",0,0,0,0,0,TRUE,1
"SK","R10","V19","V21","ipstrgv","ipudrst",0,0.017970495179622,0.023876650670274,0,0.0717093078095078,TRUE,0.58
"SK","R10","V2","V10","impenv","ipcrtiv",0.056989037496534,0.0548362206397221,0.0287477196604426,0,0.109447597625438,TRUE,0.128
"SK","R10","V2","V11","impenv","ipeqopt",0.0695762658849152,0.066006925883894,0.0309464049926784,0,0.124905542746274,TRUE,0.06
"SK","R10","V2","V12","impenv","ipfrule",0,0.00112687978118757,0.00600503337013784,0,0.0271532717533774,TRUE,0.964
"SK","R10","V2","V13","impenv","ipgdtim",0,0.000122886190151451,0.00195370856135184,0,0,TRUE,0.996
"SK","R10","V2","V14","impenv","iphlppl",0.0578634652134111,0.0540753044719047,0.0314354636980612,0,0.118273421626231,TRUE,0.112
"SK","R10","V2","V15","impenv","iplylfr",0.185954796162078,0.183544189105656,0.0336319221238416,0.12056334099784,0.251936493274237,FALSE,0
"SK","R10","V2","V16","impenv","ipmodst",0,0.00313411552164216,0.0118819570027293,0,0.0461922958882536,TRUE,0.924
"SK","R10","V2","V17","impenv","iprspot",0,0.000570785827641593,0.00440425672851954,0,0,TRUE,0.982
"SK","R10","V2","V18","impenv","ipshabt",0,0,0,0,0,TRUE,1
"SK","R10","V2","V19","impenv","ipstrgv",0.116057791870201,0.111643278809949,0.0329193385257411,0.0447842827849515,0.176093705053429,FALSE,0.006
"SK","R10","V2","V20","impenv","ipsuces",0,0.0109527393195596,0.0206291821169725,0,0.065646622453105,TRUE,0.758
"SK","R10","V2","V21","impenv","ipudrst",0.0671026355198745,0.0622954864743442,0.0323850062714834,0,0.121998494325274,TRUE,0.084
"SK","R10","V2","V3","impenv","impfree",0.0540412070307217,0.0498086744367941,0.0321781352290237,0,0.118562796348718,TRUE,0.166
"SK","R10","V2","V4","impenv","impfun",0,0.00543428518561455,0.0150103461417295,0,0.0538605815866655,TRUE,0.866
"SK","R10","V2","V5","impenv","imprich",0,0,0,0,0,TRUE,1
"SK","R10","V2","V6","impenv","impsafe",0.0551384933195017,0.0510051503289945,0.0334536596478141,0,0.117425306977285,TRUE,0.186
"SK","R10","V2","V7","impenv","imptrad",0.110644094359496,0.101662245020418,0.0303425514156827,0.0462436234319574,0.163392869834831,FALSE,0.006
"SK","R10","V2","V8","impenv","ipadvnt",0,0,0,0,0,TRUE,1
"SK","R10","V2","V9","impenv","ipbhprp",0.0237311994309844,0.0195744094051796,0.0248130330511082,0,0.0784579183048845,TRUE,0.552
"SK","R10","V20","V21","ipsuces","ipudrst",0,0.00640681034063323,0.0184198216191912,0,0.0655886177572423,TRUE,0.884
"SK","R10","V3","V10","impfree","ipcrtiv",0.151247763364598,0.156789382495622,0.0319815567106992,0.0959196458788716,0.219887376544037,FALSE,0
"SK","R10","V3","V11","impfree","ipeqopt",0.11007459104184,0.110804159595004,0.0300985937996346,0.0521568588440428,0.173970376608981,FALSE,0.004
"SK","R10","V3","V12","impfree","ipfrule",0,-0.00325490050453315,0.0149090906174167,-0.0696874538541538,0,TRUE,0.952
"SK","R10","V3","V13","impfree","ipgdtim",0.0557751004974947,0.0581615838444392,0.0331824137110056,0,0.115602505542718,TRUE,0.15
"SK","R10","V3","V14","impfree","iphlppl",0.0257041302965726,0.028050149515364,0.028446132926296,0,0.0905244943462751,TRUE,0.426
"SK","R10","V3","V15","impfree","iplylfr",0.0573658462144975,0.0501148348882084,0.0292249920818079,0,0.106926359907441,TRUE,0.134
"SK","R10","V3","V16","impfree","ipmodst",0,0.000779509680977038,0.00731513803807374,0,0,TRUE,0.988
"SK","R10","V3","V17","impfree","iprspot",0,0.0133442033623858,0.022941275488125,0,0.0722711826786526,TRUE,0.71
"SK","R10","V3","V18","impfree","ipshabt",0,0.000328736381697531,0.00343378432964909,0,0,TRUE,0.99
"SK","R10","V3","V19","impfree","ipstrgv",0.0936332188685238,0.0944052253540451,0.0306529985361633,0.0349851837028115,0.158091091012377,FALSE,0.01
"SK","R10","V3","V20","impfree","ipsuces",0,0.0138291710808734,0.0250362355222742,0,0.0773377147883856,TRUE,0.75
"SK","R10","V3","V21","impfree","ipudrst",0,0.000651158166349181,0.00479431157533766,0,0,TRUE,0.98
"SK","R10","V3","V4","impfree","impfun",0,0.00342189602915457,0.0116247166176835,0,0.0436436076300256,TRUE,0.908
"SK","R10","V3","V5","impfree","imprich",0,-0.000114812334245872,0.00256728184029196,0,0,TRUE,0.998
"SK","R10","V3","V6","impfree","impsafe",0.0646586633043399,0.0627977773980175,0.0366436489147582,0,0.130576328914433,TRUE,0.17
"SK","R10","V3","V7","impfree","imptrad",0,-0.000119672950311976,0.00267596851965533,0,0,TRUE,0.998
"SK","R10","V3","V8","impfree","ipadvnt",0,0.0101491656412344,0.0254186197537479,0,0.0855986101688132,TRUE,0.854
"SK","R10","V3","V9","impfree","ipbhprp",0,-0.00196412112913636,0.0115934531668187,-0.0486520904283904,0,TRUE,0.968
"SK","R10","V4","V10","impfun","ipcrtiv",0,0.0300198303932084,0.0308854451824205,0,0.0974925428789269,TRUE,0.428
"SK","R10","V4","V11","impfun","ipeqopt",0,0.000385638425331724,0.00386416570499771,0,0,TRUE,0.99
"SK","R10","V4","V12","impfun","ipfrule",0,0.00031855782022334,0.00374966319926392,0,0,TRUE,0.992
"SK","R10","V4","V13","impfun","ipgdtim",0.162500203524684,0.161350540221466,0.0320161279375767,0.0946066371188305,0.227569769270103,FALSE,0
"SK","R10","V4","V14","impfun","iphlppl",0,0.00190802882615266,0.00824598906607519,0,0.0312534920816503,TRUE,0.944
"SK","R10","V4","V15","impfun","iplylfr",0.0329787513367064,0.0179117347644819,0.0241410980688854,0,0.072119163304121,TRUE,0.6
"SK","R10","V4","V16","impfun","ipmodst",0,-0.000824407242968751,0.00721914509145241,0,0,TRUE,0.986
"SK","R10","V4","V17","impfun","iprspot",0,0.0113344551849886,0.0194269783289545,0,0.0628428492491101,TRUE,0.712
"SK","R10","V4","V18","impfun","ipshabt",0,0.0146588282634685,0.0244011332902628,0,0.0767917058184806,TRUE,0.708
"SK","R10","V4","V19","impfun","ipstrgv",0,0,0,0,0,TRUE,1
"SK","R10","V4","V20","impfun","ipsuces",0.0647876065163932,0.0564497455200339,0.0383201795935306,0,0.129399867448197,TRUE,0.222
"SK","R10","V4","V21","impfun","ipudrst",0,0.000358962097506763,0.00374096745073612,0,0,TRUE,0.99
"SK","R10","V4","V5","impfun","imprich",0,0.00298287372794241,0.0109466847359831,0,0.0411372587890153,TRUE,0.924
"SK","R10","V4","V6","impfun","impsafe",0,9.51772973397054e-05,0.00212822906766291,0,0,TRUE,0.998
"SK","R10","V4","V7","impfun","imptrad",0,0.00655478502290456,0.01847475018354,0,0.0698957166026112,TRUE,0.878
"SK","R10","V4","V8","impfun","ipadvnt",0.229812985259237,0.221930303665726,0.0344411105685522,0.156299803775849,0.287093736285689,FALSE,0
"SK","R10","V4","V9","impfun","ipbhprp",0,-0.000159078684661866,0.00253128464913016,0,0,TRUE,0.996
"SK","R10","V5","V10","imprich","ipcrtiv",0,0.012117498086466,0.0225957687572098,0,0.0730899265878015,TRUE,0.75
"SK","R10","V5","V11","imprich","ipeqopt",0,0,0,0,0,TRUE,1
"SK","R10","V5","V12","imprich","ipfrule",0,-0.000120236711442414,0.00268857460176264,0,0,TRUE,0.998
"SK","R10","V5","V13","imprich","ipgdtim",0.134927809263025,0.144701293678148,0.0353383693045816,0.0743642999387953,0.221523767728999,FALSE,0.002
"SK","R10","V5","V14","imprich","iphlppl",0,-0.000694827087940791,0.00602196479402039,0,0,TRUE,0.986
"SK","R10","V5","V15","imprich","iplylfr",0,-0.00150945388947454,0.00979543510964541,-0.0283618987292348,0,TRUE,0.974
"SK","R10","V5","V16","imprich","ipmodst",-0.162159126764401,-0.158601080062514,0.0282590870230663,-0.213888279413629,-0.102840063857776,FALSE,0
"SK","R10","V5","V17","imprich","iprspot",0,0.0286419410175994,0.0303464242443291,0,0.0933958810959915,TRUE,0.474
"SK","R10","V5","V18","imprich","ipshabt",0.172691286511179,0.174914872376011,0.030836435992538,0.115318629380019,0.237409450555097,FALSE,0
"SK","R10","V5","V19","imprich","ipstrgv",0,0.00183215316442759,0.00982608082234968,0,0.0432327847923751,TRUE,0.964
"SK","R10","V5","V20","imprich","ipsuces",0.0906532364378716,0.0882725636289552,0.0360389807182585,0,0.152253431345863,TRUE,0.06
"SK","R10","V5","V21","imprich","ipudrst",0,0,0,0,0,TRUE,1
"SK","R10","V5","V6","imprich","impsafe",0,0,0,0,0,TRUE,1
"SK","R10","V5","V7","imprich","imptrad",0,-0.00955180337712251,0.0206334284463509,-0.071014396845757,0,TRUE,0.802
"SK","R10","V5","V8","imprich","ipadvnt",0.0436886330866873,0.0417553798232056,0.0300419066742364,0,0.0976563488751289,TRUE,0.248
"SK","R10","V5","V9","imprich","ipbhprp",0,-0.000102457594135308,0.00229102145297633,0,0,TRUE,0.998
"SK","R10","V6","V10","impsafe","ipcrtiv",0,0,0,0,0,TRUE,1
"SK","R10","V6","V11","impsafe","ipeqopt",0.209497933554059,0.203168208007153,0.034888185141973,0.128545639289076,0.273029761357469,FALSE,0
"SK","R10","V6","V12","impsafe","ipfrule",0.0652315302702589,0.0591999351651967,0.0322765287113108,0,0.123531414618516,TRUE,0.124
"SK","R10","V6","V13","impsafe","ipgdtim",0,0,0,0,0,TRUE,1
"SK","R10","V6","V14","impsafe","iphlppl",0.055157637812974,0.0531185816199331,0.0321209999883197,0,0.116483942038799,TRUE,0.148
"SK","R10","V6","V15","impsafe","iplylfr",0.064820909742125,0.0595168141352061,0.0345953022665391,0,0.131031183896807,TRUE,0.132
"SK","R10","V6","V16","impsafe","ipmodst",0.0524162798583182,0.0458083139853257,0.0353632489415259,0,0.110547556421836,TRUE,0.29
"SK","R10","V6","V17","impsafe","iprspot",0,9.49917312873419e-05,0.0021240796845889,0,0,TRUE,0.998
"SK","R10","V6","V18","impsafe","ipshabt",0,0.00625013135207343,0.0170504046009579,0,0.0645180657411308,TRUE,0.866
"SK","R10","V6","V19","impsafe","ipstrgv",0.253684488449161,0.253542303300164,0.0337165843089622,0.186604179819168,0.322904800014566,FALSE,0
"SK","R10","V6","V20","impsafe","ipsuces",0,0,0,0,0,TRUE,1
"SK","R10","V6","V21","impsafe","ipudrst",0,0.00321304826776322,0.0103244532925486,0,0.0392206340083419,TRUE,0.9
"SK","R10","V6","V7","impsafe","imptrad",0,0,0,0,0,TRUE,1
"SK","R10","V6","V8","impsafe","ipadvnt",-0.0382941895168063,-0.0355605544126191,0.0358951148846137,-0.103057763034164,0,TRUE,0.448
"SK","R10","V6","V9","impsafe","ipbhprp",0.0764456047889089,0.0715628580832701,0.0314900858262352,0,0.132587777731267,TRUE,0.05
"SK","R10","V7","V10","imptrad","ipcrtiv",0,5.87343299896871e-05,0.00131333954469845,0,0,TRUE,0.998
"SK","R10","V7","V11","imptrad","ipeqopt",0.0257027198156061,0.0198621770998281,0.0228838111741263,0,0.0672642544730754,TRUE,0.512
"SK","R10","V7","V12","imptrad","ipfrule",0,0.0150809844674485,0.0237944539404516,0,0.0738845353094539,TRUE,0.666
"SK","R10","V7","V13","imptrad","ipgdtim",0,-0.000259465987255767,0.00468700282548996,0,0,TRUE,0.996
"SK","R10","V7","V14","imptrad","iphlppl",0,0.0224187991851606,0.0264549473105323,0,0.0813758430230569,TRUE,0.51
"SK","R10","V7","V15","imptrad","iplylfr",0.11751396382658,0.110561234079098,0.0322193452806613,0.0508405345147753,0.172357212794851,FALSE,0.008
"SK","R10","V7","V16","imptrad","ipmodst",0.106208647379317,0.103653402135407,0.0313147636581626,0.0423150214772262,0.162318744249974,FALSE,0.002
"SK","R10","V7","V17","imptrad","iprspot",0.055481845494513,0.0479722484866677,0.0363319036815297,0,0.117173375442175,TRUE,0.282
"SK","R10","V7","V18","imptrad","ipshabt",0,0.00356174040955062,0.0129431873264102,0,0.048667752102912,TRUE,0.92
"SK","R10","V7","V19","imptrad","ipstrgv",0.0603584390611877,0.0559035290423551,0.02825739718735,0,0.109989984540583,TRUE,0.082
"SK","R10","V7","V20","imptrad","ipsuces",0,-0.000953007368969101,0.00820142764645797,0,0,TRUE,0.984
"SK","R10","V7","V21","imptrad","ipudrst",0,0.000238306216428979,0.00341519799501473,0,0,TRUE,0.994
"SK","R10","V7","V8","imptrad","ipadvnt",0,-0.00244949425617194,0.0101753899025782,-0.0416105630315961,0,TRUE,0.94
"SK","R10","V7","V9","imptrad","ipbhprp",0.0927444121617168,0.0874162939926987,0.0340891754449788,0.0157450328878224,0.155194425106736,FALSE,0.022
"SK","R10","V8","V10","ipadvnt","ipcrtiv",0,0.000676190401750435,0.00561358541543844,0,0,TRUE,0.984
"SK","R10","V8","V11","ipadvnt","ipeqopt",0,-0.000680126375102586,0.00551346454831746,0,0,TRUE,0.984
"SK","R10","V8","V12","ipadvnt","ipfrule",0,-0.000533649357791372,0.00464007643500454,0,0,TRUE,0.986
"SK","R10","V8","V13","ipadvnt","ipgdtim",0.197880505665192,0.201685016772425,0.0325293986670212,0.141156635127791,0.264618935279653,FALSE,0
"SK","R10","V8","V14","ipadvnt","iphlppl",0,0,0,0,0,TRUE,1
"SK","R10","V8","V15","ipadvnt","iplylfr",0,0,0,0,0,TRUE,1
"SK","R10","V8","V16","ipadvnt","ipmodst",-0.0253128514849036,-0.0199510302044024,0.0246764350794788,-0.0744488287018452,0,TRUE,0.544
"SK","R10","V8","V17","ipadvnt","iprspot",0.0476963785562879,0.0463738574036536,0.0379501281232913,0,0.123290486558808,TRUE,0.318
"SK","R10","V8","V18","ipadvnt","ipshabt",0,0.00404044576370468,0.0129466710644704,0,0.0465042494780963,TRUE,0.898
"SK","R10","V8","V19","ipadvnt","ipstrgv",0,-0.00293798234014876,0.0128029156441122,-0.05495302039409,0,TRUE,0.946
"SK","R10","V8","V20","ipadvnt","ipsuces",0.153482205304685,0.154192140545802,0.0290134300930861,0.0983767549205464,0.213045438262554,FALSE,0
"SK","R10","V8","V21","ipadvnt","ipudrst",0,6.07398555166934e-05,0.00135818445878842,0,0,TRUE,0.998
"SK","R10","V8","V9","ipadvnt","ipbhprp",0,-0.00209725214057772,0.00976423251914525,-0.0413351664103717,0,TRUE,0.952
"SK","R10","V9","V10","ipbhprp","ipcrtiv",0,0.00158626838068999,0.00841069916711421,0,0.0371108091573797,TRUE,0.962
"SK","R10","V9","V11","ipbhprp","ipeqopt",0,0.0112327052532709,0.0211430021415507,0,0.068259250869699,TRUE,0.736
"SK","R10","V9","V12","ipbhprp","ipfrule",0.179403989840741,0.178721142070818,0.0317189484992029,0.114052747458525,0.240435364481404,FALSE,0
"SK","R10","V9","V13","ipbhprp","ipgdtim",0,-0.000227051958622953,0.00306366460067341,0,0,TRUE,0.994
"SK","R10","V9","V14","ipbhprp","iphlppl",0.0350470966926521,0.0352670180783557,0.0343369187100049,0,0.110092666650355,TRUE,0.382
"SK","R10","V9","V15","ipbhprp","iplylfr",0.0585481900840635,0.0528185262884919,0.0345394191861143,0,0.117416043383462,TRUE,0.194
"SK","R10","V9","V16","ipbhprp","ipmodst",0.142388919381413,0.143564253753947,0.0346700380298631,0.0717000933346561,0.211534856747151,FALSE,0
"SK","R10","V9","V17","ipbhprp","iprspot",0.0356284285391087,0.044314667178373,0.0366365567001178,0,0.122810088007941,TRUE,0.322
"SK","R10","V9","V18","ipbhprp","ipshabt",0,0,0,0,0,TRUE,1
"SK","R10","V9","V19","ipbhprp","ipstrgv",0.0531404981848784,0.0529789808210105,0.0344320791937119,0,0.119109317214364,TRUE,0.186
"SK","R10","V9","V20","ipbhprp","ipsuces",0,-8.57919807956442e-05,0.00191836700983417,0,0,TRUE,0.998
"SK","R10","V9","V21","ipbhprp","ipudrst",0,0.0171474654008408,0.0243007476529837,0,0.0745653972954127,TRUE,0.61
"SK","R9","V1","V10","impdiff","ipcrtiv",0.186576834733931,0.185955870887505,0.0354103561342171,0.108839841998412,0.253173013199323,FALSE,0
"SK","R9","V1","V11","impdiff","ipeqopt",0,0.00257578758731633,0.0104782374289909,0,0.0419115075924927,TRUE,0.934
"SK","R9","V1","V12","impdiff","ipfrule",0,0.00257449432317215,0.0113387994815802,0,0.0449906503260759,TRUE,0.946
"SK","R9","V1","V13","impdiff","ipgdtim",0.026897252980076,0.0276901589831814,0.0296900983618195,0,0.0933900771317713,TRUE,0.46
"SK","R9","V1","V14","impdiff","iphlppl",0,0.0245468195675762,0.0308442059458836,0,0.0952133728196451,TRUE,0.562
"SK","R9","V1","V15","impdiff","iplylfr",0,0,0,0,0,TRUE,1
"SK","R9","V1","V16","impdiff","ipmodst",0,-0.000732019520712419,0.00628714251357376,0,0,TRUE,0.986
"SK","R9","V1","V17","impdiff","iprspot",0,0.0164371625402689,0.0262566123441751,0,0.0764879754090311,TRUE,0.676
"SK","R9","V1","V18","impdiff","ipshabt",0.140933004289501,0.14137914959636,0.037276405889882,0.0667181955599686,0.211921401728665,FALSE,0
"SK","R9","V1","V19","impdiff","ipstrgv",0,0,0,0,0,TRUE,1
"SK","R9","V1","V2","impdiff","impenv",0,0.00120578134347103,0.0066352601063692,0,0.028122581272376,TRUE,0.966
"SK","R9","V1","V20","impdiff","ipsuces",0.0696778360069934,0.0659123569831943,0.0345553447990422,0,0.133566814203878,TRUE,0.094
"SK","R9","V1","V21","impdiff","ipudrst",0,0.0111645213075623,0.0220865003545182,0,0.0700142621235174,TRUE,0.774
"SK","R9","V1","V3","impdiff","impfree",0.0461406985109394,0.0394730480684752,0.0356296763133753,0,0.106943720696485,TRUE,0.38
"SK","R9","V1","V4","impdiff","impfun",0.0578780218311266,0.0588179887882134,0.037255300245053,0,0.135927038772656,TRUE,0.182
"SK","R9","V1","V5","impdiff","imprich",0.0879545864559941,0.0917295122967606,0.0322270700072886,0.0295351631911299,0.151849428513822,FALSE,0.02
"SK","R9","V1","V6","impdiff","impsafe",0,0.000118827077269084,0.00265705422341291,0,0,TRUE,0.998
"SK","R9","V1","V7","impdiff","imptrad",0,0,0,0,0,TRUE,1
"SK","R9","V1","V8","impdiff","ipadvnt",0.151358026017525,0.150756525830798,0.0335612300451422,0.0833943734213049,0.217064070232096,FALSE,0
"SK","R9","V1","V9","impdiff","ipbhprp",0,-0.000158937144672095,0.00355394259636523,0,0,TRUE,0.998
"SK","R9","V10","V11","ipcrtiv","ipeqopt",0.0306361658938,0.0219624080544376,0.0271293940272422,0,0.0793452507881674,TRUE,0.558
"SK","R9","V10","V12","ipcrtiv","ipfrule",0,0.00300318038921352,0.0121954206041126,0,0.0446454407819627,TRUE,0.934
"SK","R9","V10","V13","ipcrtiv","ipgdtim",0,0.00455330292423568,0.0127873025874952,0,0.0463939985349675,TRUE,0.876
"SK","R9","V10","V14","ipcrtiv","iphlppl",0.0676246314200265,0.0599400694378258,0.037344081542058,0,0.124289920536236,TRUE,0.192
"SK","R9","V10","V15","ipcrtiv","iplylfr",0,0.000799131769151468,0.00543306263695373,0,0,TRUE,0.978
"SK","R9","V10","V16","ipcrtiv","ipmodst",0,-7.66994973444812e-05,0.00171505289902325,0,0,TRUE,0.998
"SK","R9","V10","V17","ipcrtiv","iprspot",0,0.00590709698996391,0.0150724598523291,0,0.0509490037997885,TRUE,0.852
"SK","R9","V10","V18","ipcrtiv","ipshabt",0.150222916140741,0.148326874420025,0.0350994529039614,0.0825460508983594,0.221668295665514,FALSE,0.002
"SK","R9","V10","V19","ipcrtiv","ipstrgv",0,0,0,0,0,TRUE,1
"SK","R9","V10","V20","ipcrtiv","ipsuces",0.0822863219667636,0.0774159612496529,0.0378862332435758,0,0.150645923841669,TRUE,0.066
"SK","R9","V10","V21","ipcrtiv","ipudrst",0.0376831743683961,0.0208916544140763,0.027775521489169,0,0.0841431606159053,TRUE,0.584
"SK","R9","V11","V12","ipeqopt","ipfrule",0,0.0153744175229182,0.0263437399346371,0,0.0844135827026409,TRUE,0.694
"SK","R9","V11","V13","ipeqopt","ipgdtim",0,0,0,0,0,TRUE,1
"SK","R9","V11","V14","ipeqopt","iphlppl",0.0170897296295631,0.0219643899687437,0.0274596350442263,0,0.0847154050229006,TRUE,0.534
"SK","R9","V11","V15","ipeqopt","iplylfr",0.0596322234494144,0.0501092878249551,0.0357419095660105,0,0.121669843101445,TRUE,0.226
"SK","R9","V11","V16","ipeqopt","ipmodst",0,0.000457357345902507,0.00494950072964939,0,0,TRUE,0.99
"SK","R9","V11","V17","ipeqopt","iprspot",0,6.83053297681088e-05,0.00152735360587031,0,0,TRUE,0.998
"SK","R9","V11","V18","ipeqopt","ipshabt",0,0.0183525813426157,0.029593703379451,0,0.0883081211042395,TRUE,0.694
"SK","R9","V11","V19","ipeqopt","ipstrgv",0.0940517603463541,0.0944323224929409,0.0359619221167991,0,0.162491420211435,TRUE,0.038
"SK","R9","V11","V20","ipeqopt","ipsuces",0,-0.000736864601098305,0.00758360886815361,0,0,TRUE,0.99
"SK","R9","V11","V21","ipeqopt","ipudrst",0.143114416982713,0.135690740106002,0.0327802048023525,0.0724397913024378,0.201223327842019,FALSE,0
"SK","R9","V12","V13","ipfrule","ipgdtim",0,-0.0019736686557309,0.0113962334602123,-0.0480453867258796,0,TRUE,0.968
"SK","R9","V12","V14","ipfrule","iphlppl",0,0.0150669135759416,0.0239413368409199,0,0.0736379247146999,TRUE,0.678
"SK","R9","V12","V15","ipfrule","iplylfr",0,0.000377880234005617,0.00386332254744727,0,0,TRUE,0.99
"SK","R9","V12","V16","ipfrule","ipmodst",0.0674727408598994,0.0732328190085515,0.0388211212305532,0,0.153064757509126,TRUE,0.108
"SK","R9","V12","V17","ipfrule","iprspot",0,-9.98790397737511e-05,0.00223336322461513,0,0,TRUE,0.998
"SK","R9","V12","V18","ipfrule","ipshabt",0,0,0,0,0,TRUE,1
"SK","R9","V12","V19","ipfrule","ipstrgv",0,0.00905545871938643,0.0206912220971449,0,0.0686631836378079,TRUE,0.82
"SK","R9","V12","V20","ipfrule","ipsuces",0,0,0,0,0,TRUE,1
"SK","R9","V12","V21","ipfrule","ipudrst",0.143543250190259,0.131273093531757,0.0352593737250269,0.0634738936995864,0.20107191456827,FALSE,0
"SK","R9","V13","V14","ipgdtim","iphlppl",0,0.00216012332310609,0.0108122276544854,0,0.049015531990674,TRUE,0.958
"SK","R9","V13","V15","ipgdtim","iplylfr",0,0.000578039897320775,0.00492956469704081,0,0,TRUE,0.986
"SK","R9","V13","V16","ipgdtim","ipmodst",0,-0.0073194238138381,0.0200979070915811,-0.0723403446431312,0,TRUE,0.872
"SK","R9","V13","V17","ipgdtim","iprspot",0,0.0186758437131525,0.026975053590858,0,0.0798091752575758,TRUE,0.632
"SK","R9","V13","V18","ipgdtim","ipshabt",0,0.0228432021625844,0.028814057146264,0,0.0869081058370354,TRUE,0.538
"SK","R9","V13","V19","ipgdtim","ipstrgv",0,0,0,0,0,TRUE,1
"SK","R9","V13","V20","ipgdtim","ipsuces",0.129999236880979,0.12894217519313,0.0349013725134815,0.0604040459674579,0.197662171151643,FALSE,0
"SK","R9","V13","V21","ipgdtim","ipudrst",0,0.000200204539165801,0.00258805696245079,0,0,TRUE,0.994
"SK","R9","V14","V15","iphlppl","iplylfr",0.15714243573774,0.149128555289554,0.0320486782663074,0.0865832568030787,0.210818083561482,FALSE,0
"SK","R9","V14","V16","iphlppl","ipmodst",0.098295404038372,0.10906720230753,0.0344570535439008,0.0418534027965163,0.176934565659522,FALSE,0.016
"SK","R9","V14","V17","iphlppl","iprspot",0,0.000528243800488015,0.00485250142033233,0,0,TRUE,0.986
"SK","R9","V14","V18","iphlppl","ipshabt",0,0.000226189606469585,0.00308887144669863,0,0,TRUE,0.994
"SK","R9","V14","V19","iphlppl","ipstrgv",0.0878770602256016,0.0818213702481534,0.0357988204892843,0,0.153891653464009,TRUE,0.04
"SK","R9","V14","V20","iphlppl","ipsuces",0.0698051262934956,0.0783849004327208,0.0358920693817176,0,0.145067418706835,TRUE,0.086
"SK","R9","V14","V21","iphlppl","ipudrst",0.126460716350769,0.122289581532985,0.0341985309824717,0.0572190812156284,0.187680052245229,FALSE,0.002
"SK","R9","V15","V16","iplylfr","ipmodst",0,0.00581105591166813,0.0196793058798072,0,0.0757020543090651,TRUE,0.908
"SK","R9","V15","V17","iplylfr","iprspot",0.0532885298914584,0.0321399745249355,0.0320626310529867,0,0.0975582816378514,TRUE,0.43
"SK","R9","V15","V18","iplylfr","ipshabt",0,8.86287928794217e-05,0.00198180005642136,0,0,TRUE,0.998
"SK","R9","V15","V19","iplylfr","ipstrgv",0.141664257538922,0.135030522771704,0.03271463270539,0.0711978211422251,0.200336956599975,FALSE,0
"SK","R9","V15","V20","iplylfr","ipsuces",0,0.00382271472416377,0.0131676195647709,0,0.0492367184063272,TRUE,0.91
"SK","R9","V15","V21","iplylfr","ipudrst",0.0453641221267641,0.0317824577267164,0.0327017392177988,0,0.102043637964217,TRUE,0.436
"SK","R9","V16","V17","ipmodst","iprspot",0,-0.00268660488803734,0.012196761597717,-0.0550236464717819,0,TRUE,0.948
"SK","R9","V16","V18","ipmodst","ipshabt",0,-0.0089215658573115,0.021997074807888,-0.0760526595923233,0,TRUE,0.846
"SK","R9","V16","V19","ipmodst","ipstrgv",0,0.0157388722365094,0.0280039291167287,0,0.0854563979081523,TRUE,0.738
"SK","R9","V16","V20","ipmodst","ipsuces",0,-0.0365984261857359,0.0425237167734924,-0.121474020701189,0,TRUE,0.526
"SK","R9","V16","V21","ipmodst","ipudrst",0.0523543290586965,0.0460918523873705,0.0378919138655281,0,0.11960486552558,TRUE,0.318
"SK","R9","V17","V18","iprspot","ipshabt",0.160409242338277,0.152704430112565,0.0330741234589598,0.0871714078660196,0.219701774922192,FALSE,0
"SK","R9","V17","V19","iprspot","ipstrgv",0,0,0,0,0,TRUE,1
"SK","R9","V17","V20","iprspot","ipsuces",0.148826568683826,0.146606869155093,0.0346206073120174,0.0794884538138242,0.217268640481668,FALSE,0
"SK","R9","V17","V21","iprspot","ipudrst",0,-0.000253016651442485,0.00403697464789933,0,0,TRUE,0.996
"SK","R9","V18","V19","ipshabt","ipstrgv",0,-0.0036702840388212,0.016523955622524,-0.0732535618958128,0,TRUE,0.95
"SK","R9","V18","V20","ipshabt","ipsuces",0.0770158044199765,0.0779590965275297,0.040257872714049,0,0.151319492027251,TRUE,0.082
"SK","R9","V18","V21","ipshabt","ipudrst",0,0,0,0,0,TRUE,1
"SK","R9","V19","V20","ipstrgv","ipsuces",0,0.00193323477831991,0.0107080065226167,0,0.0468959124085474,TRUE,0.966
"SK","R9","V19","V21","ipstrgv","ipudrst",0,0.000960489228139035,0.00596881346056803,0,0.0210818774511689,TRUE,0.972
"SK","R9","V2","V10","impenv","ipcrtiv",0,0.00534105771053961,0.0148448744058128,0,0.0548529084244649,TRUE,0.874
"SK","R9","V2","V11","impenv","ipeqopt",0.0484401309656959,0.0508286049398553,0.033637067431032,0,0.115067255835568,TRUE,0.188
"SK","R9","V2","V12","impenv","ipfrule",0,0.021880657935232,0.0271101584937029,0,0.0826361953125501,TRUE,0.55
"SK","R9","V2","V13","impenv","ipgdtim",0,0,0,0,0,TRUE,1
"SK","R9","V2","V14","impenv","iphlppl",0,0.00975566257985531,0.020019023013571,0,0.0699718967878051,TRUE,0.772
"SK","R9","V2","V15","impenv","iplylfr",0.192714673954508,0.187082471508826,0.0357466952277444,0.122845377449124,0.259458467278509,FALSE,0
"SK","R9","V2","V16","impenv","ipmodst",0,0.00245823760788054,0.0107080719781693,0,0.041843084461156,TRUE,0.944
"SK","R9","V2","V17","impenv","iprspot",0,0.00137863977187747,0.00802302645501273,0,0.0324457572709708,TRUE,0.968
"SK","R9","V2","V18","impenv","ipshabt",0,-0.000139086016605415,0.00311005787849374,0,0,TRUE,0.998
"SK","R9","V2","V19","impenv","ipstrgv",0.0619535070239708,0.059046938960849,0.0380943278160713,0,0.130451346847899,TRUE,0.18
"SK","R9","V2","V20","impenv","ipsuces",0,0.00421526746963656,0.0135646031505725,0,0.0543941280918463,TRUE,0.902
"SK","R9","V2","V21","impenv","ipudrst",0.0910644757851199,0.0874982494873423,0.031647736863526,0.0248954145231044,0.149985443021279,FALSE,0.014
"SK","R9","V2","V3","impenv","impfree",0.0753305455036932,0.0793742709046487,0.0317384080993869,0,0.136957937018453,TRUE,0.036
"SK","R9","V2","V4","impenv","impfun",0,0.00203169833532178,0.00979568621997243,0,0.0448064887585037,TRUE,0.956
"SK","R9","V2","V5","impenv","imprich",0,-0.000224393389733452,0.00355630844254379,0,0,TRUE,0.996
"SK","R9","V2","V6","impenv","impsafe",0.127067157557796,0.128053777420381,0.0321691872674581,0.0606436894097332,0.188649943090236,FALSE,0
"SK","R9","V2","V7","impenv","imptrad",0.134065584332906,0.134339162862552,0.034966347314603,0.0638544927492102,0.200267841595455,FALSE,0.002
"SK","R9","V2","V8","impenv","ipadvnt",0,0,0,0,0,TRUE,1
"SK","R9","V2","V9","impenv","ipbhprp",0.0437334051815343,0.0442676825759109,0.0327907640669791,0,0.111575610848593,TRUE,0.252
"SK","R9","V20","V21","ipsuces","ipudrst",0,0.000975421482851112,0.00662078510827715,0,0,TRUE,0.978
"SK","R9","V3","V10","impfree","ipcrtiv",0.0379104609139042,0.0295396574878422,0.0311143964300175,0,0.0958569502487139,TRUE,0.46
"SK","R9","V3","V11","impfree","ipeqopt",0.0292672919695258,0.0265267637886553,0.0273715289499231,0,0.08506779439474,TRUE,0.446
"SK","R9","V3","V12","impfree","ipfrule",0,0.00597382386741464,0.0162981588428977,0,0.0572165575894256,TRUE,0.866
"SK","R9","V3","V13","impfree","ipgdtim",0.086121988427755,0.0732587576451366,0.0377170623910028,0,0.13543789809559,TRUE,0.13
"SK","R9","V3","V14","impfree","iphlppl",0.055046108786574,0.0540511964642789,0.0359912805950999,0,0.125215693075303,TRUE,0.18
"SK","R9","V3","V15","impfree","iplylfr",0.0362020651046681,0.0288656042574671,0.0327680214602269,0,0.101938127686152,TRUE,0.488
"SK","R9","V3","V16","impfree","ipmodst",0,0.00310693238633593,0.0134824617427092,0,0.0595924212644143,TRUE,0.946
"SK","R9","V3","V17","impfree","iprspot",0.0896984714316145,0.0773415366410518,0.0338130470591516,0,0.141043784217565,TRUE,0.052
"SK","R9","V3","V18","impfree","ipshabt",0,0.00134600419175006,0.00898411902955882,0,0.012986033333601,TRUE,0.976
"SK","R9","V3","V19","impfree","ipstrgv",0.052813671592331,0.0398778166243932,0.040952220582075,0,0.116284725235181,TRUE,0.466
"SK","R9","V3","V20","impfree","ipsuces",0,0.0168908165208806,0.0276601309944245,0,0.094711928520086,TRUE,0.682
"SK","R9","V3","V21","impfree","ipudrst",0,0.000554687803525523,0.00462807267780402,0,0,TRUE,0.984
"SK","R9","V3","V4","impfree","impfun",0.070437824735589,0.0593956853507146,0.0348851746246264,0,0.127044189673149,TRUE,0.156
"SK","R9","V3","V5","impfree","imprich",0,0.00208630903037276,0.010026474672339,0,0.0436077753096414,TRUE,0.954
"SK","R9","V3","V6","impfree","impsafe",0.0748313973615369,0.0571343316253857,0.039638556116136,0,0.122157485560951,TRUE,0.262
"SK","R9","V3","V7","impfree","imptrad",-0.056727662534929,-0.021684490109754,0.0359642695279769,-0.109886936552128,0,TRUE,0.706
"SK","R9","V3","V8","impfree","ipadvnt",0,0,0,0,0,TRUE,1
"SK","R9","V3","V9","impfree","ipbhprp",0,0.0148238092692443,0.0277379244404307,0,0.0885998761061452,TRUE,0.742
"SK","R9","V4","V10","impfun","ipcrtiv",0.0749960074961132,0.0633441495110676,0.0355175155282802,0,0.13340411355458,TRUE,0.114
"SK","R9","V4","V11","impfun","ipeqopt",0,5.8073746851494e-05,0.00333377062646566,0,0,TRUE,0.994
"SK","R9","V4","V12","impfun","ipfrule",0,0.00369530821916588,0.0141297817517196,0,0.0568616455978149,TRUE,0.924
"SK","R9","V4","V13","impfun","ipgdtim",0.0581650488454745,0.0527837306405885,0.0374353458492208,0,0.126407512073496,TRUE,0.242
"SK","R9","V4","V14","impfun","iphlppl",0,0,0,0,0,TRUE,1
"SK","R9","V4","V15","impfun","iplylfr",0.0428673827566532,0.0181642598443454,0.0267424426134316,0,0.0804776700403058,TRUE,0.646
"SK","R9","V4","V16","impfun","ipmodst",0,0,0,0,0,TRUE,1
"SK","R9","V4","V17","impfun","iprspot",0,0.000139553155108887,0.00230789748566124,0,0,TRUE,0.996
"SK","R9","V4","V18","impfun","ipshabt",0,0,0,0,0,TRUE,1
"SK","R9","V4","V19","impfun","ipstrgv",0,0,0,0,0,TRUE,1
"SK","R9","V4","V20","impfun","ipsuces",0.0601274279456745,0.0642722143199233,0.0382023011745873,0,0.138817465913038,TRUE,0.14
"SK","R9","V4","V21","impfun","ipudrst",0,6.62796048908134e-05,0.00148205702057686,0,0,TRUE,0.998
"SK","R9","V4","V5","impfun","imprich",0.0607820814343413,0.0531687659951387,0.0360185700841898,0,0.132015317686409,TRUE,0.192
"SK","R9","V4","V6","impfun","impsafe",0,-0.00118778561720326,0.00823103075564333,0,0,TRUE,0.978
"SK","R9","V4","V7","impfun","imptrad",0,-0.000114322780423983,0.00255633508404809,0,0,TRUE,0.998
"SK","R9","V4","V8","impfun","ipadvnt",0.210241178963503,0.19688949482298,0.0291341167666395,0.137612554085292,0.255314467416771,FALSE,0
"SK","R9","V4","V9","impfun","ipbhprp",0,-0.00307141713979872,0.0128728948952166,-0.0573035039773168,0,TRUE,0.942
"SK","R9","V5","V10","imprich","ipcrtiv",0.0623649602003309,0.0519896326398878,0.0352318033668261,0,0.117202944653088,TRUE,0.204
"SK","R9","V5","V11","imprich","ipeqopt",0,0.00263590057679753,0.0109140607759508,0,0.0483952084230727,TRUE,0.942
"SK","R9","V5","V12","imprich","ipfrule",0,0,0,0,0,TRUE,1
"SK","R9","V5","V13","imprich","ipgdtim",0.165861046509634,0.159594133019407,0.0344072789884564,0.0906566493079428,0.222259396879517,FALSE,0
"SK","R9","V5","V14","imprich","iphlppl",0,0,0,0,0,TRUE,1
"SK","R9","V5","V15","imprich","iplylfr",0,0,0,0,0,TRUE,1
"SK","R9","V5","V16","imprich","ipmodst",-0.130939478912767,-0.125078468945444,0.0311766582580929,-0.181826104484028,-0.0613850427016135,FALSE,0.002
"SK","R9","V5","V17","imprich","iprspot",0.0639157333434547,0.0529843143941629,0.0382155523746515,0,0.131254568774929,TRUE,0.24
"SK","R9","V5","V18","imprich","ipshabt",0.148284955169686,0.146224319544429,0.0346729026831843,0.0800096177175998,0.210247575549737,FALSE,0
"SK","R9","V5","V19","imprich","ipstrgv",0,0.0015268609447525,0.00969730162224317,0,0.0323077444084118,TRUE,0.972
"SK","R9","V5","V20","imprich","ipsuces",0.113136163510177,0.111217946753109,0.034470673933438,0.0423301692790299,0.177479841175253,FALSE,0.004
"SK","R9","V5","V21","imprich","ipudrst",0,0,0,0,0,TRUE,1
"SK","R9","V5","V6","imprich","impsafe",0,0,0,0,0,TRUE,1
"SK","R9","V5","V7","imprich","imptrad",0,-0.0074831599257759,0.0193937171817943,-0.0660285544420233,0,TRUE,0.854
"SK","R9","V5","V8","imprich","ipadvnt",0.0755360238450709,0.0755959660575243,0.0372457498201678,0,0.145228336537785,TRUE,0.076
"SK","R9","V5","V9","imprich","ipbhprp",0,-0.00574171183019321,0.0194152491445639,-0.0758303996412509,0,TRUE,0.91
"SK","R9","V6","V10","impsafe","ipcrtiv",0,-0.000135245257647942,0.00302417589735271,0,0,TRUE,0.998
"SK","R9","V6","V11","impsafe","ipeqopt",0.133206804581367,0.127114580444354,0.0366325341691585,0.0510468513025828,0.202096319018669,FALSE,0.002
"SK","R9","V6","V12","impsafe","ipfrule",0,0.00180193319065529,0.00920146302099426,0,0.0402123367492016,TRUE,0.96
"SK","R9","V6","V13","impsafe","ipgdtim",0,0,0,0,0,TRUE,1
"SK","R9","V6","V14","impsafe","iphlppl",0,0.00484578501712303,0.0150731898818595,0,0.053691120477355,TRUE,0.894
"SK","R9","V6","V15","impsafe","iplylfr",0,0.0182400025602185,0.0257502373767402,0,0.0797827796174441,TRUE,0.622
"SK","R9","V6","V16","impsafe","ipmodst",0.0622070581652707,0.0550531283963657,0.0368622387991021,0,0.124141210168816,TRUE,0.218
"SK","R9","V6","V17","impsafe","iprspot",0,0.000235390982112122,0.00389752371692616,0,0,TRUE,0.996
"SK","R9","V6","V18","impsafe","ipshabt",0,0.0140233525460399,0.0283633000511864,0,0.0919743663035843,TRUE,0.784
"SK","R9","V6","V19","impsafe","ipstrgv",0.247575269149341,0.244425087691732,0.0291562274948131,0.184290687795983,0.302336123670294,FALSE,0
"SK","R9","V6","V20","impsafe","ipsuces",0,0,0,0,0,TRUE,1
"SK","R9","V6","V21","impsafe","ipudrst",0,6.02243417449369e-05,0.00134665722041857,0,0,TRUE,0.998
"SK","R9","V6","V7","impsafe","imptrad",0.114441604015392,0.10020567629129,0.032531588454286,0.0351366999787891,0.162335035647869,FALSE,0.012
"SK","R9","V6","V8","impsafe","ipadvnt",-0.0463005229387379,-0.0200524028465945,0.0309277245376881,-0.0933747541991175,0,TRUE,0.666
"SK","R9","V6","V9","impsafe","ipbhprp",0.0397518408225635,0.0347912464430852,0.0316891105166455,0,0.101084142750832,TRUE,0.366
"SK","R9","V7","V10","imptrad","ipcrtiv",0,-0.00236460570854727,0.0121135855180454,-0.053415338626779,0,TRUE,0.96
"SK","R9","V7","V11","imptrad","ipeqopt",0,0.000125022727232176,0.00430881275984618,0,0,TRUE,0.992
"SK","R9","V7","V12","imptrad","ipfrule",0.0429162160349224,0.0363968302423193,0.0334715359412215,0,0.103910351569155,TRUE,0.376
"SK","R9","V7","V13","imptrad","ipgdtim",-0.0636999039565457,-0.0417657241522082,0.0402707628530999,-0.110620849767429,0,TRUE,0.438
"SK","R9","V7","V14","imptrad","iphlppl",0.129193082307906,0.118862864837257,0.0359489838686979,0.0483620211945921,0.187233916169989,FALSE,0.006
"SK","R9","V7","V15","imptrad","iplylfr",0.0288610398214064,0.0113566157432169,0.0236812615093147,0,0.0771501746247601,TRUE,0.788
"SK","R9","V7","V16","imptrad","ipmodst",0.0908636442311727,0.0867106854027379,0.034587442796394,0,0.149805587490213,TRUE,0.03
"SK","R9","V7","V17","imptrad","iprspot",0,0.000475863514014396,0.00447358122168017,0,0,TRUE,0.988
"SK","R9","V7","V18","imptrad","ipshabt",0,0.000193605342847598,0.00309592019269525,0,0,TRUE,0.996
"SK","R9","V7","V19","imptrad","ipstrgv",0.0493452748918772,0.0394411811952232,0.0361955970751711,0,0.111611281910747,TRUE,0.384
"SK","R9","V7","V20","imptrad","ipsuces",0,0,0,0,0,TRUE,1
"SK","R9","V7","V21","imptrad","ipudrst",0,1.34480043069202e-05,0.0040280487258024,0,0,TRUE,0.992
"SK","R9","V7","V8","imptrad","ipadvnt",0,-0.000327479536188033,0.00329400197059415,0,0,TRUE,0.99
"SK","R9","V7","V9","imptrad","ipbhprp",0.0345914179771762,0.0307123288005841,0.0285649960474116,0,0.0929598891236513,TRUE,0.366
"SK","R9","V8","V10","ipadvnt","ipcrtiv",0.0318405584482096,0.0225021646612413,0.0295262781474766,0,0.0912965773038145,TRUE,0.584
"SK","R9","V8","V11","ipadvnt","ipeqopt",0,-0.000328455446402774,0.00379940062069289,0,0,TRUE,0.992
"SK","R9","V8","V12","ipadvnt","ipfrule",0,0.000400023070837549,0.00543483407518208,0,0,TRUE,0.994
"SK","R9","V8","V13","ipadvnt","ipgdtim",0.203444967572755,0.196668344349881,0.0331926111061166,0.13348309011739,0.265822288440335,FALSE,0
"SK","R9","V8","V14","ipadvnt","iphlppl",0,-0.000286580672586633,0.00375647650534914,0,0,TRUE,0.994
"SK","R9","V8","V15","ipadvnt","iplylfr",0,0,0,0,0,TRUE,1
"SK","R9","V8","V16","ipadvnt","ipmodst",-0.0753560429267374,-0.0676405692427716,0.0347029351857479,-0.131742565462541,0,TRUE,0.1
"SK","R9","V8","V17","ipadvnt","iprspot",0.106553068794509,0.0896668385853511,0.0346452062889679,0,0.155698255530119,TRUE,0.042
"SK","R9","V8","V18","ipadvnt","ipshabt",0,0.02162999384125,0.0285835930589886,0,0.0891893892803227,TRUE,0.576
"SK","R9","V8","V19","ipadvnt","ipstrgv",0,-0.00236356551736213,0.0118790833197657,-0.045694157574549,0,TRUE,0.956
"SK","R9","V8","V20","ipadvnt","ipsuces",0.0910930157648895,0.0865500618173386,0.0360925879183365,0,0.151061879297584,TRUE,0.042
"SK","R9","V8","V21","ipadvnt","ipudrst",0,0,0,0,0,TRUE,1
"SK","R9","V8","V9","ipadvnt","ipbhprp",0,0,0,0,0,TRUE,1
"SK","R9","V9","V10","ipbhprp","ipcrtiv",0,-0.000104946718397123,0.00234667996351496,0,0,TRUE,0.998
"SK","R9","V9","V11","ipbhprp","ipeqopt",0.0563135364233458,0.0505435283481295,0.0355804733224202,0,0.121092875064105,TRUE,0.212
"SK","R9","V9","V12","ipbhprp","ipfrule",0.0899156195037488,0.0877106434641093,0.0349395097719798,0,0.15652093201456,TRUE,0.036
"SK","R9","V9","V13","ipbhprp","ipgdtim",0,-0.000138580443394303,0.00309875291781724,0,0,TRUE,0.998
"SK","R9","V9","V14","ipbhprp","iphlppl",0.096565632539887,0.0948793054303727,0.0354359839173895,0.0120569293802857,0.162073842511054,FALSE,0.024
"SK","R9","V9","V15","ipbhprp","iplylfr",0.0711981445768332,0.0624927694735702,0.0379415435244276,0,0.139177930095136,TRUE,0.164
"SK","R9","V9","V16","ipbhprp","ipmodst",0.0636548183809045,0.0614372271903988,0.0331699254104885,0,0.128290740580686,TRUE,0.106
"SK","R9","V9","V17","ipbhprp","iprspot",0.0684386018466889,0.049373559355249,0.0438657012508018,0,0.13532298074204,TRUE,0.376
"SK","R9","V9","V18","ipbhprp","ipshabt",0,0,0,0,0,TRUE,1
"SK","R9","V9","V19","ipbhprp","ipstrgv",0.140567582279164,0.136602815094197,0.0325228305636606,0.0687317093211018,0.201419227848361,FALSE,0
"SK","R9","V9","V20","ipbhprp","ipsuces",0,-8.05683015075642e-05,0.00180156199002612,0,0,TRUE,0.998
"SK","R9","V9","V21","ipbhprp","ipudrst",0.0546616375017864,0.0498203941837834,0.0328949862595895,0,0.116782879500489,TRUE,0.176
